timestamp,container,service,cpu_percent,memory_mb
1789455775.111,research-api-nginx-1,nginx,2.24,13.0
1789455775.111,research-api-orders-service-1,orders-service,2.63,6.035
1789455775.111,research-api-products-service-1,products-service,2.48,8.004
1789455775.111,research-api-inventory-service-1,inventory-service,0.16,6.449
1789455775.111,research-api-users-service-1,users-service,1.76,6.367
1789455775.111,research-api-grafana-1,grafana,0.03,49.55
1789455775.111,research-api-postgres-1,postgres,2.1,33.73
1789455775.111,research-api-prometheus-1,prometheus,0.0,24.94
1789455775.111,research-api-cadvisor-1,cadvisor,0.0,15.93
1789455780.106,research-api-nginx-1,nginx,7.8,13.7
1789455780.106,research-api-orders-service-1,orders-service,8.9,8.41
1789455780.106,research-api-products-service-1,products-service,6.27,9.738
1789455780.106,research-api-inventory-service-1,inventory-service,2.01,7.59
1789455780.106,research-api-users-service-1,users-service,5.51,7.297
1789455780.106,research-api-grafana-1,grafana,0.18,49.8
1789455780.106,research-api-postgres-1,postgres,6.3,40.87
1789455780.106,research-api-prometheus-1,prometheus,1.33,25.87
1789455780.106,research-api-cadvisor-1,cadvisor,0.0,15.75
1789455785.09,research-api-nginx-1,nginx,12.28,14.28
1789455785.09,research-api-orders-service-1,orders-service,15.08,10.57
1789455785.09,research-api-products-service-1,products-service,9.57,9.812
1789455785.09,research-api-inventory-service-1,inventory-service,2.82,8.16
1789455785.09,research-api-users-service-1,users-service,9.34,8.797
1789455785.09,research-api-grafana-1,grafana,0.06,49.57
1789455785.09,research-api-postgres-1,postgres,11.42,47.15
1789455785.09,research-api-prometheus-1,prometheus,0.0,25.73
1789455785.09,research-api-cadvisor-1,cadvisor,0.0,15.83
1789455790.086,research-api-nginx-1,nginx,14.22,14.48
1789455790.086,research-api-orders-service-1,orders-service,24.62,10.77
1789455790.086,research-api-products-service-1,products-service,16.25,9.672
1789455790.086,research-api-inventory-service-1,inventory-service,2.43,8.449
1789455790.086,research-api-users-service-1,users-service,9.96,8.883
1789455790.086,research-api-grafana-1,grafana,0.17,49.57
1789455790.086,research-api-postgres-1,postgres,16.83,50.79
1789455790.086,research-api-prometheus-1,prometheus,0.0,25.74
1789455790.086,research-api-cadvisor-1,cadvisor,0.0,15.83
1789455795.081,research-api-nginx-1,nginx,16.12,14.75
1789455795.081,research-api-orders-service-1,orders-service,22.01,11.22
1789455795.081,research-api-products-service-1,products-service,13.06,10.23
1789455795.081,research-api-inventory-service-1,inventory-service,2.97,8.055
1789455795.081,research-api-users-service-1,users-service,14.16,9.676
1789455795.081,research-api-grafana-1,grafana,0.03,49.65
1789455795.081,research-api-postgres-1,postgres,16.01,53.45
1789455795.081,research-api-prometheus-1,prometheus,0.0,25.95
1789455795.081,research-api-cadvisor-1,cadvisor,0.21,16.29
1789455800.088,research-api-nginx-1,nginx,22.33,14.3
1789455800.088,research-api-orders-service-1,orders-service,33.3,12.15
1789455800.088,research-api-products-service-1,products-service,17.63,10.75
1789455800.088,research-api-inventory-service-1,inventory-service,5.68,8.617
1789455800.088,research-api-users-service-1,users-service,18.36,10.93
1789455800.088,research-api-grafana-1,grafana,0.23,49.65
1789455800.088,research-api-postgres-1,postgres,24.38,60.87
1789455800.088,research-api-prometheus-1,prometheus,0.84,26.12
1789455800.088,research-api-cadvisor-1,cadvisor,0.0,16.29
1789455805.111,research-api-nginx-1,nginx,21.34,14.36
1789455805.111,research-api-orders-service-1,orders-service,34.02,12.48
1789455805.111,research-api-products-service-1,products-service,16.07,11.04
1789455805.111,research-api-inventory-service-1,inventory-service,4.07,8.973
1789455805.111,research-api-users-service-1,users-service,18.13,9.922
1789455805.111,research-api-grafana-1,grafana,0.04,49.74
1789455805.111,research-api-postgres-1,postgres,23.85,70.39
1789455805.111,research-api-prometheus-1,prometheus,0.0,26.14
1789455805.111,research-api-cadvisor-1,cadvisor,0.0,16.38
1789455810.088,research-api-nginx-1,nginx,18.84,14.6
1789455810.088,research-api-orders-service-1,orders-service,28.81,12.41
1789455810.088,research-api-products-service-1,products-service,16.47,11.16
1789455810.088,research-api-inventory-service-1,inventory-service,3.9,8.949
1789455810.088,research-api-users-service-1,users-service,18.06,10.3
1789455810.088,research-api-grafana-1,grafana,0.19,49.75
1789455810.088,research-api-postgres-1,postgres,21.53,72.23
1789455810.088,research-api-prometheus-1,prometheus,0.75,26.4
1789455810.088,research-api-cadvisor-1,cadvisor,0.0,16.38
1789455815.093,research-api-nginx-1,nginx,29.18,14.88
1789455815.093,research-api-orders-service-1,orders-service,44.93,13.43
1789455815.093,research-api-products-service-1,products-service,24.86,12.72
1789455815.093,research-api-inventory-service-1,inventory-service,5.7,8.727
1789455815.093,research-api-users-service-1,users-service,23.67,12.5
1789455815.093,research-api-grafana-1,grafana,0.09,50.32
1789455815.093,research-api-postgres-1,postgres,30.02,74.29
1789455815.093,research-api-prometheus-1,prometheus,0.0,26.51
1789455815.093,research-api-cadvisor-1,cadvisor,0.0,17.04
1789455820.12,research-api-nginx-1,nginx,21.78,14.46
1789455820.12,research-api-orders-service-1,orders-service,32.07,13.42
1789455820.12,research-api-products-service-1,products-service,17.42,10.99
1789455820.12,research-api-inventory-service-1,inventory-service,4.71,9.07
1789455820.12,research-api-users-service-1,users-service,17.92,11.43
1789455820.12,research-api-grafana-1,grafana,0.17,50.36
1789455820.12,research-api-postgres-1,postgres,21.13,75.7
1789455820.12,research-api-prometheus-1,prometheus,1.45,26.77
1789455820.12,research-api-cadvisor-1,cadvisor,0.0,17.04
1789455825.13,research-api-nginx-1,nginx,23.26,15.32
1789455825.13,research-api-orders-service-1,orders-service,29.48,13.2
1789455825.13,research-api-products-service-1,products-service,19.61,11.95
1789455825.13,research-api-inventory-service-1,inventory-service,4.09,9.625
1789455825.13,research-api-users-service-1,users-service,15.24,10.52
1789455825.13,research-api-grafana-1,grafana,0.04,50.47
1789455825.13,research-api-postgres-1,postgres,22.55,77.84
1789455825.13,research-api-prometheus-1,prometheus,0.0,26.78
1789455825.13,research-api-cadvisor-1,cadvisor,0.0,17.35
1789455830.102,research-api-nginx-1,nginx,23.5,15.76
1789455830.102,research-api-orders-service-1,orders-service,31.07,13.11
1789455830.102,research-api-products-service-1,products-service,18.66,10.84
1789455830.102,research-api-inventory-service-1,inventory-service,5.46,9.305
1789455830.102,research-api-users-service-1,users-service,19.38,11.18
1789455830.102,research-api-grafana-1,grafana,0.17,50.49
1789455830.102,research-api-postgres-1,postgres,22.64,78.89
1789455830.102,research-api-prometheus-1,prometheus,1.2,27.15
1789455830.102,research-api-cadvisor-1,cadvisor,0.0,17.35
1789455835.09,research-api-nginx-1,nginx,19.66,15.6
1789455835.09,research-api-orders-service-1,orders-service,30.97,13.97
1789455835.09,research-api-products-service-1,products-service,17.5,13.04
1789455835.09,research-api-inventory-service-1,inventory-service,5.56,9.148
1789455835.09,research-api-users-service-1,users-service,17.35,11.05
1789455835.09,research-api-grafana-1,grafana,0.05,50.87
1789455835.09,research-api-postgres-1,postgres,20.27,78.69
1789455835.09,research-api-prometheus-1,prometheus,0.0,27.25
1789455835.09,research-api-cadvisor-1,cadvisor,0.0,16.05
1789455840.09,research-api-nginx-1,nginx,26.53,15.71
1789455840.09,research-api-orders-service-1,orders-service,37.29,14.47
1789455840.09,research-api-products-service-1,products-service,20.34,11.69
1789455840.09,research-api-inventory-service-1,inventory-service,6.74,9.199
1789455840.09,research-api-users-service-1,users-service,20.21,11.12
1789455840.09,research-api-grafana-1,grafana,0.13,50.88
1789455840.09,research-api-postgres-1,postgres,25.45,78.79
1789455840.09,research-api-prometheus-1,prometheus,0.9,28.4
1789455840.09,research-api-cadvisor-1,cadvisor,0.0,16.05
1789455845.093,research-api-nginx-1,nginx,22.4,15.16
1789455845.093,research-api-orders-service-1,orders-service,30.45,13.79
1789455845.093,research-api-products-service-1,products-service,16.71,13.14
1789455845.093,research-api-inventory-service-1,inventory-service,4.35,9.48
1789455845.093,research-api-users-service-1,users-service,16.09,11.7
1789455845.093,research-api-grafana-1,grafana,0.06,51.0
1789455845.093,research-api-postgres-1,postgres,19.94,78.43
1789455845.093,research-api-prometheus-1,prometheus,0.0,28.43
1789455845.093,research-api-cadvisor-1,cadvisor,0.0,16.07
1789455850.08,research-api-nginx-1,nginx,22.28,16.35
1789455850.08,research-api-orders-service-1,orders-service,37.65,14.18
1789455850.08,research-api-products-service-1,products-service,17.59,11.65
1789455850.08,research-api-inventory-service-1,inventory-service,4.38,8.977
1789455850.08,research-api-users-service-1,users-service,13.79,11.84
1789455850.08,research-api-grafana-1,grafana,0.16,51.0
1789455850.08,research-api-postgres-1,postgres,21.25,78.56
1789455850.08,research-api-prometheus-1,prometheus,0.73,28.74
1789455850.08,research-api-cadvisor-1,cadvisor,0.0,16.07
1789455855.123,research-api-nginx-1,nginx,23.88,16.54
1789455855.123,research-api-orders-service-1,orders-service,29.36,14.16
1789455855.123,research-api-products-service-1,products-service,20.3,13.03
1789455855.123,research-api-inventory-service-1,inventory-service,5.24,9.164
1789455855.123,research-api-users-service-1,users-service,17.6,10.81
1789455855.123,research-api-grafana-1,grafana,0.07,51.06
1789455855.123,research-api-postgres-1,postgres,20.17,78.41
1789455855.123,research-api-prometheus-1,prometheus,0.0,28.76
1789455855.123,research-api-cadvisor-1,cadvisor,0.0,16.77
1789455860.108,research-api-nginx-1,nginx,28.76,15.92
1789455860.108,research-api-orders-service-1,orders-service,39.05,15.42
1789455860.108,research-api-products-service-1,products-service,23.23,11.74
1789455860.108,research-api-inventory-service-1,inventory-service,6.64,9.363
1789455860.108,research-api-users-service-1,users-service,23.49,11.71
1789455860.108,research-api-grafana-1,grafana,0.29,51.31
1789455860.108,research-api-postgres-1,postgres,23.52,79.11
1789455860.108,research-api-prometheus-1,prometheus,1.55,29.17
1789455860.108,research-api-cadvisor-1,cadvisor,0.0,16.76
1789455865.093,research-api-nginx-1,nginx,19.76,16.64
1789455865.093,research-api-orders-service-1,orders-service,25.77,14.15
1789455865.093,research-api-products-service-1,products-service,15.51,13.09
1789455865.093,research-api-inventory-service-1,inventory-service,5.11,9.164
1789455865.093,research-api-users-service-1,users-service,14.56,11.22
1789455865.093,research-api-grafana-1,grafana,0.06,51.17
1789455865.093,research-api-postgres-1,postgres,18.79,78.24
1789455865.093,research-api-prometheus-1,prometheus,0.0,29.25
1789455865.093,research-api-cadvisor-1,cadvisor,0.0,16.8
1789455870.085,research-api-nginx-1,nginx,19.86,16.0
1789455870.085,research-api-orders-service-1,orders-service,29.72,14.89
1789455870.085,research-api-products-service-1,products-service,16.24,12.17
1789455870.085,research-api-inventory-service-1,inventory-service,4.23,9.73
1789455870.085,research-api-users-service-1,users-service,16.05,10.76
1789455870.085,research-api-grafana-1,grafana,0.17,51.17
1789455870.085,research-api-postgres-1,postgres,18.99,79.02
1789455870.085,research-api-prometheus-1,prometheus,0.87,29.72
1789455870.085,research-api-cadvisor-1,cadvisor,0.0,16.8
1789455875.087,research-api-nginx-1,nginx,30.19,16.43
1789455875.087,research-api-orders-service-1,orders-service,26.29,14.59
1789455875.087,research-api-products-service-1,products-service,22.93,12.66
1789455875.087,research-api-inventory-service-1,inventory-service,5.14,10.04
1789455875.087,research-api-users-service-1,users-service,22.66,12.92
1789455875.087,research-api-grafana-1,grafana,0.09,52.1
1789455875.087,research-api-postgres-1,postgres,25.53,79.4
1789455875.087,research-api-prometheus-1,prometheus,0.0,29.75
1789455875.087,research-api-cadvisor-1,cadvisor,0.0,18.08
1789455880.135,research-api-nginx-1,nginx,22.68,16.19
1789455880.135,research-api-orders-service-1,orders-service,36.33,14.59
1789455880.135,research-api-products-service-1,products-service,18.94,12.29
1789455880.135,research-api-inventory-service-1,inventory-service,5.07,9.414
1789455880.135,research-api-users-service-1,users-service,17.06,11.64
1789455880.135,research-api-grafana-1,grafana,0.16,52.1
1789455880.135,research-api-postgres-1,postgres,22.71,78.79
1789455880.135,research-api-prometheus-1,prometheus,0.0,29.76
1789455880.135,research-api-cadvisor-1,cadvisor,0.0,18.08
1789455885.125,research-api-nginx-1,nginx,22.28,15.82
1789455885.125,research-api-orders-service-1,orders-service,33.82,14.78
1789455885.125,research-api-products-service-1,products-service,21.82,12.12
1789455885.125,research-api-inventory-service-1,inventory-service,5.56,9.434
1789455885.125,research-api-users-service-1,users-service,18.27,12.69
1789455885.125,research-api-grafana-1,grafana,0.03,52.1
1789455885.125,research-api-postgres-1,postgres,21.8,79.88
1789455885.125,research-api-prometheus-1,prometheus,0.0,31.27
1789455885.125,research-api-cadvisor-1,cadvisor,0.35,18.8
1789455890.113,research-api-nginx-1,nginx,21.43,16.12
1789455890.113,research-api-orders-service-1,orders-service,32.24,14.62
1789455890.113,research-api-products-service-1,products-service,16.11,12.39
1789455890.113,research-api-inventory-service-1,inventory-service,4.44,8.914
1789455890.113,research-api-users-service-1,users-service,17.85,11.35
1789455890.113,research-api-grafana-1,grafana,0.2,52.14
1789455890.113,research-api-postgres-1,postgres,20.0,80.67
1789455890.113,research-api-prometheus-1,prometheus,0.97,31.31
1789455890.113,research-api-cadvisor-1,cadvisor,0.0,18.8
1789455895.084,research-api-nginx-1,nginx,21.77,16.45
1789455895.084,research-api-orders-service-1,orders-service,29.49,14.95
1789455895.084,research-api-products-service-1,products-service,18.19,13.44
1789455895.084,research-api-inventory-service-1,inventory-service,4.48,9.473
1789455895.084,research-api-users-service-1,users-service,17.79,11.77
1789455895.084,research-api-grafana-1,grafana,0.05,52.14
1789455895.084,research-api-postgres-1,postgres,20.21,80.63
1789455895.084,research-api-prometheus-1,prometheus,0.0,31.45
1789455895.084,research-api-cadvisor-1,cadvisor,0.0,18.8
1789455900.112,research-api-nginx-1,nginx,18.57,15.23
1789455900.112,research-api-orders-service-1,orders-service,33.9,13.5
1789455900.112,research-api-products-service-1,products-service,16.74,11.87
1789455900.112,research-api-inventory-service-1,inventory-service,4.45,10.59
1789455900.112,research-api-users-service-1,users-service,14.21,10.32
1789455900.112,research-api-grafana-1,grafana,0.17,52.14
1789455900.112,research-api-postgres-1,postgres,21.21,82.51
1789455900.112,research-api-prometheus-1,prometheus,1.12,32.2
1789455900.112,research-api-cadvisor-1,cadvisor,0.0,18.82
1789455905.116,research-api-nginx-1,nginx,21.48,16.79
1789455905.116,research-api-orders-service-1,orders-service,29.7,13.76
1789455905.116,research-api-products-service-1,products-service,18.44,13.5
1789455905.116,research-api-inventory-service-1,inventory-service,4.3,9.629
1789455905.116,research-api-users-service-1,users-service,18.86,11.69
1789455905.116,research-api-grafana-1,grafana,0.09,52.16
1789455905.116,research-api-postgres-1,postgres,20.11,82.59
1789455905.116,research-api-prometheus-1,prometheus,0.0,32.19
1789455905.116,research-api-cadvisor-1,cadvisor,0.0,18.67
1789455910.093,research-api-nginx-1,nginx,23.4,15.7
1789455910.093,research-api-orders-service-1,orders-service,35.37,14.32
1789455910.093,research-api-products-service-1,products-service,19.68,12.84
1789455910.093,research-api-inventory-service-1,inventory-service,4.46,9.328
1789455910.093,research-api-users-service-1,users-service,18.34,12.43
1789455910.093,research-api-grafana-1,grafana,0.15,52.16
1789455910.093,research-api-postgres-1,postgres,21.65,82.46
1789455910.093,research-api-prometheus-1,prometheus,0.73,32.85
1789455910.093,research-api-cadvisor-1,cadvisor,0.0,18.67
1789455915.091,research-api-nginx-1,nginx,21.29,15.69
1789455915.091,research-api-orders-service-1,orders-service,28.7,13.58
1789455915.091,research-api-products-service-1,products-service,17.77,14.32
1789455915.091,research-api-inventory-service-1,inventory-service,3.88,9.734
1789455915.091,research-api-users-service-1,users-service,17.11,11.89
1789455915.091,research-api-grafana-1,grafana,0.05,52.21
1789455915.091,research-api-postgres-1,postgres,18.84,84.57
1789455915.091,research-api-prometheus-1,prometheus,0.0,32.95
1789455915.091,research-api-cadvisor-1,cadvisor,0.0,18.04
1789455920.107,research-api-nginx-1,nginx,28.02,16.55
1789455920.107,research-api-orders-service-1,orders-service,41.58,14.13
1789455920.107,research-api-products-service-1,products-service,23.91,12.83
1789455920.107,research-api-inventory-service-1,inventory-service,5.33,9.719
1789455920.107,research-api-users-service-1,users-service,21.3,11.47
1789455920.107,research-api-grafana-1,grafana,0.2,52.21
1789455920.107,research-api-postgres-1,postgres,26.11,84.38
1789455920.107,research-api-prometheus-1,prometheus,0.57,33.04
1789455920.107,research-api-cadvisor-1,cadvisor,0.0,18.04
1789455925.097,research-api-nginx-1,nginx,28.97,16.54
1789455925.097,research-api-orders-service-1,orders-service,33.04,14.63
1789455925.097,research-api-products-service-1,products-service,20.91,13.75
1789455925.097,research-api-inventory-service-1,inventory-service,7.62,9.547
1789455925.097,research-api-users-service-1,users-service,21.54,12.16
1789455925.097,research-api-grafana-1,grafana,0.03,52.25
1789455925.097,research-api-postgres-1,postgres,24.77,84.43
1789455925.097,research-api-prometheus-1,prometheus,0.0,33.04
1789455925.097,research-api-cadvisor-1,cadvisor,0.0,18.37
1789455930.124,research-api-nginx-1,nginx,19.0,16.28
1789455930.124,research-api-orders-service-1,orders-service,27.07,14.89
1789455930.124,research-api-products-service-1,products-service,15.78,12.84
1789455930.124,research-api-inventory-service-1,inventory-service,4.46,9.879
1789455930.124,research-api-users-service-1,users-service,15.38,11.52
1789455930.124,research-api-grafana-1,grafana,0.15,52.25
1789455930.124,research-api-postgres-1,postgres,17.74,84.95
1789455930.124,research-api-prometheus-1,prometheus,0.0,33.04
1789455930.124,research-api-cadvisor-1,cadvisor,0.0,18.37
1789455935.121,research-api-nginx-1,nginx,25.07,15.81
1789455935.121,research-api-orders-service-1,orders-service,34.61,14.42
1789455935.121,research-api-products-service-1,products-service,19.34,13.29
1789455935.121,research-api-inventory-service-1,inventory-service,3.88,9.012
1789455935.121,research-api-users-service-1,users-service,21.99,12.39
1789455935.121,research-api-grafana-1,grafana,0.07,52.42
1789455935.121,research-api-postgres-1,postgres,23.48,84.93
1789455935.121,research-api-prometheus-1,prometheus,0.0,33.09
1789455935.121,research-api-cadvisor-1,cadvisor,0.0,19.48
1789455940.118,research-api-nginx-1,nginx,24.85,16.05
1789455940.118,research-api-orders-service-1,orders-service,33.19,15.58
1789455940.118,research-api-products-service-1,products-service,22.29,12.91
1789455940.118,research-api-inventory-service-1,inventory-service,5.32,10.04
1789455940.118,research-api-users-service-1,users-service,19.36,12.24
1789455940.118,research-api-grafana-1,grafana,0.17,52.42
1789455940.118,research-api-postgres-1,postgres,23.73,85.02
1789455940.118,research-api-prometheus-1,prometheus,0.85,33.14
1789455940.118,research-api-cadvisor-1,cadvisor,0.01,19.49
1789455945.094,research-api-nginx-1,nginx,21.79,16.32
1789455945.094,research-api-orders-service-1,orders-service,30.15,15.25
1789455945.094,research-api-products-service-1,products-service,18.02,14.33
1789455945.094,research-api-inventory-service-1,inventory-service,4.55,9.414
1789455945.094,research-api-users-service-1,users-service,17.84,11.65
1789455945.094,research-api-grafana-1,grafana,0.06,52.42
1789455945.094,research-api-postgres-1,postgres,19.75,85.21
1789455945.094,research-api-prometheus-1,prometheus,0.09,33.15
1789455945.094,research-api-cadvisor-1,cadvisor,0.0,19.58
1789455950.119,research-api-nginx-1,nginx,21.55,16.04
1789455950.119,research-api-orders-service-1,orders-service,32.4,14.14
1789455950.119,research-api-products-service-1,products-service,17.46,12.27
1789455950.119,research-api-inventory-service-1,inventory-service,5.76,9.453
1789455950.119,research-api-users-service-1,users-service,17.58,12.14
1789455950.119,research-api-grafana-1,grafana,0.2,52.42
1789455950.119,research-api-postgres-1,postgres,24.52,85.32
1789455950.119,research-api-prometheus-1,prometheus,0.81,33.22
1789455950.119,research-api-cadvisor-1,cadvisor,0.0,19.58
1789455955.146,research-api-nginx-1,nginx,24.42,16.73
1789455955.146,research-api-orders-service-1,orders-service,30.95,14.9
1789455955.146,research-api-products-service-1,products-service,17.51,14.91
1789455955.146,research-api-inventory-service-1,inventory-service,5.17,9.582
1789455955.146,research-api-users-service-1,users-service,17.97,12.25
1789455955.146,research-api-grafana-1,grafana,0.04,52.43
1789455955.146,research-api-postgres-1,postgres,19.56,86.05
1789455955.146,research-api-prometheus-1,prometheus,0.0,33.22
1789455955.146,research-api-cadvisor-1,cadvisor,0.0,19.39
1789455960.121,research-api-nginx-1,nginx,20.3,15.93
1789455960.121,research-api-orders-service-1,orders-service,36.02,15.27
1789455960.121,research-api-products-service-1,products-service,18.9,12.99
1789455960.121,research-api-inventory-service-1,inventory-service,4.56,10.16
1789455960.121,research-api-users-service-1,users-service,20.14,10.71
1789455960.121,research-api-grafana-1,grafana,0.15,52.43
1789455960.121,research-api-postgres-1,postgres,24.34,85.22
1789455960.121,research-api-prometheus-1,prometheus,0.93,33.28
1789455960.121,research-api-cadvisor-1,cadvisor,0.0,19.39
1789455965.106,research-api-nginx-1,nginx,24.63,16.34
1789455965.106,research-api-orders-service-1,orders-service,41.43,15.24
1789455965.106,research-api-products-service-1,products-service,19.55,14.43
1789455965.106,research-api-inventory-service-1,inventory-service,6.32,10.05
1789455965.106,research-api-users-service-1,users-service,19.59,11.07
1789455965.106,research-api-grafana-1,grafana,0.06,52.43
1789455965.106,research-api-postgres-1,postgres,28.54,85.54
1789455965.106,research-api-prometheus-1,prometheus,0.0,33.28
1789455965.106,research-api-cadvisor-1,cadvisor,0.0,19.39
1789455970.109,research-api-nginx-1,nginx,19.65,15.87
1789455970.109,research-api-orders-service-1,orders-service,29.77,15.14
1789455970.109,research-api-products-service-1,products-service,15.7,13.6
1789455970.109,research-api-inventory-service-1,inventory-service,3.45,9.555
1789455970.109,research-api-users-service-1,users-service,16.63,11.47
1789455970.109,research-api-grafana-1,grafana,0.15,52.43
1789455970.109,research-api-postgres-1,postgres,23.3,84.93
1789455970.109,research-api-prometheus-1,prometheus,0.43,33.29
1789455970.109,research-api-cadvisor-1,cadvisor,0.0,19.39
1789455975.12,research-api-nginx-1,nginx,17.34,16.53
1789455975.12,research-api-orders-service-1,orders-service,26.99,14.36
1789455975.12,research-api-products-service-1,products-service,14.97,14.43
1789455975.12,research-api-inventory-service-1,inventory-service,2.96,9.484
1789455975.12,research-api-users-service-1,users-service,13.76,11.39
1789455975.12,research-api-grafana-1,grafana,0.04,52.43
1789455975.12,research-api-postgres-1,postgres,20.65,85.11
1789455975.12,research-api-prometheus-1,prometheus,0.0,33.31
1789455975.12,research-api-cadvisor-1,cadvisor,0.0,19.41
1789455980.126,research-api-nginx-1,nginx,19.11,16.59
1789455980.126,research-api-orders-service-1,orders-service,23.28,15.12
1789455980.126,research-api-products-service-1,products-service,15.63,12.26
1789455980.126,research-api-inventory-service-1,inventory-service,3.84,9.258
1789455980.126,research-api-users-service-1,users-service,14.31,11.62
1789455980.126,research-api-grafana-1,grafana,0.03,52.43
1789455980.126,research-api-postgres-1,postgres,22.08,86.2
1789455980.126,research-api-prometheus-1,prometheus,1.11,33.39
1789455980.126,research-api-cadvisor-1,cadvisor,0.0,19.41
1789455985.096,research-api-nginx-1,nginx,22.25,16.22
1789455985.096,research-api-orders-service-1,orders-service,36.37,15.09
1789455985.096,research-api-products-service-1,products-service,18.36,14.61
1789455985.096,research-api-inventory-service-1,inventory-service,4.22,10.15
1789455985.096,research-api-users-service-1,users-service,15.53,12.14
1789455985.096,research-api-grafana-1,grafana,0.04,52.44
1789455985.096,research-api-postgres-1,postgres,27.21,86.23
1789455985.096,research-api-prometheus-1,prometheus,0.0,33.41
1789455985.096,research-api-cadvisor-1,cadvisor,0.35,19.71
1789455990.169,research-api-nginx-1,nginx,24.52,16.28
1789455990.169,research-api-orders-service-1,orders-service,35.78,15.71
1789455990.169,research-api-products-service-1,products-service,18.77,13.45
1789455990.169,research-api-inventory-service-1,inventory-service,5.37,9.266
1789455990.169,research-api-users-service-1,users-service,19.87,11.36
1789455990.169,research-api-grafana-1,grafana,0.2,52.44
1789455990.169,research-api-postgres-1,postgres,28.2,89.23
1789455990.169,research-api-prometheus-1,prometheus,0.79,33.46
1789455990.169,research-api-cadvisor-1,cadvisor,0.0,19.71
1789455995.155,research-api-nginx-1,nginx,23.46,16.06
1789455995.155,research-api-orders-service-1,orders-service,32.67,14.62
1789455995.155,research-api-products-service-1,products-service,18.41,14.99
1789455995.155,research-api-inventory-service-1,inventory-service,5.43,10.18
1789455995.155,research-api-users-service-1,users-service,17.81,12.09
1789455995.155,research-api-grafana-1,grafana,0.22,44.89
1789455995.155,research-api-postgres-1,postgres,23.77,91.73
1789455995.155,research-api-prometheus-1,prometheus,0.0,33.71
1789455995.155,research-api-cadvisor-1,cadvisor,0.0,19.0
1789456000.134,research-api-nginx-1,nginx,18.15,16.71
1789456000.134,research-api-orders-service-1,orders-service,25.28,15.26
1789456000.134,research-api-products-service-1,products-service,15.45,12.58
1789456000.134,research-api-inventory-service-1,inventory-service,4.35,9.871
1789456000.134,research-api-users-service-1,users-service,13.23,12.32
1789456000.134,research-api-grafana-1,grafana,0.14,44.89
1789456000.134,research-api-postgres-1,postgres,20.8,91.31
1789456000.134,research-api-prometheus-1,prometheus,0.9,34.77
1789456000.134,research-api-cadvisor-1,cadvisor,0.0,19.01
1789456005.141,research-api-nginx-1,nginx,22.96,15.97
1789456005.141,research-api-orders-service-1,orders-service,28.69,15.34
1789456005.141,research-api-products-service-1,products-service,17.61,13.53
1789456005.141,research-api-inventory-service-1,inventory-service,5.65,9.496
1789456005.141,research-api-users-service-1,users-service,16.77,12.41
1789456005.141,research-api-grafana-1,grafana,0.04,44.89
1789456005.141,research-api-postgres-1,postgres,18.03,91.25
1789456005.141,research-api-prometheus-1,prometheus,0.0,34.89
1789456005.141,research-api-cadvisor-1,cadvisor,0.0,18.82
1789456010.116,research-api-nginx-1,nginx,20.95,16.38
1789456010.116,research-api-orders-service-1,orders-service,35.31,15.23
1789456010.116,research-api-products-service-1,products-service,17.51,13.07
1789456010.116,research-api-inventory-service-1,inventory-service,4.82,10.3
1789456010.116,research-api-users-service-1,users-service,16.65,12.32
1789456010.116,research-api-grafana-1,grafana,0.14,44.89
1789456010.116,research-api-postgres-1,postgres,26.05,91.88
1789456010.116,research-api-prometheus-1,prometheus,1.02,34.91
1789456010.116,research-api-cadvisor-1,cadvisor,0.0,18.82
1789456015.124,research-api-nginx-1,nginx,26.46,16.27
1789456015.124,research-api-orders-service-1,orders-service,35.64,14.51
1789456015.124,research-api-products-service-1,products-service,23.6,14.64
1789456015.124,research-api-inventory-service-1,inventory-service,4.79,10.28
1789456015.124,research-api-users-service-1,users-service,19.47,11.59
1789456015.124,research-api-grafana-1,grafana,0.04,44.89
1789456015.124,research-api-postgres-1,postgres,27.98,91.84
1789456015.124,research-api-prometheus-1,prometheus,0.0,34.91
1789456015.124,research-api-cadvisor-1,cadvisor,0.0,18.2
1789456020.14,research-api-nginx-1,nginx,23.59,16.42
1789456020.14,research-api-orders-service-1,orders-service,32.69,15.67
1789456020.14,research-api-products-service-1,products-service,20.11,13.48
1789456020.14,research-api-inventory-service-1,inventory-service,3.91,9.348
1789456020.14,research-api-users-service-1,users-service,18.46,11.95
1789456020.14,research-api-grafana-1,grafana,0.06,44.89
1789456020.14,research-api-postgres-1,postgres,19.11,91.0
1789456020.14,research-api-prometheus-1,prometheus,0.0,34.91
1789456020.14,research-api-cadvisor-1,cadvisor,0.0,18.2
1789456025.119,research-api-nginx-1,nginx,20.0,16.24
1789456025.119,research-api-orders-service-1,orders-service,24.32,14.88
1789456025.119,research-api-products-service-1,products-service,14.19,13.8
1789456025.119,research-api-inventory-service-1,inventory-service,4.06,9.742
1789456025.119,research-api-users-service-1,users-service,17.03,11.59
1789456025.119,research-api-grafana-1,grafana,0.06,44.89
1789456025.119,research-api-postgres-1,postgres,21.65,91.81
1789456025.119,research-api-prometheus-1,prometheus,0.15,34.93
1789456025.119,research-api-cadvisor-1,cadvisor,0.0,19.01
1789456030.109,research-api-nginx-1,nginx,19.21,16.62
1789456030.109,research-api-orders-service-1,orders-service,26.64,14.39
1789456030.109,research-api-products-service-1,products-service,17.0,12.95
1789456030.109,research-api-inventory-service-1,inventory-service,4.77,9.262
1789456030.109,research-api-users-service-1,users-service,16.66,11.45
1789456030.109,research-api-grafana-1,grafana,0.11,44.89
1789456030.109,research-api-postgres-1,postgres,24.34,91.31
1789456030.109,research-api-prometheus-1,prometheus,0.71,34.95
1789456030.109,research-api-cadvisor-1,cadvisor,0.0,19.01
1789456035.141,research-api-nginx-1,nginx,20.58,15.8
1789456035.141,research-api-orders-service-1,orders-service,26.48,15.4
1789456035.141,research-api-products-service-1,products-service,19.52,12.48
1789456035.141,research-api-inventory-service-1,inventory-service,5.03,9.605
1789456035.141,research-api-users-service-1,users-service,15.82,12.29
1789456035.141,research-api-grafana-1,grafana,0.08,44.9
1789456035.141,research-api-postgres-1,postgres,25.43,91.03
1789456035.141,research-api-prometheus-1,prometheus,0.0,34.95
1789456035.141,research-api-cadvisor-1,cadvisor,0.0,19.02
1789456040.143,research-api-nginx-1,nginx,23.69,16.2
1789456040.143,research-api-orders-service-1,orders-service,35.58,15.26
1789456040.143,research-api-products-service-1,products-service,20.64,13.2
1789456040.143,research-api-inventory-service-1,inventory-service,4.32,10.02
1789456040.143,research-api-users-service-1,users-service,19.98,11.86
1789456040.143,research-api-grafana-1,grafana,0.2,44.9
1789456040.143,research-api-postgres-1,postgres,22.64,91.25
1789456040.143,research-api-prometheus-1,prometheus,0.61,34.96
1789456040.143,research-api-cadvisor-1,cadvisor,0.0,19.02
1789456045.163,research-api-nginx-1,nginx,21.81,15.67
1789456045.163,research-api-orders-service-1,orders-service,29.31,14.89
1789456045.163,research-api-products-service-1,products-service,18.0,15.54
1789456045.163,research-api-inventory-service-1,inventory-service,3.82,10.53
1789456045.163,research-api-users-service-1,users-service,17.24,11.94
1789456045.163,research-api-grafana-1,grafana,0.04,44.9
1789456045.163,research-api-postgres-1,postgres,20.41,91.71
1789456045.163,research-api-prometheus-1,prometheus,0.0,34.98
1789456045.163,research-api-cadvisor-1,cadvisor,0.0,19.03
1789456050.152,research-api-nginx-1,nginx,22.43,16.32
1789456050.152,research-api-orders-service-1,orders-service,28.34,15.14
1789456050.152,research-api-products-service-1,products-service,18.74,13.53
1789456050.152,research-api-inventory-service-1,inventory-service,3.89,11.0
1789456050.152,research-api-users-service-1,users-service,17.61,13.01
1789456050.152,research-api-grafana-1,grafana,0.16,44.9
1789456050.152,research-api-postgres-1,postgres,18.85,92.23
1789456050.152,research-api-prometheus-1,prometheus,0.86,35.0
1789456050.152,research-api-cadvisor-1,cadvisor,0.0,19.03
1789456055.158,research-api-nginx-1,nginx,27.36,16.04
1789456055.158,research-api-orders-service-1,orders-service,41.31,15.57
1789456055.158,research-api-products-service-1,products-service,23.18,14.26
1789456055.158,research-api-inventory-service-1,inventory-service,5.26,9.754
1789456055.158,research-api-users-service-1,users-service,20.87,11.89
1789456055.158,research-api-grafana-1,grafana,0.06,44.94
1789456055.158,research-api-postgres-1,postgres,26.43,92.64
1789456055.158,research-api-prometheus-1,prometheus,0.0,35.0
1789456055.158,research-api-cadvisor-1,cadvisor,0.0,19.82
1789456060.158,research-api-nginx-1,nginx,20.59,16.86
1789456060.158,research-api-orders-service-1,orders-service,34.1,16.3
1789456060.158,research-api-products-service-1,products-service,17.8,12.46
1789456060.158,research-api-inventory-service-1,inventory-service,4.56,10.05
1789456060.158,research-api-users-service-1,users-service,16.95,11.42
1789456060.158,research-api-grafana-1,grafana,0.15,44.94
1789456060.158,research-api-postgres-1,postgres,20.9,92.63
1789456060.158,research-api-prometheus-1,prometheus,1.01,35.04
1789456060.158,research-api-cadvisor-1,cadvisor,0.0,19.82
1789456065.139,research-api-nginx-1,nginx,24.8,16.51
1789456065.139,research-api-orders-service-1,orders-service,35.44,15.19
1789456065.139,research-api-products-service-1,products-service,20.11,14.56
1789456065.139,research-api-inventory-service-1,inventory-service,4.58,10.48
1789456065.139,research-api-users-service-1,users-service,18.75,13.26
1789456065.139,research-api-grafana-1,grafana,0.04,44.94
1789456065.139,research-api-postgres-1,postgres,23.97,92.56
1789456065.139,research-api-prometheus-1,prometheus,0.0,35.04
1789456065.139,research-api-cadvisor-1,cadvisor,0.0,19.89
1789456070.115,research-api-nginx-1,nginx,19.6,16.03
1789456070.115,research-api-orders-service-1,orders-service,28.43,14.4
1789456070.115,research-api-products-service-1,products-service,18.89,12.44
1789456070.115,research-api-inventory-service-1,inventory-service,4.96,10.59
1789456070.115,research-api-users-service-1,users-service,15.13,11.06
1789456070.115,research-api-grafana-1,grafana,0.21,44.95
1789456070.115,research-api-postgres-1,postgres,19.73,92.64
1789456070.115,research-api-prometheus-1,prometheus,0.0,35.04
1789456070.115,research-api-cadvisor-1,cadvisor,0.0,19.89
1789456075.131,research-api-nginx-1,nginx,27.68,15.94
1789456075.131,research-api-orders-service-1,orders-service,38.35,15.55
1789456075.131,research-api-products-service-1,products-service,21.86,14.28
1789456075.131,research-api-inventory-service-1,inventory-service,4.45,10.88
1789456075.131,research-api-users-service-1,users-service,23.4,11.52
1789456075.131,research-api-grafana-1,grafana,0.04,44.95
1789456075.131,research-api-postgres-1,postgres,24.61,92.51
1789456075.131,research-api-prometheus-1,prometheus,0.0,35.04
1789456075.131,research-api-cadvisor-1,cadvisor,0.0,19.91
1789456080.164,research-api-nginx-1,nginx,25.98,16.68
1789456080.164,research-api-orders-service-1,orders-service,34.56,15.23
1789456080.164,research-api-products-service-1,products-service,21.04,12.51
1789456080.164,research-api-inventory-service-1,inventory-service,5.57,11.22
1789456080.164,research-api-users-service-1,users-service,19.16,11.7
1789456080.164,research-api-grafana-1,grafana,0.13,44.95
1789456080.164,research-api-postgres-1,postgres,21.19,93.14
1789456080.164,research-api-prometheus-1,prometheus,0.98,35.05
1789456080.164,research-api-cadvisor-1,cadvisor,0.0,19.91
1789456085.168,research-api-nginx-1,nginx,26.71,16.25
1789456085.168,research-api-orders-service-1,orders-service,36.78,15.71
1789456085.168,research-api-products-service-1,products-service,21.37,13.85
1789456085.168,research-api-inventory-service-1,inventory-service,5.74,10.97
1789456085.168,research-api-users-service-1,users-service,17.76,13.08
1789456085.168,research-api-grafana-1,grafana,0.07,44.95
1789456085.168,research-api-postgres-1,postgres,27.57,93.1
1789456085.168,research-api-prometheus-1,prometheus,0.0,35.05
1789456085.168,research-api-cadvisor-1,cadvisor,0.0,20.67
1789456090.138,research-api-nginx-1,nginx,19.51,15.83
1789456090.138,research-api-orders-service-1,orders-service,34.13,15.17
1789456090.138,research-api-products-service-1,products-service,18.39,12.84
1789456090.138,research-api-inventory-service-1,inventory-service,3.6,10.84
1789456090.138,research-api-users-service-1,users-service,14.92,12.08
1789456090.138,research-api-grafana-1,grafana,0.18,44.95
1789456090.138,research-api-postgres-1,postgres,21.42,92.55
1789456090.138,research-api-prometheus-1,prometheus,0.78,35.23
1789456090.138,research-api-cadvisor-1,cadvisor,0.0,20.67
1789456095.131,research-api-nginx-1,nginx,27.15,16.28
1789456095.131,research-api-orders-service-1,orders-service,34.32,15.81
1789456095.131,research-api-products-service-1,products-service,21.93,14.12
1789456095.131,research-api-inventory-service-1,inventory-service,6.3,10.35
1789456095.131,research-api-users-service-1,users-service,21.21,12.42
1789456095.131,research-api-grafana-1,grafana,0.06,44.95
1789456095.131,research-api-postgres-1,postgres,23.47,93.24
1789456095.131,research-api-prometheus-1,prometheus,0.0,35.23
1789456095.131,research-api-cadvisor-1,cadvisor,0.01,19.96
1789456100.13,research-api-nginx-1,nginx,22.14,16.45
1789456100.13,research-api-orders-service-1,orders-service,30.37,15.27
1789456100.13,research-api-products-service-1,products-service,19.19,12.4
1789456100.13,research-api-inventory-service-1,inventory-service,4.68,11.41
1789456100.13,research-api-users-service-1,users-service,17.43,11.4
1789456100.13,research-api-grafana-1,grafana,0.04,44.95
1789456100.13,research-api-postgres-1,postgres,20.38,92.77
1789456100.13,research-api-prometheus-1,prometheus,0.91,35.28
1789456100.13,research-api-cadvisor-1,cadvisor,0.0,19.96
1789456105.154,research-api-nginx-1,nginx,20.95,16.59
1789456105.154,research-api-orders-service-1,orders-service,32.33,14.98
1789456105.154,research-api-products-service-1,products-service,16.0,13.84
1789456105.154,research-api-inventory-service-1,inventory-service,4.46,11.41
1789456105.154,research-api-users-service-1,users-service,16.17,12.43
1789456105.154,research-api-grafana-1,grafana,0.03,44.95
1789456105.154,research-api-postgres-1,postgres,21.87,93.34
1789456105.154,research-api-prometheus-1,prometheus,0.0,35.44
1789456105.154,research-api-cadvisor-1,cadvisor,0.0,19.73
1789456110.125,research-api-nginx-1,nginx,32.59,16.33
1789456110.125,research-api-orders-service-1,orders-service,46.68,15.35
1789456110.125,research-api-products-service-1,products-service,27.94,14.02
1789456110.125,research-api-inventory-service-1,inventory-service,5.52,10.23
1789456110.125,research-api-users-service-1,users-service,26.0,11.84
1789456110.125,research-api-grafana-1,grafana,0.18,44.95
1789456110.125,research-api-postgres-1,postgres,30.56,93.71
1789456110.125,research-api-prometheus-1,prometheus,0.99,35.45
1789456110.125,research-api-cadvisor-1,cadvisor,0.0,19.73
1789456115.143,research-api-nginx-1,nginx,39.73,16.71
1789456115.143,research-api-orders-service-1,orders-service,51.35,15.03
1789456115.143,research-api-products-service-1,products-service,31.62,13.39
1789456115.143,research-api-inventory-service-1,inventory-service,9.95,11.04
1789456115.143,research-api-users-service-1,users-service,29.47,11.42
1789456115.143,research-api-grafana-1,grafana,0.09,44.32
1789456115.143,research-api-postgres-1,postgres,36.24,93.74
1789456115.143,research-api-prometheus-1,prometheus,0.0,35.45
1789456115.143,research-api-cadvisor-1,cadvisor,0.0,17.8
1789456120.115,research-api-nginx-1,nginx,47.34,16.88
1789456120.115,research-api-orders-service-1,orders-service,63.33,15.36
1789456120.115,research-api-products-service-1,products-service,35.71,14.44
1789456120.115,research-api-inventory-service-1,inventory-service,9.85,9.793
1789456120.115,research-api-users-service-1,users-service,33.66,11.37
1789456120.115,research-api-grafana-1,grafana,0.11,44.32
1789456120.115,research-api-postgres-1,postgres,42.98,93.84
1789456120.115,research-api-prometheus-1,prometheus,0.88,35.5
1789456120.115,research-api-cadvisor-1,cadvisor,0.0,17.8
1789456125.138,research-api-nginx-1,nginx,53.5,17.21
1789456125.138,research-api-orders-service-1,orders-service,64.63,15.95
1789456125.138,research-api-products-service-1,products-service,41.42,13.16
1789456125.138,research-api-inventory-service-1,inventory-service,10.49,11.34
1789456125.138,research-api-users-service-1,users-service,36.9,11.53
1789456125.138,research-api-grafana-1,grafana,0.03,44.32
1789456125.138,research-api-postgres-1,postgres,47.58,94.48
1789456125.138,research-api-prometheus-1,prometheus,0.0,35.5
1789456125.138,research-api-cadvisor-1,cadvisor,0.0,18.44
1789456130.128,research-api-nginx-1,nginx,58.11,18.05
1789456130.128,research-api-orders-service-1,orders-service,77.99,17.26
1789456130.128,research-api-products-service-1,products-service,43.63,12.34
1789456130.128,research-api-inventory-service-1,inventory-service,12.44,10.04
1789456130.128,research-api-users-service-1,users-service,41.8,11.59
1789456130.128,research-api-grafana-1,grafana,0.15,44.32
1789456130.128,research-api-postgres-1,postgres,54.98,93.47
1789456130.128,research-api-prometheus-1,prometheus,0.62,35.51
1789456130.128,research-api-cadvisor-1,cadvisor,0.0,18.44
1789456135.136,research-api-nginx-1,nginx,66.3,17.47
1789456135.136,research-api-orders-service-1,orders-service,87.19,15.82
1789456135.136,research-api-products-service-1,products-service,48.61,13.29
1789456135.136,research-api-inventory-service-1,inventory-service,14.35,10.23
1789456135.136,research-api-users-service-1,users-service,46.47,11.86
1789456135.136,research-api-grafana-1,grafana,0.03,44.32
1789456135.136,research-api-postgres-1,postgres,58.61,93.69
1789456135.136,research-api-prometheus-1,prometheus,0.0,35.51
1789456135.136,research-api-cadvisor-1,cadvisor,0.0,18.61
1789456140.139,research-api-nginx-1,nginx,61.45,18.33
1789456140.139,research-api-orders-service-1,orders-service,83.67,17.34
1789456140.139,research-api-products-service-1,products-service,45.66,14.52
1789456140.139,research-api-inventory-service-1,inventory-service,11.99,9.578
1789456140.139,research-api-users-service-1,users-service,44.4,12.04
1789456140.139,research-api-grafana-1,grafana,0.12,44.32
1789456140.139,research-api-postgres-1,postgres,60.34,94.5
1789456140.139,research-api-prometheus-1,prometheus,0.59,35.53
1789456140.139,research-api-cadvisor-1,cadvisor,0.0,18.61
1789456145.13,research-api-nginx-1,nginx,62.69,17.78
1789456145.13,research-api-orders-service-1,orders-service,82.06,16.71
1789456145.13,research-api-products-service-1,products-service,49.77,13.25
1789456145.13,research-api-inventory-service-1,inventory-service,14.8,10.71
1789456145.13,research-api-users-service-1,users-service,45.64,12.18
1789456145.13,research-api-grafana-1,grafana,0.04,44.32
1789456145.13,research-api-postgres-1,postgres,59.16,94.7
1789456145.13,research-api-prometheus-1,prometheus,0.0,35.52
1789456145.13,research-api-cadvisor-1,cadvisor,0.0,18.22
1789456150.141,research-api-nginx-1,nginx,63.29,18.45
1789456150.141,research-api-orders-service-1,orders-service,82.28,17.87
1789456150.141,research-api-products-service-1,products-service,48.43,14.4
1789456150.141,research-api-inventory-service-1,inventory-service,11.71,10.3
1789456150.141,research-api-users-service-1,users-service,47.16,12.3
1789456150.141,research-api-grafana-1,grafana,0.03,44.32
1789456150.141,research-api-postgres-1,postgres,59.66,95.27
1789456150.141,research-api-prometheus-1,prometheus,0.56,35.53
1789456150.141,research-api-cadvisor-1,cadvisor,0.0,18.22
1789456155.144,research-api-nginx-1,nginx,63.03,18.62
1789456155.144,research-api-orders-service-1,orders-service,83.34,17.73
1789456155.144,research-api-products-service-1,products-service,48.66,13.25
1789456155.144,research-api-inventory-service-1,inventory-service,13.9,9.664
1789456155.144,research-api-users-service-1,users-service,43.91,11.2
1789456155.144,research-api-grafana-1,grafana,0.03,44.32
1789456155.144,research-api-postgres-1,postgres,59.56,95.16
1789456155.144,research-api-prometheus-1,prometheus,0.0,35.53
1789456155.144,research-api-cadvisor-1,cadvisor,0.0,18.88
1789456160.126,research-api-nginx-1,nginx,75.72,18.71
1789456160.126,research-api-orders-service-1,orders-service,94.03,18.12
1789456160.126,research-api-products-service-1,products-service,55.21,13.96
1789456160.126,research-api-inventory-service-1,inventory-service,14.02,10.6
1789456160.126,research-api-users-service-1,users-service,51.15,11.82
1789456160.126,research-api-grafana-1,grafana,0.18,44.32
1789456160.126,research-api-postgres-1,postgres,64.5,95.35
1789456160.126,research-api-prometheus-1,prometheus,0.57,35.54
1789456160.126,research-api-cadvisor-1,cadvisor,0.0,18.88
1789456165.22,research-api-nginx-1,nginx,94.39,18.58
1789456165.22,research-api-orders-service-1,orders-service,267.07,20.29
1789456165.22,research-api-products-service-1,products-service,66.91,15.27
1789456165.22,research-api-inventory-service-1,inventory-service,16.14,10.54
1789456165.22,research-api-users-service-1,users-service,57.14,12.77
1789456165.22,research-api-grafana-1,grafana,0.06,44.32
1789456165.22,research-api-postgres-1,postgres,75.43,105.4
1789456165.22,research-api-prometheus-1,prometheus,0.0,35.55
1789456165.22,research-api-cadvisor-1,cadvisor,0.0,19.43
1789456170.226,research-api-nginx-1,nginx,91.72,19.53
1789456170.226,research-api-orders-service-1,orders-service,275.5,21.01
1789456170.226,research-api-products-service-1,products-service,61.95,13.52
1789456170.226,research-api-inventory-service-1,inventory-service,17.16,10.34
1789456170.226,research-api-users-service-1,users-service,62.16,12.31
1789456170.226,research-api-grafana-1,grafana,0.13,44.32
1789456170.226,research-api-postgres-1,postgres,74.09,107.9
1789456170.226,research-api-prometheus-1,prometheus,0.86,35.56
1789456170.226,research-api-cadvisor-1,cadvisor,0.0,19.43
1789456175.189,research-api-nginx-1,nginx,91.53,19.34
1789456175.189,research-api-orders-service-1,orders-service,287.03,21.35
1789456175.189,research-api-products-service-1,products-service,63.19,14.16
1789456175.189,research-api-inventory-service-1,inventory-service,15.04,10.18
1789456175.189,research-api-users-service-1,users-service,57.73,12.8
1789456175.189,research-api-grafana-1,grafana,0.06,44.34
1789456175.189,research-api-postgres-1,postgres,75.79,107.5
1789456175.189,research-api-prometheus-1,prometheus,0.0,35.56
1789456175.189,research-api-cadvisor-1,cadvisor,0.0,20.18
1789456180.219,research-api-nginx-1,nginx,92.71,19.42
1789456180.219,research-api-orders-service-1,orders-service,174.6,20.71
1789456180.219,research-api-products-service-1,products-service,67.48,13.88
1789456180.219,research-api-inventory-service-1,inventory-service,17.56,9.762
1789456180.219,research-api-users-service-1,users-service,61.91,12.18
1789456180.219,research-api-grafana-1,grafana,0.04,44.34
1789456180.219,research-api-postgres-1,postgres,75.05,107.9
1789456180.219,research-api-prometheus-1,prometheus,0.63,35.56
1789456180.219,research-api-cadvisor-1,cadvisor,0.0,20.18
1789456185.224,research-api-nginx-1,nginx,85.69,19.57
1789456185.224,research-api-orders-service-1,orders-service,213.48,20.37
1789456185.224,research-api-products-service-1,products-service,63.38,13.88
1789456185.224,research-api-inventory-service-1,inventory-service,16.4,10.53
1789456185.224,research-api-users-service-1,users-service,58.42,13.19
1789456185.224,research-api-grafana-1,grafana,0.03,44.34
1789456185.224,research-api-postgres-1,postgres,74.37,108.6
1789456185.224,research-api-prometheus-1,prometheus,0.0,35.56
1789456185.224,research-api-cadvisor-1,cadvisor,0.0,20.24
1789456190.203,research-api-nginx-1,nginx,84.06,19.36
1789456190.203,research-api-orders-service-1,orders-service,106.54,20.13
1789456190.203,research-api-products-service-1,products-service,63.69,13.95
1789456190.203,research-api-inventory-service-1,inventory-service,15.23,10.43
1789456190.203,research-api-users-service-1,users-service,57.41,11.98
1789456190.203,research-api-grafana-1,grafana,0.2,44.34
1789456190.203,research-api-postgres-1,postgres,76.43,108.8
1789456190.203,research-api-prometheus-1,prometheus,0.77,35.57
1789456190.203,research-api-cadvisor-1,cadvisor,0.0,20.25
1789456195.205,research-api-nginx-1,nginx,82.26,20.07
1789456195.205,research-api-orders-service-1,orders-service,105.12,20.87
1789456195.205,research-api-products-service-1,products-service,60.57,13.7
1789456195.205,research-api-inventory-service-1,inventory-service,15.73,11.39
1789456195.205,research-api-users-service-1,users-service,56.8,12.95
1789456195.205,research-api-grafana-1,grafana,0.04,44.34
1789456195.205,research-api-postgres-1,postgres,70.44,108.5
1789456195.205,research-api-prometheus-1,prometheus,0.0,35.57
1789456195.205,research-api-cadvisor-1,cadvisor,0.0,20.3
1789456200.215,research-api-nginx-1,nginx,85.32,19.75
1789456200.215,research-api-orders-service-1,orders-service,101.79,20.55
1789456200.215,research-api-products-service-1,products-service,58.99,13.89
1789456200.215,research-api-inventory-service-1,inventory-service,15.64,10.5
1789456200.215,research-api-users-service-1,users-service,59.99,12.8
1789456200.215,research-api-grafana-1,grafana,0.12,44.34
1789456200.215,research-api-postgres-1,postgres,69.75,109.5
1789456200.215,research-api-prometheus-1,prometheus,0.78,35.57
1789456200.215,research-api-cadvisor-1,cadvisor,0.16,20.31
1789456205.209,research-api-nginx-1,nginx,83.94,19.64
1789456205.209,research-api-orders-service-1,orders-service,118.15,20.17
1789456205.209,research-api-products-service-1,products-service,58.96,15.19
1789456205.209,research-api-inventory-service-1,inventory-service,15.15,10.26
1789456205.209,research-api-users-service-1,users-service,61.92,12.96
1789456205.209,research-api-grafana-1,grafana,0.05,44.34
1789456205.209,research-api-postgres-1,postgres,73.11,109.6
1789456205.209,research-api-prometheus-1,prometheus,0.0,35.57
1789456205.209,research-api-cadvisor-1,cadvisor,0.0,20.57
1789456210.197,research-api-nginx-1,nginx,86.44,20.17
1789456210.197,research-api-orders-service-1,orders-service,111.78,19.55
1789456210.197,research-api-products-service-1,products-service,63.33,14.0
1789456210.197,research-api-inventory-service-1,inventory-service,15.24,9.988
1789456210.197,research-api-users-service-1,users-service,60.51,13.05
1789456210.197,research-api-grafana-1,grafana,0.14,44.34
1789456210.197,research-api-postgres-1,postgres,77.68,110.3
1789456210.197,research-api-prometheus-1,prometheus,1.25,35.58
1789456210.197,research-api-cadvisor-1,cadvisor,0.29,20.57
1789456215.183,research-api-nginx-1,nginx,83.54,19.57
1789456215.183,research-api-orders-service-1,orders-service,97.06,20.48
1789456215.183,research-api-products-service-1,products-service,58.96,13.89
1789456215.183,research-api-inventory-service-1,inventory-service,16.94,9.805
1789456215.183,research-api-users-service-1,users-service,58.87,12.45
1789456215.183,research-api-grafana-1,grafana,0.04,44.34
1789456215.183,research-api-postgres-1,postgres,72.06,109.8
1789456215.183,research-api-prometheus-1,prometheus,0.0,35.58
1789456215.183,research-api-cadvisor-1,cadvisor,0.0,18.52
1789456220.216,research-api-nginx-1,nginx,79.91,20.16
1789456220.216,research-api-orders-service-1,orders-service,93.38,20.75
1789456220.216,research-api-products-service-1,products-service,58.92,13.08
1789456220.216,research-api-inventory-service-1,inventory-service,18.41,10.04
1789456220.216,research-api-users-service-1,users-service,59.89,12.39
1789456220.216,research-api-grafana-1,grafana,0.17,44.34
1789456220.216,research-api-postgres-1,postgres,69.11,110.5
1789456220.216,research-api-prometheus-1,prometheus,0.81,35.61
1789456220.216,research-api-cadvisor-1,cadvisor,0.0,18.52
1789456225.213,research-api-nginx-1,nginx,84.37,19.75
1789456225.213,research-api-orders-service-1,orders-service,103.27,20.52
1789456225.213,research-api-products-service-1,products-service,62.28,14.12
1789456225.213,research-api-inventory-service-1,inventory-service,15.58,9.707
1789456225.213,research-api-users-service-1,users-service,59.45,13.53
1789456225.213,research-api-grafana-1,grafana,0.04,44.34
1789456225.213,research-api-postgres-1,postgres,71.44,111.0
1789456225.213,research-api-prometheus-1,prometheus,0.0,35.61
1789456225.213,research-api-cadvisor-1,cadvisor,0.0,19.21
1789456230.235,research-api-nginx-1,nginx,87.71,19.32
1789456230.235,research-api-orders-service-1,orders-service,136.34,20.39
1789456230.235,research-api-products-service-1,products-service,64.68,14.29
1789456230.235,research-api-inventory-service-1,inventory-service,14.5,10.02
1789456230.235,research-api-users-service-1,users-service,61.07,12.07
1789456230.235,research-api-grafana-1,grafana,0.14,44.34
1789456230.235,research-api-postgres-1,postgres,75.77,112.7
1789456230.235,research-api-prometheus-1,prometheus,0.77,35.63
1789456230.235,research-api-cadvisor-1,cadvisor,0.0,18.53
1789456235.215,research-api-nginx-1,nginx,89.57,19.88
1789456235.215,research-api-orders-service-1,orders-service,234.86,21.28
1789456235.215,research-api-products-service-1,products-service,65.8,14.82
1789456235.215,research-api-inventory-service-1,inventory-service,16.12,9.59
1789456235.215,research-api-users-service-1,users-service,58.55,12.74
1789456235.215,research-api-grafana-1,grafana,0.07,44.36
1789456235.215,research-api-postgres-1,postgres,71.95,114.6
1789456235.215,research-api-prometheus-1,prometheus,0.0,35.63
1789456235.215,research-api-cadvisor-1,cadvisor,0.0,17.91
1789456240.23,research-api-nginx-1,nginx,89.12,20.2
1789456240.23,research-api-orders-service-1,orders-service,178.38,21.12
1789456240.23,research-api-products-service-1,products-service,68.38,15.07
1789456240.23,research-api-inventory-service-1,inventory-service,17.07,10.25
1789456240.23,research-api-users-service-1,users-service,57.65,12.05
1789456240.23,research-api-grafana-1,grafana,0.13,44.36
1789456240.23,research-api-postgres-1,postgres,74.76,114.4
1789456240.23,research-api-prometheus-1,prometheus,0.72,35.63
1789456240.23,research-api-cadvisor-1,cadvisor,0.0,17.91
1789456245.21,research-api-nginx-1,nginx,91.32,19.86
1789456245.21,research-api-orders-service-1,orders-service,250.96,21.38
1789456245.21,research-api-products-service-1,products-service,63.11,14.44
1789456245.21,research-api-inventory-service-1,inventory-service,15.66,10.77
1789456245.21,research-api-users-service-1,users-service,56.01,12.47
1789456245.21,research-api-grafana-1,grafana,0.04,44.36
1789456245.21,research-api-postgres-1,postgres,73.75,115.1
1789456245.21,research-api-prometheus-1,prometheus,0.0,35.63
1789456245.21,research-api-cadvisor-1,cadvisor,0.0,17.93
1789456250.246,research-api-nginx-1,nginx,88.88,19.41
1789456250.246,research-api-orders-service-1,orders-service,121.35,20.24
1789456250.246,research-api-products-service-1,products-service,65.92,15.71
1789456250.246,research-api-inventory-service-1,inventory-service,16.55,10.3
1789456250.246,research-api-users-service-1,users-service,62.45,14.09
1789456250.246,research-api-grafana-1,grafana,0.17,44.36
1789456250.246,research-api-postgres-1,postgres,75.46,115.6
1789456250.246,research-api-prometheus-1,prometheus,0.0,35.63
1789456250.246,research-api-cadvisor-1,cadvisor,0.0,17.93
1789456255.262,research-api-nginx-1,nginx,89.77,19.5
1789456255.262,research-api-orders-service-1,orders-service,129.46,21.61
1789456255.262,research-api-products-service-1,products-service,66.74,15.03
1789456255.262,research-api-inventory-service-1,inventory-service,16.29,10.49
1789456255.262,research-api-users-service-1,users-service,66.4,12.28
1789456255.262,research-api-grafana-1,grafana,0.04,44.36
1789456255.262,research-api-postgres-1,postgres,82.03,116.4
1789456255.262,research-api-prometheus-1,prometheus,0.0,35.64
1789456255.262,research-api-cadvisor-1,cadvisor,0.0,18.08
1789456260.229,research-api-nginx-1,nginx,80.03,19.78
1789456260.229,research-api-orders-service-1,orders-service,102.45,21.11
1789456260.229,research-api-products-service-1,products-service,57.72,15.64
1789456260.229,research-api-inventory-service-1,inventory-service,15.37,10.29
1789456260.229,research-api-users-service-1,users-service,54.55,12.52
1789456260.229,research-api-grafana-1,grafana,0.13,44.36
1789456260.229,research-api-postgres-1,postgres,70.93,118.7
1789456260.229,research-api-prometheus-1,prometheus,1.07,35.64
1789456260.229,research-api-cadvisor-1,cadvisor,0.98,17.48
1789456265.216,research-api-nginx-1,nginx,84.24,19.81
1789456265.216,research-api-orders-service-1,orders-service,97.74,21.26
1789456265.216,research-api-products-service-1,products-service,64.56,14.88
1789456265.216,research-api-inventory-service-1,inventory-service,18.23,10.46
1789456265.216,research-api-users-service-1,users-service,56.56,12.42
1789456265.216,research-api-grafana-1,grafana,0.07,44.36
1789456265.216,research-api-postgres-1,postgres,72.15,118.9
1789456265.216,research-api-prometheus-1,prometheus,0.0,35.64
1789456265.216,research-api-cadvisor-1,cadvisor,0.0,18.34
1789456270.206,research-api-nginx-1,nginx,89.72,19.61
1789456270.206,research-api-orders-service-1,orders-service,125.65,21.29
1789456270.206,research-api-products-service-1,products-service,64.23,14.84
1789456270.206,research-api-inventory-service-1,inventory-service,18.51,10.48
1789456270.206,research-api-users-service-1,users-service,62.69,13.36
1789456270.206,research-api-grafana-1,grafana,0.16,44.36
1789456270.206,research-api-postgres-1,postgres,78.92,119.5
1789456270.206,research-api-prometheus-1,prometheus,0.61,35.64
1789456270.206,research-api-cadvisor-1,cadvisor,0.0,18.34
1789456275.219,research-api-nginx-1,nginx,83.54,19.68
1789456275.219,research-api-orders-service-1,orders-service,101.95,21.95
1789456275.219,research-api-products-service-1,products-service,62.85,15.25
1789456275.219,research-api-inventory-service-1,inventory-service,17.21,9.832
1789456275.219,research-api-users-service-1,users-service,58.73,13.0
1789456275.219,research-api-grafana-1,grafana,0.04,44.37
1789456275.219,research-api-postgres-1,postgres,78.66,119.4
1789456275.219,research-api-prometheus-1,prometheus,0.0,35.64
1789456275.219,research-api-cadvisor-1,cadvisor,0.0,18.46
1789456280.199,research-api-nginx-1,nginx,88.37,19.78
1789456280.199,research-api-orders-service-1,orders-service,109.13,21.21
1789456280.199,research-api-products-service-1,products-service,61.38,15.12
1789456280.199,research-api-inventory-service-1,inventory-service,15.13,10.23
1789456280.199,research-api-users-service-1,users-service,59.3,12.2
1789456280.199,research-api-grafana-1,grafana,0.15,44.37
1789456280.199,research-api-postgres-1,postgres,72.76,119.6
1789456280.199,research-api-prometheus-1,prometheus,0.72,35.64
1789456280.199,research-api-cadvisor-1,cadvisor,0.01,18.46
1789456285.209,research-api-nginx-1,nginx,85.48,20.22
1789456285.209,research-api-orders-service-1,orders-service,111.36,22.37
1789456285.209,research-api-products-service-1,products-service,67.06,14.61
1789456285.209,research-api-inventory-service-1,inventory-service,17.07,10.33
1789456285.209,research-api-users-service-1,users-service,61.7,12.48
1789456285.209,research-api-grafana-1,grafana,0.03,44.37
1789456285.209,research-api-postgres-1,postgres,74.4,120.2
1789456285.209,research-api-prometheus-1,prometheus,0.0,35.64
1789456285.209,research-api-cadvisor-1,cadvisor,0.0,19.11
1789456290.198,research-api-nginx-1,nginx,82.15,20.17
1789456290.198,research-api-orders-service-1,orders-service,100.27,21.97
1789456290.198,research-api-products-service-1,products-service,60.61,15.4
1789456290.198,research-api-inventory-service-1,inventory-service,16.42,10.47
1789456290.198,research-api-users-service-1,users-service,57.74,12.02
1789456290.198,research-api-grafana-1,grafana,0.13,44.37
1789456290.198,research-api-postgres-1,postgres,72.28,119.8
1789456290.198,research-api-prometheus-1,prometheus,0.73,35.64
1789456290.198,research-api-cadvisor-1,cadvisor,0.0,19.11
1789456295.246,research-api-nginx-1,nginx,91.85,20.11
1789456295.246,research-api-orders-service-1,orders-service,135.79,21.15
1789456295.246,research-api-products-service-1,products-service,70.09,15.02
1789456295.246,research-api-inventory-service-1,inventory-service,16.13,10.09
1789456295.246,research-api-users-service-1,users-service,61.3,13.56
1789456295.246,research-api-grafana-1,grafana,0.06,44.38
1789456295.246,research-api-postgres-1,postgres,79.76,120.0
1789456295.246,research-api-prometheus-1,prometheus,0.0,35.64
1789456295.246,research-api-cadvisor-1,cadvisor,0.0,19.14
1789456300.221,research-api-nginx-1,nginx,88.49,19.88
1789456300.221,research-api-orders-service-1,orders-service,176.36,21.54
1789456300.221,research-api-products-service-1,products-service,68.31,14.57
1789456300.221,research-api-inventory-service-1,inventory-service,16.94,10.37
1789456300.221,research-api-users-service-1,users-service,57.6,12.62
1789456300.221,research-api-grafana-1,grafana,0.12,44.38
1789456300.221,research-api-postgres-1,postgres,75.69,120.2
1789456300.221,research-api-prometheus-1,prometheus,0.74,35.64
1789456300.221,research-api-cadvisor-1,cadvisor,0.0,19.15
1789456305.25,research-api-nginx-1,nginx,81.25,19.89
1789456305.25,research-api-orders-service-1,orders-service,263.29,20.8
1789456305.25,research-api-products-service-1,products-service,63.35,14.41
1789456305.25,research-api-inventory-service-1,inventory-service,16.33,10.89
1789456305.25,research-api-users-service-1,users-service,58.54,12.05
1789456305.25,research-api-grafana-1,grafana,0.04,44.38
1789456305.25,research-api-postgres-1,postgres,73.54,119.7
1789456305.25,research-api-prometheus-1,prometheus,0.0,35.64
1789456305.25,research-api-cadvisor-1,cadvisor,0.0,18.48
1789456310.232,research-api-nginx-1,nginx,93.04,19.84
1789456310.232,research-api-orders-service-1,orders-service,277.22,22.66
1789456310.232,research-api-products-service-1,products-service,60.87,14.96
1789456310.232,research-api-inventory-service-1,inventory-service,15.87,10.0
1789456310.232,research-api-users-service-1,users-service,60.28,13.0
1789456310.232,research-api-grafana-1,grafana,0.17,44.38
1789456310.232,research-api-postgres-1,postgres,75.0,121.3
1789456310.232,research-api-prometheus-1,prometheus,0.83,35.64
1789456310.232,research-api-cadvisor-1,cadvisor,0.0,18.48
1789456315.253,research-api-nginx-1,nginx,91.04,19.21
1789456315.253,research-api-orders-service-1,orders-service,218.42,20.89
1789456315.253,research-api-products-service-1,products-service,64.72,14.93
1789456315.253,research-api-inventory-service-1,inventory-service,16.58,10.0
1789456315.253,research-api-users-service-1,users-service,61.31,12.46
1789456315.253,research-api-grafana-1,grafana,0.05,44.38
1789456315.253,research-api-postgres-1,postgres,77.17,122.0
1789456315.253,research-api-prometheus-1,prometheus,0.0,35.64
1789456315.253,research-api-cadvisor-1,cadvisor,0.0,18.5
1789456320.268,research-api-nginx-1,nginx,87.23,19.73
1789456320.268,research-api-orders-service-1,orders-service,108.06,21.07
1789456320.268,research-api-products-service-1,products-service,64.71,15.11
1789456320.268,research-api-inventory-service-1,inventory-service,16.73,10.85
1789456320.268,research-api-users-service-1,users-service,60.36,13.76
1789456320.268,research-api-grafana-1,grafana,0.21,44.38
1789456320.268,research-api-postgres-1,postgres,76.77,122.0
1789456320.268,research-api-prometheus-1,prometheus,1.01,35.66
1789456320.268,research-api-cadvisor-1,cadvisor,0.0,18.5
1789456325.259,research-api-nginx-1,nginx,84.59,19.93
1789456325.259,research-api-orders-service-1,orders-service,103.48,20.92
1789456325.259,research-api-products-service-1,products-service,62.31,14.81
1789456325.259,research-api-inventory-service-1,inventory-service,15.36,10.59
1789456325.259,research-api-users-service-1,users-service,55.78,13.72
1789456325.259,research-api-grafana-1,grafana,0.1,44.38
1789456325.259,research-api-postgres-1,postgres,77.37,121.5
1789456325.259,research-api-prometheus-1,prometheus,0.0,35.66
1789456325.259,research-api-cadvisor-1,cadvisor,0.0,18.93
1789456330.233,research-api-nginx-1,nginx,83.48,19.93
1789456330.233,research-api-orders-service-1,orders-service,96.48,20.85
1789456330.233,research-api-products-service-1,products-service,56.54,15.29
1789456330.233,research-api-inventory-service-1,inventory-service,17.26,10.42
1789456330.233,research-api-users-service-1,users-service,54.97,12.98
1789456330.233,research-api-grafana-1,grafana,0.16,44.38
1789456330.233,research-api-postgres-1,postgres,75.53,122.7
1789456330.233,research-api-prometheus-1,prometheus,0.69,35.67
1789456330.233,research-api-cadvisor-1,cadvisor,0.0,18.93
1789456335.216,research-api-nginx-1,nginx,87.74,19.86
1789456335.216,research-api-orders-service-1,orders-service,121.51,21.49
1789456335.216,research-api-products-service-1,products-service,66.03,15.07
1789456335.216,research-api-inventory-service-1,inventory-service,17.67,10.3
1789456335.216,research-api-users-service-1,users-service,60.51,12.35
1789456335.216,research-api-grafana-1,grafana,0.06,44.38
1789456335.216,research-api-postgres-1,postgres,83.28,122.5
1789456335.216,research-api-prometheus-1,prometheus,0.0,35.67
1789456335.216,research-api-cadvisor-1,cadvisor,0.01,18.95
1789456340.237,research-api-nginx-1,nginx,91.58,19.96
1789456340.237,research-api-orders-service-1,orders-service,138.55,20.57
1789456340.237,research-api-products-service-1,products-service,66.61,14.68
1789456340.237,research-api-inventory-service-1,inventory-service,16.72,10.42
1789456340.237,research-api-users-service-1,users-service,61.94,14.02
1789456340.237,research-api-grafana-1,grafana,0.16,44.38
1789456340.237,research-api-postgres-1,postgres,81.45,123.8
1789456340.237,research-api-prometheus-1,prometheus,0.8,35.67
1789456340.237,research-api-cadvisor-1,cadvisor,0.0,18.95
1789456345.24,research-api-nginx-1,nginx,85.96,20.01
1789456345.24,research-api-orders-service-1,orders-service,116.15,20.92
1789456345.24,research-api-products-service-1,products-service,65.58,14.74
1789456345.24,research-api-inventory-service-1,inventory-service,17.0,10.39
1789456345.24,research-api-users-service-1,users-service,56.65,13.04
1789456345.24,research-api-grafana-1,grafana,0.06,44.38
1789456345.24,research-api-postgres-1,postgres,78.41,123.8
1789456345.24,research-api-prometheus-1,prometheus,0.0,35.67
1789456345.24,research-api-cadvisor-1,cadvisor,0.34,19.31
1789456350.242,research-api-nginx-1,nginx,88.33,20.0
1789456350.242,research-api-orders-service-1,orders-service,109.93,20.64
1789456350.242,research-api-products-service-1,products-service,66.08,15.18
1789456350.242,research-api-inventory-service-1,inventory-service,16.26,10.61
1789456350.242,research-api-users-service-1,users-service,62.56,13.08
1789456350.242,research-api-grafana-1,grafana,0.15,44.38
1789456350.242,research-api-postgres-1,postgres,80.89,124.1
1789456350.242,research-api-prometheus-1,prometheus,0.78,35.67
1789456350.242,research-api-cadvisor-1,cadvisor,0.0,19.31
1789456355.254,research-api-nginx-1,nginx,88.93,19.77
1789456355.254,research-api-orders-service-1,orders-service,103.84,20.71
1789456355.254,research-api-products-service-1,products-service,63.41,14.46
1789456355.254,research-api-inventory-service-1,inventory-service,16.86,11.94
1789456355.254,research-api-users-service-1,users-service,61.08,13.97
1789456355.254,research-api-grafana-1,grafana,0.1,44.34
1789456355.254,research-api-postgres-1,postgres,79.17,124.5
1789456355.254,research-api-prometheus-1,prometheus,0.0,35.67
1789456355.254,research-api-cadvisor-1,cadvisor,0.0,19.5
1789456360.248,research-api-nginx-1,nginx,95.49,19.6
1789456360.248,research-api-orders-service-1,orders-service,231.27,20.28
1789456360.248,research-api-products-service-1,products-service,70.93,15.99
1789456360.248,research-api-inventory-service-1,inventory-service,15.84,10.43
1789456360.248,research-api-users-service-1,users-service,63.01,12.34
1789456360.248,research-api-grafana-1,grafana,0.19,44.35
1789456360.248,research-api-postgres-1,postgres,86.66,124.7
1789456360.248,research-api-prometheus-1,prometheus,0.84,35.68
1789456360.248,research-api-cadvisor-1,cadvisor,0.0,19.51
1789456365.305,research-api-nginx-1,nginx,88.25,20.52
1789456365.305,research-api-orders-service-1,orders-service,225.44,22.53
1789456365.305,research-api-products-service-1,products-service,65.05,16.59
1789456365.305,research-api-inventory-service-1,inventory-service,18.68,10.42
1789456365.305,research-api-users-service-1,users-service,60.05,12.46
1789456365.305,research-api-grafana-1,grafana,0.06,44.35
1789456365.305,research-api-postgres-1,postgres,79.51,125.0
1789456365.305,research-api-prometheus-1,prometheus,0.22,32.25
1789456365.305,research-api-cadvisor-1,cadvisor,0.0,19.34
1789456370.256,research-api-nginx-1,nginx,94.72,20.3
1789456370.256,research-api-orders-service-1,orders-service,187.24,21.99
1789456370.256,research-api-products-service-1,products-service,67.58,15.02
1789456370.256,research-api-inventory-service-1,inventory-service,17.91,10.63
1789456370.256,research-api-users-service-1,users-service,61.29,12.92
1789456370.256,research-api-grafana-1,grafana,0.04,44.35
1789456370.256,research-api-postgres-1,postgres,82.96,125.6
1789456370.256,research-api-prometheus-1,prometheus,0.0,32.25
1789456370.256,research-api-cadvisor-1,cadvisor,0.0,19.34
1789456375.287,research-api-nginx-1,nginx,92.23,19.86
1789456375.287,research-api-orders-service-1,orders-service,268.48,21.52
1789456375.287,research-api-products-service-1,products-service,63.68,14.93
1789456375.287,research-api-inventory-service-1,inventory-service,14.81,10.43
1789456375.287,research-api-users-service-1,users-service,59.74,12.81
1789456375.287,research-api-grafana-1,grafana,0.03,44.35
1789456375.287,research-api-postgres-1,postgres,80.85,126.2
1789456375.287,research-api-prometheus-1,prometheus,0.0,32.25
1789456375.287,research-api-cadvisor-1,cadvisor,0.0,19.36
1789456380.256,research-api-nginx-1,nginx,88.51,19.7
1789456380.256,research-api-orders-service-1,orders-service,288.53,22.45
1789456380.256,research-api-products-service-1,products-service,66.42,15.23
1789456380.256,research-api-inventory-service-1,inventory-service,16.1,10.09
1789456380.256,research-api-users-service-1,users-service,61.56,13.03
1789456380.256,research-api-grafana-1,grafana,0.12,44.35
1789456380.256,research-api-postgres-1,postgres,83.49,125.8
1789456380.256,research-api-prometheus-1,prometheus,0.83,32.25
1789456380.256,research-api-cadvisor-1,cadvisor,0.0,19.36
1789456385.26,research-api-nginx-1,nginx,92.56,19.68
1789456385.26,research-api-orders-service-1,orders-service,138.71,21.36
1789456385.26,research-api-products-service-1,products-service,64.47,15.17
1789456385.26,research-api-inventory-service-1,inventory-service,18.68,10.62
1789456385.26,research-api-users-service-1,users-service,60.88,12.66
1789456385.26,research-api-grafana-1,grafana,0.06,44.35
1789456385.26,research-api-postgres-1,postgres,80.33,126.4
1789456385.26,research-api-prometheus-1,prometheus,0.0,32.25
1789456385.26,research-api-cadvisor-1,cadvisor,0.0,20.38
1789456390.278,research-api-nginx-1,nginx,89.93,20.32
1789456390.278,research-api-orders-service-1,orders-service,112.05,21.4
1789456390.278,research-api-products-service-1,products-service,66.04,15.75
1789456390.278,research-api-inventory-service-1,inventory-service,15.82,10.65
1789456390.278,research-api-users-service-1,users-service,60.95,12.7
1789456390.278,research-api-grafana-1,grafana,0.16,44.35
1789456390.278,research-api-postgres-1,postgres,76.54,126.4
1789456390.278,research-api-prometheus-1,prometheus,0.58,32.25
1789456390.278,research-api-cadvisor-1,cadvisor,0.0,20.43
1789456395.236,research-api-nginx-1,nginx,85.45,19.6
1789456395.236,research-api-orders-service-1,orders-service,101.69,21.75
1789456395.236,research-api-products-service-1,products-service,62.15,14.8
1789456395.236,research-api-inventory-service-1,inventory-service,19.26,10.49
1789456395.236,research-api-users-service-1,users-service,57.16,12.95
1789456395.236,research-api-grafana-1,grafana,0.04,44.35
1789456395.236,research-api-postgres-1,postgres,73.18,126.7
1789456395.236,research-api-prometheus-1,prometheus,0.0,32.25
1789456395.236,research-api-cadvisor-1,cadvisor,0.0,21.09
1789456400.233,research-api-nginx-1,nginx,82.57,19.36
1789456400.233,research-api-orders-service-1,orders-service,107.0,22.05
1789456400.233,research-api-products-service-1,products-service,62.76,15.77
1789456400.233,research-api-inventory-service-1,inventory-service,15.02,11.42
1789456400.233,research-api-users-service-1,users-service,61.64,12.44
1789456400.233,research-api-grafana-1,grafana,0.18,44.35
1789456400.233,research-api-postgres-1,postgres,72.99,127.0
1789456400.233,research-api-prometheus-1,prometheus,0.88,32.9
1789456400.233,research-api-cadvisor-1,cadvisor,0.0,21.09
1789456405.245,research-api-nginx-1,nginx,85.01,19.57
1789456405.245,research-api-orders-service-1,orders-service,112.25,20.31
1789456405.245,research-api-products-service-1,products-service,62.4,14.77
1789456405.245,research-api-inventory-service-1,inventory-service,16.74,11.21
1789456405.245,research-api-users-service-1,users-service,57.24,13.0
1789456405.245,research-api-grafana-1,grafana,0.03,44.35
1789456405.245,research-api-postgres-1,postgres,73.76,127.3
1789456405.245,research-api-prometheus-1,prometheus,0.0,32.9
1789456405.245,research-api-cadvisor-1,cadvisor,0.0,21.24
1789456410.247,research-api-nginx-1,nginx,86.8,19.85
1789456410.247,research-api-orders-service-1,orders-service,95.77,19.64
1789456410.247,research-api-products-service-1,products-service,61.63,14.98
1789456410.247,research-api-inventory-service-1,inventory-service,16.95,10.21
1789456410.247,research-api-users-service-1,users-service,55.74,12.41
1789456410.247,research-api-grafana-1,grafana,0.17,44.35
1789456410.247,research-api-postgres-1,postgres,68.68,128.1
1789456410.247,research-api-prometheus-1,prometheus,0.85,32.9
1789456410.247,research-api-cadvisor-1,cadvisor,0.0,21.24
1789456415.272,research-api-nginx-1,nginx,89.34,19.29
1789456415.272,research-api-orders-service-1,orders-service,109.06,21.75
1789456415.272,research-api-products-service-1,products-service,68.3,15.4
1789456415.272,research-api-inventory-service-1,inventory-service,15.62,9.773
1789456415.272,research-api-users-service-1,users-service,57.49,12.78
1789456415.272,research-api-grafana-1,grafana,0.07,44.36
1789456415.272,research-api-postgres-1,postgres,77.38,127.8
1789456415.272,research-api-prometheus-1,prometheus,0.0,32.9
1789456415.272,research-api-cadvisor-1,cadvisor,0.0,19.23
1789456420.252,research-api-nginx-1,nginx,83.23,20.23
1789456420.252,research-api-orders-service-1,orders-service,107.73,21.52
1789456420.252,research-api-products-service-1,products-service,65.21,15.75
1789456420.252,research-api-inventory-service-1,inventory-service,15.8,10.24
1789456420.252,research-api-users-service-1,users-service,59.83,13.18
1789456420.252,research-api-grafana-1,grafana,0.13,44.36
1789456420.252,research-api-postgres-1,postgres,75.73,129.1
1789456420.252,research-api-prometheus-1,prometheus,0.79,32.9
1789456420.252,research-api-cadvisor-1,cadvisor,0.33,19.23
1789456425.277,research-api-nginx-1,nginx,92.95,19.58
1789456425.277,research-api-orders-service-1,orders-service,269.95,20.73
1789456425.277,research-api-products-service-1,products-service,66.49,14.92
1789456425.277,research-api-inventory-service-1,inventory-service,16.32,10.43
1789456425.277,research-api-users-service-1,users-service,62.83,12.92
1789456425.277,research-api-grafana-1,grafana,0.04,44.36
1789456425.277,research-api-postgres-1,postgres,76.47,129.1
1789456425.277,research-api-prometheus-1,prometheus,0.0,32.9
1789456425.277,research-api-cadvisor-1,cadvisor,0.0,19.87
1789456430.274,research-api-nginx-1,nginx,87.08,19.38
1789456430.274,research-api-orders-service-1,orders-service,146.92,21.37
1789456430.274,research-api-products-service-1,products-service,60.87,15.34
1789456430.274,research-api-inventory-service-1,inventory-service,14.71,10.7
1789456430.274,research-api-users-service-1,users-service,60.04,13.36
1789456430.274,research-api-grafana-1,grafana,0.15,44.36
1789456430.274,research-api-postgres-1,postgres,76.7,129.5
1789456430.274,research-api-prometheus-1,prometheus,0.79,32.91
1789456430.274,research-api-cadvisor-1,cadvisor,0.0,19.87
1789456435.333,research-api-nginx-1,nginx,103.87,19.79
1789456435.333,research-api-orders-service-1,orders-service,129.17,20.58
1789456435.333,research-api-products-service-1,products-service,72.94,15.65
1789456435.333,research-api-inventory-service-1,inventory-service,21.1,10.41
1789456435.333,research-api-users-service-1,users-service,61.19,13.22
1789456435.333,research-api-grafana-1,grafana,0.04,44.36
1789456435.333,research-api-postgres-1,postgres,86.28,133.3
1789456435.333,research-api-prometheus-1,prometheus,0.0,32.91
1789456435.333,research-api-cadvisor-1,cadvisor,0.0,20.48
1789456440.337,research-api-nginx-1,nginx,118.08,20.53
1789456440.337,research-api-orders-service-1,orders-service,310.65,22.57
1789456440.337,research-api-products-service-1,products-service,77.71,15.76
1789456440.337,research-api-inventory-service-1,inventory-service,23.25,10.42
1789456440.337,research-api-users-service-1,users-service,65.65,13.7
1789456440.337,research-api-grafana-1,grafana,0.14,44.36
1789456440.337,research-api-postgres-1,postgres,94.12,134.9
1789456440.337,research-api-prometheus-1,prometheus,0.0,32.92
1789456440.337,research-api-cadvisor-1,cadvisor,0.0,20.48
1789456445.366,research-api-nginx-1,nginx,115.81,20.63
1789456445.366,research-api-orders-service-1,orders-service,281.65,23.96
1789456445.366,research-api-products-service-1,products-service,76.46,16.36
1789456445.366,research-api-inventory-service-1,inventory-service,21.37,10.94
1789456445.366,research-api-users-service-1,users-service,72.01,14.11
1789456445.366,research-api-grafana-1,grafana,0.07,44.36
1789456445.366,research-api-postgres-1,postgres,108.04,143.9
1789456445.366,research-api-prometheus-1,prometheus,0.0,32.92
1789456445.366,research-api-cadvisor-1,cadvisor,0.0,20.48
1789456450.467,research-api-nginx-1,nginx,127.17,20.77
1789456450.467,research-api-orders-service-1,orders-service,295.94,25.09
1789456450.467,research-api-products-service-1,products-service,84.94,17.37
1789456450.467,research-api-inventory-service-1,inventory-service,22.87,10.84
1789456450.467,research-api-users-service-1,users-service,76.93,16.2
1789456450.467,research-api-grafana-1,grafana,0.1,44.36
1789456450.467,research-api-postgres-1,postgres,119.64,145.6
1789456450.467,research-api-prometheus-1,prometheus,0.0,32.93
1789456450.467,research-api-cadvisor-1,cadvisor,0.0,20.48
1789456455.495,research-api-nginx-1,nginx,157.11,21.02
1789456455.495,research-api-orders-service-1,orders-service,173.0,27.7
1789456455.495,research-api-products-service-1,products-service,103.28,17.45
1789456455.495,research-api-inventory-service-1,inventory-service,28.18,12.04
1789456455.495,research-api-users-service-1,users-service,76.65,15.52
1789456455.495,research-api-grafana-1,grafana,0.04,44.36
1789456455.495,research-api-postgres-1,postgres,131.63,151.1
1789456455.495,research-api-prometheus-1,prometheus,0.0,32.93
1789456455.495,research-api-cadvisor-1,cadvisor,0.0,18.48
1789456460.462,research-api-nginx-1,nginx,155.11,21.94
1789456460.462,research-api-orders-service-1,orders-service,219.97,28.09
1789456460.462,research-api-products-service-1,products-service,99.32,18.04
1789456460.462,research-api-inventory-service-1,inventory-service,28.15,10.93
1789456460.462,research-api-users-service-1,users-service,84.84,15.27
1789456460.462,research-api-grafana-1,grafana,0.14,44.36
1789456460.462,research-api-postgres-1,postgres,136.03,151.8
1789456460.462,research-api-prometheus-1,prometheus,0.0,32.93
1789456460.462,research-api-cadvisor-1,cadvisor,0.0,18.48
1789456465.459,research-api-nginx-1,nginx,133.43,25.18
1789456465.459,research-api-orders-service-1,orders-service,408.52,36.11
1789456465.459,research-api-products-service-1,products-service,97.19,18.64
1789456465.459,research-api-inventory-service-1,inventory-service,27.71,12.23
1789456465.459,research-api-users-service-1,users-service,85.05,15.82
1789456465.459,research-api-grafana-1,grafana,0.03,44.36
1789456465.459,research-api-postgres-1,postgres,123.41,155.4
1789456465.459,research-api-prometheus-1,prometheus,0.0,32.93
1789456465.459,research-api-cadvisor-1,cadvisor,0.0,19.12
1789456470.528,research-api-nginx-1,nginx,139.7,23.43
1789456470.528,research-api-orders-service-1,orders-service,380.19,34.25
1789456470.528,research-api-products-service-1,products-service,93.69,18.38
1789456470.528,research-api-inventory-service-1,inventory-service,25.17,12.91
1789456470.528,research-api-users-service-1,users-service,79.26,14.54
1789456470.528,research-api-grafana-1,grafana,0.14,44.36
1789456470.528,research-api-postgres-1,postgres,129.21,156.9
1789456470.528,research-api-prometheus-1,prometheus,0.0,34.02
1789456470.528,research-api-cadvisor-1,cadvisor,0.0,19.12
1789456475.426,research-api-nginx-1,nginx,163.3,21.68
1789456475.426,research-api-orders-service-1,orders-service,214.91,31.27
1789456475.426,research-api-products-service-1,products-service,106.33,18.4
1789456475.426,research-api-inventory-service-1,inventory-service,31.14,14.95
1789456475.426,research-api-users-service-1,users-service,90.44,15.27
1789456475.426,research-api-grafana-1,grafana,0.04,44.38
1789456475.426,research-api-postgres-1,postgres,146.94,156.5
1789456475.426,research-api-prometheus-1,prometheus,0.0,34.03
1789456475.426,research-api-cadvisor-1,cadvisor,0.0,19.77
1789456480.455,research-api-nginx-1,nginx,162.46,22.79
1789456480.455,research-api-orders-service-1,orders-service,185.48,31.16
1789456480.455,research-api-products-service-1,products-service,111.06,18.86
1789456480.455,research-api-inventory-service-1,inventory-service,30.12,12.27
1789456480.455,research-api-users-service-1,users-service,92.85,16.7
1789456480.455,research-api-grafana-1,grafana,0.15,44.38
1789456480.455,research-api-postgres-1,postgres,147.37,157.7
1789456480.455,research-api-prometheus-1,prometheus,0.0,34.15
1789456480.455,research-api-cadvisor-1,cadvisor,0.0,19.77
1789456485.399,research-api-nginx-1,nginx,147.38,23.71
1789456485.399,research-api-orders-service-1,orders-service,324.5,34.05
1789456485.399,research-api-products-service-1,products-service,92.37,18.08
1789456485.399,research-api-inventory-service-1,inventory-service,25.27,12.51
1789456485.399,research-api-users-service-1,users-service,79.73,17.48
1789456485.399,research-api-grafana-1,grafana,0.03,44.38
1789456485.399,research-api-postgres-1,postgres,130.32,158.9
1789456485.399,research-api-prometheus-1,prometheus,0.0,34.29
1789456485.399,research-api-cadvisor-1,cadvisor,0.0,19.93
1789456490.461,research-api-nginx-1,nginx,92.61,25.72
1789456490.461,research-api-orders-service-1,orders-service,745.85,45.21
1789456490.461,research-api-products-service-1,products-service,55.79,17.93
1789456490.461,research-api-inventory-service-1,inventory-service,17.67,12.37
1789456490.461,research-api-users-service-1,users-service,38.62,15.19
1789456490.461,research-api-grafana-1,grafana,0.15,44.38
1789456490.461,research-api-postgres-1,postgres,42.45,158.6
1789456490.461,research-api-prometheus-1,prometheus,0.0,34.58
1789456490.461,research-api-cadvisor-1,cadvisor,0.0,19.93
1789456495.452,research-api-nginx-1,nginx,99.0,23.1
1789456495.452,research-api-orders-service-1,orders-service,547.52,51.45
1789456495.452,research-api-products-service-1,products-service,72.08,18.12
1789456495.452,research-api-inventory-service-1,inventory-service,15.38,12.62
1789456495.452,research-api-users-service-1,users-service,63.27,17.9
1789456495.452,research-api-grafana-1,grafana,0.03,44.38
1789456495.452,research-api-postgres-1,postgres,95.36,159.5
1789456495.452,research-api-prometheus-1,prometheus,0.0,34.58
1789456495.452,research-api-cadvisor-1,cadvisor,0.24,19.94
1789456500.422,research-api-nginx-1,nginx,148.84,23.23
1789456500.422,research-api-orders-service-1,orders-service,300.81,43.81
1789456500.422,research-api-products-service-1,products-service,93.13,17.48
1789456500.422,research-api-inventory-service-1,inventory-service,28.99,12.55
1789456500.422,research-api-users-service-1,users-service,87.42,16.62
1789456500.422,research-api-grafana-1,grafana,0.11,44.38
1789456500.422,research-api-postgres-1,postgres,135.27,159.5
1789456500.422,research-api-prometheus-1,prometheus,0.0,34.6
1789456500.422,research-api-cadvisor-1,cadvisor,0.0,19.94
1789456505.511,research-api-nginx-1,nginx,121.41,23.86
1789456505.511,research-api-orders-service-1,orders-service,444.4,44.88
1789456505.511,research-api-products-service-1,products-service,83.14,18.6
1789456505.511,research-api-inventory-service-1,inventory-service,22.62,13.38
1789456505.511,research-api-users-service-1,users-service,88.46,16.34
1789456505.511,research-api-grafana-1,grafana,0.06,44.38
1789456505.511,research-api-postgres-1,postgres,118.07,159.3
1789456505.511,research-api-prometheus-1,prometheus,0.0,34.59
1789456505.511,research-api-cadvisor-1,cadvisor,0.0,19.94
1789456510.441,research-api-nginx-1,nginx,125.58,24.13
1789456510.441,research-api-orders-service-1,orders-service,478.02,43.35
1789456510.441,research-api-products-service-1,products-service,93.96,17.86
1789456510.441,research-api-inventory-service-1,inventory-service,24.24,12.72
1789456510.441,research-api-users-service-1,users-service,68.32,15.95
1789456510.441,research-api-grafana-1,grafana,0.14,44.38
1789456510.441,research-api-postgres-1,postgres,123.88,159.8
1789456510.441,research-api-prometheus-1,prometheus,0.0,35.24
1789456510.441,research-api-cadvisor-1,cadvisor,0.0,19.94
1789456515.496,research-api-nginx-1,nginx,116.47,26.47
1789456515.496,research-api-orders-service-1,orders-service,619.11,46.75
1789456515.496,research-api-products-service-1,products-service,73.2,18.42
1789456515.496,research-api-inventory-service-1,inventory-service,20.47,13.14
1789456515.496,research-api-users-service-1,users-service,55.26,15.82
1789456515.496,research-api-grafana-1,grafana,0.03,44.38
1789456515.496,research-api-postgres-1,postgres,78.84,160.5
1789456515.496,research-api-prometheus-1,prometheus,0.0,35.31
1789456515.496,research-api-cadvisor-1,cadvisor,0.0,20.84
1789456520.524,research-api-nginx-1,nginx,148.51,20.82
1789456520.524,research-api-orders-service-1,orders-service,270.22,37.11
1789456520.524,research-api-products-service-1,products-service,99.11,18.34
1789456520.524,research-api-inventory-service-1,inventory-service,27.73,13.25
1789456520.524,research-api-users-service-1,users-service,81.14,15.46
1789456520.524,research-api-grafana-1,grafana,0.16,44.38
1789456520.524,research-api-postgres-1,postgres,144.33,160.9
1789456520.524,research-api-prometheus-1,prometheus,0.0,35.31
1789456520.524,research-api-cadvisor-1,cadvisor,0.0,20.84
1789456525.491,research-api-nginx-1,nginx,164.35,20.62
1789456525.491,research-api-orders-service-1,orders-service,176.35,37.02
1789456525.491,research-api-products-service-1,products-service,113.02,17.97
1789456525.491,research-api-inventory-service-1,inventory-service,30.68,13.23
1789456525.491,research-api-users-service-1,users-service,92.41,15.27
1789456525.491,research-api-grafana-1,grafana,0.04,44.38
1789456525.491,research-api-postgres-1,postgres,151.09,161.6
1789456525.491,research-api-prometheus-1,prometheus,0.0,35.31
1789456525.491,research-api-cadvisor-1,cadvisor,0.29,21.54
1789456530.499,research-api-nginx-1,nginx,138.1,22.4
1789456530.499,research-api-orders-service-1,orders-service,354.65,41.95
1789456530.499,research-api-products-service-1,products-service,92.99,18.94
1789456530.499,research-api-inventory-service-1,inventory-service,26.47,12.52
1789456530.499,research-api-users-service-1,users-service,101.87,16.32
1789456530.499,research-api-grafana-1,grafana,0.12,44.38
1789456530.499,research-api-postgres-1,postgres,140.23,161.9
1789456530.499,research-api-prometheus-1,prometheus,0.0,35.94
1789456530.499,research-api-cadvisor-1,cadvisor,0.0,21.54
1789456535.554,research-api-nginx-1,nginx,126.09,23.7
1789456535.554,research-api-orders-service-1,orders-service,385.24,43.48
1789456535.554,research-api-products-service-1,products-service,87.38,18.79
1789456535.554,research-api-inventory-service-1,inventory-service,23.31,12.87
1789456535.554,research-api-users-service-1,users-service,74.69,17.16
1789456535.554,research-api-grafana-1,grafana,0.09,44.38
1789456535.554,research-api-postgres-1,postgres,131.41,162.2
1789456535.554,research-api-prometheus-1,prometheus,0.0,35.95
1789456535.554,research-api-cadvisor-1,cadvisor,0.0,20.42
1789456540.512,research-api-nginx-1,nginx,155.64,21.37
1789456540.512,research-api-orders-service-1,orders-service,312.55,38.85
1789456540.512,research-api-products-service-1,products-service,102.09,17.88
1789456540.512,research-api-inventory-service-1,inventory-service,31.8,12.61
1789456540.512,research-api-users-service-1,users-service,86.89,16.86
1789456540.512,research-api-grafana-1,grafana,0.13,44.38
1789456540.512,research-api-postgres-1,postgres,140.86,163.5
1789456540.512,research-api-prometheus-1,prometheus,0.0,36.58
1789456540.512,research-api-cadvisor-1,cadvisor,0.0,20.42
1789456545.453,research-api-nginx-1,nginx,133.95,20.71
1789456545.453,research-api-orders-service-1,orders-service,173.3,36.42
1789456545.453,research-api-products-service-1,products-service,97.84,18.5
1789456545.453,research-api-inventory-service-1,inventory-service,28.44,12.31
1789456545.453,research-api-users-service-1,users-service,88.54,16.52
1789456545.453,research-api-grafana-1,grafana,0.04,44.38
1789456545.453,research-api-postgres-1,postgres,155.7,164.0
1789456545.453,research-api-prometheus-1,prometheus,0.0,36.58
1789456545.453,research-api-cadvisor-1,cadvisor,0.0,20.75
1789456550.534,research-api-nginx-1,nginx,144.5,22.9
1789456550.534,research-api-orders-service-1,orders-service,299.89,41.39
1789456550.534,research-api-products-service-1,products-service,96.62,18.65
1789456550.534,research-api-inventory-service-1,inventory-service,27.94,11.64
1789456550.534,research-api-users-service-1,users-service,92.26,16.54
1789456550.534,research-api-grafana-1,grafana,0.16,44.38
1789456550.534,research-api-postgres-1,postgres,140.75,164.9
1789456550.534,research-api-prometheus-1,prometheus,0.0,36.59
1789456550.534,research-api-cadvisor-1,cadvisor,0.32,20.78
1789456555.474,research-api-nginx-1,nginx,79.5,26.53
1789456555.474,research-api-orders-service-1,orders-service,773.9,49.69
1789456555.474,research-api-products-service-1,products-service,45.96,17.68
1789456555.474,research-api-inventory-service-1,inventory-service,14.68,13.48
1789456555.474,research-api-users-service-1,users-service,32.47,16.98
1789456555.474,research-api-grafana-1,grafana,0.03,44.38
1789456555.474,research-api-postgres-1,postgres,38.77,164.7
1789456555.474,research-api-prometheus-1,prometheus,0.0,36.59
1789456555.474,research-api-cadvisor-1,cadvisor,0.0,20.82
1789456560.52,research-api-nginx-1,nginx,71.52,26.1
1789456560.52,research-api-orders-service-1,orders-service,780.91,51.06
1789456560.52,research-api-products-service-1,products-service,39.65,16.7
1789456560.52,research-api-inventory-service-1,inventory-service,15.67,12.52
1789456560.52,research-api-users-service-1,users-service,30.09,15.96
1789456560.52,research-api-grafana-1,grafana,0.13,44.38
1789456560.52,research-api-postgres-1,postgres,40.07,165.0
1789456560.52,research-api-prometheus-1,prometheus,0.0,36.68
1789456560.52,research-api-cadvisor-1,cadvisor,0.0,20.82
1789456565.502,research-api-nginx-1,nginx,131.78,21.58
1789456565.502,research-api-orders-service-1,orders-service,354.9,39.48
1789456565.502,research-api-products-service-1,products-service,39.67,18.75
1789456565.502,research-api-inventory-service-1,inventory-service,25.75,14.27
1789456565.502,research-api-users-service-1,users-service,77.51,16.17
1789456565.502,research-api-grafana-1,grafana,0.05,44.38
1789456565.502,research-api-postgres-1,postgres,133.9,165.1
1789456565.502,research-api-prometheus-1,prometheus,0.0,36.69
1789456565.502,research-api-cadvisor-1,cadvisor,0.0,21.21
1789456570.55,research-api-nginx-1,nginx,117.52,22.32
1789456570.55,research-api-orders-service-1,orders-service,412.0,39.71
1789456570.55,research-api-products-service-1,products-service,80.71,19.77
1789456570.55,research-api-inventory-service-1,inventory-service,20.89,13.11
1789456570.55,research-api-users-service-1,users-service,88.37,17.0
1789456570.55,research-api-grafana-1,grafana,0.04,44.38
1789456570.55,research-api-postgres-1,postgres,127.07,165.6
1789456570.55,research-api-prometheus-1,prometheus,0.0,36.76
1789456570.55,research-api-cadvisor-1,cadvisor,0.0,21.21
1789456575.489,research-api-nginx-1,nginx,125.84,23.79
1789456575.489,research-api-orders-service-1,orders-service,450.78,47.1
1789456575.489,research-api-products-service-1,products-service,81.52,17.85
1789456575.489,research-api-inventory-service-1,inventory-service,24.61,12.29
1789456575.489,research-api-users-service-1,users-service,72.59,16.53
1789456575.489,research-api-grafana-1,grafana,0.05,44.38
1789456575.489,research-api-postgres-1,postgres,113.44,166.4
1789456575.489,research-api-prometheus-1,prometheus,0.0,36.76
1789456575.489,research-api-cadvisor-1,cadvisor,0.0,21.23
1789456580.489,research-api-nginx-1,nginx,120.01,22.17
1789456580.489,research-api-orders-service-1,orders-service,481.58,43.8
1789456580.489,research-api-products-service-1,products-service,81.85,18.25
1789456580.489,research-api-inventory-service-1,inventory-service,22.68,13.06
1789456580.489,research-api-users-service-1,users-service,77.58,17.6
1789456580.489,research-api-grafana-1,grafana,0.16,44.38
1789456580.489,research-api-postgres-1,postgres,117.76,166.2
1789456580.489,research-api-prometheus-1,prometheus,0.0,36.94
1789456580.489,research-api-cadvisor-1,cadvisor,0.0,21.23
1789456585.568,research-api-nginx-1,nginx,114.9,23.45
1789456585.568,research-api-orders-service-1,orders-service,456.18,45.12
1789456585.568,research-api-products-service-1,products-service,77.84,18.45
1789456585.568,research-api-inventory-service-1,inventory-service,21.41,12.15
1789456585.568,research-api-users-service-1,users-service,63.88,18.55
1789456585.568,research-api-grafana-1,grafana,0.03,44.38
1789456585.568,research-api-postgres-1,postgres,106.09,167.0
1789456585.568,research-api-prometheus-1,prometheus,0.14,36.95
1789456585.568,research-api-cadvisor-1,cadvisor,0.0,21.34
1789456590.529,research-api-nginx-1,nginx,170.79,21.19
1789456590.529,research-api-orders-service-1,orders-service,189.89,35.85
1789456590.529,research-api-products-service-1,products-service,112.58,18.6
1789456590.529,research-api-inventory-service-1,inventory-service,32.3,12.59
1789456590.529,research-api-users-service-1,users-service,97.55,15.9
1789456590.529,research-api-grafana-1,grafana,0.12,44.38
1789456590.529,research-api-postgres-1,postgres,165.58,167.3
1789456590.529,research-api-prometheus-1,prometheus,0.0,37.23
1789456590.529,research-api-cadvisor-1,cadvisor,0.0,21.34
1789456595.524,research-api-nginx-1,nginx,166.34,21.96
1789456595.524,research-api-orders-service-1,orders-service,252.81,39.74
1789456595.524,research-api-products-service-1,products-service,103.25,18.64
1789456595.524,research-api-inventory-service-1,inventory-service,28.23,13.24
1789456595.524,research-api-users-service-1,users-service,85.53,16.7
1789456595.524,research-api-grafana-1,grafana,0.05,44.38
1789456595.524,research-api-postgres-1,postgres,141.0,167.7
1789456595.524,research-api-prometheus-1,prometheus,0.0,37.24
1789456595.524,research-api-cadvisor-1,cadvisor,0.0,19.89
1789456600.518,research-api-nginx-1,nginx,142.71,22.32
1789456600.518,research-api-orders-service-1,orders-service,407.34,40.33
1789456600.518,research-api-products-service-1,products-service,101.27,19.17
1789456600.518,research-api-inventory-service-1,inventory-service,29.09,13.23
1789456600.518,research-api-users-service-1,users-service,73.63,16.65
1789456600.518,research-api-grafana-1,grafana,0.13,44.38
1789456600.518,research-api-postgres-1,postgres,126.05,168.4
1789456600.518,research-api-prometheus-1,prometheus,0.0,37.34
1789456600.518,research-api-cadvisor-1,cadvisor,0.0,19.89
1789456605.541,research-api-nginx-1,nginx,125.1,23.67
1789456605.541,research-api-orders-service-1,orders-service,393.72,40.91
1789456605.541,research-api-products-service-1,products-service,93.24,18.35
1789456605.541,research-api-inventory-service-1,inventory-service,23.37,12.61
1789456605.541,research-api-users-service-1,users-service,73.65,17.27
1789456605.541,research-api-grafana-1,grafana,0.03,44.38
1789456605.541,research-api-postgres-1,postgres,118.94,168.6
1789456605.541,research-api-prometheus-1,prometheus,0.0,37.52
1789456605.541,research-api-cadvisor-1,cadvisor,0.0,21.0
1789456610.52,research-api-nginx-1,nginx,142.52,21.2
1789456610.52,research-api-orders-service-1,orders-service,267.81,36.93
1789456610.52,research-api-products-service-1,products-service,95.8,18.33
1789456610.52,research-api-inventory-service-1,inventory-service,26.87,13.09
1789456610.52,research-api-users-service-1,users-service,74.13,16.94
1789456610.52,research-api-grafana-1,grafana,0.15,44.38
1789456610.52,research-api-postgres-1,postgres,148.79,169.0
1789456610.52,research-api-prometheus-1,prometheus,0.0,37.53
1789456610.52,research-api-cadvisor-1,cadvisor,0.0,21.0
1789456615.635,research-api-nginx-1,nginx,137.75,23.5
1789456615.635,research-api-orders-service-1,orders-service,375.19,44.39
1789456615.635,research-api-products-service-1,products-service,86.12,19.23
1789456615.635,research-api-inventory-service-1,inventory-service,26.46,13.35
1789456615.635,research-api-users-service-1,users-service,80.11,17.45
1789456615.635,research-api-grafana-1,grafana,0.03,44.38
1789456615.635,research-api-postgres-1,postgres,124.09,170.3
1789456615.635,research-api-prometheus-1,prometheus,0.0,37.54
1789456615.635,research-api-cadvisor-1,cadvisor,0.0,21.59
1789456620.559,research-api-nginx-1,nginx,106.09,25.28
1789456620.559,research-api-orders-service-1,orders-service,622.67,51.38
1789456620.559,research-api-products-service-1,products-service,66.01,18.5
1789456620.559,research-api-inventory-service-1,inventory-service,20.53,12.05
1789456620.559,research-api-users-service-1,users-service,72.6,16.85
1789456620.559,research-api-grafana-1,grafana,0.11,44.38
1789456620.559,research-api-postgres-1,postgres,79.56,170.1
1789456620.559,research-api-prometheus-1,prometheus,0.0,37.55
1789456620.559,research-api-cadvisor-1,cadvisor,0.0,21.59
1789456625.542,research-api-nginx-1,nginx,87.46,25.76
1789456625.542,research-api-orders-service-1,orders-service,732.77,48.46
1789456625.542,research-api-products-service-1,products-service,69.13,18.67
1789456625.542,research-api-inventory-service-1,inventory-service,17.44,13.34
1789456625.542,research-api-users-service-1,users-service,39.35,15.07
1789456625.542,research-api-grafana-1,grafana,0.05,44.38
1789456625.542,research-api-postgres-1,postgres,43.96,170.9
1789456625.542,research-api-prometheus-1,prometheus,0.0,37.55
1789456625.542,research-api-cadvisor-1,cadvisor,0.0,21.71
1789456630.534,research-api-nginx-1,nginx,79.9,24.31
1789456630.534,research-api-orders-service-1,orders-service,678.88,54.7
1789456630.534,research-api-products-service-1,products-service,50.86,18.53
1789456630.534,research-api-inventory-service-1,inventory-service,15.43,12.62
1789456630.534,research-api-users-service-1,users-service,48.84,18.02
1789456630.534,research-api-grafana-1,grafana,0.11,44.38
1789456630.534,research-api-postgres-1,postgres,80.49,170.8
1789456630.534,research-api-prometheus-1,prometheus,0.0,37.55
1789456630.534,research-api-cadvisor-1,cadvisor,0.0,21.71
1789456635.501,research-api-nginx-1,nginx,70.61,24.89
1789456635.501,research-api-orders-service-1,orders-service,188.4,41.63
1789456635.501,research-api-products-service-1,products-service,105.31,17.91
1789456635.501,research-api-inventory-service-1,inventory-service,25.03,13.66
1789456635.501,research-api-users-service-1,users-service,83.92,15.91
1789456635.501,research-api-grafana-1,grafana,0.03,44.39
1789456635.501,research-api-postgres-1,postgres,164.11,171.4
1789456635.501,research-api-prometheus-1,prometheus,0.0,37.55
1789456635.501,research-api-cadvisor-1,cadvisor,0.3,21.71
1789456640.576,research-api-nginx-1,nginx,139.12,24.68
1789456640.576,research-api-orders-service-1,orders-service,392.82,51.43
1789456640.576,research-api-products-service-1,products-service,91.78,18.53
1789456640.576,research-api-inventory-service-1,inventory-service,25.12,12.54
1789456640.576,research-api-users-service-1,users-service,80.97,16.93
1789456640.576,research-api-grafana-1,grafana,0.14,44.39
1789456640.576,research-api-postgres-1,postgres,131.49,171.8
1789456640.576,research-api-prometheus-1,prometheus,0.0,37.56
1789456640.576,research-api-cadvisor-1,cadvisor,0.0,21.71
1789456645.497,research-api-nginx-1,nginx,118.3,24.0
1789456645.497,research-api-orders-service-1,orders-service,440.45,45.34
1789456645.497,research-api-products-service-1,products-service,86.53,19.07
1789456645.497,research-api-inventory-service-1,inventory-service,21.22,13.38
1789456645.497,research-api-users-service-1,users-service,71.08,16.77
1789456645.497,research-api-grafana-1,grafana,0.05,44.38
1789456645.497,research-api-postgres-1,postgres,125.32,171.9
1789456645.497,research-api-prometheus-1,prometheus,0.0,37.56
1789456645.497,research-api-cadvisor-1,cadvisor,0.0,21.71
1789456650.57,research-api-nginx-1,nginx,124.0,23.87
1789456650.57,research-api-orders-service-1,orders-service,483.93,43.93
1789456650.57,research-api-products-service-1,products-service,87.75,18.88
1789456650.57,research-api-inventory-service-1,inventory-service,23.65,12.27
1789456650.57,research-api-users-service-1,users-service,68.41,16.74
1789456650.57,research-api-grafana-1,grafana,0.15,44.38
1789456650.57,research-api-postgres-1,postgres,126.77,172.6
1789456650.57,research-api-prometheus-1,prometheus,0.0,37.57
1789456650.57,research-api-cadvisor-1,cadvisor,0.0,21.71
1789456655.59,research-api-nginx-1,nginx,124.66,22.5
1789456655.59,research-api-orders-service-1,orders-service,422.39,41.17
1789456655.59,research-api-products-service-1,products-service,91.49,17.56
1789456655.59,research-api-inventory-service-1,inventory-service,25.37,12.97
1789456655.59,research-api-users-service-1,users-service,80.08,15.87
1789456655.59,research-api-grafana-1,grafana,0.05,44.39
1789456655.59,research-api-postgres-1,postgres,137.65,172.9
1789456655.59,research-api-prometheus-1,prometheus,0.0,37.57
1789456655.59,research-api-cadvisor-1,cadvisor,1.05,20.03
1789456660.479,research-api-nginx-1,nginx,168.26,20.75
1789456660.479,research-api-orders-service-1,orders-service,182.42,37.06
1789456660.479,research-api-products-service-1,products-service,107.46,17.63
1789456660.479,research-api-inventory-service-1,inventory-service,28.42,12.99
1789456660.479,research-api-users-service-1,users-service,91.09,16.24
1789456660.479,research-api-grafana-1,grafana,0.12,44.39
1789456660.479,research-api-postgres-1,postgres,156.47,173.1
1789456660.479,research-api-prometheus-1,prometheus,0.0,37.57
1789456660.479,research-api-cadvisor-1,cadvisor,0.0,20.03
1789456665.629,research-api-nginx-1,nginx,125.12,23.59
1789456665.629,research-api-orders-service-1,orders-service,414.09,42.58
1789456665.629,research-api-products-service-1,products-service,81.94,18.81
1789456665.629,research-api-inventory-service-1,inventory-service,22.48,12.65
1789456665.629,research-api-users-service-1,users-service,75.29,16.27
1789456665.629,research-api-grafana-1,grafana,0.03,44.39
1789456665.629,research-api-postgres-1,postgres,121.34,175.4
1789456665.629,research-api-prometheus-1,prometheus,0.0,37.57
1789456665.629,research-api-cadvisor-1,cadvisor,0.0,19.49
1789456670.571,research-api-nginx-1,nginx,127.42,23.66
1789456670.571,research-api-orders-service-1,orders-service,434.76,41.4
1789456670.571,research-api-products-service-1,products-service,93.19,17.89
1789456670.571,research-api-inventory-service-1,inventory-service,26.75,12.3
1789456670.571,research-api-users-service-1,users-service,77.74,16.57
1789456670.571,research-api-grafana-1,grafana,0.13,44.39
1789456670.571,research-api-postgres-1,postgres,126.76,174.2
1789456670.571,research-api-prometheus-1,prometheus,0.0,37.58
1789456670.571,research-api-cadvisor-1,cadvisor,0.0,19.49
1789456675.528,research-api-nginx-1,nginx,133.79,21.61
1789456675.528,research-api-orders-service-1,orders-service,368.14,37.46
1789456675.528,research-api-products-service-1,products-service,94.64,18.67
1789456675.528,research-api-inventory-service-1,inventory-service,24.94,12.85
1789456675.528,research-api-users-service-1,users-service,79.99,16.1
1789456675.528,research-api-grafana-1,grafana,0.05,44.39
1789456675.528,research-api-postgres-1,postgres,131.62,174.9
1789456675.528,research-api-prometheus-1,prometheus,0.0,37.58
1789456675.528,research-api-cadvisor-1,cadvisor,0.0,20.12
1789456680.543,research-api-nginx-1,nginx,151.78,23.32
1789456680.543,research-api-orders-service-1,orders-service,294.79,43.52
1789456680.543,research-api-products-service-1,products-service,97.25,19.4
1789456680.543,research-api-inventory-service-1,inventory-service,26.31,13.2
1789456680.543,research-api-users-service-1,users-service,84.57,17.35
1789456680.543,research-api-grafana-1,grafana,0.13,44.39
1789456680.543,research-api-postgres-1,postgres,133.9,175.5
1789456680.543,research-api-prometheus-1,prometheus,0.0,37.58
1789456680.543,research-api-cadvisor-1,cadvisor,0.0,20.12
1789456684.518,research-api-nginx-1,nginx,159.56,23.21
1789456684.518,research-api-orders-service-1,orders-service,240.06,39.39
1789456684.518,research-api-products-service-1,products-service,109.35,19.1
1789456684.518,research-api-inventory-service-1,inventory-service,26.66,13.85
1789456684.518,research-api-users-service-1,users-service,87.54,17.11
1789456684.518,research-api-grafana-1,grafana,0.03,44.39
1789456684.518,research-api-postgres-1,postgres,157.62,176.0
1789456684.518,research-api-prometheus-1,prometheus,0.13,37.59
1789456684.518,research-api-cadvisor-1,cadvisor,1.05,20.39
1789456690.486,research-api-nginx-1,nginx,77.29,25.62
1789456690.486,research-api-orders-service-1,orders-service,784.74,48.0
1789456690.486,research-api-products-service-1,products-service,49.06,17.69
1789456690.486,research-api-inventory-service-1,inventory-service,13.06,12.61
1789456690.486,research-api-users-service-1,users-service,38.93,15.88
1789456690.486,research-api-grafana-1,grafana,0.11,44.39
1789456690.486,research-api-postgres-1,postgres,56.01,175.9
1789456690.486,research-api-prometheus-1,prometheus,0.0,37.58
1789456690.486,research-api-cadvisor-1,cadvisor,0.0,20.39
1789456695.537,research-api-nginx-1,nginx,75.39,25.92
1789456695.537,research-api-orders-service-1,orders-service,783.36,51.18
1789456695.537,research-api-products-service-1,products-service,40.99,17.95
1789456695.537,research-api-inventory-service-1,inventory-service,11.46,13.8
1789456695.537,research-api-users-service-1,users-service,30.43,16.16
1789456695.537,research-api-grafana-1,grafana,0.04,44.39
1789456695.537,research-api-postgres-1,postgres,35.51,176.9
1789456695.537,research-api-prometheus-1,prometheus,0.0,37.59
1789456695.537,research-api-cadvisor-1,cadvisor,0.0,21.05
1789456700.482,research-api-nginx-1,nginx,105.57,19.87
1789456700.482,research-api-orders-service-1,orders-service,420.73,40.23
1789456700.482,research-api-products-service-1,products-service,80.64,19.09
1789456700.482,research-api-inventory-service-1,inventory-service,18.44,13.27
1789456700.482,research-api-users-service-1,users-service,59.37,18.47
1789456700.482,research-api-grafana-1,grafana,0.13,44.39
1789456700.482,research-api-postgres-1,postgres,111.73,177.4
1789456700.482,research-api-prometheus-1,prometheus,0.0,37.59
1789456700.482,research-api-cadvisor-1,cadvisor,0.0,21.06
1789456705.503,research-api-nginx-1,nginx,158.55,23.25
1789456705.503,research-api-orders-service-1,orders-service,235.75,42.78
1789456705.503,research-api-products-service-1,products-service,98.75,19.09
1789456705.503,research-api-inventory-service-1,inventory-service,28.73,12.42
1789456705.503,research-api-users-service-1,users-service,85.98,17.51
1789456705.503,research-api-grafana-1,grafana,0.03,44.39
1789456705.503,research-api-postgres-1,postgres,135.05,177.4
1789456705.503,research-api-prometheus-1,prometheus,0.0,37.59
1789456705.503,research-api-cadvisor-1,cadvisor,0.0,22.05
1789456710.601,research-api-nginx-1,nginx,129.08,23.25
1789456710.601,research-api-orders-service-1,orders-service,455.69,45.41
1789456710.601,research-api-products-service-1,products-service,85.39,18.41
1789456710.601,research-api-inventory-service-1,inventory-service,23.37,12.66
1789456710.601,research-api-users-service-1,users-service,76.92,17.27
1789456710.601,research-api-grafana-1,grafana,0.12,44.39
1789456710.601,research-api-postgres-1,postgres,120.26,178.1
1789456710.601,research-api-prometheus-1,prometheus,0.0,37.59
1789456710.601,research-api-cadvisor-1,cadvisor,0.0,22.05
1789456715.572,research-api-nginx-1,nginx,127.08,23.01
1789456715.572,research-api-orders-service-1,orders-service,443.44,44.31
1789456715.572,research-api-products-service-1,products-service,82.89,17.98
1789456715.572,research-api-inventory-service-1,inventory-service,22.61,13.7
1789456715.572,research-api-users-service-1,users-service,77.39,17.0
1789456715.572,research-api-grafana-1,grafana,0.08,44.41
1789456715.572,research-api-postgres-1,postgres,118.04,178.3
1789456715.572,research-api-prometheus-1,prometheus,0.0,37.59
1789456715.572,research-api-cadvisor-1,cadvisor,0.0,22.23
1789456720.585,research-api-nginx-1,nginx,122.31,21.15
1789456720.585,research-api-orders-service-1,orders-service,375.63,39.53
1789456720.585,research-api-products-service-1,products-service,78.51,18.85
1789456720.585,research-api-inventory-service-1,inventory-service,24.68,13.1
1789456720.585,research-api-users-service-1,users-service,73.87,17.33
1789456720.585,research-api-grafana-1,grafana,0.13,44.41
1789456720.585,research-api-postgres-1,postgres,122.6,179.2
1789456720.585,research-api-prometheus-1,prometheus,0.0,37.59
1789456720.585,research-api-cadvisor-1,cadvisor,0.0,22.23
1789456725.676,research-api-nginx-1,nginx,154.27,21.5
1789456725.676,research-api-orders-service-1,orders-service,510.3,45.49
1789456725.676,research-api-products-service-1,products-service,99.79,19.4
1789456725.676,research-api-inventory-service-1,inventory-service,26.79,13.25
1789456725.676,research-api-users-service-1,users-service,89.62,16.45
1789456725.676,research-api-grafana-1,grafana,0.03,44.41
1789456725.676,research-api-postgres-1,postgres,145.46,178.8
1789456725.676,research-api-prometheus-1,prometheus,0.0,33.57
1789456725.676,research-api-cadvisor-1,cadvisor,0.0,22.55
1789456730.595,research-api-nginx-1,nginx,159.4,20.85
1789456730.595,research-api-orders-service-1,orders-service,240.66,38.81
1789456730.595,research-api-products-service-1,products-service,96.44,18.8
1789456730.595,research-api-inventory-service-1,inventory-service,28.12,13.0
1789456730.595,research-api-users-service-1,users-service,83.52,17.31
1789456730.595,research-api-grafana-1,grafana,0.13,44.41
1789456730.595,research-api-postgres-1,postgres,134.13,180.1
1789456730.595,research-api-prometheus-1,prometheus,0.0,33.57
1789456730.595,research-api-cadvisor-1,cadvisor,0.25,22.8
1789456735.604,research-api-nginx-1,nginx,127.97,23.8
1789456735.604,research-api-orders-service-1,orders-service,230.97,39.13
1789456735.604,research-api-products-service-1,products-service,91.27,17.63
1789456735.604,research-api-inventory-service-1,inventory-service,29.21,13.35
1789456735.604,research-api-users-service-1,users-service,95.86,18.04
1789456735.604,research-api-grafana-1,grafana,0.05,44.41
1789456735.604,research-api-postgres-1,postgres,140.52,180.3
1789456735.604,research-api-prometheus-1,prometheus,0.1,33.58
1789456735.604,research-api-cadvisor-1,cadvisor,0.0,22.61
1789456740.551,research-api-nginx-1,nginx,139.04,23.44
1789456740.551,research-api-orders-service-1,orders-service,403.44,39.79
1789456740.551,research-api-products-service-1,products-service,101.56,19.55
1789456740.551,research-api-inventory-service-1,inventory-service,24.79,13.54
1789456740.551,research-api-users-service-1,users-service,80.62,16.48
1789456740.551,research-api-grafana-1,grafana,0.11,44.41
1789456740.551,research-api-postgres-1,postgres,126.66,181.2
1789456740.551,research-api-prometheus-1,prometheus,0.0,33.58
1789456740.551,research-api-cadvisor-1,cadvisor,0.0,22.61
1789456745.584,research-api-nginx-1,nginx,137.79,21.25
1789456745.584,research-api-orders-service-1,orders-service,303.49,38.48
1789456745.584,research-api-products-service-1,products-service,97.43,18.49
1789456745.584,research-api-inventory-service-1,inventory-service,25.15,14.01
1789456745.584,research-api-users-service-1,users-service,74.19,17.24
1789456745.584,research-api-grafana-1,grafana,0.06,44.41
1789456745.584,research-api-postgres-1,postgres,142.31,181.7
1789456745.584,research-api-prometheus-1,prometheus,0.0,33.58
1789456745.584,research-api-cadvisor-1,cadvisor,0.0,21.31
1789456750.583,research-api-nginx-1,nginx,155.19,23.33
1789456750.583,research-api-orders-service-1,orders-service,267.69,43.01
1789456750.583,research-api-products-service-1,products-service,96.37,18.71
1789456750.583,research-api-inventory-service-1,inventory-service,27.27,13.48
1789456750.583,research-api-users-service-1,users-service,88.37,16.91
1789456750.583,research-api-grafana-1,grafana,0.15,44.41
1789456750.583,research-api-postgres-1,postgres,131.99,181.9
1789456750.583,research-api-prometheus-1,prometheus,0.0,33.59
1789456750.583,research-api-cadvisor-1,cadvisor,0.0,21.31
1789456755.668,research-api-nginx-1,nginx,102.36,25.33
1789456755.668,research-api-orders-service-1,orders-service,598.0,46.38
1789456755.668,research-api-products-service-1,products-service,67.38,19.14
1789456755.668,research-api-inventory-service-1,inventory-service,18.54,12.37
1789456755.668,research-api-users-service-1,users-service,92.41,16.97
1789456755.668,research-api-grafana-1,grafana,0.06,44.41
1789456755.668,research-api-postgres-1,postgres,93.3,182.4
1789456755.668,research-api-prometheus-1,prometheus,0.0,33.59
1789456755.668,research-api-cadvisor-1,cadvisor,0.0,21.31
1789456760.593,research-api-nginx-1,nginx,71.02,25.85
1789456760.593,research-api-orders-service-1,orders-service,785.94,54.07
1789456760.593,research-api-products-service-1,products-service,39.36,17.95
1789456760.593,research-api-inventory-service-1,inventory-service,14.68,13.1
1789456760.593,research-api-users-service-1,users-service,29.34,16.38
1789456760.593,research-api-grafana-1,grafana,0.15,44.41
1789456760.593,research-api-postgres-1,postgres,46.12,182.9
1789456760.593,research-api-prometheus-1,prometheus,0.0,33.6
1789456760.593,research-api-cadvisor-1,cadvisor,0.38,21.31
1789456765.639,research-api-nginx-1,nginx,81.93,23.71
1789456765.639,research-api-orders-service-1,orders-service,612.75,53.7
1789456765.639,research-api-products-service-1,products-service,52.2,18.93
1789456765.639,research-api-inventory-service-1,inventory-service,14.77,13.33
1789456765.639,research-api-users-service-1,users-service,47.73,16.28
1789456765.639,research-api-grafana-1,grafana,0.06,44.41
1789456765.639,research-api-postgres-1,postgres,77.81,183.5
1789456765.639,research-api-prometheus-1,prometheus,0.0,33.6
1789456765.639,research-api-cadvisor-1,cadvisor,0.0,21.31
1789456770.669,research-api-nginx-1,nginx,156.59,20.85
1789456770.669,research-api-orders-service-1,orders-service,165.49,37.98
1789456770.669,research-api-products-service-1,products-service,100.81,18.07
1789456770.669,research-api-inventory-service-1,inventory-service,26.76,13.76
1789456770.669,research-api-users-service-1,users-service,85.54,15.92
1789456770.669,research-api-grafana-1,grafana,0.19,44.41
1789456770.669,research-api-postgres-1,postgres,140.31,183.9
1789456770.669,research-api-prometheus-1,prometheus,0.0,33.6
1789456770.669,research-api-cadvisor-1,cadvisor,0.0,21.31
1789456775.603,research-api-nginx-1,nginx,131.26,20.91
1789456775.603,research-api-orders-service-1,orders-service,132.09,36.9
1789456775.603,research-api-products-service-1,products-service,85.55,16.44
1789456775.603,research-api-inventory-service-1,inventory-service,21.84,14.21
1789456775.603,research-api-users-service-1,users-service,75.13,15.67
1789456775.603,research-api-grafana-1,grafana,0.06,44.41
1789456775.603,research-api-postgres-1,postgres,106.91,183.7
1789456775.603,research-api-prometheus-1,prometheus,0.0,33.6
1789456775.603,research-api-cadvisor-1,cadvisor,0.0,17.45
1789456780.562,research-api-nginx-1,nginx,110.49,20.25
1789456780.562,research-api-orders-service-1,orders-service,112.55,33.71
1789456780.562,research-api-products-service-1,products-service,76.38,17.28
1789456780.562,research-api-inventory-service-1,inventory-service,20.79,13.03
1789456780.562,research-api-users-service-1,users-service,65.89,14.66
1789456780.562,research-api-grafana-1,grafana,0.15,44.41
1789456780.562,research-api-postgres-1,postgres,89.72,184.0
1789456780.562,research-api-prometheus-1,prometheus,0.0,33.6
1789456780.562,research-api-cadvisor-1,cadvisor,0.0,17.45
1789456785.537,research-api-nginx-1,nginx,69.37,20.77
1789456785.537,research-api-orders-service-1,orders-service,76.74,33.86
1789456785.537,research-api-products-service-1,products-service,48.33,16.6
1789456785.537,research-api-inventory-service-1,inventory-service,13.72,14.08
1789456785.537,research-api-users-service-1,users-service,48.54,13.66
1789456785.537,research-api-grafana-1,grafana,0.04,44.41
1789456785.537,research-api-postgres-1,postgres,59.04,184.7
1789456785.537,research-api-prometheus-1,prometheus,0.0,33.61
1789456785.537,research-api-cadvisor-1,cadvisor,0.0,17.45
1789456790.39,research-api-nginx-1,nginx,25.88,20.66
1789456790.39,research-api-orders-service-1,orders-service,34.07,34.1
1789456790.39,research-api-products-service-1,products-service,19.57,17.57
1789456790.39,research-api-inventory-service-1,inventory-service,6.61,13.35
1789456790.39,research-api-users-service-1,users-service,19.3,15.41
1789456790.39,research-api-grafana-1,grafana,0.19,44.41
1789456790.39,research-api-postgres-1,postgres,27.55,184.8
1789456790.39,research-api-prometheus-1,prometheus,0.0,34.24
1789456790.39,research-api-cadvisor-1,cadvisor,0.0,17.45
1789456795.427,research-api-nginx-1,nginx,0.0,16.49
1789456795.427,research-api-orders-service-1,orders-service,0.0,31.08
1789456795.427,research-api-products-service-1,products-service,0.0,16.86
1789456795.427,research-api-inventory-service-1,inventory-service,0.0,13.02
1789456795.427,research-api-users-service-1,users-service,0.03,14.26
1789456795.427,research-api-grafana-1,grafana,0.1,44.66
1789456795.427,research-api-postgres-1,postgres,0.29,184.1
1789456795.427,research-api-prometheus-1,prometheus,0.0,34.25
1789456795.427,research-api-cadvisor-1,cadvisor,0.0,18.2
