timestamp,container,service,cpu_percent,memory_mb
1789599159.767,research-api-nginx-1,nginx,2.39,12.76
1789599159.767,research-api-orders-service-1,orders-service,1.56,6.473
1789599159.767,research-api-products-service-1,products-service,2.47,6.922
1789599159.767,research-api-inventory-service-1,inventory-service,0.97,5.367
1789599159.767,research-api-grafana-1,grafana,0.05,46.4
1789599159.767,research-api-users-service-1,users-service,1.51,6.008
1789599159.767,research-api-postgres-1,postgres,6.25,33.02
1789599159.767,research-api-prometheus-1,prometheus,1.15,28.06
1789599159.767,research-api-cadvisor-1,cadvisor,0.0,15.29
1789599164.772,research-api-nginx-1,nginx,7.78,13.64
1789599164.772,research-api-orders-service-1,orders-service,8.92,8.141
1789599164.772,research-api-products-service-1,products-service,6.42,8.656
1789599164.772,research-api-inventory-service-1,inventory-service,2.16,6.863
1789599164.772,research-api-grafana-1,grafana,0.35,46.41
1789599164.772,research-api-users-service-1,users-service,5.74,6.988
1789599164.772,research-api-postgres-1,postgres,11.53,38.91
1789599164.772,research-api-prometheus-1,prometheus,0.24,28.32
1789599164.772,research-api-cadvisor-1,cadvisor,1.16,15.32
1789599169.751,research-api-nginx-1,nginx,11.94,14.05
1789599169.751,research-api-orders-service-1,orders-service,15.6,9.0
1789599169.751,research-api-products-service-1,products-service,10.89,9.441
1789599169.751,research-api-inventory-service-1,inventory-service,2.38,6.734
1789599169.751,research-api-grafana-1,grafana,0.04,46.41
1789599169.751,research-api-users-service-1,users-service,8.93,8.672
1789599169.751,research-api-postgres-1,postgres,15.15,46.95
1789599169.751,research-api-prometheus-1,prometheus,1.45,29.73
1789599169.751,research-api-cadvisor-1,cadvisor,0.0,15.34
1789599174.777,research-api-nginx-1,nginx,14.58,14.66
1789599174.777,research-api-orders-service-1,orders-service,17.37,9.367
1789599174.777,research-api-products-service-1,products-service,12.22,9.691
1789599174.777,research-api-inventory-service-1,inventory-service,3.89,7.539
1789599174.777,research-api-grafana-1,grafana,0.49,46.42
1789599174.777,research-api-users-service-1,users-service,11.98,9.273
1789599174.777,research-api-postgres-1,postgres,16.15,51.32
1789599174.777,research-api-prometheus-1,prometheus,0.24,30.28
1789599174.777,research-api-cadvisor-1,cadvisor,0.02,16.82
1789599179.755,research-api-nginx-1,nginx,17.85,14.39
1789599179.755,research-api-orders-service-1,orders-service,26.19,10.96
1789599179.755,research-api-products-service-1,products-service,16.48,11.29
1789599179.755,research-api-inventory-service-1,inventory-service,2.84,7.984
1789599179.755,research-api-grafana-1,grafana,0.07,46.42
1789599179.755,research-api-users-service-1,users-service,15.89,9.711
1789599179.755,research-api-postgres-1,postgres,20.07,64.29
1789599179.755,research-api-prometheus-1,prometheus,1.33,31.02
1789599179.755,research-api-cadvisor-1,cadvisor,0.0,16.82
1789599184.727,research-api-nginx-1,nginx,21.52,14.73
1789599184.727,research-api-orders-service-1,orders-service,35.18,10.52
1789599184.727,research-api-products-service-1,products-service,18.27,9.973
1789599184.727,research-api-inventory-service-1,inventory-service,4.17,8.648
1789599184.727,research-api-grafana-1,grafana,0.43,46.42
1789599184.727,research-api-users-service-1,users-service,17.49,10.45
1789599184.727,research-api-postgres-1,postgres,24.85,65.2
1789599184.727,research-api-prometheus-1,prometheus,0.18,31.03
1789599184.727,research-api-cadvisor-1,cadvisor,0.02,17.54
1789599189.767,research-api-nginx-1,nginx,20.08,14.16
1789599189.767,research-api-orders-service-1,orders-service,27.34,12.25
1789599189.767,research-api-products-service-1,products-service,17.75,11.76
1789599189.767,research-api-inventory-service-1,inventory-service,3.47,8.613
1789599189.767,research-api-grafana-1,grafana,0.04,46.42
1789599189.767,research-api-users-service-1,users-service,16.5,9.133
1789599189.767,research-api-postgres-1,postgres,23.2,68.49
1789599189.767,research-api-prometheus-1,prometheus,2.25,31.71
1789599189.767,research-api-cadvisor-1,cadvisor,0.0,17.54
1789599194.75,research-api-nginx-1,nginx,22.29,14.81
1789599194.75,research-api-orders-service-1,orders-service,32.98,12.4
1789599194.75,research-api-products-service-1,products-service,17.79,10.92
1789599194.75,research-api-inventory-service-1,inventory-service,4.25,8.547
1789599194.75,research-api-grafana-1,grafana,2.28,46.48
1789599194.75,research-api-users-service-1,users-service,16.12,10.3
1789599194.75,research-api-postgres-1,postgres,21.29,68.86
1789599194.75,research-api-prometheus-1,prometheus,0.19,31.72
1789599194.75,research-api-cadvisor-1,cadvisor,6.14,16.34
1789599199.748,research-api-nginx-1,nginx,23.29,14.74
1789599199.748,research-api-orders-service-1,orders-service,31.39,12.7
1789599199.748,research-api-products-service-1,products-service,20.0,10.78
1789599199.748,research-api-inventory-service-1,inventory-service,5.34,9.258
1789599199.748,research-api-grafana-1,grafana,0.04,46.48
1789599199.748,research-api-users-service-1,users-service,18.75,9.621
1789599199.748,research-api-postgres-1,postgres,23.54,70.31
1789599199.748,research-api-prometheus-1,prometheus,1.73,35.79
1789599199.748,research-api-cadvisor-1,cadvisor,0.0,16.34
1789599204.738,research-api-nginx-1,nginx,20.87,14.6
1789599204.738,research-api-orders-service-1,orders-service,31.77,13.33
1789599204.738,research-api-products-service-1,products-service,18.76,10.48
1789599204.738,research-api-inventory-service-1,inventory-service,4.6,9.09
1789599204.738,research-api-grafana-1,grafana,0.53,46.49
1789599204.738,research-api-users-service-1,users-service,16.15,10.38
1789599204.738,research-api-postgres-1,postgres,21.67,70.93
1789599204.738,research-api-prometheus-1,prometheus,0.22,35.79
1789599204.738,research-api-cadvisor-1,cadvisor,0.03,16.35
1789599209.76,research-api-nginx-1,nginx,25.55,14.62
1789599209.76,research-api-orders-service-1,orders-service,35.57,13.04
1789599209.76,research-api-products-service-1,products-service,22.69,12.28
1789599209.76,research-api-inventory-service-1,inventory-service,4.81,8.953
1789599209.76,research-api-grafana-1,grafana,0.06,46.49
1789599209.76,research-api-users-service-1,users-service,19.26,11.16
1789599209.76,research-api-postgres-1,postgres,25.01,72.12
1789599209.76,research-api-prometheus-1,prometheus,1.07,36.51
1789599209.76,research-api-cadvisor-1,cadvisor,0.6,16.37
1789599214.762,research-api-nginx-1,nginx,21.36,14.66
1789599214.762,research-api-orders-service-1,orders-service,30.66,13.75
1789599214.762,research-api-products-service-1,products-service,18.72,10.8
1789599214.762,research-api-inventory-service-1,inventory-service,3.98,9.348
1789599214.762,research-api-grafana-1,grafana,0.52,46.52
1789599214.762,research-api-users-service-1,users-service,15.47,10.21
1789599214.762,research-api-postgres-1,postgres,23.42,72.24
1789599214.762,research-api-prometheus-1,prometheus,0.21,36.53
1789599214.762,research-api-cadvisor-1,cadvisor,0.0,17.03
1789599219.768,research-api-nginx-1,nginx,21.69,15.64
1789599219.768,research-api-orders-service-1,orders-service,35.77,13.64
1789599219.768,research-api-products-service-1,products-service,19.88,11.71
1789599219.768,research-api-inventory-service-1,inventory-service,5.33,8.637
1789599219.768,research-api-grafana-1,grafana,0.04,46.52
1789599219.768,research-api-users-service-1,users-service,17.91,10.82
1789599219.768,research-api-postgres-1,postgres,23.58,74.71
1789599219.768,research-api-prometheus-1,prometheus,0.95,37.3
1789599219.768,research-api-cadvisor-1,cadvisor,0.0,17.03
1789599224.79,research-api-nginx-1,nginx,23.89,15.34
1789599224.79,research-api-orders-service-1,orders-service,37.84,13.79
1789599224.79,research-api-products-service-1,products-service,18.46,11.11
1789599224.79,research-api-inventory-service-1,inventory-service,3.84,8.648
1789599224.79,research-api-grafana-1,grafana,0.58,47.06
1789599224.79,research-api-users-service-1,users-service,19.25,9.637
1789599224.79,research-api-postgres-1,postgres,26.95,76.49
1789599224.79,research-api-prometheus-1,prometheus,0.24,37.3
1789599224.79,research-api-cadvisor-1,cadvisor,0.94,17.45
1789599229.764,research-api-nginx-1,nginx,20.72,15.17
1789599229.764,research-api-orders-service-1,orders-service,29.85,14.36
1789599229.764,research-api-products-service-1,products-service,18.29,12.93
1789599229.764,research-api-inventory-service-1,inventory-service,5.35,9.703
1789599229.764,research-api-grafana-1,grafana,0.08,46.55
1789599229.764,research-api-users-service-1,users-service,15.55,11.14
1789599229.764,research-api-postgres-1,postgres,20.61,78.05
1789599229.764,research-api-prometheus-1,prometheus,2.65,37.81
1789599229.764,research-api-cadvisor-1,cadvisor,0.0,17.45
1789599234.794,research-api-nginx-1,nginx,23.55,16.02
1789599234.794,research-api-orders-service-1,orders-service,33.22,14.92
1789599234.794,research-api-products-service-1,products-service,18.03,11.67
1789599234.794,research-api-inventory-service-1,inventory-service,5.66,9.172
1789599234.794,research-api-grafana-1,grafana,0.49,46.63
1789599234.794,research-api-users-service-1,users-service,17.61,11.0
1789599234.794,research-api-postgres-1,postgres,21.51,77.74
1789599234.794,research-api-prometheus-1,prometheus,0.1,37.82
1789599234.794,research-api-cadvisor-1,cadvisor,0.02,17.46
1789599239.781,research-api-nginx-1,nginx,25.03,15.6
1789599239.781,research-api-orders-service-1,orders-service,36.48,14.47
1789599239.781,research-api-products-service-1,products-service,21.04,13.05
1789599239.781,research-api-inventory-service-1,inventory-service,5.57,9.242
1789599239.781,research-api-grafana-1,grafana,0.1,46.63
1789599239.781,research-api-users-service-1,users-service,20.3,10.49
1789599239.781,research-api-postgres-1,postgres,24.87,77.7
1789599239.781,research-api-prometheus-1,prometheus,1.34,37.88
1789599239.781,research-api-cadvisor-1,cadvisor,0.0,17.46
1789599244.78,research-api-nginx-1,nginx,23.5,15.7
1789599244.78,research-api-orders-service-1,orders-service,31.69,13.55
1789599244.78,research-api-products-service-1,products-service,19.79,13.51
1789599244.78,research-api-inventory-service-1,inventory-service,5.01,9.043
1789599244.78,research-api-grafana-1,grafana,0.71,46.89
1789599244.78,research-api-users-service-1,users-service,18.6,10.15
1789599244.78,research-api-postgres-1,postgres,23.08,81.39
1789599244.78,research-api-prometheus-1,prometheus,0.18,37.91
1789599244.78,research-api-cadvisor-1,cadvisor,0.02,17.66
1789599249.792,research-api-nginx-1,nginx,23.15,16.07
1789599249.792,research-api-orders-service-1,orders-service,33.13,14.59
1789599249.792,research-api-products-service-1,products-service,22.41,13.52
1789599249.792,research-api-inventory-service-1,inventory-service,4.94,8.891
1789599249.792,research-api-grafana-1,grafana,0.04,46.89
1789599249.792,research-api-users-service-1,users-service,17.97,12.0
1789599249.792,research-api-postgres-1,postgres,21.89,80.83
1789599249.792,research-api-prometheus-1,prometheus,1.94,37.92
1789599249.792,research-api-cadvisor-1,cadvisor,0.0,17.67
1789599254.787,research-api-nginx-1,nginx,23.51,15.93
1789599254.787,research-api-orders-service-1,orders-service,34.29,13.8
1789599254.787,research-api-products-service-1,products-service,21.81,12.59
1789599254.787,research-api-inventory-service-1,inventory-service,5.84,9.258
1789599254.787,research-api-grafana-1,grafana,4.96,47.52
1789599254.787,research-api-users-service-1,users-service,17.25,10.5
1789599254.787,research-api-postgres-1,postgres,21.79,80.88
1789599254.787,research-api-prometheus-1,prometheus,0.17,37.97
1789599254.787,research-api-cadvisor-1,cadvisor,2.71,18.03
1789599259.793,research-api-nginx-1,nginx,22.59,15.29
1789599259.793,research-api-orders-service-1,orders-service,38.89,14.33
1789599259.793,research-api-products-service-1,products-service,19.85,13.26
1789599259.793,research-api-inventory-service-1,inventory-service,4.56,8.883
1789599259.793,research-api-grafana-1,grafana,0.05,47.52
1789599259.793,research-api-users-service-1,users-service,19.41,10.59
1789599259.793,research-api-postgres-1,postgres,24.16,81.73
1789599259.793,research-api-prometheus-1,prometheus,1.2,38.02
1789599259.793,research-api-cadvisor-1,cadvisor,0.33,18.03
1789599264.794,research-api-nginx-1,nginx,21.45,15.12
1789599264.794,research-api-orders-service-1,orders-service,30.62,15.07
1789599264.794,research-api-products-service-1,products-service,20.98,13.12
1789599264.794,research-api-inventory-service-1,inventory-service,5.02,9.711
1789599264.794,research-api-grafana-1,grafana,0.44,47.52
1789599264.794,research-api-users-service-1,users-service,16.51,11.28
1789599264.794,research-api-postgres-1,postgres,20.91,82.74
1789599264.794,research-api-prometheus-1,prometheus,0.19,38.02
1789599264.794,research-api-cadvisor-1,cadvisor,0.01,17.05
1789599269.795,research-api-nginx-1,nginx,20.82,16.39
1789599269.795,research-api-orders-service-1,orders-service,31.2,13.98
1789599269.795,research-api-products-service-1,products-service,17.16,13.04
1789599269.795,research-api-inventory-service-1,inventory-service,4.38,8.973
1789599269.795,research-api-grafana-1,grafana,0.07,47.52
1789599269.795,research-api-users-service-1,users-service,17.33,11.27
1789599269.795,research-api-postgres-1,postgres,19.1,82.47
1789599269.795,research-api-prometheus-1,prometheus,1.1,38.03
1789599269.795,research-api-cadvisor-1,cadvisor,0.0,17.05
1789599274.784,research-api-nginx-1,nginx,22.73,16.15
1789599274.784,research-api-orders-service-1,orders-service,34.14,13.96
1789599274.784,research-api-products-service-1,products-service,18.43,12.5
1789599274.784,research-api-inventory-service-1,inventory-service,7.09,9.484
1789599274.784,research-api-grafana-1,grafana,0.37,47.53
1789599274.784,research-api-users-service-1,users-service,17.96,11.3
1789599274.784,research-api-postgres-1,postgres,22.02,82.44
1789599274.784,research-api-prometheus-1,prometheus,0.17,38.04
1789599274.784,research-api-cadvisor-1,cadvisor,0.02,17.63
1789599279.787,research-api-nginx-1,nginx,20.86,16.27
1789599279.787,research-api-orders-service-1,orders-service,33.41,14.88
1789599279.787,research-api-products-service-1,products-service,17.29,12.93
1789599279.787,research-api-inventory-service-1,inventory-service,3.38,9.371
1789599279.787,research-api-grafana-1,grafana,0.05,47.53
1789599279.787,research-api-users-service-1,users-service,19.24,11.68
1789599279.787,research-api-postgres-1,postgres,21.88,81.97
1789599279.787,research-api-prometheus-1,prometheus,1.19,38.06
1789599279.787,research-api-cadvisor-1,cadvisor,0.0,17.63
1789599284.79,research-api-nginx-1,nginx,22.94,16.45
1789599284.79,research-api-orders-service-1,orders-service,36.55,14.08
1789599284.79,research-api-products-service-1,products-service,16.98,12.54
1789599284.79,research-api-inventory-service-1,inventory-service,4.94,10.27
1789599284.79,research-api-grafana-1,grafana,0.46,47.54
1789599284.79,research-api-users-service-1,users-service,20.83,11.35
1789599284.79,research-api-postgres-1,postgres,22.16,82.31
1789599284.79,research-api-prometheus-1,prometheus,0.19,38.06
1789599284.79,research-api-cadvisor-1,cadvisor,0.6,17.69
1789599289.781,research-api-nginx-1,nginx,22.17,16.55
1789599289.781,research-api-orders-service-1,orders-service,29.37,14.66
1789599289.781,research-api-products-service-1,products-service,18.23,12.32
1789599289.781,research-api-inventory-service-1,inventory-service,5.05,10.0
1789599289.781,research-api-grafana-1,grafana,0.04,47.54
1789599289.781,research-api-users-service-1,users-service,16.74,11.43
1789599289.781,research-api-postgres-1,postgres,20.34,82.23
1789599289.781,research-api-prometheus-1,prometheus,1.12,38.11
1789599289.781,research-api-cadvisor-1,cadvisor,0.0,17.69
1789599294.779,research-api-nginx-1,nginx,23.6,16.41
1789599294.779,research-api-orders-service-1,orders-service,39.61,15.95
1789599294.779,research-api-products-service-1,products-service,19.32,11.98
1789599294.779,research-api-inventory-service-1,inventory-service,4.85,9.0
1789599294.779,research-api-grafana-1,grafana,0.3,47.56
1789599294.779,research-api-users-service-1,users-service,19.48,12.09
1789599294.779,research-api-postgres-1,postgres,21.19,82.85
1789599294.779,research-api-prometheus-1,prometheus,0.21,38.11
1789599294.779,research-api-cadvisor-1,cadvisor,0.86,18.36
1789599299.779,research-api-nginx-1,nginx,22.68,16.48
1789599299.779,research-api-orders-service-1,orders-service,30.79,14.21
1789599299.779,research-api-products-service-1,products-service,20.07,13.72
1789599299.779,research-api-inventory-service-1,inventory-service,5.57,9.926
1789599299.779,research-api-grafana-1,grafana,0.07,47.56
1789599299.779,research-api-users-service-1,users-service,19.45,11.33
1789599299.779,research-api-postgres-1,postgres,20.48,81.7
1789599299.779,research-api-prometheus-1,prometheus,0.0,38.11
1789599299.779,research-api-cadvisor-1,cadvisor,0.0,18.36
1789599304.766,research-api-nginx-1,nginx,22.5,16.16
1789599304.766,research-api-orders-service-1,orders-service,26.65,15.58
1789599304.766,research-api-products-service-1,products-service,17.57,13.79
1789599304.766,research-api-inventory-service-1,inventory-service,5.85,9.285
1789599304.766,research-api-grafana-1,grafana,0.43,47.58
1789599304.766,research-api-users-service-1,users-service,15.73,10.63
1789599304.766,research-api-postgres-1,postgres,19.53,84.39
1789599304.766,research-api-prometheus-1,prometheus,0.2,38.15
1789599304.766,research-api-cadvisor-1,cadvisor,0.03,18.36
1789599309.761,research-api-nginx-1,nginx,23.68,16.43
1789599309.761,research-api-orders-service-1,orders-service,32.82,14.14
1789599309.761,research-api-products-service-1,products-service,22.05,13.18
1789599309.761,research-api-inventory-service-1,inventory-service,4.47,9.891
1789599309.761,research-api-grafana-1,grafana,0.05,47.58
1789599309.761,research-api-users-service-1,users-service,17.55,11.21
1789599309.761,research-api-postgres-1,postgres,21.33,84.59
1789599309.761,research-api-prometheus-1,prometheus,1.58,38.28
1789599309.761,research-api-cadvisor-1,cadvisor,0.0,18.36
1789599314.757,research-api-nginx-1,nginx,23.23,15.46
1789599314.757,research-api-orders-service-1,orders-service,32.71,13.61
1789599314.757,research-api-products-service-1,products-service,20.24,12.81
1789599314.757,research-api-inventory-service-1,inventory-service,6.38,9.082
1789599314.757,research-api-grafana-1,grafana,0.04,47.58
1789599314.757,research-api-users-service-1,users-service,17.13,10.49
1789599314.757,research-api-postgres-1,postgres,22.13,84.82
1789599314.757,research-api-prometheus-1,prometheus,0.31,38.28
1789599314.757,research-api-cadvisor-1,cadvisor,5.0,17.6
1789599319.756,research-api-nginx-1,nginx,24.11,16.6
1789599319.756,research-api-orders-service-1,orders-service,39.08,14.03
1789599319.756,research-api-products-service-1,products-service,20.36,13.71
1789599319.756,research-api-inventory-service-1,inventory-service,3.34,9.594
1789599319.756,research-api-grafana-1,grafana,0.05,47.68
1789599319.756,research-api-users-service-1,users-service,20.92,11.93
1789599319.756,research-api-postgres-1,postgres,22.58,85.42
1789599319.756,research-api-prometheus-1,prometheus,1.72,38.36
1789599319.756,research-api-cadvisor-1,cadvisor,0.0,17.6
1789599324.758,research-api-nginx-1,nginx,23.38,16.19
1789599324.758,research-api-orders-service-1,orders-service,33.74,14.63
1789599324.758,research-api-products-service-1,products-service,21.1,12.89
1789599324.758,research-api-inventory-service-1,inventory-service,5.42,10.37
1789599324.758,research-api-grafana-1,grafana,0.47,47.69
1789599324.758,research-api-users-service-1,users-service,17.43,10.64
1789599324.758,research-api-postgres-1,postgres,23.41,85.62
1789599324.758,research-api-prometheus-1,prometheus,0.22,38.42
1789599324.758,research-api-cadvisor-1,cadvisor,0.02,18.03
1789599329.75,research-api-nginx-1,nginx,24.52,15.78
1789599329.75,research-api-orders-service-1,orders-service,38.23,15.17
1789599329.75,research-api-products-service-1,products-service,20.08,13.05
1789599329.75,research-api-inventory-service-1,inventory-service,4.88,10.02
1789599329.75,research-api-grafana-1,grafana,0.06,47.69
1789599329.75,research-api-users-service-1,users-service,20.34,11.48
1789599329.75,research-api-postgres-1,postgres,23.54,85.12
1789599329.75,research-api-prometheus-1,prometheus,0.77,38.56
1789599329.75,research-api-cadvisor-1,cadvisor,0.0,18.03
1789599334.775,research-api-nginx-1,nginx,20.82,15.91
1789599334.775,research-api-orders-service-1,orders-service,30.35,14.75
1789599334.775,research-api-products-service-1,products-service,17.75,11.5
1789599334.775,research-api-inventory-service-1,inventory-service,4.94,8.645
1789599334.775,research-api-grafana-1,grafana,0.06,47.69
1789599334.775,research-api-users-service-1,users-service,18.65,12.25
1789599334.775,research-api-postgres-1,postgres,20.26,84.47
1789599334.775,research-api-prometheus-1,prometheus,0.15,38.56
1789599334.775,research-api-cadvisor-1,cadvisor,0.02,17.71
1789599339.801,research-api-nginx-1,nginx,23.31,15.52
1789599339.801,research-api-orders-service-1,orders-service,35.08,14.77
1789599339.801,research-api-products-service-1,products-service,18.51,13.05
1789599339.801,research-api-inventory-service-1,inventory-service,5.04,9.98
1789599339.801,research-api-grafana-1,grafana,0.03,47.69
1789599339.801,research-api-users-service-1,users-service,19.22,11.34
1789599339.801,research-api-postgres-1,postgres,21.41,84.59
1789599339.801,research-api-prometheus-1,prometheus,1.21,38.76
1789599339.801,research-api-cadvisor-1,cadvisor,0.0,17.73
1789599344.77,research-api-nginx-1,nginx,22.02,16.36
1789599344.77,research-api-orders-service-1,orders-service,27.61,15.62
1789599344.77,research-api-products-service-1,products-service,18.18,12.14
1789599344.77,research-api-inventory-service-1,inventory-service,5.79,10.14
1789599344.77,research-api-grafana-1,grafana,0.05,47.7
1789599344.77,research-api-users-service-1,users-service,17.26,11.2
1789599344.77,research-api-postgres-1,postgres,20.03,85.46
1789599344.77,research-api-prometheus-1,prometheus,0.18,38.77
1789599344.77,research-api-cadvisor-1,cadvisor,0.85,17.82
1789599349.772,research-api-nginx-1,nginx,23.34,16.71
1789599349.772,research-api-orders-service-1,orders-service,34.67,15.16
1789599349.772,research-api-products-service-1,products-service,18.38,14.49
1789599349.772,research-api-inventory-service-1,inventory-service,4.94,9.684
1789599349.772,research-api-grafana-1,grafana,0.04,47.71
1789599349.772,research-api-users-service-1,users-service,18.16,10.89
1789599349.772,research-api-postgres-1,postgres,20.13,85.84
1789599349.772,research-api-prometheus-1,prometheus,2.87,38.34
1789599349.772,research-api-cadvisor-1,cadvisor,0.44,17.82
1789599354.784,research-api-nginx-1,nginx,23.17,16.91
1789599354.784,research-api-orders-service-1,orders-service,31.85,14.48
1789599354.784,research-api-products-service-1,products-service,20.02,13.09
1789599354.784,research-api-inventory-service-1,inventory-service,5.5,9.297
1789599354.784,research-api-grafana-1,grafana,0.72,47.71
1789599354.784,research-api-users-service-1,users-service,18.57,11.86
1789599354.784,research-api-postgres-1,postgres,20.99,85.71
1789599354.784,research-api-prometheus-1,prometheus,0.23,38.35
1789599354.784,research-api-cadvisor-1,cadvisor,0.02,17.82
1789599359.779,research-api-nginx-1,nginx,23.62,16.02
1789599359.779,research-api-orders-service-1,orders-service,36.49,14.72
1789599359.779,research-api-products-service-1,products-service,19.43,13.53
1789599359.779,research-api-inventory-service-1,inventory-service,4.89,9.582
1789599359.779,research-api-grafana-1,grafana,0.09,47.71
1789599359.779,research-api-users-service-1,users-service,20.08,11.23
1789599359.779,research-api-postgres-1,postgres,22.74,92.81
1789599359.779,research-api-prometheus-1,prometheus,1.44,38.36
1789599359.779,research-api-cadvisor-1,cadvisor,0.0,17.82
1789599364.763,research-api-nginx-1,nginx,20.06,16.16
1789599364.763,research-api-orders-service-1,orders-service,30.66,14.74
1789599364.763,research-api-products-service-1,products-service,17.91,12.18
1789599364.763,research-api-inventory-service-1,inventory-service,3.91,9.672
1789599364.763,research-api-grafana-1,grafana,0.62,47.73
1789599364.763,research-api-users-service-1,users-service,17.33,11.45
1789599364.763,research-api-postgres-1,postgres,20.52,92.18
1789599364.763,research-api-prometheus-1,prometheus,0.19,38.36
1789599364.763,research-api-cadvisor-1,cadvisor,0.02,18.28
1789599369.765,research-api-nginx-1,nginx,21.64,15.05
1789599369.765,research-api-orders-service-1,orders-service,25.32,14.87
1789599369.765,research-api-products-service-1,products-service,18.65,14.3
1789599369.765,research-api-inventory-service-1,inventory-service,5.43,10.02
1789599369.765,research-api-grafana-1,grafana,0.04,47.73
1789599369.765,research-api-users-service-1,users-service,15.78,11.72
1789599369.765,research-api-postgres-1,postgres,18.3,92.5
1789599369.765,research-api-prometheus-1,prometheus,1.21,38.36
1789599369.765,research-api-cadvisor-1,cadvisor,0.0,18.29
1789599374.76,research-api-nginx-1,nginx,22.99,16.41
1789599374.76,research-api-orders-service-1,orders-service,33.3,14.96
1789599374.76,research-api-products-service-1,products-service,19.09,14.46
1789599374.76,research-api-inventory-service-1,inventory-service,4.89,10.2
1789599374.76,research-api-grafana-1,grafana,0.03,47.73
1789599374.76,research-api-users-service-1,users-service,17.9,11.88
1789599374.76,research-api-postgres-1,postgres,19.53,96.94
1789599374.76,research-api-prometheus-1,prometheus,0.2,38.39
1789599374.76,research-api-cadvisor-1,cadvisor,2.35,19.01
1789599379.756,research-api-nginx-1,nginx,20.35,16.86
1789599379.756,research-api-orders-service-1,orders-service,25.34,15.06
1789599379.756,research-api-products-service-1,products-service,17.34,14.59
1789599379.756,research-api-inventory-service-1,inventory-service,4.71,10.61
1789599379.756,research-api-grafana-1,grafana,0.04,43.46
1789599379.756,research-api-users-service-1,users-service,14.03,11.79
1789599379.756,research-api-postgres-1,postgres,17.95,97.74
1789599379.756,research-api-prometheus-1,prometheus,0.0,38.39
1789599379.756,research-api-cadvisor-1,cadvisor,0.0,19.01
1789599384.758,research-api-nginx-1,nginx,23.24,16.19
1789599384.758,research-api-orders-service-1,orders-service,35.85,15.86
1789599384.758,research-api-products-service-1,products-service,19.62,15.43
1789599384.758,research-api-inventory-service-1,inventory-service,5.03,9.812
1789599384.758,research-api-grafana-1,grafana,0.52,43.46
1789599384.758,research-api-users-service-1,users-service,18.4,11.28
1789599384.758,research-api-postgres-1,postgres,20.94,97.58
1789599384.758,research-api-prometheus-1,prometheus,0.18,38.4
1789599384.758,research-api-cadvisor-1,cadvisor,0.02,17.05
1789599389.754,research-api-nginx-1,nginx,21.33,16.14
1789599389.754,research-api-orders-service-1,orders-service,31.3,16.27
1789599389.754,research-api-products-service-1,products-service,18.48,14.5
1789599389.754,research-api-inventory-service-1,inventory-service,4.4,9.352
1789599389.754,research-api-grafana-1,grafana,0.05,43.46
1789599389.754,research-api-users-service-1,users-service,19.4,12.44
1789599389.754,research-api-postgres-1,postgres,21.42,96.91
1789599389.754,research-api-prometheus-1,prometheus,1.21,39.05
1789599389.754,research-api-cadvisor-1,cadvisor,0.0,17.05
1789599394.77,research-api-nginx-1,nginx,27.55,15.48
1789599394.77,research-api-orders-service-1,orders-service,38.87,15.19
1789599394.77,research-api-products-service-1,products-service,24.15,15.11
1789599394.77,research-api-inventory-service-1,inventory-service,6.7,9.539
1789599394.77,research-api-grafana-1,grafana,0.05,43.46
1789599394.77,research-api-users-service-1,users-service,18.91,11.57
1789599394.77,research-api-postgres-1,postgres,26.25,97.06
1789599394.77,research-api-prometheus-1,prometheus,0.26,39.07
1789599394.77,research-api-cadvisor-1,cadvisor,0.01,17.81
1789599399.768,research-api-nginx-1,nginx,26.04,16.22
1789599399.768,research-api-orders-service-1,orders-service,34.18,14.92
1789599399.768,research-api-products-service-1,products-service,23.62,15.19
1789599399.768,research-api-inventory-service-1,inventory-service,5.3,9.637
1789599399.768,research-api-grafana-1,grafana,0.03,43.46
1789599399.768,research-api-users-service-1,users-service,20.48,11.71
1789599399.768,research-api-postgres-1,postgres,23.37,97.28
1789599399.768,research-api-prometheus-1,prometheus,1.83,39.07
1789599399.768,research-api-cadvisor-1,cadvisor,0.0,17.81
1789599404.771,research-api-nginx-1,nginx,25.96,16.17
1789599404.771,research-api-orders-service-1,orders-service,35.22,15.64
1789599404.771,research-api-products-service-1,products-service,20.74,14.72
1789599404.771,research-api-inventory-service-1,inventory-service,4.66,9.406
1789599404.771,research-api-grafana-1,grafana,0.35,43.46
1789599404.771,research-api-users-service-1,users-service,19.43,11.93
1789599404.771,research-api-postgres-1,postgres,23.24,96.59
1789599404.771,research-api-prometheus-1,prometheus,0.19,39.07
1789599404.771,research-api-cadvisor-1,cadvisor,0.86,18.09
1789599409.762,research-api-nginx-1,nginx,23.14,15.41
1789599409.762,research-api-orders-service-1,orders-service,32.52,15.89
1789599409.762,research-api-products-service-1,products-service,19.72,14.71
1789599409.762,research-api-inventory-service-1,inventory-service,5.25,9.508
1789599409.762,research-api-grafana-1,grafana,0.04,43.46
1789599409.762,research-api-users-service-1,users-service,18.6,10.79
1789599409.762,research-api-postgres-1,postgres,21.96,96.91
1789599409.762,research-api-prometheus-1,prometheus,1.18,39.75
1789599409.762,research-api-cadvisor-1,cadvisor,0.51,18.09
1789599414.781,research-api-nginx-1,nginx,23.23,15.02
1789599414.781,research-api-orders-service-1,orders-service,29.43,15.01
1789599414.781,research-api-products-service-1,products-service,19.06,14.6
1789599414.781,research-api-inventory-service-1,inventory-service,6.4,9.539
1789599414.781,research-api-grafana-1,grafana,0.57,43.46
1789599414.781,research-api-users-service-1,users-service,17.2,11.27
1789599414.781,research-api-postgres-1,postgres,21.06,97.05
1789599414.781,research-api-prometheus-1,prometheus,0.19,39.75
1789599414.781,research-api-cadvisor-1,cadvisor,0.02,18.77
1789599419.821,research-api-nginx-1,nginx,25.42,16.27
1789599419.821,research-api-orders-service-1,orders-service,32.23,15.98
1789599419.821,research-api-products-service-1,products-service,20.55,14.84
1789599419.821,research-api-inventory-service-1,inventory-service,6.0,9.875
1789599419.821,research-api-grafana-1,grafana,0.07,43.46
1789599419.821,research-api-users-service-1,users-service,18.56,11.72
1789599419.821,research-api-postgres-1,postgres,22.85,97.16
1789599419.821,research-api-prometheus-1,prometheus,1.29,40.44
1789599419.821,research-api-cadvisor-1,cadvisor,0.0,18.77
1789599424.806,research-api-nginx-1,nginx,21.18,15.48
1789599424.806,research-api-orders-service-1,orders-service,30.78,14.84
1789599424.806,research-api-products-service-1,products-service,18.07,14.55
1789599424.806,research-api-inventory-service-1,inventory-service,5.23,10.14
1789599424.806,research-api-grafana-1,grafana,0.43,43.47
1789599424.806,research-api-users-service-1,users-service,16.25,12.29
1789599424.806,research-api-postgres-1,postgres,20.07,96.94
1789599424.806,research-api-prometheus-1,prometheus,0.24,40.44
1789599424.806,research-api-cadvisor-1,cadvisor,0.03,18.85
1789599429.789,research-api-nginx-1,nginx,21.98,16.71
1789599429.789,research-api-orders-service-1,orders-service,33.8,16.69
1789599429.789,research-api-products-service-1,products-service,21.6,15.14
1789599429.789,research-api-inventory-service-1,inventory-service,4.75,9.996
1789599429.789,research-api-grafana-1,grafana,0.07,43.47
1789599429.789,research-api-users-service-1,users-service,15.96,11.97
1789599429.789,research-api-postgres-1,postgres,21.94,97.62
1789599429.789,research-api-prometheus-1,prometheus,1.02,40.46
1789599429.789,research-api-cadvisor-1,cadvisor,0.0,18.85
1789599434.803,research-api-nginx-1,nginx,22.17,17.03
1789599434.803,research-api-orders-service-1,orders-service,28.29,15.82
1789599434.803,research-api-products-service-1,products-service,17.78,14.04
1789599434.803,research-api-inventory-service-1,inventory-service,5.17,9.918
1789599434.803,research-api-grafana-1,grafana,1.37,43.49
1789599434.803,research-api-users-service-1,users-service,17.4,11.79
1789599434.803,research-api-postgres-1,postgres,19.99,98.43
1789599434.803,research-api-prometheus-1,prometheus,0.17,40.46
1789599434.803,research-api-cadvisor-1,cadvisor,4.95,19.0
1789599439.788,research-api-nginx-1,nginx,21.75,15.6
1789599439.788,research-api-orders-service-1,orders-service,35.65,15.04
1789599439.788,research-api-products-service-1,products-service,18.9,14.79
1789599439.788,research-api-inventory-service-1,inventory-service,4.18,10.0
1789599439.788,research-api-grafana-1,grafana,0.04,43.49
1789599439.788,research-api-users-service-1,users-service,17.79,11.58
1789599439.788,research-api-postgres-1,postgres,22.78,97.45
1789599439.788,research-api-prometheus-1,prometheus,1.53,40.48
1789599439.788,research-api-cadvisor-1,cadvisor,0.0,19.0
1789599444.788,research-api-nginx-1,nginx,21.47,16.27
1789599444.788,research-api-orders-service-1,orders-service,29.05,15.09
1789599444.788,research-api-products-service-1,products-service,19.24,14.45
1789599444.788,research-api-inventory-service-1,inventory-service,5.93,9.934
1789599444.788,research-api-grafana-1,grafana,0.37,43.49
1789599444.788,research-api-users-service-1,users-service,17.19,12.74
1789599444.788,research-api-postgres-1,postgres,20.02,98.21
1789599444.788,research-api-prometheus-1,prometheus,0.2,40.71
1789599444.788,research-api-cadvisor-1,cadvisor,0.01,18.4
1789599449.791,research-api-nginx-1,nginx,21.34,15.9
1789599449.791,research-api-orders-service-1,orders-service,31.59,15.23
1789599449.791,research-api-products-service-1,products-service,18.69,14.46
1789599449.791,research-api-inventory-service-1,inventory-service,5.6,10.7
1789599449.791,research-api-grafana-1,grafana,0.11,43.49
1789599449.791,research-api-users-service-1,users-service,17.59,10.67
1789599449.791,research-api-postgres-1,postgres,21.63,98.26
1789599449.791,research-api-prometheus-1,prometheus,1.1,40.91
1789599449.791,research-api-cadvisor-1,cadvisor,0.0,18.4
1789599454.784,research-api-nginx-1,nginx,23.71,16.64
1789599454.784,research-api-orders-service-1,orders-service,32.73,15.64
1789599454.784,research-api-products-service-1,products-service,19.52,13.84
1789599454.784,research-api-inventory-service-1,inventory-service,5.73,10.96
1789599454.784,research-api-grafana-1,grafana,0.29,43.5
1789599454.784,research-api-users-service-1,users-service,18.82,10.77
1789599454.784,research-api-postgres-1,postgres,21.72,100.5
1789599454.784,research-api-prometheus-1,prometheus,0.17,40.91
1789599454.784,research-api-cadvisor-1,cadvisor,0.02,18.44
1789599459.803,research-api-nginx-1,nginx,21.7,15.84
1789599459.803,research-api-orders-service-1,orders-service,38.33,16.2
1789599459.803,research-api-products-service-1,products-service,19.28,15.06
1789599459.803,research-api-inventory-service-1,inventory-service,4.14,9.809
1789599459.803,research-api-grafana-1,grafana,0.03,43.5
1789599459.803,research-api-users-service-1,users-service,19.64,11.91
1789599459.803,research-api-postgres-1,postgres,23.05,99.71
1789599459.803,research-api-prometheus-1,prometheus,1.3,41.18
1789599459.803,research-api-cadvisor-1,cadvisor,0.0,18.44
1789599464.781,research-api-nginx-1,nginx,27.3,15.72
1789599464.781,research-api-orders-service-1,orders-service,37.36,16.2
1789599464.781,research-api-products-service-1,products-service,20.05,12.89
1789599464.781,research-api-inventory-service-1,inventory-service,6.97,10.05
1789599464.781,research-api-grafana-1,grafana,0.47,43.5
1789599464.781,research-api-users-service-1,users-service,21.7,12.09
1789599464.781,research-api-postgres-1,postgres,24.79,99.53
1789599464.781,research-api-prometheus-1,prometheus,0.2,41.21
1789599464.781,research-api-cadvisor-1,cadvisor,0.66,18.68
1789599469.782,research-api-nginx-1,nginx,21.94,15.47
1789599469.782,research-api-orders-service-1,orders-service,30.39,15.79
1789599469.782,research-api-products-service-1,products-service,19.22,14.98
1789599469.782,research-api-inventory-service-1,inventory-service,4.64,9.836
1789599469.782,research-api-grafana-1,grafana,0.04,43.5
1789599469.782,research-api-users-service-1,users-service,16.86,11.9
1789599469.782,research-api-postgres-1,postgres,19.38,99.74
1789599469.782,research-api-prometheus-1,prometheus,3.11,41.69
1789599469.782,research-api-cadvisor-1,cadvisor,0.0,18.68
1789599474.837,research-api-nginx-1,nginx,26.36,15.67
1789599474.837,research-api-orders-service-1,orders-service,34.33,15.22
1789599474.837,research-api-products-service-1,products-service,19.86,13.91
1789599474.837,research-api-inventory-service-1,inventory-service,6.88,9.137
1789599474.837,research-api-grafana-1,grafana,0.42,43.5
1789599474.837,research-api-users-service-1,users-service,20.13,12.32
1789599474.837,research-api-postgres-1,postgres,23.61,99.89
1789599474.837,research-api-prometheus-1,prometheus,0.23,41.75
1789599474.837,research-api-cadvisor-1,cadvisor,0.01,19.33
1789599479.788,research-api-nginx-1,nginx,25.74,15.83
1789599479.788,research-api-orders-service-1,orders-service,40.15,15.78
1789599479.788,research-api-products-service-1,products-service,20.81,14.22
1789599479.788,research-api-inventory-service-1,inventory-service,4.94,9.527
1789599479.788,research-api-grafana-1,grafana,0.07,43.5
1789599479.788,research-api-users-service-1,users-service,16.28,10.91
1789599479.788,research-api-postgres-1,postgres,25.64,100.4
1789599479.788,research-api-prometheus-1,prometheus,0.91,41.77
1789599479.788,research-api-cadvisor-1,cadvisor,0.0,19.33
1789599484.802,research-api-nginx-1,nginx,23.03,16.16
1789599484.802,research-api-orders-service-1,orders-service,33.86,15.35
1789599484.802,research-api-products-service-1,products-service,18.73,14.08
1789599484.802,research-api-inventory-service-1,inventory-service,5.18,10.36
1789599484.802,research-api-grafana-1,grafana,0.55,43.5
1789599484.802,research-api-users-service-1,users-service,17.69,11.52
1789599484.802,research-api-postgres-1,postgres,22.06,99.69
1789599484.802,research-api-prometheus-1,prometheus,0.33,41.77
1789599484.802,research-api-cadvisor-1,cadvisor,0.23,18.5
1789599489.816,research-api-nginx-1,nginx,23.69,16.41
1789599489.816,research-api-orders-service-1,orders-service,32.82,15.14
1789599489.816,research-api-products-service-1,products-service,23.47,14.85
1789599489.816,research-api-inventory-service-1,inventory-service,5.63,9.887
1789599489.816,research-api-grafana-1,grafana,0.05,43.5
1789599489.816,research-api-users-service-1,users-service,18.35,12.0
1789599489.816,research-api-postgres-1,postgres,22.65,100.6
1789599489.816,research-api-prometheus-1,prometheus,0.0,41.77
1789599489.816,research-api-cadvisor-1,cadvisor,0.0,18.5
1789599494.796,research-api-nginx-1,nginx,35.19,16.21
1789599494.796,research-api-orders-service-1,orders-service,48.18,14.68
1789599494.796,research-api-products-service-1,products-service,28.22,13.89
1789599494.796,research-api-inventory-service-1,inventory-service,8.62,9.559
1789599494.796,research-api-grafana-1,grafana,4.99,43.55
1789599494.796,research-api-users-service-1,users-service,26.17,11.74
1789599494.796,research-api-postgres-1,postgres,31.63,100.2
1789599494.796,research-api-prometheus-1,prometheus,0.15,41.77
1789599494.796,research-api-cadvisor-1,cadvisor,2.78,19.0
1789599499.765,research-api-nginx-1,nginx,43.22,16.95
1789599499.765,research-api-orders-service-1,orders-service,57.66,14.94
1789599499.765,research-api-products-service-1,products-service,35.39,13.84
1789599499.765,research-api-inventory-service-1,inventory-service,9.2,8.559
1789599499.765,research-api-grafana-1,grafana,0.05,43.55
1789599499.765,research-api-users-service-1,users-service,32.93,11.38
1789599499.765,research-api-postgres-1,postgres,42.07,100.4
1789599499.765,research-api-prometheus-1,prometheus,1.21,41.81
1789599499.765,research-api-cadvisor-1,cadvisor,0.3,19.01
1789599504.8,research-api-nginx-1,nginx,48.75,17.49
1789599504.8,research-api-orders-service-1,orders-service,61.76,15.7
1789599504.8,research-api-products-service-1,products-service,36.23,12.91
1789599504.8,research-api-inventory-service-1,inventory-service,12.14,10.23
1789599504.8,research-api-grafana-1,grafana,0.45,43.55
1789599504.8,research-api-users-service-1,users-service,36.63,10.93
1789599504.8,research-api-postgres-1,postgres,46.62,101.6
1789599504.8,research-api-prometheus-1,prometheus,0.22,41.81
1789599504.8,research-api-cadvisor-1,cadvisor,0.01,18.37
1789599509.781,research-api-nginx-1,nginx,55.21,17.14
1789599509.781,research-api-orders-service-1,orders-service,62.78,16.3
1789599509.781,research-api-products-service-1,products-service,42.53,15.18
1789599509.781,research-api-inventory-service-1,inventory-service,10.25,9.137
1789599509.781,research-api-grafana-1,grafana,0.06,43.55
1789599509.781,research-api-users-service-1,users-service,40.27,11.8
1789599509.781,research-api-postgres-1,postgres,51.52,100.9
1789599509.781,research-api-prometheus-1,prometheus,0.8,41.84
1789599509.781,research-api-cadvisor-1,cadvisor,0.0,18.37
1789599514.785,research-api-nginx-1,nginx,59.9,17.58
1789599514.785,research-api-orders-service-1,orders-service,78.72,16.89
1789599514.785,research-api-products-service-1,products-service,47.15,14.38
1789599514.785,research-api-inventory-service-1,inventory-service,12.27,10.05
1789599514.785,research-api-grafana-1,grafana,0.23,43.55
1789599514.785,research-api-users-service-1,users-service,42.52,11.98
1789599514.785,research-api-postgres-1,postgres,59.52,100.6
1789599514.785,research-api-prometheus-1,prometheus,0.13,41.83
1789599514.785,research-api-cadvisor-1,cadvisor,0.01,18.38
1789599519.777,research-api-nginx-1,nginx,65.83,18.01
1789599519.777,research-api-orders-service-1,orders-service,91.65,17.76
1789599519.777,research-api-products-service-1,products-service,51.89,14.48
1789599519.777,research-api-inventory-service-1,inventory-service,12.55,9.449
1789599519.777,research-api-grafana-1,grafana,0.04,43.55
1789599519.777,research-api-users-service-1,users-service,47.36,12.99
1789599519.777,research-api-postgres-1,postgres,63.04,102.2
1789599519.777,research-api-prometheus-1,prometheus,0.8,41.86
1789599519.777,research-api-cadvisor-1,cadvisor,0.0,18.38
1789599524.784,research-api-nginx-1,nginx,66.25,18.21
1789599524.784,research-api-orders-service-1,orders-service,86.4,17.84
1789599524.784,research-api-products-service-1,products-service,48.73,14.89
1789599524.784,research-api-inventory-service-1,inventory-service,14.21,10.98
1789599524.784,research-api-grafana-1,grafana,0.41,43.55
1789599524.784,research-api-users-service-1,users-service,48.55,11.9
1789599524.784,research-api-postgres-1,postgres,63.12,102.4
1789599524.784,research-api-prometheus-1,prometheus,0.12,41.86
1789599524.784,research-api-cadvisor-1,cadvisor,0.69,19.02
1789599529.797,research-api-nginx-1,nginx,65.3,17.78
1789599529.797,research-api-orders-service-1,orders-service,80.64,17.48
1789599529.797,research-api-products-service-1,products-service,47.67,15.97
1789599529.797,research-api-inventory-service-1,inventory-service,13.58,9.809
1789599529.797,research-api-grafana-1,grafana,0.04,43.55
1789599529.797,research-api-users-service-1,users-service,45.28,11.83
1789599529.797,research-api-postgres-1,postgres,60.82,102.5
1789599529.797,research-api-prometheus-1,prometheus,0.62,41.86
1789599529.797,research-api-cadvisor-1,cadvisor,0.0,19.02
1789599534.781,research-api-nginx-1,nginx,63.14,18.22
1789599534.781,research-api-orders-service-1,orders-service,84.84,17.79
1789599534.781,research-api-products-service-1,products-service,44.81,14.24
1789599534.781,research-api-inventory-service-1,inventory-service,13.11,10.09
1789599534.781,research-api-grafana-1,grafana,0.26,43.55
1789599534.781,research-api-users-service-1,users-service,46.55,11.66
1789599534.781,research-api-postgres-1,postgres,61.91,102.6
1789599534.781,research-api-prometheus-1,prometheus,0.12,41.86
1789599534.781,research-api-cadvisor-1,cadvisor,0.01,19.71
1789599539.793,research-api-nginx-1,nginx,68.09,17.68
1789599539.793,research-api-orders-service-1,orders-service,85.91,17.91
1789599539.793,research-api-products-service-1,products-service,48.21,16.32
1789599539.793,research-api-inventory-service-1,inventory-service,15.36,10.51
1789599539.793,research-api-grafana-1,grafana,0.07,43.55
1789599539.793,research-api-users-service-1,users-service,45.76,12.43
1789599539.793,research-api-postgres-1,postgres,62.65,104.6
1789599539.793,research-api-prometheus-1,prometheus,0.68,41.86
1789599539.793,research-api-cadvisor-1,cadvisor,0.0,19.71
1789599544.855,research-api-nginx-1,nginx,96.06,18.73
1789599544.855,research-api-orders-service-1,orders-service,112.6,18.68
1789599544.855,research-api-products-service-1,products-service,69.29,14.65
1789599544.855,research-api-inventory-service-1,inventory-service,18.94,10.3
1789599544.855,research-api-grafana-1,grafana,0.34,43.55
1789599544.855,research-api-users-service-1,users-service,59.75,11.61
1789599544.855,research-api-postgres-1,postgres,83.78,106.8
1789599544.855,research-api-prometheus-1,prometheus,0.18,41.87
1789599544.855,research-api-cadvisor-1,cadvisor,0.02,20.27
1789599549.876,research-api-nginx-1,nginx,96.1,19.41
1789599549.876,research-api-orders-service-1,orders-service,263.11,19.41
1789599549.876,research-api-products-service-1,products-service,65.73,14.75
1789599549.876,research-api-inventory-service-1,inventory-service,18.69,10.21
1789599549.876,research-api-grafana-1,grafana,0.04,43.55
1789599549.876,research-api-users-service-1,users-service,58.38,11.7
1789599549.876,research-api-postgres-1,postgres,80.05,109.1
1789599549.876,research-api-prometheus-1,prometheus,1.46,41.86
1789599549.876,research-api-cadvisor-1,cadvisor,0.0,20.27
1789599554.884,research-api-nginx-1,nginx,92.23,18.32
1789599554.884,research-api-orders-service-1,orders-service,233.72,19.2
1789599554.884,research-api-products-service-1,products-service,63.42,14.75
1789599554.884,research-api-inventory-service-1,inventory-service,19.28,10.55
1789599554.884,research-api-grafana-1,grafana,1.12,43.56
1789599554.884,research-api-users-service-1,users-service,59.63,13.29
1789599554.884,research-api-postgres-1,postgres,79.11,108.4
1789599554.884,research-api-prometheus-1,prometheus,0.23,41.9
1789599554.884,research-api-cadvisor-1,cadvisor,3.42,20.06
1789599559.899,research-api-nginx-1,nginx,90.94,19.87
1789599559.899,research-api-orders-service-1,orders-service,106.56,19.62
1789599559.899,research-api-products-service-1,products-service,65.08,16.78
1789599559.899,research-api-inventory-service-1,inventory-service,15.43,10.45
1789599559.899,research-api-grafana-1,grafana,0.05,43.56
1789599559.899,research-api-users-service-1,users-service,62.58,12.3
1789599559.899,research-api-postgres-1,postgres,82.66,111.8
1789599559.899,research-api-prometheus-1,prometheus,1.08,41.9
1789599559.899,research-api-cadvisor-1,cadvisor,0.0,20.06
1789599564.924,research-api-nginx-1,nginx,86.29,20.14
1789599564.924,research-api-orders-service-1,orders-service,107.7,20.34
1789599564.924,research-api-products-service-1,products-service,61.6,15.09
1789599564.924,research-api-inventory-service-1,inventory-service,17.78,11.08
1789599564.924,research-api-grafana-1,grafana,0.44,43.56
1789599564.924,research-api-users-service-1,users-service,59.76,12.36
1789599564.924,research-api-postgres-1,postgres,81.49,111.9
1789599564.924,research-api-prometheus-1,prometheus,0.24,41.9
1789599564.924,research-api-cadvisor-1,cadvisor,0.02,20.07
1789599569.857,research-api-nginx-1,nginx,89.0,19.7
1789599569.857,research-api-orders-service-1,orders-service,124.95,20.86
1789599569.857,research-api-products-service-1,products-service,61.69,15.65
1789599569.857,research-api-inventory-service-1,inventory-service,17.0,9.691
1789599569.857,research-api-grafana-1,grafana,0.06,43.56
1789599569.857,research-api-users-service-1,users-service,59.2,12.32
1789599569.857,research-api-postgres-1,postgres,77.77,112.0
1789599569.857,research-api-prometheus-1,prometheus,1.08,41.91
1789599569.857,research-api-cadvisor-1,cadvisor,0.0,20.07
1789599574.863,research-api-nginx-1,nginx,88.07,20.17
1789599574.863,research-api-orders-service-1,orders-service,200.41,21.64
1789599574.863,research-api-products-service-1,products-service,59.75,14.51
1789599574.863,research-api-inventory-service-1,inventory-service,17.78,11.02
1789599574.863,research-api-grafana-1,grafana,0.36,43.56
1789599574.863,research-api-users-service-1,users-service,62.0,12.1
1789599574.863,research-api-postgres-1,postgres,79.64,112.3
1789599574.863,research-api-prometheus-1,prometheus,0.3,41.91
1789599574.863,research-api-cadvisor-1,cadvisor,0.29,20.08
1789599579.874,research-api-nginx-1,nginx,91.94,19.6
1789599579.874,research-api-orders-service-1,orders-service,169.18,20.22
1789599579.874,research-api-products-service-1,products-service,65.74,15.58
1789599579.874,research-api-inventory-service-1,inventory-service,18.14,9.863
1789599579.874,research-api-grafana-1,grafana,0.04,43.56
1789599579.874,research-api-users-service-1,users-service,58.25,11.98
1789599579.874,research-api-postgres-1,postgres,76.74,112.3
1789599579.874,research-api-prometheus-1,prometheus,1.43,41.91
1789599579.874,research-api-cadvisor-1,cadvisor,0.0,20.08
1789599584.854,research-api-nginx-1,nginx,86.54,19.94
1789599584.854,research-api-orders-service-1,orders-service,101.54,19.86
1789599584.854,research-api-products-service-1,products-service,62.02,14.38
1789599584.854,research-api-inventory-service-1,inventory-service,16.62,10.97
1789599584.854,research-api-grafana-1,grafana,0.4,43.56
1789599584.854,research-api-users-service-1,users-service,58.95,13.03
1789599584.854,research-api-postgres-1,postgres,74.17,112.6
1789599584.854,research-api-prometheus-1,prometheus,0.1,42.14
1789599584.854,research-api-cadvisor-1,cadvisor,0.65,20.09
1789599589.873,research-api-nginx-1,nginx,88.76,20.36
1789599589.873,research-api-orders-service-1,orders-service,108.28,20.63
1789599589.873,research-api-products-service-1,products-service,61.95,15.23
1789599589.873,research-api-inventory-service-1,inventory-service,16.14,9.891
1789599589.873,research-api-grafana-1,grafana,0.04,43.55
1789599589.873,research-api-users-service-1,users-service,59.93,12.32
1789599589.873,research-api-postgres-1,postgres,76.32,112.8
1789599589.873,research-api-prometheus-1,prometheus,0.85,42.15
1789599589.873,research-api-cadvisor-1,cadvisor,0.0,20.09
1789599594.86,research-api-nginx-1,nginx,84.25,20.28
1789599594.86,research-api-orders-service-1,orders-service,97.58,20.55
1789599594.86,research-api-products-service-1,products-service,59.47,14.67
1789599594.86,research-api-inventory-service-1,inventory-service,17.37,10.57
1789599594.86,research-api-grafana-1,grafana,0.37,43.55
1789599594.86,research-api-users-service-1,users-service,56.93,11.85
1789599594.86,research-api-postgres-1,postgres,71.59,113.1
1789599594.86,research-api-prometheus-1,prometheus,0.18,39.95
1789599594.86,research-api-cadvisor-1,cadvisor,0.03,20.1
1789599599.845,research-api-nginx-1,nginx,86.2,20.25
1789599599.845,research-api-orders-service-1,orders-service,107.25,19.24
1789599599.845,research-api-products-service-1,products-service,64.01,14.86
1789599599.845,research-api-inventory-service-1,inventory-service,18.06,9.5
1789599599.845,research-api-grafana-1,grafana,0.05,43.55
1789599599.845,research-api-users-service-1,users-service,55.35,13.12
1789599599.845,research-api-postgres-1,postgres,74.34,116.0
1789599599.845,research-api-prometheus-1,prometheus,0.91,40.0
1789599599.845,research-api-cadvisor-1,cadvisor,0.0,20.1
1789599604.87,research-api-nginx-1,nginx,93.0,19.97
1789599604.87,research-api-orders-service-1,orders-service,113.3,19.97
1789599604.87,research-api-products-service-1,products-service,62.92,15.44
1789599604.87,research-api-inventory-service-1,inventory-service,18.3,11.0
1789599604.87,research-api-grafana-1,grafana,0.43,43.55
1789599604.87,research-api-users-service-1,users-service,65.02,13.11
1789599604.87,research-api-postgres-1,postgres,73.39,115.9
1789599604.87,research-api-prometheus-1,prometheus,0.15,40.0
1789599604.87,research-api-cadvisor-1,cadvisor,0.01,20.1
1789599609.885,research-api-nginx-1,nginx,81.13,20.21
1789599609.885,research-api-orders-service-1,orders-service,104.43,20.53
1789599609.885,research-api-products-service-1,products-service,63.81,15.68
1789599609.885,research-api-inventory-service-1,inventory-service,18.04,9.719
1789599609.885,research-api-grafana-1,grafana,0.04,43.55
1789599609.885,research-api-users-service-1,users-service,59.31,12.67
1789599609.885,research-api-postgres-1,postgres,75.25,116.4
1789599609.885,research-api-prometheus-1,prometheus,0.79,40.66
1789599609.885,research-api-cadvisor-1,cadvisor,0.27,20.1
1789599614.872,research-api-nginx-1,nginx,90.99,20.4
1789599614.872,research-api-orders-service-1,orders-service,265.56,21.68
1789599614.872,research-api-products-service-1,products-service,63.21,14.52
1789599614.872,research-api-inventory-service-1,inventory-service,16.95,10.36
1789599614.872,research-api-grafana-1,grafana,3.51,43.56
1789599614.872,research-api-users-service-1,users-service,59.87,13.14
1789599614.872,research-api-postgres-1,postgres,74.62,116.5
1789599614.872,research-api-prometheus-1,prometheus,0.14,40.66
1789599614.872,research-api-cadvisor-1,cadvisor,3.32,19.44
1789599619.907,research-api-nginx-1,nginx,91.47,19.82
1789599619.907,research-api-orders-service-1,orders-service,269.47,22.11
1789599619.907,research-api-products-service-1,products-service,63.57,15.79
1789599619.907,research-api-inventory-service-1,inventory-service,16.06,10.04
1789599619.907,research-api-grafana-1,grafana,0.05,43.56
1789599619.907,research-api-users-service-1,users-service,62.06,12.35
1789599619.907,research-api-postgres-1,postgres,75.18,116.9
1789599619.907,research-api-prometheus-1,prometheus,1.12,40.66
1789599619.907,research-api-cadvisor-1,cadvisor,0.0,19.44
1789599623.909,research-api-nginx-1,nginx,94.74,20.08
1789599623.909,research-api-orders-service-1,orders-service,259.59,21.34
1789599623.909,research-api-products-service-1,products-service,62.05,15.42
1789599623.909,research-api-inventory-service-1,inventory-service,17.87,10.24
1789599623.909,research-api-grafana-1,grafana,0.05,43.56
1789599623.909,research-api-users-service-1,users-service,54.23,12.19
1789599623.909,research-api-postgres-1,postgres,74.12,117.2
1789599623.909,research-api-prometheus-1,prometheus,0.12,40.68
1789599623.909,research-api-cadvisor-1,cadvisor,0.0,19.76
1789599629.916,research-api-nginx-1,nginx,88.9,18.54
1789599629.916,research-api-orders-service-1,orders-service,110.96,20.54
1789599629.916,research-api-products-service-1,products-service,64.66,14.23
1789599629.916,research-api-inventory-service-1,inventory-service,17.1,9.949
1789599629.916,research-api-grafana-1,grafana,0.11,43.56
1789599629.916,research-api-users-service-1,users-service,59.78,11.83
1789599629.916,research-api-postgres-1,postgres,75.84,117.3
1789599629.916,research-api-prometheus-1,prometheus,1.06,40.68
1789599629.916,research-api-cadvisor-1,cadvisor,0.0,19.77
1789599634.878,research-api-nginx-1,nginx,89.03,19.23
1789599634.878,research-api-orders-service-1,orders-service,110.05,21.13
1789599634.878,research-api-products-service-1,products-service,62.34,15.21
1789599634.878,research-api-inventory-service-1,inventory-service,19.29,10.79
1789599634.878,research-api-grafana-1,grafana,0.37,43.56
1789599634.878,research-api-users-service-1,users-service,58.83,12.31
1789599634.878,research-api-postgres-1,postgres,77.18,122.2
1789599634.878,research-api-prometheus-1,prometheus,0.2,40.69
1789599634.878,research-api-cadvisor-1,cadvisor,0.01,19.62
1789599639.896,research-api-nginx-1,nginx,86.98,19.99
1789599639.896,research-api-orders-service-1,orders-service,118.48,21.24
1789599639.896,research-api-products-service-1,products-service,62.2,15.77
1789599639.896,research-api-inventory-service-1,inventory-service,17.32,9.945
1789599639.896,research-api-grafana-1,grafana,0.09,43.56
1789599639.896,research-api-users-service-1,users-service,58.57,12.32
1789599639.896,research-api-postgres-1,postgres,73.4,122.5
1789599639.896,research-api-prometheus-1,prometheus,1.0,40.68
1789599639.896,research-api-cadvisor-1,cadvisor,0.0,19.62
1789599644.877,research-api-nginx-1,nginx,90.55,19.77
1789599644.877,research-api-orders-service-1,orders-service,164.4,21.98
1789599644.877,research-api-products-service-1,products-service,63.62,15.83
1789599644.877,research-api-inventory-service-1,inventory-service,18.03,11.23
1789599644.877,research-api-grafana-1,grafana,0.49,43.56
1789599644.877,research-api-users-service-1,users-service,58.54,12.36
1789599644.877,research-api-postgres-1,postgres,74.86,122.1
1789599644.877,research-api-prometheus-1,prometheus,0.18,40.92
1789599644.877,research-api-cadvisor-1,cadvisor,1.31,19.64
1789599649.884,research-api-nginx-1,nginx,86.37,19.64
1789599649.884,research-api-orders-service-1,orders-service,101.26,20.77
1789599649.884,research-api-products-service-1,products-service,63.17,16.07
1789599649.884,research-api-inventory-service-1,inventory-service,20.26,10.23
1789599649.884,research-api-grafana-1,grafana,0.04,43.56
1789599649.884,research-api-users-service-1,users-service,61.05,12.66
1789599649.884,research-api-postgres-1,postgres,73.88,122.7
1789599649.884,research-api-prometheus-1,prometheus,0.98,40.94
1789599649.884,research-api-cadvisor-1,cadvisor,0.0,19.64
1789599654.896,research-api-nginx-1,nginx,87.85,20.23
1789599654.896,research-api-orders-service-1,orders-service,98.37,20.54
1789599654.896,research-api-products-service-1,products-service,62.13,15.43
1789599654.896,research-api-inventory-service-1,inventory-service,18.32,10.94
1789599654.896,research-api-grafana-1,grafana,0.34,43.56
1789599654.896,research-api-users-service-1,users-service,57.62,11.5
1789599654.896,research-api-postgres-1,postgres,74.18,122.4
1789599654.896,research-api-prometheus-1,prometheus,0.12,40.95
1789599654.896,research-api-cadvisor-1,cadvisor,0.01,19.68
1789599659.893,research-api-nginx-1,nginx,84.32,19.38
1789599659.893,research-api-orders-service-1,orders-service,106.5,21.42
1789599659.893,research-api-products-service-1,products-service,61.18,15.67
1789599659.893,research-api-inventory-service-1,inventory-service,15.73,10.79
1789599659.893,research-api-grafana-1,grafana,0.06,43.56
1789599659.893,research-api-users-service-1,users-service,56.19,12.57
1789599659.893,research-api-postgres-1,postgres,72.38,123.0
1789599659.893,research-api-prometheus-1,prometheus,0.93,40.94
1789599659.893,research-api-cadvisor-1,cadvisor,0.0,19.68
1789599664.889,research-api-nginx-1,nginx,92.62,20.17
1789599664.889,research-api-orders-service-1,orders-service,119.77,21.17
1789599664.889,research-api-products-service-1,products-service,67.58,15.66
1789599664.889,research-api-inventory-service-1,inventory-service,19.56,11.19
1789599664.889,research-api-grafana-1,grafana,0.35,43.56
1789599664.889,research-api-users-service-1,users-service,59.43,12.44
1789599664.889,research-api-postgres-1,postgres,81.91,123.2
1789599664.889,research-api-prometheus-1,prometheus,0.18,40.94
1789599664.889,research-api-cadvisor-1,cadvisor,0.02,19.93
1789599669.883,research-api-nginx-1,nginx,80.16,19.83
1789599669.883,research-api-orders-service-1,orders-service,100.42,22.09
1789599669.883,research-api-products-service-1,products-service,58.68,17.3
1789599669.883,research-api-inventory-service-1,inventory-service,15.97,10.42
1789599669.883,research-api-grafana-1,grafana,0.04,43.56
1789599669.883,research-api-users-service-1,users-service,53.93,12.92
1789599669.883,research-api-postgres-1,postgres,71.65,123.8
1789599669.883,research-api-prometheus-1,prometheus,0.96,41.58
1789599669.883,research-api-cadvisor-1,cadvisor,0.0,19.93
1789599674.867,research-api-nginx-1,nginx,90.02,20.16
1789599674.867,research-api-orders-service-1,orders-service,103.52,20.76
1789599674.867,research-api-products-service-1,products-service,66.76,15.3
1789599674.867,research-api-inventory-service-1,inventory-service,16.69,10.97
1789599674.867,research-api-grafana-1,grafana,1.38,43.57
1789599674.867,research-api-users-service-1,users-service,58.87,12.76
1789599674.867,research-api-postgres-1,postgres,75.88,124.4
1789599674.867,research-api-prometheus-1,prometheus,0.23,41.57
1789599674.867,research-api-cadvisor-1,cadvisor,2.73,19.56
1789599679.922,research-api-nginx-1,nginx,90.69,20.11
1789599679.922,research-api-orders-service-1,orders-service,243.51,21.54
1789599679.922,research-api-products-service-1,products-service,58.91,16.91
1789599679.922,research-api-inventory-service-1,inventory-service,17.57,10.14
1789599679.922,research-api-grafana-1,grafana,0.04,43.57
1789599679.922,research-api-users-service-1,users-service,58.79,13.23
1789599679.922,research-api-postgres-1,postgres,73.56,124.7
1789599679.922,research-api-prometheus-1,prometheus,1.05,41.58
1789599679.922,research-api-cadvisor-1,cadvisor,0.0,19.56
1789599684.916,research-api-nginx-1,nginx,92.89,20.11
1789599684.916,research-api-orders-service-1,orders-service,284.73,22.05
1789599684.916,research-api-products-service-1,products-service,63.17,15.65
1789599684.916,research-api-inventory-service-1,inventory-service,15.53,10.78
1789599684.916,research-api-grafana-1,grafana,0.43,43.57
1789599684.916,research-api-users-service-1,users-service,59.43,12.93
1789599684.916,research-api-postgres-1,postgres,78.61,124.0
1789599684.916,research-api-prometheus-1,prometheus,0.19,41.59
1789599684.916,research-api-cadvisor-1,cadvisor,0.02,19.62
1789599689.928,research-api-nginx-1,nginx,92.78,20.31
1789599689.928,research-api-orders-service-1,orders-service,276.69,21.77
1789599689.928,research-api-products-service-1,products-service,63.04,18.11
1789599689.928,research-api-inventory-service-1,inventory-service,17.42,10.66
1789599689.928,research-api-grafana-1,grafana,0.07,43.57
1789599689.928,research-api-users-service-1,users-service,60.24,12.74
1789599689.928,research-api-postgres-1,postgres,77.87,124.6
1789599689.928,research-api-prometheus-1,prometheus,1.03,42.22
1789599689.928,research-api-cadvisor-1,cadvisor,0.0,19.64
1789599694.907,research-api-nginx-1,nginx,92.39,20.19
1789599694.907,research-api-orders-service-1,orders-service,148.62,21.33
1789599694.907,research-api-products-service-1,products-service,63.86,15.6
1789599694.907,research-api-inventory-service-1,inventory-service,19.23,11.17
1789599694.907,research-api-grafana-1,grafana,0.06,43.57
1789599694.907,research-api-users-service-1,users-service,60.45,11.95
1789599694.907,research-api-postgres-1,postgres,76.71,125.5
1789599694.907,research-api-prometheus-1,prometheus,0.14,42.22
1789599694.907,research-api-cadvisor-1,cadvisor,0.02,19.75
1789599699.963,research-api-nginx-1,nginx,89.05,20.29
1789599699.963,research-api-orders-service-1,orders-service,136.39,22.16
1789599699.963,research-api-products-service-1,products-service,62.35,16.93
1789599699.963,research-api-inventory-service-1,inventory-service,19.22,10.27
1789599699.963,research-api-grafana-1,grafana,0.04,43.57
1789599699.963,research-api-users-service-1,users-service,65.67,12.72
1789599699.963,research-api-postgres-1,postgres,78.14,125.7
1789599699.963,research-api-prometheus-1,prometheus,0.75,42.24
1789599699.963,research-api-cadvisor-1,cadvisor,0.0,19.75
1789599704.95,research-api-nginx-1,nginx,100.86,19.93
1789599704.95,research-api-orders-service-1,orders-service,105.73,21.84
1789599704.95,research-api-products-service-1,products-service,69.35,16.76
1789599704.95,research-api-inventory-service-1,inventory-service,20.13,10.42
1789599704.95,research-api-grafana-1,grafana,0.4,43.57
1789599704.95,research-api-users-service-1,users-service,59.47,13.38
1789599704.95,research-api-postgres-1,postgres,74.96,125.5
1789599704.95,research-api-prometheus-1,prometheus,0.17,42.51
1789599704.95,research-api-cadvisor-1,cadvisor,0.89,20.69
1789599709.933,research-api-nginx-1,nginx,84.83,19.88
1789599709.933,research-api-orders-service-1,orders-service,104.08,21.57
1789599709.933,research-api-products-service-1,products-service,63.07,15.81
1789599709.933,research-api-inventory-service-1,inventory-service,16.4,10.7
1789599709.933,research-api-grafana-1,grafana,0.06,43.57
1789599709.933,research-api-users-service-1,users-service,58.99,12.78
1789599709.933,research-api-postgres-1,postgres,74.83,125.8
1789599709.933,research-api-prometheus-1,prometheus,0.91,42.7
1789599709.933,research-api-cadvisor-1,cadvisor,0.0,20.69
1789599714.891,research-api-nginx-1,nginx,85.35,20.35
1789599714.891,research-api-orders-service-1,orders-service,112.38,21.12
1789599714.891,research-api-products-service-1,products-service,63.7,16.26
1789599714.891,research-api-inventory-service-1,inventory-service,18.65,10.84
1789599714.891,research-api-grafana-1,grafana,0.42,43.57
1789599714.891,research-api-users-service-1,users-service,54.5,13.2
1789599714.891,research-api-postgres-1,postgres,75.31,126.6
1789599714.891,research-api-prometheus-1,prometheus,0.18,42.93
1789599714.891,research-api-cadvisor-1,cadvisor,0.01,21.33
1789599719.9,research-api-nginx-1,nginx,88.57,19.96
1789599719.9,research-api-orders-service-1,orders-service,98.76,21.11
1789599719.9,research-api-products-service-1,products-service,60.38,15.68
1789599719.9,research-api-inventory-service-1,inventory-service,19.73,11.08
1789599719.9,research-api-grafana-1,grafana,0.08,43.57
1789599719.9,research-api-users-service-1,users-service,58.97,12.84
1789599719.9,research-api-postgres-1,postgres,72.14,126.9
1789599719.9,research-api-prometheus-1,prometheus,0.98,42.94
1789599719.9,research-api-cadvisor-1,cadvisor,0.0,21.33
1789599724.892,research-api-nginx-1,nginx,87.51,19.39
1789599724.892,research-api-orders-service-1,orders-service,100.19,19.93
1789599724.892,research-api-products-service-1,products-service,62.12,15.77
1789599724.892,research-api-inventory-service-1,inventory-service,16.92,10.89
1789599724.892,research-api-grafana-1,grafana,0.42,43.57
1789599724.892,research-api-users-service-1,users-service,59.16,13.0
1789599724.892,research-api-postgres-1,postgres,74.94,127.3
1789599724.892,research-api-prometheus-1,prometheus,0.21,42.94
1789599724.892,research-api-cadvisor-1,cadvisor,0.29,21.11
1789599729.924,research-api-nginx-1,nginx,83.44,19.88
1789599729.924,research-api-orders-service-1,orders-service,100.07,21.31
1789599729.924,research-api-products-service-1,products-service,57.09,16.73
1789599729.924,research-api-inventory-service-1,inventory-service,17.7,10.55
1789599729.924,research-api-grafana-1,grafana,0.03,43.57
1789599729.924,research-api-users-service-1,users-service,55.07,12.66
1789599729.924,research-api-postgres-1,postgres,72.21,127.1
1789599729.924,research-api-prometheus-1,prometheus,0.95,42.94
1789599729.924,research-api-cadvisor-1,cadvisor,0.0,21.11
1789599734.898,research-api-nginx-1,nginx,83.53,19.59
1789599734.898,research-api-orders-service-1,orders-service,102.04,21.27
1789599734.898,research-api-products-service-1,products-service,58.47,15.61
1789599734.898,research-api-inventory-service-1,inventory-service,17.93,10.84
1789599734.898,research-api-grafana-1,grafana,5.72,43.25
1789599734.898,research-api-users-service-1,users-service,56.16,12.85
1789599734.898,research-api-postgres-1,postgres,73.63,127.6
1789599734.898,research-api-prometheus-1,prometheus,0.16,42.94
1789599734.898,research-api-cadvisor-1,cadvisor,4.31,18.89
1789599740.841,research-api-nginx-1,nginx,88.73,19.8
1789599740.841,research-api-orders-service-1,orders-service,100.17,21.57
1789599740.841,research-api-products-service-1,products-service,61.38,16.31
1789599740.841,research-api-inventory-service-1,inventory-service,17.6,10.67
1789599740.841,research-api-grafana-1,grafana,0.05,43.25
1789599740.841,research-api-users-service-1,users-service,61.52,13.55
1789599740.841,research-api-postgres-1,postgres,74.45,127.9
1789599740.841,research-api-prometheus-1,prometheus,1.0,42.94
1789599740.841,research-api-cadvisor-1,cadvisor,0.0,18.8
1789599745.863,research-api-nginx-1,nginx,86.02,19.88
1789599745.863,research-api-orders-service-1,orders-service,165.01,22.02
1789599745.863,research-api-products-service-1,products-service,64.24,16.2
1789599745.863,research-api-inventory-service-1,inventory-service,17.19,11.73
1789599745.863,research-api-grafana-1,grafana,0.41,43.25
1789599745.863,research-api-users-service-1,users-service,57.56,14.24
1789599745.863,research-api-postgres-1,postgres,73.02,128.8
1789599745.863,research-api-prometheus-1,prometheus,0.17,42.95
1789599745.863,research-api-cadvisor-1,cadvisor,0.02,17.93
1789599750.884,research-api-nginx-1,nginx,92.74,20.02
1789599750.884,research-api-orders-service-1,orders-service,278.9,23.05
1789599750.884,research-api-products-service-1,products-service,62.29,15.12
1789599750.884,research-api-inventory-service-1,inventory-service,16.64,10.36
1789599750.884,research-api-grafana-1,grafana,0.16,43.25
1789599750.884,research-api-users-service-1,users-service,58.02,13.49
1789599750.884,research-api-postgres-1,postgres,77.38,128.6
1789599750.884,research-api-prometheus-1,prometheus,0.96,42.98
1789599750.884,research-api-cadvisor-1,cadvisor,0.0,17.93
1789599755.834,research-api-nginx-1,nginx,89.37,20.05
1789599755.834,research-api-orders-service-1,orders-service,268.89,20.05
1789599755.834,research-api-products-service-1,products-service,62.3,15.48
1789599755.834,research-api-inventory-service-1,inventory-service,16.76,10.99
1789599755.834,research-api-grafana-1,grafana,0.37,43.25
1789599755.834,research-api-users-service-1,users-service,56.21,12.91
1789599755.834,research-api-postgres-1,postgres,75.21,129.0
1789599755.834,research-api-prometheus-1,prometheus,0.18,42.97
1789599755.834,research-api-cadvisor-1,cadvisor,0.02,18.64
1789599760.86,research-api-nginx-1,nginx,90.31,20.05
1789599760.86,research-api-orders-service-1,orders-service,205.6,20.84
1789599760.86,research-api-products-service-1,products-service,60.9,18.13
1789599760.86,research-api-inventory-service-1,inventory-service,16.99,10.07
1789599760.86,research-api-grafana-1,grafana,0.13,43.25
1789599760.86,research-api-users-service-1,users-service,59.25,13.02
1789599760.86,research-api-postgres-1,postgres,76.64,129.5
1789599760.86,research-api-prometheus-1,prometheus,1.01,42.98
1789599760.86,research-api-cadvisor-1,cadvisor,0.0,18.64
1789599765.897,research-api-nginx-1,nginx,88.08,19.72
1789599765.897,research-api-orders-service-1,orders-service,101.18,21.7
1789599765.897,research-api-products-service-1,products-service,61.03,16.02
1789599765.897,research-api-inventory-service-1,inventory-service,18.76,10.43
1789599765.897,research-api-grafana-1,grafana,0.42,43.25
1789599765.897,research-api-users-service-1,users-service,56.76,12.53
1789599765.897,research-api-postgres-1,postgres,94.79,129.6
1789599765.897,research-api-prometheus-1,prometheus,0.14,42.97
1789599765.897,research-api-cadvisor-1,cadvisor,0.86,18.8
1789599770.895,research-api-nginx-1,nginx,85.52,20.2
1789599770.895,research-api-orders-service-1,orders-service,97.3,22.4
1789599770.895,research-api-products-service-1,products-service,61.28,17.15
1789599770.895,research-api-inventory-service-1,inventory-service,17.3,10.42
1789599770.895,research-api-grafana-1,grafana,0.04,43.25
1789599770.895,research-api-users-service-1,users-service,58.57,13.0
1789599770.895,research-api-postgres-1,postgres,71.26,129.6
1789599770.895,research-api-prometheus-1,prometheus,0.93,42.98
1789599770.895,research-api-cadvisor-1,cadvisor,0.0,18.8
1789599775.838,research-api-nginx-1,nginx,86.88,19.37
1789599775.838,research-api-orders-service-1,orders-service,103.18,21.96
1789599775.838,research-api-products-service-1,products-service,61.05,15.38
1789599775.838,research-api-inventory-service-1,inventory-service,18.16,9.875
1789599775.838,research-api-grafana-1,grafana,0.32,43.25
1789599775.838,research-api-users-service-1,users-service,59.39,13.16
1789599775.838,research-api-postgres-1,postgres,73.57,130.4
1789599775.838,research-api-prometheus-1,prometheus,0.15,42.98
1789599775.838,research-api-cadvisor-1,cadvisor,0.01,18.82
1789599780.841,research-api-nginx-1,nginx,86.83,19.18
1789599780.841,research-api-orders-service-1,orders-service,114.66,22.16
1789599780.841,research-api-products-service-1,products-service,62.17,17.95
1789599780.841,research-api-inventory-service-1,inventory-service,16.07,10.02
1789599780.841,research-api-grafana-1,grafana,0.18,43.25
1789599780.841,research-api-users-service-1,users-service,58.73,12.82
1789599780.841,research-api-postgres-1,postgres,76.57,130.9
1789599780.841,research-api-prometheus-1,prometheus,0.87,42.98
1789599780.841,research-api-cadvisor-1,cadvisor,0.0,18.83
1789599785.874,research-api-nginx-1,nginx,89.25,19.77
1789599785.874,research-api-orders-service-1,orders-service,150.47,22.01
1789599785.874,research-api-products-service-1,products-service,61.3,15.56
1789599785.874,research-api-inventory-service-1,inventory-service,17.66,10.5
1789599785.874,research-api-grafana-1,grafana,0.41,43.26
1789599785.874,research-api-users-service-1,users-service,56.48,12.82
1789599785.874,research-api-postgres-1,postgres,79.41,130.6
1789599785.874,research-api-prometheus-1,prometheus,0.18,42.98
1789599785.874,research-api-cadvisor-1,cadvisor,0.02,19.29
1789599790.831,research-api-nginx-1,nginx,87.42,19.43
1789599790.831,research-api-orders-service-1,orders-service,108.75,20.95
1789599790.831,research-api-products-service-1,products-service,62.36,16.41
1789599790.831,research-api-inventory-service-1,inventory-service,18.87,9.875
1789599790.831,research-api-grafana-1,grafana,0.14,43.26
1789599790.831,research-api-users-service-1,users-service,57.47,12.54
1789599790.831,research-api-postgres-1,postgres,74.78,131.3
1789599790.831,research-api-prometheus-1,prometheus,0.91,42.98
1789599790.831,research-api-cadvisor-1,cadvisor,0.0,19.29
1789599795.854,research-api-nginx-1,nginx,83.91,19.33
1789599795.854,research-api-orders-service-1,orders-service,103.35,20.81
1789599795.854,research-api-products-service-1,products-service,57.38,16.61
1789599795.854,research-api-inventory-service-1,inventory-service,17.87,9.984
1789599795.854,research-api-grafana-1,grafana,1.24,43.26
1789599795.854,research-api-users-service-1,users-service,57.72,12.39
1789599795.854,research-api-postgres-1,postgres,73.46,131.9
1789599795.854,research-api-prometheus-1,prometheus,0.2,43.01
1789599795.854,research-api-cadvisor-1,cadvisor,3.65,19.83
1789599800.829,research-api-nginx-1,nginx,88.63,19.58
1789599800.829,research-api-orders-service-1,orders-service,106.4,20.65
1789599800.829,research-api-products-service-1,products-service,63.08,16.64
1789599800.829,research-api-inventory-service-1,inventory-service,18.95,10.35
1789599800.829,research-api-grafana-1,grafana,0.18,43.26
1789599800.829,research-api-users-service-1,users-service,58.37,12.98
1789599800.829,research-api-postgres-1,postgres,73.52,131.6
1789599800.829,research-api-prometheus-1,prometheus,1.11,43.01
1789599800.829,research-api-cadvisor-1,cadvisor,0.0,19.83
1789599805.836,research-api-nginx-1,nginx,92.38,19.18
1789599805.836,research-api-orders-service-1,orders-service,114.87,19.76
1789599805.836,research-api-products-service-1,products-service,59.8,14.54
1789599805.836,research-api-inventory-service-1,inventory-service,16.78,11.14
1789599805.836,research-api-grafana-1,grafana,0.45,43.26
1789599805.836,research-api-users-service-1,users-service,62.53,13.18
1789599805.836,research-api-postgres-1,postgres,76.66,131.9
1789599805.836,research-api-prometheus-1,prometheus,0.19,43.01
1789599805.836,research-api-cadvisor-1,cadvisor,0.02,20.25
1789599810.863,research-api-nginx-1,nginx,88.32,19.84
1789599810.863,research-api-orders-service-1,orders-service,112.56,20.73
1789599810.863,research-api-products-service-1,products-service,64.48,15.91
1789599810.863,research-api-inventory-service-1,inventory-service,18.5,10.5
1789599810.863,research-api-grafana-1,grafana,0.19,43.26
1789599810.863,research-api-users-service-1,users-service,57.16,12.86
1789599810.863,research-api-postgres-1,postgres,76.9,132.4
1789599810.863,research-api-prometheus-1,prometheus,0.89,43.01
1789599810.863,research-api-cadvisor-1,cadvisor,0.0,20.25
1789599815.908,research-api-nginx-1,nginx,89.79,19.93
1789599815.908,research-api-orders-service-1,orders-service,212.06,21.09
1789599815.908,research-api-products-service-1,products-service,61.77,16.47
1789599815.908,research-api-inventory-service-1,inventory-service,18.5,10.62
1789599815.908,research-api-grafana-1,grafana,0.36,43.26
1789599815.908,research-api-users-service-1,users-service,54.03,12.5
1789599815.908,research-api-postgres-1,postgres,74.9,132.7
1789599815.908,research-api-prometheus-1,prometheus,0.19,43.01
1789599815.908,research-api-cadvisor-1,cadvisor,0.01,20.78
1789599820.883,research-api-nginx-1,nginx,96.89,20.25
1789599820.883,research-api-orders-service-1,orders-service,254.71,22.45
1789599820.883,research-api-products-service-1,products-service,68.59,16.74
1789599820.883,research-api-inventory-service-1,inventory-service,18.64,10.53
1789599820.883,research-api-grafana-1,grafana,0.14,43.26
1789599820.883,research-api-users-service-1,users-service,55.88,12.54
1789599820.883,research-api-postgres-1,postgres,77.43,133.0
1789599820.883,research-api-prometheus-1,prometheus,0.95,43.02
1789599820.883,research-api-cadvisor-1,cadvisor,0.0,20.78
1789599825.952,research-api-nginx-1,nginx,109.07,20.9
1789599825.952,research-api-orders-service-1,orders-service,331.65,23.41
1789599825.952,research-api-products-service-1,products-service,70.81,15.96
1789599825.952,research-api-inventory-service-1,inventory-service,18.39,11.56
1789599825.952,research-api-grafana-1,grafana,0.39,43.26
1789599825.952,research-api-users-service-1,users-service,65.01,13.32
1789599825.952,research-api-postgres-1,postgres,123.15,137.3
1789599825.952,research-api-prometheus-1,prometheus,0.13,43.02
1789599825.952,research-api-cadvisor-1,cadvisor,0.01,20.78
1789599831.003,research-api-nginx-1,nginx,128.2,20.41
1789599831.003,research-api-orders-service-1,orders-service,179.42,24.28
1789599831.003,research-api-products-service-1,products-service,82.28,16.3
1789599831.003,research-api-inventory-service-1,inventory-service,21.46,11.4
1789599831.003,research-api-grafana-1,grafana,0.13,43.26
1789599831.003,research-api-users-service-1,users-service,74.52,14.36
1789599831.003,research-api-postgres-1,postgres,112.26,141.1
1789599831.003,research-api-prometheus-1,prometheus,1.02,43.02
1789599831.003,research-api-cadvisor-1,cadvisor,0.0,20.78
1789599835.989,research-api-nginx-1,nginx,133.2,20.81
1789599835.989,research-api-orders-service-1,orders-service,160.55,24.9
1789599835.989,research-api-products-service-1,products-service,87.02,17.12
1789599835.989,research-api-inventory-service-1,inventory-service,23.03,10.67
1789599835.989,research-api-grafana-1,grafana,0.69,43.26
1789599835.989,research-api-users-service-1,users-service,77.22,15.01
1789599835.989,research-api-postgres-1,postgres,126.95,144.7
1789599835.989,research-api-prometheus-1,prometheus,0.12,41.41
1789599835.989,research-api-cadvisor-1,cadvisor,0.01,20.79
1789599840.984,research-api-nginx-1,nginx,125.56,22.79
1789599840.984,research-api-orders-service-1,orders-service,169.6,25.52
1789599840.984,research-api-products-service-1,products-service,83.02,16.82
1789599840.984,research-api-inventory-service-1,inventory-service,25.71,11.21
1789599840.984,research-api-grafana-1,grafana,0.17,43.26
1789599840.984,research-api-users-service-1,users-service,70.54,15.31
1789599840.984,research-api-postgres-1,postgres,124.1,145.0
1789599840.984,research-api-prometheus-1,prometheus,1.0,41.41
1789599840.984,research-api-cadvisor-1,cadvisor,0.0,20.82
1789599845.988,research-api-nginx-1,nginx,128.14,22.74
1789599845.988,research-api-orders-service-1,orders-service,354.35,32.06
1789599845.988,research-api-products-service-1,products-service,80.8,17.55
1789599845.988,research-api-inventory-service-1,inventory-service,24.29,12.2
1789599845.988,research-api-grafana-1,grafana,0.3,43.26
1789599845.988,research-api-users-service-1,users-service,72.22,16.62
1789599845.988,research-api-postgres-1,postgres,132.16,148.5
1789599845.988,research-api-prometheus-1,prometheus,0.01,41.41
1789599845.988,research-api-cadvisor-1,cadvisor,0.02,19.52
1789599851.04,research-api-nginx-1,nginx,124.85,22.78
1789599851.04,research-api-orders-service-1,orders-service,297.89,31.09
1789599851.04,research-api-products-service-1,products-service,92.34,18.33
1789599851.04,research-api-inventory-service-1,inventory-service,25.28,11.89
1789599851.04,research-api-grafana-1,grafana,0.13,43.26
1789599851.04,research-api-users-service-1,users-service,73.61,15.93
1789599851.04,research-api-postgres-1,postgres,144.69,155.4
1789599851.04,research-api-prometheus-1,prometheus,0.93,41.42
1789599851.04,research-api-cadvisor-1,cadvisor,0.0,19.52
1789599856.153,research-api-nginx-1,nginx,150.97,21.96
1789599856.153,research-api-orders-service-1,orders-service,170.31,31.33
1789599856.153,research-api-products-service-1,products-service,95.88,16.98
1789599856.153,research-api-inventory-service-1,inventory-service,28.53,14.38
1789599856.153,research-api-grafana-1,grafana,3.76,43.26
1789599856.153,research-api-users-service-1,users-service,85.34,16.49
1789599856.153,research-api-postgres-1,postgres,154.44,156.9
1789599856.153,research-api-prometheus-1,prometheus,0.1,41.43
1789599856.153,research-api-cadvisor-1,cadvisor,2.96,20.31
1789599861.103,research-api-nginx-1,nginx,156.36,23.85
1789599861.103,research-api-orders-service-1,orders-service,217.1,33.32
1789599861.103,research-api-products-service-1,products-service,99.06,18.54
1789599861.103,research-api-inventory-service-1,inventory-service,29.5,12.07
1789599861.103,research-api-grafana-1,grafana,0.04,43.26
1789599861.103,research-api-users-service-1,users-service,87.7,15.75
1789599861.103,research-api-postgres-1,postgres,133.53,156.9
1789599861.103,research-api-prometheus-1,prometheus,0.97,41.44
1789599861.103,research-api-cadvisor-1,cadvisor,0.0,20.16
1789599866.035,research-api-nginx-1,nginx,138.56,23.48
1789599866.035,research-api-orders-service-1,orders-service,369.84,34.58
1789599866.035,research-api-products-service-1,products-service,93.79,18.77
1789599866.035,research-api-inventory-service-1,inventory-service,26.8,13.3
1789599866.035,research-api-grafana-1,grafana,0.36,43.26
1789599866.035,research-api-users-service-1,users-service,86.96,17.54
1789599866.035,research-api-postgres-1,postgres,141.55,157.6
1789599866.035,research-api-prometheus-1,prometheus,0.12,41.43
1789599866.035,research-api-cadvisor-1,cadvisor,0.0,20.16
1789599871.088,research-api-nginx-1,nginx,111.1,26.29
1789599871.088,research-api-orders-service-1,orders-service,566.7,42.68
1789599871.088,research-api-products-service-1,products-service,64.15,18.53
1789599871.088,research-api-inventory-service-1,inventory-service,24.41,12.9
1789599871.088,research-api-grafana-1,grafana,0.06,43.26
1789599871.088,research-api-users-service-1,users-service,55.41,15.15
1789599871.088,research-api-postgres-1,postgres,72.03,157.4
1789599871.088,research-api-prometheus-1,prometheus,1.12,41.44
1789599871.088,research-api-cadvisor-1,cadvisor,0.0,20.16
1789599876.113,research-api-nginx-1,nginx,114.86,23.12
1789599876.113,research-api-orders-service-1,orders-service,389.14,39.86
1789599876.113,research-api-products-service-1,products-service,76.12,18.49
1789599876.113,research-api-inventory-service-1,inventory-service,22.15,13.77
1789599876.113,research-api-grafana-1,grafana,0.32,43.26
1789599876.113,research-api-users-service-1,users-service,74.94,16.99
1789599876.113,research-api-postgres-1,postgres,121.41,158.5
1789599876.113,research-api-prometheus-1,prometheus,0.14,41.44
1789599876.113,research-api-cadvisor-1,cadvisor,0.01,20.34
1789599881.09,research-api-nginx-1,nginx,142.08,22.55
1789599881.09,research-api-orders-service-1,orders-service,411.73,42.34
1789599881.09,research-api-products-service-1,products-service,94.19,18.5
1789599881.09,research-api-inventory-service-1,inventory-service,25.42,13.14
1789599881.09,research-api-grafana-1,grafana,0.07,43.26
1789599881.09,research-api-users-service-1,users-service,78.25,15.62
1789599881.09,research-api-postgres-1,postgres,127.22,159.1
1789599881.09,research-api-prometheus-1,prometheus,0.93,41.43
1789599881.09,research-api-cadvisor-1,cadvisor,0.0,20.34
1789599886.124,research-api-nginx-1,nginx,115.73,24.83
1789599886.124,research-api-orders-service-1,orders-service,477.91,44.76
1789599886.124,research-api-products-service-1,products-service,79.99,18.35
1789599886.124,research-api-inventory-service-1,inventory-service,25.74,13.49
1789599886.124,research-api-grafana-1,grafana,0.47,43.26
1789599886.124,research-api-users-service-1,users-service,65.3,16.12
1789599886.124,research-api-postgres-1,postgres,127.84,159.7
1789599886.124,research-api-prometheus-1,prometheus,0.1,41.43
1789599886.124,research-api-cadvisor-1,cadvisor,0.0,20.38
1789599891.115,research-api-nginx-1,nginx,97.86,23.34
1789599891.115,research-api-orders-service-1,orders-service,627.23,49.16
1789599891.115,research-api-products-service-1,products-service,69.62,18.25
1789599891.115,research-api-inventory-service-1,inventory-service,17.78,12.36
1789599891.115,research-api-grafana-1,grafana,0.04,43.26
1789599891.115,research-api-users-service-1,users-service,49.06,15.07
1789599891.115,research-api-postgres-1,postgres,73.26,160.5
1789599891.115,research-api-prometheus-1,prometheus,0.98,41.44
1789599891.115,research-api-cadvisor-1,cadvisor,0.0,20.38
1789599896.035,research-api-nginx-1,nginx,116.04,24.87
1789599896.035,research-api-orders-service-1,orders-service,570.81,48.0
1789599896.035,research-api-products-service-1,products-service,69.91,17.97
1789599896.035,research-api-inventory-service-1,inventory-service,21.29,13.55
1789599896.035,research-api-grafana-1,grafana,0.37,43.27
1789599896.035,research-api-users-service-1,users-service,56.88,19.04
1789599896.035,research-api-postgres-1,postgres,83.39,160.4
1789599896.035,research-api-prometheus-1,prometheus,0.12,41.44
1789599896.035,research-api-cadvisor-1,cadvisor,0.02,19.56
1789599900.114,research-api-nginx-1,nginx,101.39,22.62
1789599900.114,research-api-orders-service-1,orders-service,534.06,47.28
1789599900.114,research-api-products-service-1,products-service,68.33,19.46
1789599900.114,research-api-inventory-service-1,inventory-service,18.14,13.02
1789599900.114,research-api-grafana-1,grafana,0.14,43.26
1789599900.114,research-api-users-service-1,users-service,57.2,16.21
1789599900.114,research-api-postgres-1,postgres,85.35,160.0
1789599900.114,research-api-prometheus-1,prometheus,0.98,41.44
1789599900.114,research-api-cadvisor-1,cadvisor,0.0,19.56
1789599906.139,research-api-nginx-1,nginx,140.02,21.99
1789599906.139,research-api-orders-service-1,orders-service,314.32,42.36
1789599906.139,research-api-products-service-1,products-service,91.28,17.59
1789599906.139,research-api-inventory-service-1,inventory-service,25.57,14.51
1789599906.139,research-api-grafana-1,grafana,0.36,43.26
1789599906.139,research-api-users-service-1,users-service,80.39,17.82
1789599906.139,research-api-postgres-1,postgres,138.55,160.8
1789599906.139,research-api-prometheus-1,prometheus,0.15,41.44
1789599906.139,research-api-cadvisor-1,cadvisor,0.0,20.2
1789599911.129,research-api-nginx-1,nginx,113.36,21.85
1789599911.129,research-api-orders-service-1,orders-service,396.87,41.52
1789599911.129,research-api-products-service-1,products-service,110.99,18.21
1789599911.129,research-api-inventory-service-1,inventory-service,20.99,12.78
1789599911.129,research-api-grafana-1,grafana,0.05,43.26
1789599911.129,research-api-users-service-1,users-service,70.81,15.68
1789599911.129,research-api-postgres-1,postgres,120.62,162.2
1789599911.129,research-api-prometheus-1,prometheus,0.24,41.46
1789599911.129,research-api-cadvisor-1,cadvisor,0.0,20.21
1789599916.139,research-api-nginx-1,nginx,130.55,23.45
1789599916.139,research-api-orders-service-1,orders-service,391.81,40.81
1789599916.139,research-api-products-service-1,products-service,85.49,18.03
1789599916.139,research-api-inventory-service-1,inventory-service,23.97,14.01
1789599916.139,research-api-grafana-1,grafana,1.3,43.27
1789599916.139,research-api-users-service-1,users-service,73.81,17.43
1789599916.139,research-api-postgres-1,postgres,127.44,162.1
1789599916.139,research-api-prometheus-1,prometheus,0.11,41.46
1789599916.139,research-api-cadvisor-1,cadvisor,1.71,20.85
1789599921.153,research-api-nginx-1,nginx,143.17,20.39
1789599921.153,research-api-orders-service-1,orders-service,223.65,37.57
1789599921.153,research-api-products-service-1,products-service,95.59,18.38
1789599921.153,research-api-inventory-service-1,inventory-service,26.5,12.45
1789599921.153,research-api-grafana-1,grafana,0.05,43.27
1789599921.153,research-api-users-service-1,users-service,81.89,16.3
1789599921.153,research-api-postgres-1,postgres,147.44,162.6
1789599921.153,research-api-prometheus-1,prometheus,0.32,41.46
1789599921.153,research-api-cadvisor-1,cadvisor,0.0,20.85
1789599926.18,research-api-nginx-1,nginx,157.98,20.02
1789599926.18,research-api-orders-service-1,orders-service,179.07,35.63
1789599926.18,research-api-products-service-1,products-service,102.14,18.48
1789599926.18,research-api-inventory-service-1,inventory-service,29.62,13.47
1789599926.18,research-api-grafana-1,grafana,0.31,43.27
1789599926.18,research-api-users-service-1,users-service,89.57,16.99
1789599926.18,research-api-postgres-1,postgres,148.59,163.6
1789599926.18,research-api-prometheus-1,prometheus,0.12,41.46
1789599926.18,research-api-cadvisor-1,cadvisor,0.0,20.85
1789599931.227,research-api-nginx-1,nginx,129.25,21.86
1789599931.227,research-api-orders-service-1,orders-service,377.74,40.23
1789599931.227,research-api-products-service-1,products-service,80.72,17.84
1789599931.227,research-api-inventory-service-1,inventory-service,22.42,11.96
1789599931.227,research-api-grafana-1,grafana,0.06,43.27
1789599931.227,research-api-users-service-1,users-service,78.86,16.72
1789599931.227,research-api-postgres-1,postgres,124.44,163.4
1789599931.227,research-api-prometheus-1,prometheus,0.0,41.47
1789599931.227,research-api-cadvisor-1,cadvisor,0.0,20.85
1789599936.162,research-api-nginx-1,nginx,138.12,23.75
1789599936.162,research-api-orders-service-1,orders-service,378.34,40.42
1789599936.162,research-api-products-service-1,products-service,84.92,17.73
1789599936.162,research-api-inventory-service-1,inventory-service,26.66,13.82
1789599936.162,research-api-grafana-1,grafana,0.38,43.28
1789599936.162,research-api-users-service-1,users-service,82.88,16.48
1789599936.162,research-api-postgres-1,postgres,124.78,163.8
1789599936.162,research-api-prometheus-1,prometheus,0.11,41.46
1789599936.162,research-api-cadvisor-1,cadvisor,0.0,21.67
1789599941.096,research-api-nginx-1,nginx,95.72,24.26
1789599941.096,research-api-orders-service-1,orders-service,570.24,52.2
1789599941.096,research-api-products-service-1,products-service,60.54,17.13
1789599941.096,research-api-inventory-service-1,inventory-service,17.01,12.86
1789599941.096,research-api-grafana-1,grafana,0.06,43.28
1789599941.096,research-api-users-service-1,users-service,58.53,17.39
1789599941.096,research-api-postgres-1,postgres,88.38,165.0
1789599941.096,research-api-prometheus-1,prometheus,1.08,41.47
1789599941.096,research-api-cadvisor-1,cadvisor,0.0,21.71
1789599946.1,research-api-nginx-1,nginx,145.43,21.61
1789599946.1,research-api-orders-service-1,orders-service,263.55,41.85
1789599946.1,research-api-products-service-1,products-service,93.79,18.22
1789599946.1,research-api-inventory-service-1,inventory-service,23.01,13.23
1789599946.1,research-api-grafana-1,grafana,0.43,43.28
1789599946.1,research-api-users-service-1,users-service,85.81,17.57
1789599946.1,research-api-postgres-1,postgres,160.15,164.9
1789599946.1,research-api-prometheus-1,prometheus,0.1,41.47
1789599946.1,research-api-cadvisor-1,cadvisor,0.02,21.73
1789599951.192,research-api-nginx-1,nginx,115.83,23.2
1789599951.192,research-api-orders-service-1,orders-service,206.42,38.86
1789599951.192,research-api-products-service-1,products-service,76.67,18.2
1789599951.192,research-api-inventory-service-1,inventory-service,21.92,12.59
1789599951.192,research-api-grafana-1,grafana,0.03,43.28
1789599951.192,research-api-users-service-1,users-service,69.42,18.82
1789599951.192,research-api-postgres-1,postgres,117.99,165.9
1789599951.192,research-api-prometheus-1,prometheus,0.1,41.47
1789599951.192,research-api-cadvisor-1,cadvisor,0.25,21.86
1789599956.209,research-api-nginx-1,nginx,119.49,24.62
1789599956.209,research-api-orders-service-1,orders-service,498.64,45.05
1789599956.209,research-api-products-service-1,products-service,90.64,18.93
1789599956.209,research-api-inventory-service-1,inventory-service,23.39,14.11
1789599956.209,research-api-grafana-1,grafana,0.41,43.29
1789599956.209,research-api-users-service-1,users-service,64.35,16.73
1789599956.209,research-api-postgres-1,postgres,112.21,166.2
1789599956.209,research-api-prometheus-1,prometheus,0.12,40.86
1789599956.209,research-api-cadvisor-1,cadvisor,0.0,20.16
1789599961.154,research-api-nginx-1,nginx,88.41,26.15
1789599961.154,research-api-orders-service-1,orders-service,420.24,41.92
1789599961.154,research-api-products-service-1,products-service,57.32,19.05
1789599961.154,research-api-inventory-service-1,inventory-service,16.1,12.32
1789599961.154,research-api-grafana-1,grafana,0.08,43.28
1789599961.154,research-api-users-service-1,users-service,37.6,15.73
1789599961.154,research-api-postgres-1,postgres,57.05,166.1
1789599961.154,research-api-prometheus-1,prometheus,0.13,40.87
1789599961.154,research-api-cadvisor-1,cadvisor,0.0,20.16
1789599966.217,research-api-nginx-1,nginx,140.08,21.38
1789599966.217,research-api-orders-service-1,orders-service,279.25,39.68
1789599966.217,research-api-products-service-1,products-service,95.46,18.13
1789599966.217,research-api-inventory-service-1,inventory-service,27.26,13.91
1789599966.217,research-api-grafana-1,grafana,0.42,43.28
1789599966.217,research-api-users-service-1,users-service,83.05,18.25
1789599966.217,research-api-postgres-1,postgres,147.27,165.8
1789599966.217,research-api-prometheus-1,prometheus,0.1,40.87
1789599966.217,research-api-cadvisor-1,cadvisor,0.23,20.81
1789599971.261,research-api-nginx-1,nginx,159.32,22.42
1789599971.261,research-api-orders-service-1,orders-service,177.03,37.45
1789599971.261,research-api-products-service-1,products-service,100.92,18.37
1789599971.261,research-api-inventory-service-1,inventory-service,28.57,12.44
1789599971.261,research-api-grafana-1,grafana,0.03,43.28
1789599971.261,research-api-users-service-1,users-service,85.85,16.29
1789599971.261,research-api-postgres-1,postgres,141.86,167.6
1789599971.261,research-api-prometheus-1,prometheus,0.0,40.87
1789599971.261,research-api-cadvisor-1,cadvisor,0.0,20.81
1789599976.194,research-api-nginx-1,nginx,131.97,23.08
1789599976.194,research-api-orders-service-1,orders-service,353.51,38.92
1789599976.194,research-api-products-service-1,products-service,85.55,17.98
1789599976.194,research-api-inventory-service-1,inventory-service,25.71,13.89
1789599976.194,research-api-grafana-1,grafana,3.51,43.29
1789599976.194,research-api-users-service-1,users-service,79.43,19.14
1789599976.194,research-api-postgres-1,postgres,124.3,166.9
1789599976.194,research-api-prometheus-1,prometheus,0.09,40.87
1789599976.194,research-api-cadvisor-1,cadvisor,0.52,20.89
1789599981.251,research-api-nginx-1,nginx,127.06,22.23
1789599981.251,research-api-orders-service-1,orders-service,377.37,41.95
1789599981.251,research-api-products-service-1,products-service,85.92,18.96
1789599981.251,research-api-inventory-service-1,inventory-service,22.3,13.21
1789599981.251,research-api-grafana-1,grafana,0.03,43.29
1789599981.251,research-api-users-service-1,users-service,73.22,17.04
1789599981.251,research-api-postgres-1,postgres,124.06,167.9
1789599981.251,research-api-prometheus-1,prometheus,0.25,40.87
1789599981.251,research-api-cadvisor-1,cadvisor,0.0,20.89
1789599986.168,research-api-nginx-1,nginx,141.91,20.74
1789599986.168,research-api-orders-service-1,orders-service,319.59,37.61
1789599986.168,research-api-products-service-1,products-service,99.16,18.41
1789599986.168,research-api-inventory-service-1,inventory-service,23.42,14.2
1789599986.168,research-api-grafana-1,grafana,0.35,43.29
1789599986.168,research-api-users-service-1,users-service,85.94,17.33
1789599986.168,research-api-postgres-1,postgres,144.66,168.3
1789599986.168,research-api-prometheus-1,prometheus,0.11,40.87
1789599986.168,research-api-cadvisor-1,cadvisor,0.0,20.9
1789599991.172,research-api-nginx-1,nginx,159.44,21.04
1789599991.172,research-api-orders-service-1,orders-service,174.56,36.69
1789599991.172,research-api-products-service-1,products-service,99.35,19.06
1789599991.172,research-api-inventory-service-1,inventory-service,29.74,12.95
1789599991.172,research-api-grafana-1,grafana,0.07,43.29
1789599991.172,research-api-users-service-1,users-service,90.77,16.81
1789599991.172,research-api-postgres-1,postgres,148.43,169.3
1789599991.172,research-api-prometheus-1,prometheus,0.07,40.87
1789599991.172,research-api-cadvisor-1,cadvisor,0.0,20.9
1789599996.31,research-api-nginx-1,nginx,166.98,21.33
1789599996.31,research-api-orders-service-1,orders-service,267.41,39.35
1789599996.31,research-api-products-service-1,products-service,97.7,18.75
1789599996.31,research-api-inventory-service-1,inventory-service,26.86,13.97
1789599996.31,research-api-grafana-1,grafana,0.36,43.29
1789599996.31,research-api-users-service-1,users-service,87.44,16.88
1789599996.31,research-api-postgres-1,postgres,135.54,169.6
1789599996.31,research-api-prometheus-1,prometheus,0.11,40.98
1789599996.31,research-api-cadvisor-1,cadvisor,0.0,20.3
1789600001.254,research-api-nginx-1,nginx,119.45,23.05
1789600001.254,research-api-orders-service-1,orders-service,413.29,42.42
1789600001.254,research-api-products-service-1,products-service,76.12,18.4
1789600001.254,research-api-inventory-service-1,inventory-service,20.58,13.33
1789600001.254,research-api-grafana-1,grafana,0.04,43.29
1789600001.254,research-api-users-service-1,users-service,74.63,17.65
1789600001.254,research-api-postgres-1,postgres,118.7,169.8
1789600001.254,research-api-prometheus-1,prometheus,0.0,40.98
1789600001.254,research-api-cadvisor-1,cadvisor,0.0,20.3
1789600006.327,research-api-nginx-1,nginx,78.95,25.2
1789600006.327,research-api-orders-service-1,orders-service,676.48,47.17
1789600006.327,research-api-products-service-1,products-service,45.26,18.46
1789600006.327,research-api-inventory-service-1,inventory-service,13.93,13.38
1789600006.327,research-api-grafana-1,grafana,0.42,43.29
1789600006.327,research-api-users-service-1,users-service,40.48,16.93
1789600006.327,research-api-postgres-1,postgres,82.68,170.6
1789600006.327,research-api-prometheus-1,prometheus,0.11,40.98
1789600006.327,research-api-cadvisor-1,cadvisor,0.0,20.95
1789600011.303,research-api-nginx-1,nginx,136.58,21.16
1789600011.303,research-api-orders-service-1,orders-service,271.9,39.31
1789600011.303,research-api-products-service-1,products-service,93.1,18.9
1789600011.303,research-api-inventory-service-1,inventory-service,24.29,12.8
1789600011.303,research-api-grafana-1,grafana,0.04,43.29
1789600011.303,research-api-users-service-1,users-service,78.29,14.97
1789600011.303,research-api-postgres-1,postgres,138.71,170.6
1789600011.303,research-api-prometheus-1,prometheus,0.0,40.99
1789600011.303,research-api-cadvisor-1,cadvisor,0.0,20.95
1789600016.226,research-api-nginx-1,nginx,143.8,22.93
1789600016.226,research-api-orders-service-1,orders-service,339.56,41.41
1789600016.226,research-api-products-service-1,products-service,94.76,18.77
1789600016.226,research-api-inventory-service-1,inventory-service,29.05,13.36
1789600016.226,research-api-grafana-1,grafana,0.46,43.29
1789600016.226,research-api-users-service-1,users-service,82.63,18.07
1789600016.226,research-api-postgres-1,postgres,128.56,171.0
1789600016.226,research-api-prometheus-1,prometheus,0.11,40.99
1789600016.226,research-api-cadvisor-1,cadvisor,0.26,20.39
1789600021.223,research-api-nginx-1,nginx,127.52,24.31
1789600021.223,research-api-orders-service-1,orders-service,406.56,42.0
1789600021.223,research-api-products-service-1,products-service,84.13,18.5
1789600021.223,research-api-inventory-service-1,inventory-service,23.23,11.74
1789600021.223,research-api-grafana-1,grafana,0.03,43.29
1789600021.223,research-api-users-service-1,users-service,73.83,16.98
1789600021.223,research-api-postgres-1,postgres,119.77,172.4
1789600021.223,research-api-prometheus-1,prometheus,0.9,41.24
1789600021.223,research-api-cadvisor-1,cadvisor,0.0,20.39
1789600026.347,research-api-nginx-1,nginx,108.41,24.88
1789600026.347,research-api-orders-service-1,orders-service,617.22,46.31
1789600026.347,research-api-products-service-1,products-service,67.83,18.5
1789600026.347,research-api-inventory-service-1,inventory-service,17.19,13.41
1789600026.347,research-api-grafana-1,grafana,0.31,43.29
1789600026.347,research-api-users-service-1,users-service,56.46,14.86
1789600026.347,research-api-postgres-1,postgres,80.53,172.1
1789600026.347,research-api-prometheus-1,prometheus,0.11,41.22
1789600026.347,research-api-cadvisor-1,cadvisor,0.0,20.4
1789600031.282,research-api-nginx-1,nginx,98.94,20.99
1789600031.282,research-api-orders-service-1,orders-service,537.8,42.24
1789600031.282,research-api-products-service-1,products-service,70.38,18.9
1789600031.282,research-api-inventory-service-1,inventory-service,16.09,11.97
1789600031.282,research-api-grafana-1,grafana,0.04,43.29
1789600031.282,research-api-users-service-1,users-service,53.99,17.01
1789600031.282,research-api-postgres-1,postgres,100.6,172.5
1789600031.282,research-api-prometheus-1,prometheus,0.0,41.23
1789600031.282,research-api-cadvisor-1,cadvisor,0.0,20.4
1789600036.244,research-api-nginx-1,nginx,165.79,20.87
1789600036.244,research-api-orders-service-1,orders-service,533.04,45.44
1789600036.244,research-api-products-service-1,products-service,108.73,18.66
1789600036.244,research-api-inventory-service-1,inventory-service,29.8,12.92
1789600036.244,research-api-grafana-1,grafana,1.48,43.29
1789600036.244,research-api-users-service-1,users-service,95.81,16.9
1789600036.244,research-api-postgres-1,postgres,154.83,173.0
1789600036.244,research-api-prometheus-1,prometheus,0.1,41.23
1789600036.244,research-api-cadvisor-1,cadvisor,0.0,21.34
1789600041.279,research-api-nginx-1,nginx,151.71,22.34
1789600041.279,research-api-orders-service-1,orders-service,261.92,40.23
1789600041.279,research-api-products-service-1,products-service,99.02,19.16
1789600041.279,research-api-inventory-service-1,inventory-service,29.85,12.89
1789600041.279,research-api-grafana-1,grafana,0.03,43.29
1789600041.279,research-api-users-service-1,users-service,80.82,16.82
1789600041.279,research-api-postgres-1,postgres,136.24,172.9
1789600041.279,research-api-prometheus-1,prometheus,0.0,41.87
1789600041.279,research-api-cadvisor-1,cadvisor,0.0,21.34
1789600046.205,research-api-nginx-1,nginx,139.94,22.96
1789600046.205,research-api-orders-service-1,orders-service,389.04,42.73
1789600046.205,research-api-products-service-1,products-service,89.49,18.82
1789600046.205,research-api-inventory-service-1,inventory-service,26.35,13.8
1789600046.205,research-api-grafana-1,grafana,0.3,43.29
1789600046.205,research-api-users-service-1,users-service,79.27,17.55
1789600046.205,research-api-postgres-1,postgres,128.05,173.2
1789600046.205,research-api-prometheus-1,prometheus,0.1,41.86
1789600046.205,research-api-cadvisor-1,cadvisor,0.0,19.79
1789600051.289,research-api-nginx-1,nginx,126.3,24.05
1789600051.289,research-api-orders-service-1,orders-service,397.41,42.79
1789600051.289,research-api-products-service-1,products-service,85.66,19.52
1789600051.289,research-api-inventory-service-1,inventory-service,25.02,13.38
1789600051.289,research-api-grafana-1,grafana,0.04,43.29
1789600051.289,research-api-users-service-1,users-service,73.7,16.48
1789600051.289,research-api-postgres-1,postgres,119.52,174.4
1789600051.289,research-api-prometheus-1,prometheus,0.0,41.87
1789600051.289,research-api-cadvisor-1,cadvisor,0.0,19.79
1789600056.194,research-api-nginx-1,nginx,145.76,21.62
1789600056.194,research-api-orders-service-1,orders-service,256.9,37.23
1789600056.194,research-api-products-service-1,products-service,96.79,19.27
1789600056.194,research-api-inventory-service-1,inventory-service,26.31,13.73
1789600056.194,research-api-grafana-1,grafana,0.47,43.29
1789600056.194,research-api-users-service-1,users-service,87.01,16.75
1789600056.194,research-api-postgres-1,postgres,141.82,175.2
1789600056.194,research-api-prometheus-1,prometheus,0.11,41.87
1789600056.194,research-api-cadvisor-1,cadvisor,0.0,20.46
1789600061.277,research-api-nginx-1,nginx,159.57,22.31
1789600061.277,research-api-orders-service-1,orders-service,189.51,35.84
1789600061.277,research-api-products-service-1,products-service,98.99,18.25
1789600061.277,research-api-inventory-service-1,inventory-service,27.77,13.64
1789600061.277,research-api-grafana-1,grafana,0.03,43.29
1789600061.277,research-api-users-service-1,users-service,90.31,17.63
1789600061.277,research-api-postgres-1,postgres,142.52,175.2
1789600061.277,research-api-prometheus-1,prometheus,0.0,41.88
1789600061.277,research-api-cadvisor-1,cadvisor,0.0,20.46
1789600066.187,research-api-nginx-1,nginx,132.18,23.48
1789600066.187,research-api-orders-service-1,orders-service,373.99,40.19
1789600066.187,research-api-products-service-1,products-service,81.93,21.13
1789600066.187,research-api-inventory-service-1,inventory-service,22.42,12.6
1789600066.187,research-api-grafana-1,grafana,0.44,43.29
1789600066.187,research-api-users-service-1,users-service,75.87,16.97
1789600066.187,research-api-postgres-1,postgres,154.72,175.3
1789600066.187,research-api-prometheus-1,prometheus,0.1,41.88
1789600066.187,research-api-cadvisor-1,cadvisor,0.0,20.54
1789600071.187,research-api-nginx-1,nginx,105.23,25.86
1789600071.187,research-api-orders-service-1,orders-service,548.79,45.9
1789600071.187,research-api-products-service-1,products-service,71.19,20.45
1789600071.187,research-api-inventory-service-1,inventory-service,18.95,12.91
1789600071.187,research-api-grafana-1,grafana,0.03,43.29
1789600071.187,research-api-users-service-1,users-service,58.11,15.56
1789600071.187,research-api-postgres-1,postgres,95.92,176.7
1789600071.187,research-api-prometheus-1,prometheus,0.09,41.88
1789600071.187,research-api-cadvisor-1,cadvisor,0.0,20.54
1789600076.401,research-api-nginx-1,nginx,102.39,22.15
1789600076.401,research-api-orders-service-1,orders-service,517.12,40.18
1789600076.401,research-api-products-service-1,products-service,65.73,18.94
1789600076.401,research-api-inventory-service-1,inventory-service,18.29,13.35
1789600076.401,research-api-grafana-1,grafana,0.04,43.29
1789600076.401,research-api-users-service-1,users-service,59.52,17.71
1789600076.401,research-api-postgres-1,postgres,108.93,176.0
1789600076.401,research-api-prometheus-1,prometheus,0.12,41.65
1789600076.401,research-api-cadvisor-1,cadvisor,0.29,20.54
1789600081.207,research-api-nginx-1,nginx,146.42,22.68
1789600081.207,research-api-orders-service-1,orders-service,160.47,37.71
1789600081.207,research-api-products-service-1,products-service,102.19,19.11
1789600081.207,research-api-inventory-service-1,inventory-service,25.76,13.23
1789600081.207,research-api-grafana-1,grafana,0.09,43.29
1789600081.207,research-api-users-service-1,users-service,83.47,17.24
1789600081.207,research-api-postgres-1,postgres,147.1,176.9
1789600081.207,research-api-prometheus-1,prometheus,0.0,41.65
1789600081.207,research-api-cadvisor-1,cadvisor,0.0,20.54
1789600086.331,research-api-nginx-1,nginx,137.07,23.15
1789600086.331,research-api-orders-service-1,orders-service,350.06,43.22
1789600086.331,research-api-products-service-1,products-service,96.64,19.52
1789600086.331,research-api-inventory-service-1,inventory-service,24.63,14.09
1789600086.331,research-api-grafana-1,grafana,0.33,43.29
1789600086.331,research-api-users-service-1,users-service,79.29,16.62
1789600086.331,research-api-postgres-1,postgres,127.08,177.6
1789600086.331,research-api-prometheus-1,prometheus,0.08,41.65
1789600086.331,research-api-cadvisor-1,cadvisor,0.0,21.25
1789600091.308,research-api-nginx-1,nginx,95.53,24.6
1789600091.308,research-api-orders-service-1,orders-service,501.53,43.77
1789600091.308,research-api-products-service-1,products-service,68.67,19.51
1789600091.308,research-api-inventory-service-1,inventory-service,19.0,12.88
1789600091.308,research-api-grafana-1,grafana,0.13,43.29
1789600091.308,research-api-users-service-1,users-service,59.65,16.59
1789600091.308,research-api-postgres-1,postgres,107.69,178.4
1789600091.308,research-api-prometheus-1,prometheus,0.0,41.64
1789600091.308,research-api-cadvisor-1,cadvisor,0.0,21.25
1789600096.331,research-api-nginx-1,nginx,99.18,25.7
1789600096.331,research-api-orders-service-1,orders-service,651.2,46.35
1789600096.331,research-api-products-service-1,products-service,64.33,17.73
1789600096.331,research-api-inventory-service-1,inventory-service,19.15,14.11
1789600096.331,research-api-grafana-1,grafana,5.11,43.29
1789600096.331,research-api-users-service-1,users-service,48.66,17.27
1789600096.331,research-api-postgres-1,postgres,75.31,178.5
1789600096.331,research-api-prometheus-1,prometheus,0.1,41.64
1789600096.331,research-api-cadvisor-1,cadvisor,0.25,21.25
1789600101.337,research-api-nginx-1,nginx,132.47,22.7
1789600101.337,research-api-orders-service-1,orders-service,274.12,38.18
1789600101.337,research-api-products-service-1,products-service,89.7,18.44
1789600101.337,research-api-inventory-service-1,inventory-service,26.33,12.61
1789600101.337,research-api-grafana-1,grafana,0.06,43.29
1789600101.337,research-api-users-service-1,users-service,70.94,16.09
1789600101.337,research-api-postgres-1,postgres,129.94,178.2
1789600101.337,research-api-prometheus-1,prometheus,0.0,41.65
1789600101.337,research-api-cadvisor-1,cadvisor,0.0,21.25
1789600106.415,research-api-nginx-1,nginx,129.61,21.1
1789600106.415,research-api-orders-service-1,orders-service,169.76,37.74
1789600106.415,research-api-products-service-1,products-service,104.37,18.18
1789600106.415,research-api-inventory-service-1,inventory-service,30.34,13.08
1789600106.415,research-api-grafana-1,grafana,0.03,43.3
1789600106.415,research-api-users-service-1,users-service,89.22,17.3
1789600106.415,research-api-postgres-1,postgres,144.18,180.3
1789600106.415,research-api-prometheus-1,prometheus,0.11,41.65
1789600106.415,research-api-cadvisor-1,cadvisor,0.0,21.62
1789600111.276,research-api-nginx-1,nginx,144.17,22.36
1789600111.276,research-api-orders-service-1,orders-service,340.71,39.21
1789600111.276,research-api-products-service-1,products-service,92.45,18.76
1789600111.276,research-api-inventory-service-1,inventory-service,25.35,12.77
1789600111.276,research-api-grafana-1,grafana,0.06,43.3
1789600111.276,research-api-users-service-1,users-service,78.64,16.74
1789600111.276,research-api-postgres-1,postgres,124.11,179.7
1789600111.276,research-api-prometheus-1,prometheus,0.0,41.66
1789600111.276,research-api-cadvisor-1,cadvisor,0.0,21.62
1789600116.26,research-api-nginx-1,nginx,165.15,22.8
1789600116.26,research-api-orders-service-1,orders-service,378.69,38.8
1789600116.26,research-api-products-service-1,products-service,88.65,18.84
1789600116.26,research-api-inventory-service-1,inventory-service,25.21,13.91
1789600116.26,research-api-grafana-1,grafana,0.4,43.3
1789600116.26,research-api-users-service-1,users-service,84.85,17.8
1789600116.26,research-api-postgres-1,postgres,126.49,180.9
1789600116.26,research-api-prometheus-1,prometheus,0.1,41.65
1789600116.26,research-api-cadvisor-1,cadvisor,0.0,21.79
1789600121.268,research-api-nginx-1,nginx,118.78,21.55
1789600121.268,research-api-orders-service-1,orders-service,356.25,37.02
1789600121.268,research-api-products-service-1,products-service,80.57,19.35
1789600121.268,research-api-inventory-service-1,inventory-service,22.88,13.53
1789600121.268,research-api-grafana-1,grafana,0.06,43.3
1789600121.268,research-api-users-service-1,users-service,69.18,16.52
1789600121.268,research-api-postgres-1,postgres,130.76,179.9
1789600121.268,research-api-prometheus-1,prometheus,0.0,41.66
1789600121.268,research-api-cadvisor-1,cadvisor,0.0,21.79
1789600126.291,research-api-nginx-1,nginx,160.39,21.96
1789600126.291,research-api-orders-service-1,orders-service,165.76,38.0
1789600126.291,research-api-products-service-1,products-service,96.98,17.75
1789600126.291,research-api-inventory-service-1,inventory-service,27.59,14.91
1789600126.291,research-api-grafana-1,grafana,0.4,43.3
1789600126.291,research-api-users-service-1,users-service,89.77,17.42
1789600126.291,research-api-postgres-1,postgres,180.6,181.1
1789600126.291,research-api-prometheus-1,prometheus,0.1,41.65
1789600126.291,research-api-cadvisor-1,cadvisor,0.0,21.8
1789600131.307,research-api-nginx-1,nginx,131.02,23.32
1789600131.307,research-api-orders-service-1,orders-service,379.86,42.75
1789600131.307,research-api-products-service-1,products-service,80.89,18.18
1789600131.307,research-api-inventory-service-1,inventory-service,21.66,12.82
1789600131.307,research-api-grafana-1,grafana,0.03,43.3
1789600131.307,research-api-users-service-1,users-service,79.2,16.55
1789600131.307,research-api-postgres-1,postgres,119.49,181.7
1789600131.307,research-api-prometheus-1,prometheus,0.0,41.65
1789600131.307,research-api-cadvisor-1,cadvisor,0.39,21.83
1789600136.335,research-api-nginx-1,nginx,124.82,22.83
1789600136.335,research-api-orders-service-1,orders-service,426.09,38.22
1789600136.335,research-api-products-service-1,products-service,82.51,18.01
1789600136.335,research-api-inventory-service-1,inventory-service,22.58,13.69
1789600136.335,research-api-grafana-1,grafana,0.4,43.3
1789600136.335,research-api-users-service-1,users-service,67.42,17.43
1789600136.335,research-api-postgres-1,postgres,121.33,182.4
1789600136.335,research-api-prometheus-1,prometheus,0.11,41.65
1789600136.335,research-api-cadvisor-1,cadvisor,0.01,22.0
1789600141.263,research-api-nginx-1,nginx,79.46,25.77
1789600141.263,research-api-orders-service-1,orders-service,716.63,58.88
1789600141.263,research-api-products-service-1,products-service,42.43,19.36
1789600141.263,research-api-inventory-service-1,inventory-service,13.87,12.66
1789600141.263,research-api-grafana-1,grafana,0.06,43.3
1789600141.263,research-api-users-service-1,users-service,35.19,15.66
1789600141.263,research-api-postgres-1,postgres,36.92,182.4
1789600141.263,research-api-prometheus-1,prometheus,0.0,41.65
1789600141.263,research-api-cadvisor-1,cadvisor,0.0,22.0
1789600146.291,research-api-nginx-1,nginx,122.15,21.48
1789600146.291,research-api-orders-service-1,orders-service,367.03,43.28
1789600146.291,research-api-products-service-1,products-service,85.48,17.64
1789600146.291,research-api-inventory-service-1,inventory-service,19.4,12.8
1789600146.291,research-api-grafana-1,grafana,0.3,43.3
1789600146.291,research-api-users-service-1,users-service,76.22,16.83
1789600146.291,research-api-postgres-1,postgres,128.34,183.2
1789600146.291,research-api-prometheus-1,prometheus,0.11,41.66
1789600146.291,research-api-cadvisor-1,cadvisor,0.0,22.03
1789600151.296,research-api-nginx-1,nginx,137.5,22.19
1789600151.296,research-api-orders-service-1,orders-service,247.33,40.77
1789600151.296,research-api-products-service-1,products-service,88.06,18.34
1789600151.296,research-api-inventory-service-1,inventory-service,24.87,13.96
1789600151.296,research-api-grafana-1,grafana,0.16,43.3
1789600151.296,research-api-users-service-1,users-service,81.27,16.98
1789600151.296,research-api-postgres-1,postgres,124.21,183.3
1789600151.296,research-api-prometheus-1,prometheus,0.0,41.65
1789600151.296,research-api-cadvisor-1,cadvisor,0.0,22.03
1789600156.257,research-api-nginx-1,nginx,131.76,20.55
1789600156.257,research-api-orders-service-1,orders-service,159.84,37.03
1789600156.257,research-api-products-service-1,products-service,85.83,17.18
1789600156.257,research-api-inventory-service-1,inventory-service,24.86,14.08
1789600156.257,research-api-grafana-1,grafana,1.23,43.3
1789600156.257,research-api-users-service-1,users-service,80.88,18.27
1789600156.257,research-api-postgres-1,postgres,114.35,184.0
1789600156.257,research-api-prometheus-1,prometheus,0.11,41.65
1789600156.257,research-api-cadvisor-1,cadvisor,0.0,20.34
1789600161.245,research-api-nginx-1,nginx,119.71,20.61
1789600161.245,research-api-orders-service-1,orders-service,348.92,39.22
1789600161.245,research-api-products-service-1,products-service,73.93,18.04
1789600161.245,research-api-inventory-service-1,inventory-service,19.59,13.57
1789600161.245,research-api-grafana-1,grafana,0.04,43.3
1789600161.245,research-api-users-service-1,users-service,69.45,16.72
1789600161.245,research-api-postgres-1,postgres,99.94,184.2
1789600161.245,research-api-prometheus-1,prometheus,0.15,41.65
1789600161.245,research-api-cadvisor-1,cadvisor,0.0,20.34
1789600166.171,research-api-nginx-1,nginx,100.58,20.5
1789600166.171,research-api-orders-service-1,orders-service,284.16,34.71
1789600166.171,research-api-products-service-1,products-service,66.7,17.21
1789600166.171,research-api-inventory-service-1,inventory-service,17.24,13.59
1789600166.171,research-api-grafana-1,grafana,0.36,43.3
1789600166.171,research-api-users-service-1,users-service,59.67,15.11
1789600166.171,research-api-postgres-1,postgres,82.77,184.9
1789600166.171,research-api-prometheus-1,prometheus,0.12,41.66
1789600166.171,research-api-cadvisor-1,cadvisor,0.0,19.7
1789600171.158,research-api-nginx-1,nginx,71.24,20.85
1789600171.158,research-api-orders-service-1,orders-service,95.75,33.96
1789600171.158,research-api-products-service-1,products-service,50.58,17.52
1789600171.158,research-api-inventory-service-1,inventory-service,13.33,12.44
1789600171.158,research-api-grafana-1,grafana,0.07,43.3
1789600171.158,research-api-users-service-1,users-service,49.31,14.76
1789600171.158,research-api-postgres-1,postgres,61.27,184.3
1789600171.158,research-api-prometheus-1,prometheus,0.11,41.65
1789600171.158,research-api-cadvisor-1,cadvisor,0.0,19.7
1789600176.076,research-api-nginx-1,nginx,26.58,20.54
1789600176.076,research-api-orders-service-1,orders-service,36.5,33.88
1789600176.076,research-api-products-service-1,products-service,21.46,16.64
1789600176.076,research-api-inventory-service-1,inventory-service,4.95,13.8
1789600176.076,research-api-grafana-1,grafana,0.03,43.3
1789600176.076,research-api-users-service-1,users-service,22.5,15.75
1789600176.076,research-api-postgres-1,postgres,27.43,184.5
1789600176.076,research-api-prometheus-1,prometheus,0.13,41.65
1789600176.076,research-api-cadvisor-1,cadvisor,0.0,20.33
1789600181.079,research-api-nginx-1,nginx,0.0,15.94
1789600181.079,research-api-orders-service-1,orders-service,0.0,31.77
1789600181.079,research-api-products-service-1,products-service,1.07,16.7
1789600181.079,research-api-inventory-service-1,inventory-service,0.02,13.3
1789600181.079,research-api-grafana-1,grafana,0.04,43.31
1789600181.079,research-api-users-service-1,users-service,0.0,14.1
1789600181.079,research-api-postgres-1,postgres,4.1,183.3
1789600181.079,research-api-prometheus-1,prometheus,1.08,41.91
1789600181.079,research-api-cadvisor-1,cadvisor,0.0,20.33
