timestamp,container,service,cpu_percent,memory_mb
1789453628.581,research-api-nginx-1,nginx,2.37,12.82
1789453628.581,research-api-products-service-1,products-service,1.57,7.316
1789453628.581,research-api-monolith-partial-1,monolith-partial,1.24,5.797
1789453628.581,research-api-users-service-1,users-service,1.43,6.195
1789453628.581,research-api-grafana-1,grafana,0.04,50.28
1789453628.581,research-api-postgres-1,postgres,1.85,31.66
1789453628.581,research-api-prometheus-1,prometheus,0.0,26.41
1789453628.581,research-api-cadvisor-1,cadvisor,0.0,15.7
1789453633.577,research-api-nginx-1,nginx,7.46,14.64
1789453633.577,research-api-products-service-1,products-service,3.23,7.961
1789453633.577,research-api-monolith-partial-1,monolith-partial,7.77,9.469
1789453633.577,research-api-users-service-1,users-service,4.16,7.0
1789453633.577,research-api-grafana-1,grafana,0.04,50.36
1789453633.577,research-api-postgres-1,postgres,9.03,37.69
1789453633.577,research-api-prometheus-1,prometheus,0.0,26.43
1789453633.577,research-api-cadvisor-1,cadvisor,0.0,16.61
1789453638.579,research-api-nginx-1,nginx,11.85,14.45
1789453638.579,research-api-products-service-1,products-service,7.66,8.836
1789453638.579,research-api-monolith-partial-1,monolith-partial,12.53,10.3
1789453638.579,research-api-users-service-1,users-service,6.42,8.656
1789453638.579,research-api-grafana-1,grafana,0.06,50.36
1789453638.579,research-api-postgres-1,postgres,11.7,40.21
1789453638.579,research-api-prometheus-1,prometheus,0.0,27.94
1789453638.579,research-api-cadvisor-1,cadvisor,0.0,16.47
1789453643.578,research-api-nginx-1,nginx,15.32,14.01
1789453643.578,research-api-products-service-1,products-service,9.13,8.949
1789453643.578,research-api-monolith-partial-1,monolith-partial,16.17,10.08
1789453643.578,research-api-users-service-1,users-service,6.61,9.246
1789453643.578,research-api-grafana-1,grafana,0.04,50.42
1789453643.578,research-api-postgres-1,postgres,16.96,47.93
1789453643.578,research-api-prometheus-1,prometheus,0.0,28.03
1789453643.578,research-api-cadvisor-1,cadvisor,0.0,17.01
1789453648.568,research-api-nginx-1,nginx,18.25,14.73
1789453648.568,research-api-products-service-1,products-service,13.71,10.04
1789453648.568,research-api-monolith-partial-1,monolith-partial,18.41,11.21
1789453648.568,research-api-users-service-1,users-service,8.38,9.684
1789453648.568,research-api-grafana-1,grafana,0.06,50.42
1789453648.568,research-api-postgres-1,postgres,17.97,50.95
1789453648.568,research-api-prometheus-1,prometheus,0.0,28.85
1789453648.568,research-api-cadvisor-1,cadvisor,0.0,17.01
1789453653.593,research-api-nginx-1,nginx,19.8,14.94
1789453653.593,research-api-products-service-1,products-service,13.1,10.31
1789453653.593,research-api-monolith-partial-1,monolith-partial,20.08,11.54
1789453653.593,research-api-users-service-1,users-service,9.17,9.777
1789453653.593,research-api-grafana-1,grafana,0.06,50.54
1789453653.593,research-api-postgres-1,postgres,26.67,56.86
1789453653.593,research-api-prometheus-1,prometheus,0.0,29.04
1789453653.593,research-api-cadvisor-1,cadvisor,0.0,17.74
1789453658.566,research-api-nginx-1,nginx,24.39,15.21
1789453658.566,research-api-products-service-1,products-service,15.41,11.16
1789453658.566,research-api-monolith-partial-1,monolith-partial,28.41,12.4
1789453658.566,research-api-users-service-1,users-service,13.8,11.67
1789453658.566,research-api-grafana-1,grafana,0.04,50.54
1789453658.566,research-api-postgres-1,postgres,29.83,69.3
1789453658.566,research-api-prometheus-1,prometheus,0.0,29.14
1789453658.566,research-api-cadvisor-1,cadvisor,0.0,17.74
1789453663.582,research-api-nginx-1,nginx,23.41,15.09
1789453663.582,research-api-products-service-1,products-service,17.74,11.03
1789453663.582,research-api-monolith-partial-1,monolith-partial,26.68,12.01
1789453663.582,research-api-users-service-1,users-service,12.03,9.336
1789453663.582,research-api-grafana-1,grafana,0.04,50.71
1789453663.582,research-api-postgres-1,postgres,26.79,70.5
1789453663.582,research-api-prometheus-1,prometheus,0.17,29.38
1789453663.582,research-api-cadvisor-1,cadvisor,0.02,16.12
1789453668.63,research-api-nginx-1,nginx,29.31,14.66
1789453668.63,research-api-products-service-1,products-service,16.02,12.18
1789453668.63,research-api-monolith-partial-1,monolith-partial,29.03,11.97
1789453668.63,research-api-users-service-1,users-service,13.66,10.62
1789453668.63,research-api-grafana-1,grafana,0.12,50.71
1789453668.63,research-api-postgres-1,postgres,32.03,73.65
1789453668.63,research-api-prometheus-1,prometheus,0.0,29.39
1789453668.63,research-api-cadvisor-1,cadvisor,0.0,16.12
1789453673.601,research-api-nginx-1,nginx,25.07,15.2
1789453673.601,research-api-products-service-1,products-service,13.25,11.18
1789453673.601,research-api-monolith-partial-1,monolith-partial,25.24,14.2
1789453673.601,research-api-users-service-1,users-service,13.78,10.5
1789453673.601,research-api-grafana-1,grafana,0.09,50.8
1789453673.601,research-api-postgres-1,postgres,27.86,75.35
1789453673.601,research-api-prometheus-1,prometheus,0.0,29.4
1789453673.601,research-api-cadvisor-1,cadvisor,0.0,16.17
1789453678.611,research-api-nginx-1,nginx,26.84,15.46
1789453678.611,research-api-products-service-1,products-service,19.71,10.68
1789453678.611,research-api-monolith-partial-1,monolith-partial,29.97,13.89
1789453678.611,research-api-users-service-1,users-service,14.16,11.53
1789453678.611,research-api-grafana-1,grafana,0.05,50.8
1789453678.611,research-api-postgres-1,postgres,31.84,75.09
1789453678.611,research-api-prometheus-1,prometheus,0.0,29.42
1789453678.611,research-api-cadvisor-1,cadvisor,0.0,16.17
1789453683.6,research-api-nginx-1,nginx,26.97,15.73
1789453683.6,research-api-products-service-1,products-service,18.58,11.1
1789453683.6,research-api-monolith-partial-1,monolith-partial,27.63,13.46
1789453683.6,research-api-users-service-1,users-service,14.55,10.25
1789453683.6,research-api-grafana-1,grafana,0.13,50.89
1789453683.6,research-api-postgres-1,postgres,26.59,77.5
1789453683.6,research-api-prometheus-1,prometheus,0.0,29.42
1789453683.6,research-api-cadvisor-1,cadvisor,0.0,17.23
1789453688.61,research-api-nginx-1,nginx,30.2,15.0
1789453688.61,research-api-products-service-1,products-service,15.41,11.77
1789453688.61,research-api-monolith-partial-1,monolith-partial,31.14,14.93
1789453688.61,research-api-users-service-1,users-service,15.15,11.54
1789453688.61,research-api-grafana-1,grafana,0.05,50.89
1789453688.61,research-api-postgres-1,postgres,35.63,78.56
1789453688.61,research-api-prometheus-1,prometheus,0.0,30.27
1789453688.61,research-api-cadvisor-1,cadvisor,0.0,17.23
1789453693.592,research-api-nginx-1,nginx,19.88,16.22
1789453693.592,research-api-products-service-1,products-service,14.35,11.7
1789453693.592,research-api-monolith-partial-1,monolith-partial,21.02,14.54
1789453693.592,research-api-users-service-1,users-service,11.79,10.61
1789453693.592,research-api-grafana-1,grafana,0.75,51.22
1789453693.592,research-api-postgres-1,postgres,28.23,79.44
1789453693.592,research-api-prometheus-1,prometheus,0.0,30.28
1789453693.592,research-api-cadvisor-1,cadvisor,0.0,17.91
1789453698.583,research-api-nginx-1,nginx,22.1,16.41
1789453698.583,research-api-products-service-1,products-service,14.29,11.55
1789453698.583,research-api-monolith-partial-1,monolith-partial,24.36,16.3
1789453698.583,research-api-users-service-1,users-service,14.49,11.38
1789453698.583,research-api-grafana-1,grafana,0.04,51.22
1789453698.583,research-api-postgres-1,postgres,28.73,83.58
1789453698.583,research-api-prometheus-1,prometheus,0.0,31.02
1789453698.583,research-api-cadvisor-1,cadvisor,0.0,17.91
1789453703.578,research-api-nginx-1,nginx,26.84,16.17
1789453703.578,research-api-products-service-1,products-service,17.66,12.05
1789453703.578,research-api-monolith-partial-1,monolith-partial,28.54,16.48
1789453703.578,research-api-users-service-1,users-service,14.42,11.09
1789453703.578,research-api-grafana-1,grafana,0.05,51.3
1789453703.578,research-api-postgres-1,postgres,32.34,83.87
1789453703.578,research-api-prometheus-1,prometheus,0.0,31.03
1789453703.578,research-api-cadvisor-1,cadvisor,0.46,18.0
1789453708.585,research-api-nginx-1,nginx,24.3,15.2
1789453708.585,research-api-products-service-1,products-service,17.82,12.01
1789453708.585,research-api-monolith-partial-1,monolith-partial,30.03,15.74
1789453708.585,research-api-users-service-1,users-service,10.83,11.66
1789453708.585,research-api-grafana-1,grafana,0.06,51.3
1789453708.585,research-api-postgres-1,postgres,33.76,84.14
1789453708.585,research-api-prometheus-1,prometheus,0.0,31.14
1789453708.585,research-api-cadvisor-1,cadvisor,0.0,18.0
1789453713.605,research-api-nginx-1,nginx,27.07,16.45
1789453713.605,research-api-products-service-1,products-service,19.5,11.99
1789453713.605,research-api-monolith-partial-1,monolith-partial,27.35,15.69
1789453713.605,research-api-users-service-1,users-service,14.42,9.758
1789453713.605,research-api-grafana-1,grafana,0.09,51.36
1789453713.605,research-api-postgres-1,postgres,38.52,84.39
1789453713.605,research-api-prometheus-1,prometheus,0.0,31.14
1789453713.605,research-api-cadvisor-1,cadvisor,0.0,18.12
1789453718.6,research-api-nginx-1,nginx,26.25,15.85
1789453718.6,research-api-products-service-1,products-service,16.68,11.88
1789453718.6,research-api-monolith-partial-1,monolith-partial,24.48,16.2
1789453718.6,research-api-users-service-1,users-service,15.19,11.2
1789453718.6,research-api-grafana-1,grafana,0.07,51.36
1789453718.6,research-api-postgres-1,postgres,31.18,84.2
1789453718.6,research-api-prometheus-1,prometheus,0.0,31.42
1789453718.6,research-api-cadvisor-1,cadvisor,0.01,18.14
1789453723.618,research-api-nginx-1,nginx,26.91,16.14
1789453723.618,research-api-products-service-1,products-service,19.33,12.08
1789453723.618,research-api-monolith-partial-1,monolith-partial,27.85,15.95
1789453723.618,research-api-users-service-1,users-service,15.98,10.68
1789453723.618,research-api-grafana-1,grafana,0.06,52.22
1789453723.618,research-api-postgres-1,postgres,32.06,84.46
1789453723.618,research-api-prometheus-1,prometheus,0.0,31.47
1789453723.618,research-api-cadvisor-1,cadvisor,0.0,18.0
1789453728.626,research-api-nginx-1,nginx,26.01,16.08
1789453728.626,research-api-products-service-1,products-service,18.34,12.5
1789453728.626,research-api-monolith-partial-1,monolith-partial,25.97,15.19
1789453728.626,research-api-users-service-1,users-service,15.0,12.37
1789453728.626,research-api-grafana-1,grafana,0.09,52.22
1789453728.626,research-api-postgres-1,postgres,28.3,85.33
1789453728.626,research-api-prometheus-1,prometheus,0.0,31.75
1789453728.626,research-api-cadvisor-1,cadvisor,0.0,18.0
1789453733.613,research-api-nginx-1,nginx,22.68,16.61
1789453733.613,research-api-products-service-1,products-service,14.71,12.14
1789453733.613,research-api-monolith-partial-1,monolith-partial,25.65,16.59
1789453733.613,research-api-users-service-1,users-service,11.89,10.37
1789453733.613,research-api-grafana-1,grafana,0.05,52.23
1789453733.613,research-api-postgres-1,postgres,28.42,85.19
1789453733.613,research-api-prometheus-1,prometheus,0.0,31.77
1789453733.613,research-api-cadvisor-1,cadvisor,0.0,17.35
1789453738.604,research-api-nginx-1,nginx,25.23,16.12
1789453738.604,research-api-products-service-1,products-service,21.09,11.79
1789453738.604,research-api-monolith-partial-1,monolith-partial,29.7,16.55
1789453738.604,research-api-users-service-1,users-service,19.38,12.61
1789453738.604,research-api-grafana-1,grafana,0.04,52.23
1789453738.604,research-api-postgres-1,postgres,35.58,85.18
1789453738.604,research-api-prometheus-1,prometheus,0.0,32.13
1789453738.604,research-api-cadvisor-1,cadvisor,0.0,17.35
1789453743.609,research-api-nginx-1,nginx,27.21,15.5
1789453743.609,research-api-products-service-1,products-service,14.53,12.57
1789453743.609,research-api-monolith-partial-1,monolith-partial,31.07,16.46
1789453743.609,research-api-users-service-1,users-service,16.41,10.03
1789453743.609,research-api-grafana-1,grafana,0.06,52.25
1789453743.609,research-api-postgres-1,postgres,31.34,84.29
1789453743.609,research-api-prometheus-1,prometheus,0.0,32.17
1789453743.609,research-api-cadvisor-1,cadvisor,0.38,17.36
1789453748.601,research-api-nginx-1,nginx,26.27,15.72
1789453748.601,research-api-products-service-1,products-service,18.93,12.16
1789453748.601,research-api-monolith-partial-1,monolith-partial,26.46,16.81
1789453748.601,research-api-users-service-1,users-service,14.7,11.95
1789453748.601,research-api-grafana-1,grafana,0.04,52.25
1789453748.601,research-api-postgres-1,postgres,26.56,84.52
1789453748.601,research-api-prometheus-1,prometheus,0.0,33.63
1789453748.601,research-api-cadvisor-1,cadvisor,0.0,17.36
1789453753.616,research-api-nginx-1,nginx,28.72,16.21
1789453753.616,research-api-products-service-1,products-service,14.5,11.98
1789453753.616,research-api-monolith-partial-1,monolith-partial,30.42,16.97
1789453753.616,research-api-users-service-1,users-service,16.38,11.42
1789453753.616,research-api-grafana-1,grafana,0.04,52.28
1789453753.616,research-api-postgres-1,postgres,37.6,85.03
1789453753.616,research-api-prometheus-1,prometheus,0.0,33.66
1789453753.616,research-api-cadvisor-1,cadvisor,0.0,17.47
1789453758.606,research-api-nginx-1,nginx,28.2,16.39
1789453758.606,research-api-products-service-1,products-service,17.89,12.98
1789453758.606,research-api-monolith-partial-1,monolith-partial,33.51,17.32
1789453758.606,research-api-users-service-1,users-service,14.8,12.5
1789453758.606,research-api-grafana-1,grafana,0.07,52.28
1789453758.606,research-api-postgres-1,postgres,30.5,85.16
1789453758.606,research-api-prometheus-1,prometheus,0.0,33.86
1789453758.606,research-api-cadvisor-1,cadvisor,0.0,17.47
1789453763.592,research-api-nginx-1,nginx,23.57,16.56
1789453763.592,research-api-products-service-1,products-service,17.77,13.02
1789453763.592,research-api-monolith-partial-1,monolith-partial,23.16,16.5
1789453763.592,research-api-users-service-1,users-service,13.59,11.63
1789453763.592,research-api-grafana-1,grafana,0.08,52.29
1789453763.592,research-api-postgres-1,postgres,25.21,88.24
1789453763.592,research-api-prometheus-1,prometheus,0.0,33.86
1789453763.592,research-api-cadvisor-1,cadvisor,0.0,18.14
1789453768.59,research-api-nginx-1,nginx,28.55,16.3
1789453768.59,research-api-products-service-1,products-service,21.28,12.11
1789453768.59,research-api-monolith-partial-1,monolith-partial,31.85,15.73
1789453768.59,research-api-users-service-1,users-service,14.95,12.21
1789453768.59,research-api-grafana-1,grafana,0.05,52.29
1789453768.59,research-api-postgres-1,postgres,29.57,88.56
1789453768.59,research-api-prometheus-1,prometheus,0.0,33.88
1789453768.59,research-api-cadvisor-1,cadvisor,0.0,18.14
1789453773.599,research-api-nginx-1,nginx,22.57,16.38
1789453773.599,research-api-products-service-1,products-service,14.72,12.82
1789453773.599,research-api-monolith-partial-1,monolith-partial,24.64,16.14
1789453773.599,research-api-users-service-1,users-service,13.54,10.87
1789453773.599,research-api-grafana-1,grafana,0.09,52.29
1789453773.599,research-api-postgres-1,postgres,25.31,88.97
1789453773.599,research-api-prometheus-1,prometheus,0.0,33.88
1789453773.599,research-api-cadvisor-1,cadvisor,0.0,18.47
1789453778.599,research-api-nginx-1,nginx,19.66,15.78
1789453778.599,research-api-products-service-1,products-service,14.11,13.47
1789453778.599,research-api-monolith-partial-1,monolith-partial,20.73,16.0
1789453778.599,research-api-users-service-1,users-service,10.26,11.9
1789453778.599,research-api-grafana-1,grafana,0.06,52.29
1789453778.599,research-api-postgres-1,postgres,19.82,88.35
1789453778.599,research-api-prometheus-1,prometheus,0.0,33.97
1789453778.599,research-api-cadvisor-1,cadvisor,0.0,18.48
1789453783.603,research-api-nginx-1,nginx,25.92,16.62
1789453783.603,research-api-products-service-1,products-service,12.85,11.85
1789453783.603,research-api-monolith-partial-1,monolith-partial,19.92,16.11
1789453783.603,research-api-users-service-1,users-service,11.0,10.73
1789453783.603,research-api-grafana-1,grafana,0.04,52.36
1789453783.603,research-api-postgres-1,postgres,20.14,88.66
1789453783.603,research-api-prometheus-1,prometheus,0.0,33.97
1789453783.603,research-api-cadvisor-1,cadvisor,0.0,19.14
1789453788.604,research-api-nginx-1,nginx,28.79,15.03
1789453788.604,research-api-products-service-1,products-service,19.79,11.55
1789453788.604,research-api-monolith-partial-1,monolith-partial,28.79,17.26
1789453788.604,research-api-users-service-1,users-service,13.51,11.67
1789453788.604,research-api-grafana-1,grafana,0.07,52.36
1789453788.604,research-api-postgres-1,postgres,31.19,88.77
1789453788.604,research-api-prometheus-1,prometheus,0.0,34.02
1789453788.604,research-api-cadvisor-1,cadvisor,0.0,19.14
1789453793.602,research-api-nginx-1,nginx,29.82,15.81
1789453793.602,research-api-products-service-1,products-service,18.98,12.9
1789453793.602,research-api-monolith-partial-1,monolith-partial,30.52,17.97
1789453793.602,research-api-users-service-1,users-service,16.89,11.58
1789453793.602,research-api-grafana-1,grafana,0.05,52.36
1789453793.602,research-api-postgres-1,postgres,31.6,88.69
1789453793.602,research-api-prometheus-1,prometheus,0.0,34.02
1789453793.602,research-api-cadvisor-1,cadvisor,0.0,19.23
1789453798.6,research-api-nginx-1,nginx,30.05,15.91
1789453798.6,research-api-products-service-1,products-service,19.04,11.32
1789453798.6,research-api-monolith-partial-1,monolith-partial,33.09,16.79
1789453798.6,research-api-users-service-1,users-service,16.58,11.62
1789453798.6,research-api-grafana-1,grafana,0.04,52.36
1789453798.6,research-api-postgres-1,postgres,30.48,89.59
1789453798.6,research-api-prometheus-1,prometheus,0.0,34.04
1789453798.6,research-api-cadvisor-1,cadvisor,0.28,19.23
1789453803.605,research-api-nginx-1,nginx,30.59,15.72
1789453803.605,research-api-products-service-1,products-service,20.5,12.18
1789453803.605,research-api-monolith-partial-1,monolith-partial,26.05,18.0
1789453803.605,research-api-users-service-1,users-service,17.84,12.15
1789453803.605,research-api-grafana-1,grafana,0.06,52.41
1789453803.605,research-api-postgres-1,postgres,31.23,88.72
1789453803.605,research-api-prometheus-1,prometheus,0.0,34.12
1789453803.605,research-api-cadvisor-1,cadvisor,0.0,19.59
1789453808.618,research-api-nginx-1,nginx,29.56,16.84
1789453808.618,research-api-products-service-1,products-service,13.78,12.77
1789453808.618,research-api-monolith-partial-1,monolith-partial,33.04,17.04
1789453808.618,research-api-users-service-1,users-service,13.81,11.42
1789453808.618,research-api-grafana-1,grafana,0.03,52.41
1789453808.618,research-api-postgres-1,postgres,28.49,89.06
1789453808.618,research-api-prometheus-1,prometheus,0.0,34.14
1789453808.618,research-api-cadvisor-1,cadvisor,0.0,19.59
1789453813.655,research-api-nginx-1,nginx,28.98,16.08
1789453813.655,research-api-products-service-1,products-service,21.25,12.78
1789453813.655,research-api-monolith-partial-1,monolith-partial,30.91,16.63
1789453813.655,research-api-users-service-1,users-service,14.57,11.95
1789453813.655,research-api-grafana-1,grafana,0.04,52.41
1789453813.655,research-api-postgres-1,postgres,36.41,89.77
1789453813.655,research-api-prometheus-1,prometheus,0.0,34.2
1789453813.655,research-api-cadvisor-1,cadvisor,1.21,20.26
1789453818.65,research-api-nginx-1,nginx,31.1,16.06
1789453818.65,research-api-products-service-1,products-service,23.87,12.4
1789453818.65,research-api-monolith-partial-1,monolith-partial,31.92,16.75
1789453818.65,research-api-users-service-1,users-service,16.23,12.63
1789453818.65,research-api-grafana-1,grafana,0.08,52.41
1789453818.65,research-api-postgres-1,postgres,32.14,90.44
1789453818.65,research-api-prometheus-1,prometheus,0.0,34.23
1789453818.65,research-api-cadvisor-1,cadvisor,0.0,20.27
1789453823.654,research-api-nginx-1,nginx,28.45,17.05
1789453823.654,research-api-products-service-1,products-service,20.88,11.82
1789453823.654,research-api-monolith-partial-1,monolith-partial,31.76,17.3
1789453823.654,research-api-users-service-1,users-service,17.23,11.5
1789453823.654,research-api-grafana-1,grafana,0.03,52.41
1789453823.654,research-api-postgres-1,postgres,32.69,89.23
1789453823.654,research-api-prometheus-1,prometheus,0.0,34.23
1789453823.654,research-api-cadvisor-1,cadvisor,0.0,20.27
1789453828.633,research-api-nginx-1,nginx,28.18,16.32
1789453828.633,research-api-products-service-1,products-service,19.77,11.85
1789453828.633,research-api-monolith-partial-1,monolith-partial,32.23,16.67
1789453828.633,research-api-users-service-1,users-service,15.29,12.41
1789453828.633,research-api-grafana-1,grafana,0.06,52.41
1789453828.633,research-api-postgres-1,postgres,28.68,90.16
1789453828.633,research-api-prometheus-1,prometheus,0.0,34.3
1789453828.633,research-api-cadvisor-1,cadvisor,0.0,20.27
1789453833.641,research-api-nginx-1,nginx,27.48,16.77
1789453833.641,research-api-products-service-1,products-service,17.19,12.44
1789453833.641,research-api-monolith-partial-1,monolith-partial,31.1,17.93
1789453833.641,research-api-users-service-1,users-service,12.76,11.17
1789453833.641,research-api-grafana-1,grafana,0.08,52.42
1789453833.641,research-api-postgres-1,postgres,27.49,90.21
1789453833.641,research-api-prometheus-1,prometheus,0.0,34.3
1789453833.641,research-api-cadvisor-1,cadvisor,0.29,20.28
1789453838.652,research-api-nginx-1,nginx,28.22,16.3
1789453838.652,research-api-products-service-1,products-service,19.78,12.92
1789453838.652,research-api-monolith-partial-1,monolith-partial,30.41,17.92
1789453838.652,research-api-users-service-1,users-service,14.77,11.92
1789453838.652,research-api-grafana-1,grafana,0.05,52.42
1789453838.652,research-api-postgres-1,postgres,26.08,89.7
1789453838.652,research-api-prometheus-1,prometheus,0.0,34.39
1789453838.652,research-api-cadvisor-1,cadvisor,0.0,20.28
1789453843.652,research-api-nginx-1,nginx,29.62,16.65
1789453843.652,research-api-products-service-1,products-service,18.59,11.34
1789453843.652,research-api-monolith-partial-1,monolith-partial,27.78,17.77
1789453843.652,research-api-users-service-1,users-service,16.05,11.16
1789453843.652,research-api-grafana-1,grafana,0.16,50.54
1789453843.652,research-api-postgres-1,postgres,27.68,90.48
1789453843.652,research-api-prometheus-1,prometheus,0.0,34.4
1789453843.652,research-api-cadvisor-1,cadvisor,0.0,18.72
1789453848.65,research-api-nginx-1,nginx,28.88,17.03
1789453848.65,research-api-products-service-1,products-service,23.08,12.29
1789453848.65,research-api-monolith-partial-1,monolith-partial,29.0,17.5
1789453848.65,research-api-users-service-1,users-service,14.25,11.77
1789453848.65,research-api-grafana-1,grafana,0.11,43.77
1789453848.65,research-api-postgres-1,postgres,27.95,90.3
1789453848.65,research-api-prometheus-1,prometheus,0.0,34.45
1789453848.65,research-api-cadvisor-1,cadvisor,0.0,18.72
1789453853.639,research-api-nginx-1,nginx,30.17,15.92
1789453853.639,research-api-products-service-1,products-service,18.69,13.3
1789453853.639,research-api-monolith-partial-1,monolith-partial,27.56,17.26
1789453853.639,research-api-users-service-1,users-service,16.48,13.48
1789453853.639,research-api-grafana-1,grafana,0.07,43.77
1789453853.639,research-api-postgres-1,postgres,28.07,90.54
1789453853.639,research-api-prometheus-1,prometheus,0.0,34.45
1789453853.639,research-api-cadvisor-1,cadvisor,0.0,19.09
1789453858.643,research-api-nginx-1,nginx,27.66,16.66
1789453858.643,research-api-products-service-1,products-service,20.21,12.77
1789453858.643,research-api-monolith-partial-1,monolith-partial,29.07,17.37
1789453858.643,research-api-users-service-1,users-service,14.08,12.61
1789453858.643,research-api-grafana-1,grafana,0.05,43.77
1789453858.643,research-api-postgres-1,postgres,30.07,90.11
1789453858.643,research-api-prometheus-1,prometheus,0.0,34.57
1789453858.643,research-api-cadvisor-1,cadvisor,0.0,19.09
1789453863.644,research-api-nginx-1,nginx,27.52,16.73
1789453863.644,research-api-products-service-1,products-service,20.29,13.11
1789453863.644,research-api-monolith-partial-1,monolith-partial,32.1,17.26
1789453863.644,research-api-users-service-1,users-service,13.5,12.5
1789453863.644,research-api-grafana-1,grafana,0.11,43.77
1789453863.644,research-api-postgres-1,postgres,25.98,92.55
1789453863.644,research-api-prometheus-1,prometheus,0.0,34.57
1789453863.644,research-api-cadvisor-1,cadvisor,0.0,19.13
1789453868.624,research-api-nginx-1,nginx,23.25,16.73
1789453868.624,research-api-products-service-1,products-service,15.31,13.26
1789453868.624,research-api-monolith-partial-1,monolith-partial,27.71,17.38
1789453868.624,research-api-users-service-1,users-service,12.28,12.26
1789453868.624,research-api-grafana-1,grafana,0.05,43.77
1789453868.624,research-api-postgres-1,postgres,23.11,92.01
1789453868.624,research-api-prometheus-1,prometheus,0.0,34.98
1789453868.624,research-api-cadvisor-1,cadvisor,0.0,19.16
1789453873.621,research-api-nginx-1,nginx,26.97,16.71
1789453873.621,research-api-products-service-1,products-service,15.46,13.31
1789453873.621,research-api-monolith-partial-1,monolith-partial,28.0,16.81
1789453873.621,research-api-users-service-1,users-service,16.64,11.59
1789453873.621,research-api-grafana-1,grafana,0.03,43.77
1789453873.621,research-api-postgres-1,postgres,37.17,96.12
1789453873.621,research-api-prometheus-1,prometheus,0.0,34.98
1789453873.621,research-api-cadvisor-1,cadvisor,0.0,17.89
1789453878.619,research-api-nginx-1,nginx,29.56,17.18
1789453878.619,research-api-products-service-1,products-service,20.1,13.49
1789453878.619,research-api-monolith-partial-1,monolith-partial,28.01,17.14
1789453878.619,research-api-users-service-1,users-service,15.33,13.21
1789453878.619,research-api-grafana-1,grafana,0.06,43.77
1789453878.619,research-api-postgres-1,postgres,27.17,95.79
1789453878.619,research-api-prometheus-1,prometheus,0.0,35.01
1789453878.619,research-api-cadvisor-1,cadvisor,0.0,17.89
1789453883.61,research-api-nginx-1,nginx,25.69,16.56
1789453883.61,research-api-products-service-1,products-service,17.58,13.45
1789453883.61,research-api-monolith-partial-1,monolith-partial,26.36,17.17
1789453883.61,research-api-users-service-1,users-service,14.94,11.53
1789453883.61,research-api-grafana-1,grafana,0.04,43.77
1789453883.61,research-api-postgres-1,postgres,25.53,96.27
1789453883.61,research-api-prometheus-1,prometheus,0.0,35.02
1789453883.61,research-api-cadvisor-1,cadvisor,0.0,18.54
1789453888.615,research-api-nginx-1,nginx,29.19,15.93
1789453888.615,research-api-products-service-1,products-service,20.0,13.73
1789453888.615,research-api-monolith-partial-1,monolith-partial,29.44,16.55
1789453888.615,research-api-users-service-1,users-service,17.1,12.83
1789453888.615,research-api-grafana-1,grafana,0.05,43.77
1789453888.615,research-api-postgres-1,postgres,28.84,95.84
1789453888.615,research-api-prometheus-1,prometheus,0.0,35.07
1789453888.615,research-api-cadvisor-1,cadvisor,0.0,18.54
1789453893.621,research-api-nginx-1,nginx,31.09,16.28
1789453893.621,research-api-products-service-1,products-service,21.42,13.8
1789453893.621,research-api-monolith-partial-1,monolith-partial,28.6,17.12
1789453893.621,research-api-users-service-1,users-service,14.18,12.88
1789453893.621,research-api-grafana-1,grafana,0.07,43.77
1789453893.621,research-api-postgres-1,postgres,29.72,95.0
1789453893.621,research-api-prometheus-1,prometheus,0.0,35.07
1789453893.621,research-api-cadvisor-1,cadvisor,0.0,19.0
1789453898.609,research-api-nginx-1,nginx,27.6,16.29
1789453898.609,research-api-products-service-1,products-service,19.46,13.5
1789453898.609,research-api-monolith-partial-1,monolith-partial,25.42,17.46
1789453898.609,research-api-users-service-1,users-service,14.56,11.95
1789453898.609,research-api-grafana-1,grafana,0.05,43.77
1789453898.609,research-api-postgres-1,postgres,29.16,96.34
1789453898.609,research-api-prometheus-1,prometheus,0.0,35.1
1789453898.609,research-api-cadvisor-1,cadvisor,0.0,19.0
1789453903.658,research-api-nginx-1,nginx,29.19,16.09
1789453903.658,research-api-products-service-1,products-service,19.76,13.66
1789453903.658,research-api-monolith-partial-1,monolith-partial,34.69,16.17
1789453903.658,research-api-users-service-1,users-service,16.05,11.27
1789453903.658,research-api-grafana-1,grafana,0.06,43.77
1789453903.658,research-api-postgres-1,postgres,35.48,96.22
1789453903.658,research-api-prometheus-1,prometheus,0.0,35.3
1789453903.658,research-api-cadvisor-1,cadvisor,0.0,18.0
1789453908.661,research-api-nginx-1,nginx,29.66,16.27
1789453908.661,research-api-products-service-1,products-service,21.73,13.41
1789453908.661,research-api-monolith-partial-1,monolith-partial,30.38,16.84
1789453908.661,research-api-users-service-1,users-service,14.27,12.8
1789453908.661,research-api-grafana-1,grafana,0.13,43.77
1789453908.661,research-api-postgres-1,postgres,26.5,96.25
1789453908.661,research-api-prometheus-1,prometheus,0.0,35.3
1789453908.661,research-api-cadvisor-1,cadvisor,0.0,18.0
1789453913.646,research-api-nginx-1,nginx,23.01,16.16
1789453913.646,research-api-products-service-1,products-service,15.65,13.54
1789453913.646,research-api-monolith-partial-1,monolith-partial,26.18,16.95
1789453913.646,research-api-users-service-1,users-service,12.12,11.33
1789453913.646,research-api-grafana-1,grafana,0.06,43.77
1789453913.646,research-api-postgres-1,postgres,26.31,95.81
1789453913.646,research-api-prometheus-1,prometheus,0.0,35.3
1789453913.646,research-api-cadvisor-1,cadvisor,0.0,18.85
1789453918.676,research-api-nginx-1,nginx,31.11,17.06
1789453918.676,research-api-products-service-1,products-service,20.12,14.24
1789453918.676,research-api-monolith-partial-1,monolith-partial,32.87,17.45
1789453918.676,research-api-users-service-1,users-service,14.98,12.2
1789453918.676,research-api-grafana-1,grafana,0.07,43.77
1789453918.676,research-api-postgres-1,postgres,31.61,96.27
1789453918.676,research-api-prometheus-1,prometheus,0.0,35.31
1789453918.676,research-api-cadvisor-1,cadvisor,0.0,18.86
1789453923.661,research-api-nginx-1,nginx,25.94,16.65
1789453923.661,research-api-products-service-1,products-service,20.62,13.98
1789453923.661,research-api-monolith-partial-1,monolith-partial,28.21,15.98
1789453923.661,research-api-users-service-1,users-service,15.88,11.03
1789453923.661,research-api-grafana-1,grafana,0.08,43.77
1789453923.661,research-api-postgres-1,postgres,26.42,96.45
1789453923.661,research-api-prometheus-1,prometheus,0.0,35.31
1789453923.661,research-api-cadvisor-1,cadvisor,0.0,17.9
1789453928.65,research-api-nginx-1,nginx,29.19,15.61
1789453928.65,research-api-products-service-1,products-service,19.65,12.77
1789453928.65,research-api-monolith-partial-1,monolith-partial,28.85,17.18
1789453928.65,research-api-users-service-1,users-service,16.82,12.71
1789453928.65,research-api-grafana-1,grafana,0.08,43.77
1789453928.65,research-api-postgres-1,postgres,30.87,96.83
1789453928.65,research-api-prometheus-1,prometheus,0.0,35.31
1789453928.65,research-api-cadvisor-1,cadvisor,0.0,17.29
1789453933.642,research-api-nginx-1,nginx,25.46,16.36
1789453933.642,research-api-products-service-1,products-service,18.8,14.28
1789453933.642,research-api-monolith-partial-1,monolith-partial,27.76,17.84
1789453933.642,research-api-users-service-1,users-service,13.73,11.7
1789453933.642,research-api-grafana-1,grafana,0.06,43.77
1789453933.642,research-api-postgres-1,postgres,36.3,96.44
1789453933.642,research-api-prometheus-1,prometheus,0.0,35.31
1789453933.642,research-api-cadvisor-1,cadvisor,0.0,17.03
1789453938.638,research-api-nginx-1,nginx,31.22,17.18
1789453938.638,research-api-products-service-1,products-service,18.32,14.06
1789453938.638,research-api-monolith-partial-1,monolith-partial,32.6,16.47
1789453938.638,research-api-users-service-1,users-service,15.18,12.04
1789453938.638,research-api-grafana-1,grafana,0.09,43.77
1789453938.638,research-api-postgres-1,postgres,30.64,96.84
1789453938.638,research-api-prometheus-1,prometheus,0.0,35.32
1789453938.638,research-api-cadvisor-1,cadvisor,0.0,17.03
1789453943.626,research-api-nginx-1,nginx,29.18,16.49
1789453943.626,research-api-products-service-1,products-service,19.08,13.58
1789453943.626,research-api-monolith-partial-1,monolith-partial,29.44,17.6
1789453943.626,research-api-users-service-1,users-service,11.15,11.7
1789453943.626,research-api-grafana-1,grafana,0.06,43.78
1789453943.626,research-api-postgres-1,postgres,28.69,96.78
1789453943.626,research-api-prometheus-1,prometheus,0.0,35.32
1789453943.626,research-api-cadvisor-1,cadvisor,0.0,17.21
1789453948.62,research-api-nginx-1,nginx,29.05,17.02
1789453948.62,research-api-products-service-1,products-service,20.92,13.67
1789453948.62,research-api-monolith-partial-1,monolith-partial,27.23,17.04
1789453948.62,research-api-users-service-1,users-service,17.76,11.29
1789453948.62,research-api-grafana-1,grafana,0.07,43.78
1789453948.62,research-api-postgres-1,postgres,27.67,96.73
1789453948.62,research-api-prometheus-1,prometheus,0.0,35.34
1789453948.62,research-api-cadvisor-1,cadvisor,0.0,17.21
1789453953.633,research-api-nginx-1,nginx,29.02,15.98
1789453953.633,research-api-products-service-1,products-service,19.4,14.51
1789453953.633,research-api-monolith-partial-1,monolith-partial,31.44,16.16
1789453953.633,research-api-users-service-1,users-service,16.74,11.84
1789453953.633,research-api-grafana-1,grafana,0.1,43.79
1789453953.633,research-api-postgres-1,postgres,32.97,96.08
1789453953.633,research-api-prometheus-1,prometheus,0.0,35.34
1789453953.633,research-api-cadvisor-1,cadvisor,0.0,18.43
1789453958.609,research-api-nginx-1,nginx,25.06,16.51
1789453958.609,research-api-products-service-1,products-service,19.7,14.09
1789453958.609,research-api-monolith-partial-1,monolith-partial,24.66,16.46
1789453958.609,research-api-users-service-1,users-service,13.89,11.57
1789453958.609,research-api-grafana-1,grafana,0.05,43.79
1789453958.609,research-api-postgres-1,postgres,24.76,96.73
1789453958.609,research-api-prometheus-1,prometheus,0.0,35.34
1789453958.609,research-api-cadvisor-1,cadvisor,0.0,18.43
1789453963.629,research-api-nginx-1,nginx,32.34,16.71
1789453963.629,research-api-products-service-1,products-service,20.53,13.73
1789453963.629,research-api-monolith-partial-1,monolith-partial,29.67,17.39
1789453963.629,research-api-users-service-1,users-service,16.07,11.68
1789453963.629,research-api-grafana-1,grafana,3.67,43.61
1789453963.629,research-api-postgres-1,postgres,30.51,97.46
1789453963.629,research-api-prometheus-1,prometheus,0.0,35.34
1789453963.629,research-api-cadvisor-1,cadvisor,0.0,18.61
1789453968.597,research-api-nginx-1,nginx,39.75,16.48
1789453968.597,research-api-products-service-1,products-service,26.44,14.26
1789453968.597,research-api-monolith-partial-1,monolith-partial,38.94,17.71
1789453968.597,research-api-users-service-1,users-service,21.45,12.91
1789453968.597,research-api-grafana-1,grafana,0.07,43.61
1789453968.597,research-api-postgres-1,postgres,40.07,97.49
1789453968.597,research-api-prometheus-1,prometheus,0.0,35.37
1789453968.597,research-api-cadvisor-1,cadvisor,0.0,18.61
1789453973.639,research-api-nginx-1,nginx,47.06,17.47
1789453973.639,research-api-products-service-1,products-service,29.34,13.8
1789453973.639,research-api-monolith-partial-1,monolith-partial,42.62,16.86
1789453973.639,research-api-users-service-1,users-service,23.81,11.76
1789453973.639,research-api-grafana-1,grafana,0.04,43.61
1789453973.639,research-api-postgres-1,postgres,45.89,97.98
1789453973.639,research-api-prometheus-1,prometheus,0.0,35.38
1789453973.639,research-api-cadvisor-1,cadvisor,0.0,18.62
1789453978.592,research-api-nginx-1,nginx,58.51,16.72
1789453978.592,research-api-products-service-1,products-service,37.24,14.55
1789453978.592,research-api-monolith-partial-1,monolith-partial,48.23,17.39
1789453978.592,research-api-users-service-1,users-service,30.46,13.38
1789453978.592,research-api-grafana-1,grafana,0.03,43.61
1789453978.592,research-api-postgres-1,postgres,52.53,98.0
1789453978.592,research-api-prometheus-1,prometheus,0.0,35.39
1789453978.592,research-api-cadvisor-1,cadvisor,0.0,18.62
1789453983.621,research-api-nginx-1,nginx,61.12,17.05
1789453983.621,research-api-products-service-1,products-service,37.02,13.91
1789453983.621,research-api-monolith-partial-1,monolith-partial,55.09,16.91
1789453983.621,research-api-users-service-1,users-service,29.48,11.97
1789453983.621,research-api-grafana-1,grafana,0.05,43.61
1789453983.621,research-api-postgres-1,postgres,59.27,98.21
1789453983.621,research-api-prometheus-1,prometheus,0.0,35.39
1789453983.621,research-api-cadvisor-1,cadvisor,0.0,18.59
1789453988.607,research-api-nginx-1,nginx,64.02,18.06
1789453988.607,research-api-products-service-1,products-service,39.43,14.45
1789453988.607,research-api-monolith-partial-1,monolith-partial,58.84,17.92
1789453988.607,research-api-users-service-1,users-service,30.99,12.6
1789453988.607,research-api-grafana-1,grafana,0.03,43.61
1789453988.607,research-api-postgres-1,postgres,62.63,98.2
1789453988.607,research-api-prometheus-1,prometheus,0.0,35.52
1789453988.607,research-api-cadvisor-1,cadvisor,0.0,18.59
1789453993.599,research-api-nginx-1,nginx,63.57,18.0
1789453993.599,research-api-products-service-1,products-service,38.87,13.68
1789453993.599,research-api-monolith-partial-1,monolith-partial,54.59,17.66
1789453993.599,research-api-users-service-1,users-service,32.33,12.13
1789453993.599,research-api-grafana-1,grafana,0.03,43.61
1789453993.599,research-api-postgres-1,postgres,73.23,98.86
1789453993.599,research-api-prometheus-1,prometheus,0.0,35.54
1789453993.599,research-api-cadvisor-1,cadvisor,0.0,19.3
1789453998.616,research-api-nginx-1,nginx,69.86,18.52
1789453998.616,research-api-products-service-1,products-service,42.2,14.27
1789453998.616,research-api-monolith-partial-1,monolith-partial,65.65,17.96
1789453998.616,research-api-users-service-1,users-service,33.05,12.16
1789453998.616,research-api-grafana-1,grafana,0.07,43.61
1789453998.616,research-api-postgres-1,postgres,65.4,98.71
1789453998.616,research-api-prometheus-1,prometheus,0.0,35.55
1789453998.616,research-api-cadvisor-1,cadvisor,0.21,19.3
1789454003.611,research-api-nginx-1,nginx,67.39,18.29
1789454003.611,research-api-products-service-1,products-service,41.37,13.83
1789454003.611,research-api-monolith-partial-1,monolith-partial,62.78,17.53
1789454003.611,research-api-users-service-1,users-service,32.0,11.98
1789454003.611,research-api-grafana-1,grafana,0.03,43.61
1789454003.611,research-api-postgres-1,postgres,66.1,99.67
1789454003.611,research-api-prometheus-1,prometheus,0.0,35.55
1789454003.611,research-api-cadvisor-1,cadvisor,0.0,19.3
1789454008.615,research-api-nginx-1,nginx,67.36,18.48
1789454008.615,research-api-products-service-1,products-service,42.17,14.38
1789454008.615,research-api-monolith-partial-1,monolith-partial,63.03,17.78
1789454008.615,research-api-users-service-1,users-service,33.76,11.25
1789454008.615,research-api-grafana-1,grafana,0.07,43.61
1789454008.615,research-api-postgres-1,postgres,66.92,99.12
1789454008.615,research-api-prometheus-1,prometheus,0.0,35.56
1789454008.615,research-api-cadvisor-1,cadvisor,0.0,19.3
1789454013.623,research-api-nginx-1,nginx,66.46,18.49
1789454013.623,research-api-products-service-1,products-service,40.52,14.94
1789454013.623,research-api-monolith-partial-1,monolith-partial,59.41,17.75
1789454013.623,research-api-users-service-1,users-service,31.78,11.74
1789454013.623,research-api-grafana-1,grafana,0.05,43.61
1789454013.623,research-api-postgres-1,postgres,65.08,105.1
1789454013.623,research-api-prometheus-1,prometheus,0.0,35.56
1789454013.623,research-api-cadvisor-1,cadvisor,0.0,19.99
1789454018.62,research-api-nginx-1,nginx,63.28,18.79
1789454018.62,research-api-products-service-1,products-service,39.09,14.38
1789454018.62,research-api-monolith-partial-1,monolith-partial,57.03,17.86
1789454018.62,research-api-users-service-1,users-service,30.54,14.49
1789454018.62,research-api-grafana-1,grafana,0.03,43.61
1789454018.62,research-api-postgres-1,postgres,62.74,105.1
1789454018.62,research-api-prometheus-1,prometheus,0.0,35.58
1789454018.62,research-api-cadvisor-1,cadvisor,0.0,19.99
1789454023.627,research-api-nginx-1,nginx,63.57,19.32
1789454023.627,research-api-products-service-1,products-service,39.33,14.35
1789454023.627,research-api-monolith-partial-1,monolith-partial,55.63,18.74
1789454023.627,research-api-users-service-1,users-service,33.06,12.5
1789454023.627,research-api-grafana-1,grafana,0.03,43.62
1789454023.627,research-api-postgres-1,postgres,61.08,105.4
1789454023.627,research-api-prometheus-1,prometheus,0.0,35.59
1789454023.627,research-api-cadvisor-1,cadvisor,0.0,20.07
1789454028.629,research-api-nginx-1,nginx,69.28,19.14
1789454028.629,research-api-products-service-1,products-service,41.86,14.41
1789454028.629,research-api-monolith-partial-1,monolith-partial,61.53,18.83
1789454028.629,research-api-users-service-1,users-service,35.08,12.94
1789454028.629,research-api-grafana-1,grafana,0.06,43.62
1789454028.629,research-api-postgres-1,postgres,62.55,105.5
1789454028.629,research-api-prometheus-1,prometheus,0.0,35.6
1789454028.629,research-api-cadvisor-1,cadvisor,0.0,20.07
1789454033.624,research-api-nginx-1,nginx,63.84,18.89
1789454033.624,research-api-products-service-1,products-service,43.51,13.67
1789454033.624,research-api-monolith-partial-1,monolith-partial,57.03,17.86
1789454033.624,research-api-users-service-1,users-service,33.33,13.8
1789454033.624,research-api-grafana-1,grafana,0.03,43.62
1789454033.624,research-api-postgres-1,postgres,63.97,105.9
1789454033.624,research-api-prometheus-1,prometheus,0.0,35.6
1789454033.624,research-api-cadvisor-1,cadvisor,0.0,20.92
1789454038.618,research-api-nginx-1,nginx,65.4,19.82
1789454038.618,research-api-products-service-1,products-service,41.78,13.89
1789454038.618,research-api-monolith-partial-1,monolith-partial,59.16,18.5
1789454038.618,research-api-users-service-1,users-service,32.38,13.84
1789454038.618,research-api-grafana-1,grafana,0.03,43.62
1789454038.618,research-api-postgres-1,postgres,63.95,106.7
1789454038.618,research-api-prometheus-1,prometheus,0.0,35.6
1789454038.618,research-api-cadvisor-1,cadvisor,0.0,20.92
1789454043.633,research-api-nginx-1,nginx,64.71,19.13
1789454043.633,research-api-products-service-1,products-service,38.31,14.59
1789454043.633,research-api-monolith-partial-1,monolith-partial,59.75,18.16
1789454043.633,research-api-users-service-1,users-service,32.35,12.43
1789454043.633,research-api-grafana-1,grafana,0.06,43.62
1789454043.633,research-api-postgres-1,postgres,68.27,106.4
1789454043.633,research-api-prometheus-1,prometheus,0.0,35.6
1789454043.633,research-api-cadvisor-1,cadvisor,0.0,20.94
1789454048.637,research-api-nginx-1,nginx,71.23,19.67
1789454048.637,research-api-products-service-1,products-service,42.14,14.21
1789454048.637,research-api-monolith-partial-1,monolith-partial,67.24,17.88
1789454048.637,research-api-users-service-1,users-service,35.23,13.74
1789454048.637,research-api-grafana-1,grafana,0.03,43.62
1789454048.637,research-api-postgres-1,postgres,75.61,107.0
1789454048.637,research-api-prometheus-1,prometheus,0.0,35.61
1789454048.637,research-api-cadvisor-1,cadvisor,0.0,20.94
1789454053.623,research-api-nginx-1,nginx,76.1,19.41
1789454053.623,research-api-products-service-1,products-service,46.42,13.9
1789454053.623,research-api-monolith-partial-1,monolith-partial,67.45,17.83
1789454053.623,research-api-users-service-1,users-service,37.07,13.82
1789454053.623,research-api-grafana-1,grafana,0.05,43.62
1789454053.623,research-api-postgres-1,postgres,87.05,106.9
1789454053.623,research-api-prometheus-1,prometheus,0.0,35.61
1789454053.623,research-api-cadvisor-1,cadvisor,0.0,19.98
1789454058.632,research-api-nginx-1,nginx,70.97,19.3
1789454058.632,research-api-products-service-1,products-service,45.11,13.66
1789454058.632,research-api-monolith-partial-1,monolith-partial,62.63,18.1
1789454058.632,research-api-users-service-1,users-service,35.84,13.38
1789454058.632,research-api-grafana-1,grafana,0.08,43.62
1789454058.632,research-api-postgres-1,postgres,73.19,106.6
1789454058.632,research-api-prometheus-1,prometheus,0.0,35.61
1789454058.632,research-api-cadvisor-1,cadvisor,0.0,19.98
1789454063.651,research-api-nginx-1,nginx,70.85,19.3
1789454063.651,research-api-products-service-1,products-service,46.29,14.4
1789454063.651,research-api-monolith-partial-1,monolith-partial,70.51,19.25
1789454063.651,research-api-users-service-1,users-service,33.13,13.03
1789454063.651,research-api-grafana-1,grafana,0.03,43.62
1789454063.651,research-api-postgres-1,postgres,74.7,108.4
1789454063.651,research-api-prometheus-1,prometheus,0.0,35.61
1789454063.651,research-api-cadvisor-1,cadvisor,0.0,20.95
1789454068.635,research-api-nginx-1,nginx,68.42,19.39
1789454068.635,research-api-products-service-1,products-service,42.55,14.21
1789454068.635,research-api-monolith-partial-1,monolith-partial,66.48,18.23
1789454068.635,research-api-users-service-1,users-service,35.46,14.07
1789454068.635,research-api-grafana-1,grafana,0.03,43.62
1789454068.635,research-api-postgres-1,postgres,70.39,108.6
1789454068.635,research-api-prometheus-1,prometheus,0.0,35.61
1789454068.635,research-api-cadvisor-1,cadvisor,0.0,20.95
1789454073.632,research-api-nginx-1,nginx,67.71,19.79
1789454073.632,research-api-products-service-1,products-service,42.02,14.35
1789454073.632,research-api-monolith-partial-1,monolith-partial,68.27,18.73
1789454073.632,research-api-users-service-1,users-service,34.56,12.68
1789454073.632,research-api-grafana-1,grafana,0.05,43.62
1789454073.632,research-api-postgres-1,postgres,72.36,109.0
1789454073.632,research-api-prometheus-1,prometheus,0.0,35.61
1789454073.632,research-api-cadvisor-1,cadvisor,0.0,20.17
1789454078.629,research-api-nginx-1,nginx,72.87,19.1
1789454078.629,research-api-products-service-1,products-service,45.01,13.98
1789454078.629,research-api-monolith-partial-1,monolith-partial,66.4,18.27
1789454078.629,research-api-users-service-1,users-service,37.36,13.69
1789454078.629,research-api-grafana-1,grafana,0.04,43.62
1789454078.629,research-api-postgres-1,postgres,73.82,108.8
1789454078.629,research-api-prometheus-1,prometheus,0.09,35.61
1789454078.629,research-api-cadvisor-1,cadvisor,0.0,20.17
1789454083.636,research-api-nginx-1,nginx,72.39,19.18
1789454083.636,research-api-products-service-1,products-service,44.65,14.31
1789454083.636,research-api-monolith-partial-1,monolith-partial,68.46,18.02
1789454083.636,research-api-users-service-1,users-service,36.2,13.45
1789454083.636,research-api-grafana-1,grafana,1.97,43.64
1789454083.636,research-api-postgres-1,postgres,69.82,109.0
1789454083.636,research-api-prometheus-1,prometheus,0.0,35.61
1789454083.636,research-api-cadvisor-1,cadvisor,0.0,19.28
1789454088.635,research-api-nginx-1,nginx,68.19,19.84
1789454088.635,research-api-products-service-1,products-service,42.14,14.47
1789454088.635,research-api-monolith-partial-1,monolith-partial,65.25,18.05
1789454088.635,research-api-users-service-1,users-service,33.95,13.79
1789454088.635,research-api-grafana-1,grafana,0.06,43.64
1789454088.635,research-api-postgres-1,postgres,74.56,109.9
1789454088.635,research-api-prometheus-1,prometheus,0.0,35.62
1789454088.635,research-api-cadvisor-1,cadvisor,0.0,19.28
1789454093.652,research-api-nginx-1,nginx,73.06,19.45
1789454093.652,research-api-products-service-1,products-service,42.15,14.02
1789454093.652,research-api-monolith-partial-1,monolith-partial,62.9,18.29
1789454093.652,research-api-users-service-1,users-service,37.15,12.73
1789454093.652,research-api-grafana-1,grafana,0.03,43.64
1789454093.652,research-api-postgres-1,postgres,72.36,109.3
1789454093.652,research-api-prometheus-1,prometheus,0.0,35.62
1789454093.652,research-api-cadvisor-1,cadvisor,0.0,19.86
1789454098.644,research-api-nginx-1,nginx,70.23,20.0
1789454098.644,research-api-products-service-1,products-service,43.45,14.85
1789454098.644,research-api-monolith-partial-1,monolith-partial,63.42,18.46
1789454098.644,research-api-users-service-1,users-service,32.95,13.11
1789454098.644,research-api-grafana-1,grafana,0.03,43.64
1789454098.644,research-api-postgres-1,postgres,72.04,110.6
1789454098.644,research-api-prometheus-1,prometheus,0.0,35.62
1789454098.644,research-api-cadvisor-1,cadvisor,0.0,19.86
1789454103.639,research-api-nginx-1,nginx,70.67,18.91
1789454103.639,research-api-products-service-1,products-service,43.59,14.78
1789454103.639,research-api-monolith-partial-1,monolith-partial,64.45,17.83
1789454103.639,research-api-users-service-1,users-service,32.1,11.8
1789454103.639,research-api-grafana-1,grafana,0.05,43.64
1789454103.639,research-api-postgres-1,postgres,70.18,110.5
1789454103.639,research-api-prometheus-1,prometheus,0.0,35.63
1789454103.639,research-api-cadvisor-1,cadvisor,0.0,20.01
1789454108.65,research-api-nginx-1,nginx,68.86,18.98
1789454108.65,research-api-products-service-1,products-service,44.55,14.79
1789454108.65,research-api-monolith-partial-1,monolith-partial,61.12,18.26
1789454108.65,research-api-users-service-1,users-service,34.6,12.88
1789454108.65,research-api-grafana-1,grafana,0.03,43.64
1789454108.65,research-api-postgres-1,postgres,68.48,111.0
1789454108.65,research-api-prometheus-1,prometheus,0.0,35.64
1789454108.65,research-api-cadvisor-1,cadvisor,0.0,20.01
1789454113.647,research-api-nginx-1,nginx,69.4,18.89
1789454113.647,research-api-products-service-1,products-service,44.26,14.05
1789454113.647,research-api-monolith-partial-1,monolith-partial,62.64,17.3
1789454113.647,research-api-users-service-1,users-service,33.31,12.99
1789454113.647,research-api-grafana-1,grafana,0.04,43.64
1789454113.647,research-api-postgres-1,postgres,87.06,110.6
1789454113.647,research-api-prometheus-1,prometheus,0.0,35.64
1789454113.647,research-api-cadvisor-1,cadvisor,0.0,20.04
1789454118.641,research-api-nginx-1,nginx,69.77,19.17
1789454118.641,research-api-products-service-1,products-service,43.98,15.21
1789454118.641,research-api-monolith-partial-1,monolith-partial,63.0,18.16
1789454118.641,research-api-users-service-1,users-service,34.88,13.21
1789454118.641,research-api-grafana-1,grafana,0.05,43.64
1789454118.641,research-api-postgres-1,postgres,72.52,111.1
1789454118.641,research-api-prometheus-1,prometheus,0.0,35.65
1789454118.641,research-api-cadvisor-1,cadvisor,0.0,20.04
1789454123.636,research-api-nginx-1,nginx,70.96,19.62
1789454123.636,research-api-products-service-1,products-service,42.63,14.32
1789454123.636,research-api-monolith-partial-1,monolith-partial,64.11,17.54
1789454123.636,research-api-users-service-1,users-service,34.27,11.52
1789454123.636,research-api-grafana-1,grafana,0.04,43.64
1789454123.636,research-api-postgres-1,postgres,70.02,111.2
1789454123.636,research-api-prometheus-1,prometheus,0.0,35.65
1789454123.636,research-api-cadvisor-1,cadvisor,0.0,20.07
1789454128.637,research-api-nginx-1,nginx,69.19,19.29
1789454128.637,research-api-products-service-1,products-service,44.77,14.51
1789454128.637,research-api-monolith-partial-1,monolith-partial,63.83,17.11
1789454128.637,research-api-users-service-1,users-service,33.89,13.09
1789454128.637,research-api-grafana-1,grafana,0.03,43.64
1789454128.637,research-api-postgres-1,postgres,64.59,112.1
1789454128.637,research-api-prometheus-1,prometheus,0.0,35.65
1789454128.637,research-api-cadvisor-1,cadvisor,0.0,20.07
1789454133.645,research-api-nginx-1,nginx,68.52,19.06
1789454133.645,research-api-products-service-1,products-service,42.55,14.71
1789454133.645,research-api-monolith-partial-1,monolith-partial,66.66,17.46
1789454133.645,research-api-users-service-1,users-service,39.86,12.07
1789454133.645,research-api-grafana-1,grafana,0.07,43.65
1789454133.645,research-api-postgres-1,postgres,68.84,112.3
1789454133.645,research-api-prometheus-1,prometheus,0.0,35.65
1789454133.645,research-api-cadvisor-1,cadvisor,0.0,20.07
1789454138.651,research-api-nginx-1,nginx,66.05,19.36
1789454138.651,research-api-products-service-1,products-service,41.42,15.32
1789454138.651,research-api-monolith-partial-1,monolith-partial,60.79,18.47
1789454138.651,research-api-users-service-1,users-service,33.87,11.91
1789454138.651,research-api-grafana-1,grafana,0.03,43.65
1789454138.651,research-api-postgres-1,postgres,66.79,112.5
1789454138.651,research-api-prometheus-1,prometheus,0.0,35.65
1789454138.651,research-api-cadvisor-1,cadvisor,0.0,20.07
1789454143.651,research-api-nginx-1,nginx,72.87,18.86
1789454143.651,research-api-products-service-1,products-service,45.96,15.3
1789454143.651,research-api-monolith-partial-1,monolith-partial,65.82,17.04
1789454143.651,research-api-users-service-1,users-service,34.43,12.7
1789454143.651,research-api-grafana-1,grafana,0.03,43.65
1789454143.651,research-api-postgres-1,postgres,69.8,112.8
1789454143.651,research-api-prometheus-1,prometheus,0.0,35.66
1789454143.651,research-api-cadvisor-1,cadvisor,0.0,19.94
1789454148.644,research-api-nginx-1,nginx,69.85,19.36
1789454148.644,research-api-products-service-1,products-service,44.21,14.26
1789454148.644,research-api-monolith-partial-1,monolith-partial,62.03,18.12
1789454148.644,research-api-users-service-1,users-service,34.1,14.63
1789454148.644,research-api-grafana-1,grafana,0.03,43.65
1789454148.644,research-api-postgres-1,postgres,66.42,113.1
1789454148.644,research-api-prometheus-1,prometheus,0.0,35.68
1789454148.644,research-api-cadvisor-1,cadvisor,0.0,19.94
1789454153.648,research-api-nginx-1,nginx,70.6,19.03
1789454153.648,research-api-products-service-1,products-service,45.96,14.95
1789454153.648,research-api-monolith-partial-1,monolith-partial,62.64,18.14
1789454153.648,research-api-users-service-1,users-service,34.46,13.5
1789454153.648,research-api-grafana-1,grafana,0.04,43.66
1789454153.648,research-api-postgres-1,postgres,68.05,113.5
1789454153.648,research-api-prometheus-1,prometheus,0.0,35.68
1789454153.648,research-api-cadvisor-1,cadvisor,0.0,19.83
1789454158.659,research-api-nginx-1,nginx,68.01,20.05
1789454158.659,research-api-products-service-1,products-service,42.35,15.0
1789454158.659,research-api-monolith-partial-1,monolith-partial,62.3,17.8
1789454158.659,research-api-users-service-1,users-service,33.19,13.28
1789454158.659,research-api-grafana-1,grafana,0.05,43.66
1789454158.659,research-api-postgres-1,postgres,66.01,114.2
1789454158.659,research-api-prometheus-1,prometheus,0.11,35.69
1789454158.659,research-api-cadvisor-1,cadvisor,0.0,19.83
1789454163.654,research-api-nginx-1,nginx,72.86,19.36
1789454163.654,research-api-products-service-1,products-service,46.12,14.55
1789454163.654,research-api-monolith-partial-1,monolith-partial,63.7,18.03
1789454163.654,research-api-users-service-1,users-service,35.46,12.93
1789454163.654,research-api-grafana-1,grafana,0.05,43.66
1789454163.654,research-api-postgres-1,postgres,68.66,114.2
1789454163.654,research-api-prometheus-1,prometheus,0.0,35.68
1789454163.654,research-api-cadvisor-1,cadvisor,0.0,19.84
1789454168.654,research-api-nginx-1,nginx,70.19,19.3
1789454168.654,research-api-products-service-1,products-service,40.87,15.0
1789454168.654,research-api-monolith-partial-1,monolith-partial,66.83,17.61
1789454168.654,research-api-users-service-1,users-service,35.09,12.75
1789454168.654,research-api-grafana-1,grafana,0.03,43.66
1789454168.654,research-api-postgres-1,postgres,70.94,115.3
1789454168.654,research-api-prometheus-1,prometheus,0.0,35.68
1789454168.654,research-api-cadvisor-1,cadvisor,0.0,19.84
1789454173.644,research-api-nginx-1,nginx,75.59,19.18
1789454173.644,research-api-products-service-1,products-service,44.23,14.72
1789454173.644,research-api-monolith-partial-1,monolith-partial,69.17,16.64
1789454173.644,research-api-users-service-1,users-service,37.43,13.47
1789454173.644,research-api-grafana-1,grafana,0.03,43.66
1789454173.644,research-api-postgres-1,postgres,89.85,114.8
1789454173.644,research-api-prometheus-1,prometheus,0.0,35.69
1789454173.644,research-api-cadvisor-1,cadvisor,0.0,19.84
1789454178.642,research-api-nginx-1,nginx,72.59,19.54
1789454178.642,research-api-products-service-1,products-service,40.93,14.52
1789454178.642,research-api-monolith-partial-1,monolith-partial,68.66,17.61
1789454178.642,research-api-users-service-1,users-service,36.95,14.03
1789454178.642,research-api-grafana-1,grafana,0.07,43.66
1789454178.642,research-api-postgres-1,postgres,67.22,115.7
1789454178.642,research-api-prometheus-1,prometheus,0.0,35.69
1789454178.642,research-api-cadvisor-1,cadvisor,0.0,19.84
1789454183.654,research-api-nginx-1,nginx,72.4,18.82
1789454183.654,research-api-products-service-1,products-service,44.42,14.19
1789454183.654,research-api-monolith-partial-1,monolith-partial,63.4,16.94
1789454183.654,research-api-users-service-1,users-service,38.29,12.92
1789454183.654,research-api-grafana-1,grafana,0.04,43.66
1789454183.654,research-api-postgres-1,postgres,68.6,115.5
1789454183.654,research-api-prometheus-1,prometheus,0.0,35.69
1789454183.654,research-api-cadvisor-1,cadvisor,1.16,17.04
1789454188.66,research-api-nginx-1,nginx,69.92,19.71
1789454188.66,research-api-products-service-1,products-service,44.07,14.13
1789454188.66,research-api-monolith-partial-1,monolith-partial,61.82,17.35
1789454188.66,research-api-users-service-1,users-service,36.33,12.45
1789454188.66,research-api-grafana-1,grafana,0.06,43.66
1789454188.66,research-api-postgres-1,postgres,69.61,115.8
1789454188.66,research-api-prometheus-1,prometheus,0.0,35.7
1789454188.66,research-api-cadvisor-1,cadvisor,0.0,16.79
1789454193.652,research-api-nginx-1,nginx,72.94,18.92
1789454193.652,research-api-products-service-1,products-service,40.26,14.49
1789454193.652,research-api-monolith-partial-1,monolith-partial,63.98,17.23
1789454193.652,research-api-users-service-1,users-service,35.44,14.01
1789454193.652,research-api-grafana-1,grafana,0.06,43.66
1789454193.652,research-api-postgres-1,postgres,71.68,116.2
1789454193.652,research-api-prometheus-1,prometheus,0.0,35.7
1789454193.652,research-api-cadvisor-1,cadvisor,0.0,17.46
1789454198.672,research-api-nginx-1,nginx,71.44,19.84
1789454198.672,research-api-products-service-1,products-service,44.43,15.23
1789454198.672,research-api-monolith-partial-1,monolith-partial,64.46,17.65
1789454198.672,research-api-users-service-1,users-service,34.54,14.32
1789454198.672,research-api-grafana-1,grafana,0.08,43.66
1789454198.672,research-api-postgres-1,postgres,68.22,116.5
1789454198.672,research-api-prometheus-1,prometheus,0.0,35.7
1789454198.672,research-api-cadvisor-1,cadvisor,1.07,18.09
1789454203.646,research-api-nginx-1,nginx,73.51,19.48
1789454203.646,research-api-products-service-1,products-service,45.06,14.74
1789454203.646,research-api-monolith-partial-1,monolith-partial,63.84,17.68
1789454203.646,research-api-users-service-1,users-service,35.27,13.77
1789454203.646,research-api-grafana-1,grafana,1.96,43.71
1789454203.646,research-api-postgres-1,postgres,70.97,116.5
1789454203.646,research-api-prometheus-1,prometheus,0.0,35.7
1789454203.646,research-api-cadvisor-1,cadvisor,0.0,17.76
1789454208.659,research-api-nginx-1,nginx,70.38,19.25
1789454208.659,research-api-products-service-1,products-service,43.59,14.38
1789454208.659,research-api-monolith-partial-1,monolith-partial,62.79,17.79
1789454208.659,research-api-users-service-1,users-service,33.99,13.69
1789454208.659,research-api-grafana-1,grafana,0.04,43.71
1789454208.659,research-api-postgres-1,postgres,66.5,116.8
1789454208.659,research-api-prometheus-1,prometheus,0.0,35.7
1789454208.659,research-api-cadvisor-1,cadvisor,0.0,17.76
1789454213.655,research-api-nginx-1,nginx,73.37,19.26
1789454213.655,research-api-products-service-1,products-service,40.03,14.45
1789454213.655,research-api-monolith-partial-1,monolith-partial,64.59,17.38
1789454213.655,research-api-users-service-1,users-service,33.78,13.1
1789454213.655,research-api-grafana-1,grafana,0.04,43.71
1789454213.655,research-api-postgres-1,postgres,70.25,117.4
1789454213.655,research-api-prometheus-1,prometheus,0.0,35.7
1789454213.655,research-api-cadvisor-1,cadvisor,0.0,17.65
1789454218.665,research-api-nginx-1,nginx,68.9,19.25
1789454218.665,research-api-products-service-1,products-service,41.62,14.46
1789454218.665,research-api-monolith-partial-1,monolith-partial,64.54,17.63
1789454218.665,research-api-users-service-1,users-service,35.32,13.9
1789454218.665,research-api-grafana-1,grafana,0.04,43.71
1789454218.665,research-api-postgres-1,postgres,66.55,117.9
1789454218.665,research-api-prometheus-1,prometheus,0.0,35.71
1789454218.665,research-api-cadvisor-1,cadvisor,0.29,17.65
1789454223.659,research-api-nginx-1,nginx,66.32,19.03
1789454223.659,research-api-products-service-1,products-service,42.4,14.09
1789454223.659,research-api-monolith-partial-1,monolith-partial,58.35,17.69
1789454223.659,research-api-users-service-1,users-service,34.22,13.41
1789454223.659,research-api-grafana-1,grafana,0.08,43.71
1789454223.659,research-api-postgres-1,postgres,64.24,118.0
1789454223.659,research-api-prometheus-1,prometheus,0.0,35.71
1789454223.659,research-api-cadvisor-1,cadvisor,0.0,18.3
1789454228.662,research-api-nginx-1,nginx,68.74,19.48
1789454228.662,research-api-products-service-1,products-service,44.04,15.41
1789454228.662,research-api-monolith-partial-1,monolith-partial,63.83,18.36
1789454228.662,research-api-users-service-1,users-service,33.64,14.53
1789454228.662,research-api-grafana-1,grafana,0.04,43.71
1789454228.662,research-api-postgres-1,postgres,65.55,118.7
1789454228.662,research-api-prometheus-1,prometheus,0.0,35.71
1789454228.662,research-api-cadvisor-1,cadvisor,0.27,18.32
1789454233.655,research-api-nginx-1,nginx,67.72,19.42
1789454233.655,research-api-products-service-1,products-service,41.46,14.75
1789454233.655,research-api-monolith-partial-1,monolith-partial,65.25,17.66
1789454233.655,research-api-users-service-1,users-service,33.96,12.89
1789454233.655,research-api-grafana-1,grafana,0.03,43.71
1789454233.655,research-api-postgres-1,postgres,88.22,118.9
1789454233.655,research-api-prometheus-1,prometheus,0.0,34.81
1789454233.655,research-api-cadvisor-1,cadvisor,0.0,19.01
1789454238.678,research-api-nginx-1,nginx,67.47,18.88
1789454238.678,research-api-products-service-1,products-service,45.06,13.91
1789454238.678,research-api-monolith-partial-1,monolith-partial,63.52,17.47
1789454238.678,research-api-users-service-1,users-service,33.14,13.23
1789454238.678,research-api-grafana-1,grafana,0.05,43.71
1789454238.678,research-api-postgres-1,postgres,67.63,119.2
1789454238.678,research-api-prometheus-1,prometheus,0.0,34.81
1789454238.678,research-api-cadvisor-1,cadvisor,0.0,19.01
1789454243.658,research-api-nginx-1,nginx,71.02,19.96
1789454243.658,research-api-products-service-1,products-service,43.36,14.39
1789454243.658,research-api-monolith-partial-1,monolith-partial,68.16,17.42
1789454243.658,research-api-users-service-1,users-service,32.43,13.32
1789454243.658,research-api-grafana-1,grafana,0.04,43.71
1789454243.658,research-api-postgres-1,postgres,68.84,119.1
1789454243.658,research-api-prometheus-1,prometheus,0.0,34.81
1789454243.658,research-api-cadvisor-1,cadvisor,0.0,19.24
1789454248.656,research-api-nginx-1,nginx,71.5,20.12
1789454248.656,research-api-products-service-1,products-service,44.54,14.73
1789454248.656,research-api-monolith-partial-1,monolith-partial,65.43,18.59
1789454248.656,research-api-users-service-1,users-service,34.74,13.86
1789454248.656,research-api-grafana-1,grafana,0.03,43.71
1789454248.656,research-api-postgres-1,postgres,66.21,119.8
1789454248.656,research-api-prometheus-1,prometheus,0.0,35.45
1789454248.656,research-api-cadvisor-1,cadvisor,0.0,19.24
1789454253.666,research-api-nginx-1,nginx,69.92,19.98
1789454253.666,research-api-products-service-1,products-service,42.44,14.46
1789454253.666,research-api-monolith-partial-1,monolith-partial,63.48,18.4
1789454253.666,research-api-users-service-1,users-service,34.55,12.47
1789454253.666,research-api-grafana-1,grafana,0.05,43.71
1789454253.666,research-api-postgres-1,postgres,70.79,120.2
1789454253.666,research-api-prometheus-1,prometheus,0.0,35.45
1789454253.666,research-api-cadvisor-1,cadvisor,0.0,19.72
1789454258.674,research-api-nginx-1,nginx,69.41,19.32
1789454258.674,research-api-products-service-1,products-service,42.84,13.88
1789454258.674,research-api-monolith-partial-1,monolith-partial,65.37,17.52
1789454258.674,research-api-users-service-1,users-service,33.0,14.56
1789454258.674,research-api-grafana-1,grafana,0.04,43.71
1789454258.674,research-api-postgres-1,postgres,68.23,121.0
1789454258.674,research-api-prometheus-1,prometheus,0.0,35.45
1789454258.674,research-api-cadvisor-1,cadvisor,0.0,19.72
1789454263.67,research-api-nginx-1,nginx,69.94,19.2
1789454263.67,research-api-products-service-1,products-service,45.28,14.93
1789454263.67,research-api-monolith-partial-1,monolith-partial,62.07,18.36
1789454263.67,research-api-users-service-1,users-service,35.35,13.55
1789454263.67,research-api-grafana-1,grafana,0.03,43.71
1789454263.67,research-api-postgres-1,postgres,69.35,120.3
1789454263.67,research-api-prometheus-1,prometheus,0.0,35.45
1789454263.67,research-api-cadvisor-1,cadvisor,0.0,19.02
1789454268.656,research-api-nginx-1,nginx,71.32,18.87
1789454268.656,research-api-products-service-1,products-service,43.67,14.59
1789454268.656,research-api-monolith-partial-1,monolith-partial,68.0,17.4
1789454268.656,research-api-users-service-1,users-service,34.95,13.85
1789454268.656,research-api-grafana-1,grafana,0.04,43.71
1789454268.656,research-api-postgres-1,postgres,70.53,120.6
1789454268.656,research-api-prometheus-1,prometheus,0.0,35.45
1789454268.656,research-api-cadvisor-1,cadvisor,0.0,19.02
1789454273.665,research-api-nginx-1,nginx,69.82,18.94
1789454273.665,research-api-products-service-1,products-service,42.35,14.26
1789454273.665,research-api-monolith-partial-1,monolith-partial,67.85,17.7
1789454273.665,research-api-users-service-1,users-service,33.9,13.07
1789454273.665,research-api-grafana-1,grafana,0.03,43.71
1789454273.665,research-api-postgres-1,postgres,71.87,121.5
1789454273.665,research-api-prometheus-1,prometheus,0.0,35.45
1789454273.665,research-api-cadvisor-1,cadvisor,0.0,18.0
1789454278.67,research-api-nginx-1,nginx,72.06,19.59
1789454278.67,research-api-products-service-1,products-service,46.5,13.96
1789454278.67,research-api-monolith-partial-1,monolith-partial,67.15,17.91
1789454278.67,research-api-users-service-1,users-service,34.46,12.68
1789454278.67,research-api-grafana-1,grafana,0.03,43.71
1789454278.67,research-api-postgres-1,postgres,69.2,121.5
1789454278.67,research-api-prometheus-1,prometheus,0.0,36.08
1789454278.67,research-api-cadvisor-1,cadvisor,0.0,18.0
1789454283.669,research-api-nginx-1,nginx,69.2,18.8
1789454283.669,research-api-products-service-1,products-service,42.26,13.8
1789454283.669,research-api-monolith-partial-1,monolith-partial,63.9,17.62
1789454283.669,research-api-users-service-1,users-service,34.69,13.15
1789454283.669,research-api-grafana-1,grafana,0.06,43.71
1789454283.669,research-api-postgres-1,postgres,69.8,122.5
1789454283.669,research-api-prometheus-1,prometheus,0.0,36.08
1789454283.669,research-api-cadvisor-1,cadvisor,0.01,18.51
1789454288.667,research-api-nginx-1,nginx,74.25,20.23
1789454288.667,research-api-products-service-1,products-service,46.39,13.83
1789454288.667,research-api-monolith-partial-1,monolith-partial,68.45,18.33
1789454288.667,research-api-users-service-1,users-service,36.86,13.25
1789454288.667,research-api-grafana-1,grafana,0.06,43.71
1789454288.667,research-api-postgres-1,postgres,74.36,122.9
1789454288.667,research-api-prometheus-1,prometheus,0.1,36.09
1789454288.667,research-api-cadvisor-1,cadvisor,0.0,18.51
1789454293.705,research-api-nginx-1,nginx,111.12,20.11
1789454293.705,research-api-products-service-1,products-service,62.04,14.43
1789454293.705,research-api-monolith-partial-1,monolith-partial,100.16,18.28
1789454293.705,research-api-users-service-1,users-service,52.46,12.62
1789454293.705,research-api-grafana-1,grafana,0.03,43.71
1789454293.705,research-api-postgres-1,postgres,127.76,122.9
1789454293.705,research-api-prometheus-1,prometheus,0.0,36.1
1789454293.705,research-api-cadvisor-1,cadvisor,0.0,19.14
1789454298.774,research-api-nginx-1,nginx,137.04,20.02
1789454298.774,research-api-products-service-1,products-service,75.3,14.79
1789454298.774,research-api-monolith-partial-1,monolith-partial,114.26,19.43
1789454298.774,research-api-users-service-1,users-service,64.57,13.67
1789454298.774,research-api-grafana-1,grafana,0.06,43.71
1789454298.774,research-api-postgres-1,postgres,125.38,124.0
1789454298.774,research-api-prometheus-1,prometheus,0.0,36.11
1789454298.774,research-api-cadvisor-1,cadvisor,0.0,19.14
1789454303.761,research-api-nginx-1,nginx,155.56,21.23
1789454303.761,research-api-products-service-1,products-service,76.79,16.54
1789454303.761,research-api-monolith-partial-1,monolith-partial,123.03,19.82
1789454303.761,research-api-users-service-1,users-service,68.43,12.34
1789454303.761,research-api-grafana-1,grafana,0.03,43.71
1789454303.761,research-api-postgres-1,postgres,144.43,130.2
1789454303.761,research-api-prometheus-1,prometheus,0.0,36.11
1789454303.761,research-api-cadvisor-1,cadvisor,0.0,20.03
1789454308.796,research-api-nginx-1,nginx,156.87,20.99
1789454308.796,research-api-products-service-1,products-service,93.5,16.77
1789454308.796,research-api-monolith-partial-1,monolith-partial,128.68,19.72
1789454308.796,research-api-users-service-1,users-service,65.55,13.65
1789454308.796,research-api-grafana-1,grafana,0.05,43.71
1789454308.796,research-api-postgres-1,postgres,147.14,135.1
1789454308.796,research-api-prometheus-1,prometheus,0.0,36.12
1789454308.796,research-api-cadvisor-1,cadvisor,0.0,20.03
1789454313.836,research-api-nginx-1,nginx,169.3,21.25
1789454313.836,research-api-products-service-1,products-service,90.54,17.42
1789454313.836,research-api-monolith-partial-1,monolith-partial,144.46,20.09
1789454313.836,research-api-users-service-1,users-service,71.59,14.76
1789454313.836,research-api-grafana-1,grafana,0.08,43.71
1789454313.836,research-api-postgres-1,postgres,165.95,135.5
1789454313.836,research-api-prometheus-1,prometheus,0.87,36.12
1789454313.836,research-api-cadvisor-1,cadvisor,0.0,20.03
1789454318.89,research-api-nginx-1,nginx,171.39,21.66
1789454318.89,research-api-products-service-1,products-service,92.28,18.96
1789454318.89,research-api-monolith-partial-1,monolith-partial,145.77,22.17
1789454318.89,research-api-users-service-1,users-service,74.18,16.3
1789454318.89,research-api-grafana-1,grafana,0.04,43.71
1789454318.89,research-api-postgres-1,postgres,176.93,135.7
1789454318.89,research-api-prometheus-1,prometheus,0.0,36.12
1789454318.89,research-api-cadvisor-1,cadvisor,0.29,20.03
1789454323.84,research-api-nginx-1,nginx,163.45,22.22
1789454323.84,research-api-products-service-1,products-service,82.1,17.95
1789454323.84,research-api-monolith-partial-1,monolith-partial,155.76,21.19
1789454323.84,research-api-users-service-1,users-service,71.91,14.69
1789454323.84,research-api-grafana-1,grafana,2.81,43.41
1789454323.84,research-api-postgres-1,postgres,180.89,136.6
1789454323.84,research-api-prometheus-1,prometheus,0.76,36.12
1789454323.84,research-api-cadvisor-1,cadvisor,0.0,19.48
1789454328.827,research-api-nginx-1,nginx,161.1,22.31
1789454328.827,research-api-products-service-1,products-service,87.98,18.16
1789454328.827,research-api-monolith-partial-1,monolith-partial,139.22,22.55
1789454328.827,research-api-users-service-1,users-service,69.53,15.01
1789454328.827,research-api-grafana-1,grafana,0.06,43.41
1789454328.827,research-api-postgres-1,postgres,166.31,137.9
1789454328.827,research-api-prometheus-1,prometheus,0.0,36.12
1789454328.827,research-api-cadvisor-1,cadvisor,0.0,19.48
1789454333.856,research-api-nginx-1,nginx,163.41,21.65
1789454333.856,research-api-products-service-1,products-service,92.4,17.86
1789454333.856,research-api-monolith-partial-1,monolith-partial,138.7,20.67
1789454333.856,research-api-users-service-1,users-service,70.77,14.35
1789454333.856,research-api-grafana-1,grafana,0.04,43.41
1789454333.856,research-api-postgres-1,postgres,169.75,138.8
1789454333.856,research-api-prometheus-1,prometheus,0.67,36.38
1789454333.856,research-api-cadvisor-1,cadvisor,0.0,19.48
1789454338.886,research-api-nginx-1,nginx,160.21,22.09
1789454338.886,research-api-products-service-1,products-service,92.25,17.62
1789454338.886,research-api-monolith-partial-1,monolith-partial,132.98,22.21
1789454338.886,research-api-users-service-1,users-service,73.09,15.33
1789454338.886,research-api-grafana-1,grafana,0.04,43.41
1789454338.886,research-api-postgres-1,postgres,166.79,139.5
1789454338.886,research-api-prometheus-1,prometheus,0.0,36.14
1789454338.886,research-api-cadvisor-1,cadvisor,0.0,18.54
1789454343.872,research-api-nginx-1,nginx,171.32,21.0
1789454343.872,research-api-products-service-1,products-service,95.52,18.54
1789454343.872,research-api-monolith-partial-1,monolith-partial,144.87,20.7
1789454343.872,research-api-users-service-1,users-service,75.63,15.34
1789454343.872,research-api-grafana-1,grafana,0.06,43.41
1789454343.872,research-api-postgres-1,postgres,176.36,139.6
1789454343.872,research-api-prometheus-1,prometheus,0.92,36.79
1789454343.872,research-api-cadvisor-1,cadvisor,0.0,18.59
1789454348.869,research-api-nginx-1,nginx,156.23,21.11
1789454348.869,research-api-products-service-1,products-service,81.51,18.34
1789454348.869,research-api-monolith-partial-1,monolith-partial,127.9,21.21
1789454348.869,research-api-users-service-1,users-service,67.04,15.11
1789454348.869,research-api-grafana-1,grafana,0.04,43.41
1789454348.869,research-api-postgres-1,postgres,161.27,140.1
1789454348.869,research-api-prometheus-1,prometheus,0.0,36.9
1789454348.869,research-api-cadvisor-1,cadvisor,0.0,18.59
1789454353.832,research-api-nginx-1,nginx,167.82,21.24
1789454353.832,research-api-products-service-1,products-service,88.66,17.77
1789454353.832,research-api-monolith-partial-1,monolith-partial,134.97,21.66
1789454353.832,research-api-users-service-1,users-service,81.51,15.73
1789454353.832,research-api-grafana-1,grafana,0.04,43.41
1789454353.832,research-api-postgres-1,postgres,204.63,141.0
1789454353.832,research-api-prometheus-1,prometheus,0.92,36.91
1789454353.832,research-api-cadvisor-1,cadvisor,0.0,17.13
1789454358.919,research-api-nginx-1,nginx,160.19,22.15
1789454358.919,research-api-products-service-1,products-service,85.23,18.22
1789454358.919,research-api-monolith-partial-1,monolith-partial,139.69,21.28
1789454358.919,research-api-users-service-1,users-service,65.22,15.1
1789454358.919,research-api-grafana-1,grafana,0.08,43.41
1789454358.919,research-api-postgres-1,postgres,172.84,141.9
1789454358.919,research-api-prometheus-1,prometheus,0.23,36.93
1789454358.919,research-api-cadvisor-1,cadvisor,0.94,18.13
1789454363.918,research-api-nginx-1,nginx,174.21,21.56
1789454363.918,research-api-products-service-1,products-service,96.2,16.88
1789454363.918,research-api-monolith-partial-1,monolith-partial,144.75,22.11
1789454363.918,research-api-users-service-1,users-service,75.92,14.32
1789454363.918,research-api-grafana-1,grafana,0.05,43.41
1789454363.918,research-api-postgres-1,postgres,173.11,141.9
1789454363.918,research-api-prometheus-1,prometheus,0.95,36.93
1789454363.918,research-api-cadvisor-1,cadvisor,0.0,17.83
1789454368.886,research-api-nginx-1,nginx,160.32,21.34
1789454368.886,research-api-products-service-1,products-service,84.51,18.03
1789454368.886,research-api-monolith-partial-1,monolith-partial,140.04,21.23
1789454368.886,research-api-users-service-1,users-service,66.49,15.1
1789454368.886,research-api-grafana-1,grafana,0.04,43.41
1789454368.886,research-api-postgres-1,postgres,178.14,143.4
1789454368.886,research-api-prometheus-1,prometheus,0.0,36.93
1789454368.886,research-api-cadvisor-1,cadvisor,0.0,17.83
1789454373.896,research-api-nginx-1,nginx,164.39,21.93
1789454373.896,research-api-products-service-1,products-service,89.41,18.08
1789454373.896,research-api-monolith-partial-1,monolith-partial,153.18,19.84
1789454373.896,research-api-users-service-1,users-service,67.11,14.89
1789454373.896,research-api-grafana-1,grafana,0.06,43.41
1789454373.896,research-api-postgres-1,postgres,173.0,143.7
1789454373.896,research-api-prometheus-1,prometheus,0.66,36.95
1789454373.896,research-api-cadvisor-1,cadvisor,0.29,18.11
1789454378.909,research-api-nginx-1,nginx,168.98,22.18
1789454378.909,research-api-products-service-1,products-service,95.15,17.66
1789454378.909,research-api-monolith-partial-1,monolith-partial,131.11,20.79
1789454378.909,research-api-users-service-1,users-service,74.63,15.35
1789454378.909,research-api-grafana-1,grafana,0.04,43.41
1789454378.909,research-api-postgres-1,postgres,170.28,144.4
1789454378.909,research-api-prometheus-1,prometheus,0.0,36.94
1789454378.909,research-api-cadvisor-1,cadvisor,0.85,18.25
1789454383.851,research-api-nginx-1,nginx,161.52,20.91
1789454383.851,research-api-products-service-1,products-service,101.19,17.79
1789454383.851,research-api-monolith-partial-1,monolith-partial,141.03,21.68
1789454383.851,research-api-users-service-1,users-service,75.44,14.42
1789454383.851,research-api-grafana-1,grafana,0.04,43.42
1789454383.851,research-api-postgres-1,postgres,181.71,144.8
1789454383.851,research-api-prometheus-1,prometheus,0.88,36.95
1789454383.851,research-api-cadvisor-1,cadvisor,0.0,17.82
1789454388.931,research-api-nginx-1,nginx,159.77,21.8
1789454388.931,research-api-products-service-1,products-service,83.05,18.33
1789454388.931,research-api-monolith-partial-1,monolith-partial,138.75,21.26
1789454388.931,research-api-users-service-1,users-service,63.5,16.35
1789454388.931,research-api-grafana-1,grafana,0.06,43.42
1789454388.931,research-api-postgres-1,postgres,173.53,145.4
1789454388.931,research-api-prometheus-1,prometheus,0.16,36.95
1789454388.931,research-api-cadvisor-1,cadvisor,0.0,17.83
1789454393.874,research-api-nginx-1,nginx,167.84,21.21
1789454393.874,research-api-products-service-1,products-service,91.2,18.26
1789454393.874,research-api-monolith-partial-1,monolith-partial,136.78,21.5
1789454393.874,research-api-users-service-1,users-service,72.5,15.7
1789454393.874,research-api-grafana-1,grafana,0.05,43.42
1789454393.874,research-api-postgres-1,postgres,179.45,146.4
1789454393.874,research-api-prometheus-1,prometheus,0.92,36.96
1789454393.874,research-api-cadvisor-1,cadvisor,0.0,17.84
1789454398.855,research-api-nginx-1,nginx,166.8,21.8
1789454398.855,research-api-products-service-1,products-service,90.26,18.51
1789454398.855,research-api-monolith-partial-1,monolith-partial,143.82,21.92
1789454398.855,research-api-users-service-1,users-service,76.48,15.18
1789454398.855,research-api-grafana-1,grafana,0.04,43.42
1789454398.855,research-api-postgres-1,postgres,182.63,148.7
1789454398.855,research-api-prometheus-1,prometheus,0.0,36.96
1789454398.855,research-api-cadvisor-1,cadvisor,0.0,17.87
1789454403.884,research-api-nginx-1,nginx,172.86,21.36
1789454403.884,research-api-products-service-1,products-service,99.22,17.57
1789454403.884,research-api-monolith-partial-1,monolith-partial,149.84,20.74
1789454403.884,research-api-users-service-1,users-service,72.32,15.7
1789454403.884,research-api-grafana-1,grafana,0.08,43.42
1789454403.884,research-api-postgres-1,postgres,178.14,148.0
1789454403.884,research-api-prometheus-1,prometheus,0.87,37.2
1789454403.884,research-api-cadvisor-1,cadvisor,0.0,18.56
1789454408.886,research-api-nginx-1,nginx,173.4,22.12
1789454408.886,research-api-products-service-1,products-service,96.16,18.04
1789454408.886,research-api-monolith-partial-1,monolith-partial,147.48,21.77
1789454408.886,research-api-users-service-1,users-service,70.56,16.43
1789454408.886,research-api-grafana-1,grafana,0.04,43.42
1789454408.886,research-api-postgres-1,postgres,178.85,148.4
1789454408.886,research-api-prometheus-1,prometheus,0.0,36.96
1789454408.886,research-api-cadvisor-1,cadvisor,0.32,18.56
1789454413.928,research-api-nginx-1,nginx,169.47,21.59
1789454413.928,research-api-products-service-1,products-service,94.86,18.26
1789454413.928,research-api-monolith-partial-1,monolith-partial,142.56,21.67
1789454413.928,research-api-users-service-1,users-service,72.32,15.59
1789454413.928,research-api-grafana-1,grafana,0.05,43.42
1789454413.928,research-api-postgres-1,postgres,203.56,148.9
1789454413.928,research-api-prometheus-1,prometheus,0.69,36.98
1789454413.928,research-api-cadvisor-1,cadvisor,0.0,18.62
1789454418.869,research-api-nginx-1,nginx,172.62,21.4
1789454418.869,research-api-products-service-1,products-service,97.69,18.66
1789454418.869,research-api-monolith-partial-1,monolith-partial,135.21,20.99
1789454418.869,research-api-users-service-1,users-service,77.93,15.81
1789454418.869,research-api-grafana-1,grafana,0.07,43.42
1789454418.869,research-api-postgres-1,postgres,167.46,149.1
1789454418.869,research-api-prometheus-1,prometheus,0.0,36.98
1789454418.869,research-api-cadvisor-1,cadvisor,0.0,18.62
1789454423.907,research-api-nginx-1,nginx,171.72,21.36
1789454423.907,research-api-products-service-1,products-service,93.27,17.75
1789454423.907,research-api-monolith-partial-1,monolith-partial,145.86,21.38
1789454423.907,research-api-users-service-1,users-service,73.74,15.2
1789454423.907,research-api-grafana-1,grafana,0.05,43.42
1789454423.907,research-api-postgres-1,postgres,165.97,150.0
1789454423.907,research-api-prometheus-1,prometheus,0.94,37.62
1789454423.907,research-api-cadvisor-1,cadvisor,0.0,19.27
1789454428.894,research-api-nginx-1,nginx,158.8,22.48
1789454428.894,research-api-products-service-1,products-service,86.0,17.37
1789454428.894,research-api-monolith-partial-1,monolith-partial,160.5,21.29
1789454428.894,research-api-users-service-1,users-service,65.55,15.99
1789454428.894,research-api-grafana-1,grafana,0.04,43.42
1789454428.894,research-api-postgres-1,postgres,182.34,150.8
1789454428.894,research-api-prometheus-1,prometheus,0.0,37.62
1789454428.894,research-api-cadvisor-1,cadvisor,0.0,19.27
1789454433.911,research-api-nginx-1,nginx,173.18,22.11
1789454433.911,research-api-products-service-1,products-service,94.31,18.88
1789454433.911,research-api-monolith-partial-1,monolith-partial,153.44,22.83
1789454433.911,research-api-users-service-1,users-service,74.62,15.96
1789454433.911,research-api-grafana-1,grafana,0.06,43.42
1789454433.911,research-api-postgres-1,postgres,174.61,151.5
1789454433.911,research-api-prometheus-1,prometheus,0.6,37.62
1789454433.911,research-api-cadvisor-1,cadvisor,0.0,19.32
1789454438.923,research-api-nginx-1,nginx,175.48,21.21
1789454438.923,research-api-products-service-1,products-service,93.56,17.79
1789454438.923,research-api-monolith-partial-1,monolith-partial,141.43,20.95
1789454438.923,research-api-users-service-1,users-service,75.52,15.65
1789454438.923,research-api-grafana-1,grafana,0.05,43.42
1789454438.923,research-api-postgres-1,postgres,164.07,151.8
1789454438.923,research-api-prometheus-1,prometheus,0.25,37.86
1789454438.923,research-api-cadvisor-1,cadvisor,2.13,20.44
1789454443.927,research-api-nginx-1,nginx,161.03,20.77
1789454443.927,research-api-products-service-1,products-service,81.38,18.53
1789454443.927,research-api-monolith-partial-1,monolith-partial,155.68,21.25
1789454443.927,research-api-users-service-1,users-service,69.4,15.61
1789454443.927,research-api-grafana-1,grafana,2.46,43.42
1789454443.927,research-api-postgres-1,postgres,157.24,151.5
1789454443.927,research-api-prometheus-1,prometheus,0.81,37.63
1789454443.927,research-api-cadvisor-1,cadvisor,1.31,20.43
1789454448.957,research-api-nginx-1,nginx,163.74,22.06
1789454448.957,research-api-products-service-1,products-service,94.26,18.2
1789454448.957,research-api-monolith-partial-1,monolith-partial,135.09,21.73
1789454448.957,research-api-users-service-1,users-service,73.81,15.81
1789454448.957,research-api-grafana-1,grafana,0.06,43.42
1789454448.957,research-api-postgres-1,postgres,177.93,152.7
1789454448.957,research-api-prometheus-1,prometheus,0.13,37.62
1789454448.957,research-api-cadvisor-1,cadvisor,0.0,20.43
1789454453.917,research-api-nginx-1,nginx,168.73,21.53
1789454453.917,research-api-products-service-1,products-service,94.59,17.02
1789454453.917,research-api-monolith-partial-1,monolith-partial,142.6,21.55
1789454453.917,research-api-users-service-1,users-service,70.75,15.39
1789454453.917,research-api-grafana-1,grafana,0.05,43.42
1789454453.917,research-api-postgres-1,postgres,165.26,153.0
1789454453.917,research-api-prometheus-1,prometheus,0.84,37.74
1789454453.917,research-api-cadvisor-1,cadvisor,0.0,20.29
1789454458.956,research-api-nginx-1,nginx,171.74,21.66
1789454458.956,research-api-products-service-1,products-service,94.87,17.55
1789454458.956,research-api-monolith-partial-1,monolith-partial,145.12,20.55
1789454458.956,research-api-users-service-1,users-service,69.67,16.23
1789454458.956,research-api-grafana-1,grafana,0.04,43.42
1789454458.956,research-api-postgres-1,postgres,165.56,154.0
1789454458.956,research-api-prometheus-1,prometheus,0.27,37.74
1789454458.956,research-api-cadvisor-1,cadvisor,1.11,20.54
1789454463.907,research-api-nginx-1,nginx,162.41,21.87
1789454463.907,research-api-products-service-1,products-service,87.68,18.62
1789454463.907,research-api-monolith-partial-1,monolith-partial,130.71,23.12
1789454463.907,research-api-users-service-1,users-service,68.82,15.82
1789454463.907,research-api-grafana-1,grafana,0.06,43.42
1789454463.907,research-api-postgres-1,postgres,154.04,154.6
1789454463.907,research-api-prometheus-1,prometheus,0.81,37.87
1789454463.907,research-api-cadvisor-1,cadvisor,0.0,20.29
1789454468.924,research-api-nginx-1,nginx,165.69,20.93
1789454468.924,research-api-products-service-1,products-service,85.65,18.9
1789454468.924,research-api-monolith-partial-1,monolith-partial,137.47,20.45
1789454468.924,research-api-users-service-1,users-service,71.95,14.61
1789454468.924,research-api-grafana-1,grafana,0.05,43.42
1789454468.924,research-api-postgres-1,postgres,175.45,155.7
1789454468.924,research-api-prometheus-1,prometheus,1.29,38.5
1789454468.924,research-api-cadvisor-1,cadvisor,1.44,20.79
1789454473.928,research-api-nginx-1,nginx,157.11,21.36
1789454473.928,research-api-products-service-1,products-service,81.87,18.29
1789454473.928,research-api-monolith-partial-1,monolith-partial,137.34,23.16
1789454473.928,research-api-users-service-1,users-service,69.43,15.4
1789454473.928,research-api-grafana-1,grafana,0.04,43.42
1789454473.928,research-api-postgres-1,postgres,199.5,156.1
1789454473.928,research-api-prometheus-1,prometheus,0.87,38.2
1789454473.928,research-api-cadvisor-1,cadvisor,0.92,20.79
1789454478.942,research-api-nginx-1,nginx,161.97,22.01
1789454478.942,research-api-products-service-1,products-service,88.97,18.42
1789454478.942,research-api-monolith-partial-1,monolith-partial,133.98,22.23
1789454478.942,research-api-users-service-1,users-service,70.23,15.87
1789454478.942,research-api-grafana-1,grafana,0.06,43.42
1789454478.942,research-api-postgres-1,postgres,163.36,156.6
1789454478.942,research-api-prometheus-1,prometheus,0.24,38.21
1789454478.942,research-api-cadvisor-1,cadvisor,0.89,20.79
1789454483.926,research-api-nginx-1,nginx,178.85,20.95
1789454483.926,research-api-products-service-1,products-service,86.54,19.76
1789454483.926,research-api-monolith-partial-1,monolith-partial,137.95,21.43
1789454483.926,research-api-users-service-1,users-service,76.59,15.21
1789454483.926,research-api-grafana-1,grafana,0.07,43.42
1789454483.926,research-api-postgres-1,postgres,168.49,157.1
1789454483.926,research-api-prometheus-1,prometheus,0.9,38.21
1789454483.926,research-api-cadvisor-1,cadvisor,0.0,20.79
1789454488.95,research-api-nginx-1,nginx,160.23,20.8
1789454488.95,research-api-products-service-1,products-service,84.78,18.09
1789454488.95,research-api-monolith-partial-1,monolith-partial,131.37,21.37
1789454488.95,research-api-users-service-1,users-service,69.62,14.68
1789454488.95,research-api-grafana-1,grafana,0.04,43.42
1789454488.95,research-api-postgres-1,postgres,164.21,157.5
1789454488.95,research-api-prometheus-1,prometheus,0.24,38.21
1789454488.95,research-api-cadvisor-1,cadvisor,1.69,20.88
1789454493.959,research-api-nginx-1,nginx,168.34,21.09
1789454493.959,research-api-products-service-1,products-service,95.18,18.46
1789454493.959,research-api-monolith-partial-1,monolith-partial,146.2,21.85
1789454493.959,research-api-users-service-1,users-service,76.9,15.49
1789454493.959,research-api-grafana-1,grafana,0.07,43.42
1789454493.959,research-api-postgres-1,postgres,172.06,158.6
1789454493.959,research-api-prometheus-1,prometheus,0.85,38.21
1789454493.959,research-api-cadvisor-1,cadvisor,0.0,20.62
1789454499.063,research-api-nginx-1,nginx,176.77,22.16
1789454499.063,research-api-products-service-1,products-service,92.5,17.2
1789454499.063,research-api-monolith-partial-1,monolith-partial,144.22,20.43
1789454499.063,research-api-users-service-1,users-service,71.88,16.46
1789454499.063,research-api-grafana-1,grafana,0.06,43.42
1789454499.063,research-api-postgres-1,postgres,169.01,159.7
1789454499.063,research-api-prometheus-1,prometheus,0.23,38.21
1789454499.063,research-api-cadvisor-1,cadvisor,1.11,20.62
1789454503.915,research-api-nginx-1,nginx,172.85,22.23
1789454503.915,research-api-products-service-1,products-service,90.82,18.55
1789454503.915,research-api-monolith-partial-1,monolith-partial,142.76,21.92
1789454503.915,research-api-users-service-1,users-service,71.96,15.57
1789454503.915,research-api-grafana-1,grafana,0.04,43.43
1789454503.915,research-api-postgres-1,postgres,169.12,160.1
1789454503.915,research-api-prometheus-1,prometheus,0.81,38.21
1789454503.915,research-api-cadvisor-1,cadvisor,1.41,20.99
1789454508.974,research-api-nginx-1,nginx,166.25,21.51
1789454508.974,research-api-products-service-1,products-service,92.33,18.85
1789454508.974,research-api-monolith-partial-1,monolith-partial,136.95,22.26
1789454508.974,research-api-users-service-1,users-service,63.91,16.14
1789454508.974,research-api-grafana-1,grafana,0.06,43.43
1789454508.974,research-api-postgres-1,postgres,164.63,160.6
1789454508.974,research-api-prometheus-1,prometheus,0.27,38.21
1789454508.974,research-api-cadvisor-1,cadvisor,1.02,21.64
1789454514.051,research-api-nginx-1,nginx,169.09,20.79
1789454514.051,research-api-products-service-1,products-service,92.86,17.5
1789454514.051,research-api-monolith-partial-1,monolith-partial,148.77,22.61
1789454514.051,research-api-users-service-1,users-service,74.72,15.35
1789454514.051,research-api-grafana-1,grafana,0.05,43.43
1789454514.051,research-api-postgres-1,postgres,172.29,161.4
1789454514.051,research-api-prometheus-1,prometheus,0.86,38.23
1789454514.051,research-api-cadvisor-1,cadvisor,0.29,21.65
1789454519.02,research-api-nginx-1,nginx,163.7,21.85
1789454519.02,research-api-products-service-1,products-service,88.85,18.14
1789454519.02,research-api-monolith-partial-1,monolith-partial,141.88,21.92
1789454519.02,research-api-users-service-1,users-service,79.97,14.31
1789454519.02,research-api-grafana-1,grafana,0.04,43.43
1789454519.02,research-api-postgres-1,postgres,165.51,162.3
1789454519.02,research-api-prometheus-1,prometheus,0.22,38.23
1789454519.02,research-api-cadvisor-1,cadvisor,1.38,21.73
1789454524.088,research-api-nginx-1,nginx,170.5,21.01
1789454524.088,research-api-products-service-1,products-service,92.11,18.21
1789454524.088,research-api-monolith-partial-1,monolith-partial,152.75,22.3
1789454524.088,research-api-users-service-1,users-service,74.57,15.62
1789454524.088,research-api-grafana-1,grafana,0.07,43.43
1789454524.088,research-api-postgres-1,postgres,176.32,163.0
1789454524.088,research-api-prometheus-1,prometheus,0.87,38.23
1789454524.088,research-api-cadvisor-1,cadvisor,0.0,21.13
1789454529.021,research-api-nginx-1,nginx,167.0,21.49
1789454529.021,research-api-products-service-1,products-service,93.25,18.09
1789454529.021,research-api-monolith-partial-1,monolith-partial,142.82,21.89
1789454529.021,research-api-users-service-1,users-service,73.91,15.24
1789454529.021,research-api-grafana-1,grafana,0.06,43.43
1789454529.021,research-api-postgres-1,postgres,178.18,163.1
1789454529.021,research-api-prometheus-1,prometheus,0.27,38.23
1789454529.021,research-api-cadvisor-1,cadvisor,1.06,21.16
1789454534.016,research-api-nginx-1,nginx,173.01,21.7
1789454534.016,research-api-products-service-1,products-service,91.93,18.57
1789454534.016,research-api-monolith-partial-1,monolith-partial,143.32,22.93
1789454534.016,research-api-users-service-1,users-service,70.48,15.86
1789454534.016,research-api-grafana-1,grafana,0.05,43.43
1789454534.016,research-api-postgres-1,postgres,215.53,164.3
1789454534.016,research-api-prometheus-1,prometheus,0.86,38.23
1789454534.016,research-api-cadvisor-1,cadvisor,1.28,21.16
1789454539.043,research-api-nginx-1,nginx,166.46,21.39
1789454539.043,research-api-products-service-1,products-service,95.72,18.07
1789454539.043,research-api-monolith-partial-1,monolith-partial,133.34,22.02
1789454539.043,research-api-users-service-1,users-service,66.51,15.71
1789454539.043,research-api-grafana-1,grafana,0.07,43.43
1789454539.043,research-api-postgres-1,postgres,167.09,165.3
1789454539.043,research-api-prometheus-1,prometheus,0.26,38.23
1789454539.043,research-api-cadvisor-1,cadvisor,2.13,21.5
1789454544.051,research-api-nginx-1,nginx,173.15,21.67
1789454544.051,research-api-products-service-1,products-service,91.31,17.74
1789454544.051,research-api-monolith-partial-1,monolith-partial,146.86,20.23
1789454544.051,research-api-users-service-1,users-service,72.19,16.11
1789454544.051,research-api-grafana-1,grafana,0.05,43.43
1789454544.051,research-api-postgres-1,postgres,181.45,165.7
1789454544.051,research-api-prometheus-1,prometheus,0.83,38.25
1789454544.051,research-api-cadvisor-1,cadvisor,0.0,21.5
1789454549.014,research-api-nginx-1,nginx,175.73,22.61
1789454549.014,research-api-products-service-1,products-service,90.78,18.95
1789454549.014,research-api-monolith-partial-1,monolith-partial,140.39,21.18
1789454549.014,research-api-users-service-1,users-service,72.94,16.44
1789454549.014,research-api-grafana-1,grafana,0.04,43.43
1789454549.014,research-api-postgres-1,postgres,173.16,166.4
1789454549.014,research-api-prometheus-1,prometheus,0.27,38.25
1789454549.014,research-api-cadvisor-1,cadvisor,0.92,21.59
1789454554.02,research-api-nginx-1,nginx,169.7,21.4
1789454554.02,research-api-products-service-1,products-service,91.82,17.68
1789454554.02,research-api-monolith-partial-1,monolith-partial,132.18,23.01
1789454554.02,research-api-users-service-1,users-service,73.09,15.13
1789454554.02,research-api-grafana-1,grafana,0.06,43.43
1789454554.02,research-api-postgres-1,postgres,177.25,167.3
1789454554.02,research-api-prometheus-1,prometheus,0.88,38.25
1789454554.02,research-api-cadvisor-1,cadvisor,0.0,21.59
1789454559.028,research-api-nginx-1,nginx,162.86,21.28
1789454559.028,research-api-products-service-1,products-service,85.74,18.9
1789454559.028,research-api-monolith-partial-1,monolith-partial,137.56,22.68
1789454559.028,research-api-users-service-1,users-service,69.93,15.53
1789454559.028,research-api-grafana-1,grafana,0.05,43.43
1789454559.028,research-api-postgres-1,postgres,175.94,167.6
1789454559.028,research-api-prometheus-1,prometheus,0.3,38.25
1789454559.028,research-api-cadvisor-1,cadvisor,1.83,21.41
1789454564.022,research-api-nginx-1,nginx,164.37,21.21
1789454564.022,research-api-products-service-1,products-service,84.98,18.16
1789454564.022,research-api-monolith-partial-1,monolith-partial,137.97,21.38
1789454564.022,research-api-users-service-1,users-service,77.06,16.07
1789454564.022,research-api-grafana-1,grafana,2.48,43.44
1789454564.022,research-api-postgres-1,postgres,169.77,168.2
1789454564.022,research-api-prometheus-1,prometheus,0.7,38.26
1789454564.022,research-api-cadvisor-1,cadvisor,1.46,21.42
1789454569.077,research-api-nginx-1,nginx,168.39,22.48
1789454569.077,research-api-products-service-1,products-service,85.89,18.3
1789454569.077,research-api-monolith-partial-1,monolith-partial,145.3,22.38
1789454569.077,research-api-users-service-1,users-service,75.12,14.63
1789454569.077,research-api-grafana-1,grafana,0.07,43.44
1789454569.077,research-api-postgres-1,postgres,172.13,169.8
1789454569.077,research-api-prometheus-1,prometheus,0.24,38.26
1789454569.077,research-api-cadvisor-1,cadvisor,0.91,22.02
1789454574.024,research-api-nginx-1,nginx,160.63,21.63
1789454574.024,research-api-products-service-1,products-service,84.95,18.41
1789454574.024,research-api-monolith-partial-1,monolith-partial,143.83,22.16
1789454574.024,research-api-users-service-1,users-service,76.44,15.6
1789454574.024,research-api-grafana-1,grafana,0.06,43.44
1789454574.024,research-api-postgres-1,postgres,165.13,170.0
1789454574.024,research-api-prometheus-1,prometheus,0.83,38.26
1789454574.024,research-api-cadvisor-1,cadvisor,0.0,18.83
1789454579.045,research-api-nginx-1,nginx,167.18,22.1
1789454579.045,research-api-products-service-1,products-service,86.86,18.1
1789454579.045,research-api-monolith-partial-1,monolith-partial,144.72,22.92
1789454579.045,research-api-users-service-1,users-service,67.97,16.26
1789454579.045,research-api-grafana-1,grafana,0.05,43.44
1789454579.045,research-api-postgres-1,postgres,167.15,169.8
1789454579.045,research-api-prometheus-1,prometheus,0.26,38.26
1789454579.045,research-api-cadvisor-1,cadvisor,0.92,19.46
1789454584.078,research-api-nginx-1,nginx,176.13,21.66
1789454584.078,research-api-products-service-1,products-service,100.61,19.45
1789454584.078,research-api-monolith-partial-1,monolith-partial,149.09,21.48
1789454584.078,research-api-users-service-1,users-service,73.71,15.32
1789454584.078,research-api-grafana-1,grafana,0.07,43.45
1789454584.078,research-api-postgres-1,postgres,165.98,171.1
1789454584.078,research-api-prometheus-1,prometheus,0.83,38.26
1789454584.078,research-api-cadvisor-1,cadvisor,0.0,19.46
1789454589.06,research-api-nginx-1,nginx,170.19,22.18
1789454589.06,research-api-products-service-1,products-service,90.1,19.27
1789454589.06,research-api-monolith-partial-1,monolith-partial,133.82,22.05
1789454589.06,research-api-users-service-1,users-service,72.47,15.46
1789454589.06,research-api-grafana-1,grafana,0.04,43.45
1789454589.06,research-api-postgres-1,postgres,166.15,172.2
1789454589.06,research-api-prometheus-1,prometheus,1.46,38.27
1789454589.06,research-api-cadvisor-1,cadvisor,1.5,19.09
1789454594.035,research-api-nginx-1,nginx,175.9,21.68
1789454594.035,research-api-products-service-1,products-service,100.51,17.93
1789454594.035,research-api-monolith-partial-1,monolith-partial,146.81,22.16
1789454594.035,research-api-users-service-1,users-service,74.28,15.53
1789454594.035,research-api-grafana-1,grafana,0.04,43.45
1789454594.035,research-api-postgres-1,postgres,170.37,177.7
1789454594.035,research-api-prometheus-1,prometheus,0.82,38.27
1789454594.035,research-api-cadvisor-1,cadvisor,1.58,19.09
1789454599.081,research-api-nginx-1,nginx,163.08,21.75
1789454599.081,research-api-products-service-1,products-service,89.78,19.61
1789454599.081,research-api-monolith-partial-1,monolith-partial,132.1,23.02
1789454599.081,research-api-users-service-1,users-service,70.74,15.89
1789454599.081,research-api-grafana-1,grafana,0.06,43.45
1789454599.081,research-api-postgres-1,postgres,160.27,173.6
1789454599.081,research-api-prometheus-1,prometheus,0.22,38.27
1789454599.081,research-api-cadvisor-1,cadvisor,1.23,19.78
1789454604.081,research-api-nginx-1,nginx,148.84,21.65
1789454604.081,research-api-products-service-1,products-service,96.11,18.06
1789454604.081,research-api-monolith-partial-1,monolith-partial,150.45,21.42
1789454604.081,research-api-users-service-1,users-service,77.47,16.49
1789454604.081,research-api-grafana-1,grafana,0.03,43.45
1789454604.081,research-api-postgres-1,postgres,172.45,173.6
1789454604.081,research-api-prometheus-1,prometheus,0.87,38.27
1789454604.081,research-api-cadvisor-1,cadvisor,0.0,19.78
1789454609.07,research-api-nginx-1,nginx,171.1,21.84
1789454609.07,research-api-products-service-1,products-service,95.27,18.97
1789454609.07,research-api-monolith-partial-1,monolith-partial,140.05,21.28
1789454609.07,research-api-users-service-1,users-service,67.95,16.69
1789454609.07,research-api-grafana-1,grafana,0.05,43.45
1789454609.07,research-api-postgres-1,postgres,166.08,175.2
1789454609.07,research-api-prometheus-1,prometheus,0.21,38.27
1789454609.07,research-api-cadvisor-1,cadvisor,0.93,19.79
1789454614.015,research-api-nginx-1,nginx,169.5,20.64
1789454614.015,research-api-products-service-1,products-service,93.3,17.34
1789454614.015,research-api-monolith-partial-1,monolith-partial,159.25,23.25
1789454614.015,research-api-users-service-1,users-service,71.61,15.11
1789454614.015,research-api-grafana-1,grafana,0.07,43.45
1789454614.015,research-api-postgres-1,postgres,182.61,175.3
1789454614.015,research-api-prometheus-1,prometheus,0.9,38.27
1789454614.015,research-api-cadvisor-1,cadvisor,0.0,19.79
1789454619.091,research-api-nginx-1,nginx,161.68,21.67
1789454619.091,research-api-products-service-1,products-service,94.17,18.81
1789454619.091,research-api-monolith-partial-1,monolith-partial,140.32,22.19
1789454619.091,research-api-users-service-1,users-service,66.07,16.33
1789454619.091,research-api-grafana-1,grafana,0.06,43.45
1789454619.091,research-api-postgres-1,postgres,168.96,176.0
1789454619.091,research-api-prometheus-1,prometheus,0.26,38.27
1789454619.091,research-api-cadvisor-1,cadvisor,1.74,19.92
1789454624.056,research-api-nginx-1,nginx,139.64,21.37
1789454624.056,research-api-products-service-1,products-service,71.14,17.8
1789454624.056,research-api-monolith-partial-1,monolith-partial,124.68,21.16
1789454624.056,research-api-users-service-1,users-service,58.35,14.86
1789454624.056,research-api-grafana-1,grafana,0.04,43.45
1789454624.056,research-api-postgres-1,postgres,139.2,176.5
1789454624.056,research-api-prometheus-1,prometheus,0.83,38.28
1789454624.056,research-api-cadvisor-1,cadvisor,1.56,19.92
1789454629.097,research-api-nginx-1,nginx,139.37,20.95
1789454629.097,research-api-products-service-1,products-service,73.45,18.19
1789454629.097,research-api-monolith-partial-1,monolith-partial,107.09,20.12
1789454629.097,research-api-users-service-1,users-service,61.15,14.55
1789454629.097,research-api-grafana-1,grafana,0.07,43.45
1789454629.097,research-api-postgres-1,postgres,121.89,177.8
1789454629.097,research-api-prometheus-1,prometheus,0.22,38.28
1789454629.097,research-api-cadvisor-1,cadvisor,0.78,20.18
1789454633.969,research-api-nginx-1,nginx,106.38,21.14
1789454633.969,research-api-products-service-1,products-service,63.72,16.96
1789454633.969,research-api-monolith-partial-1,monolith-partial,88.22,19.35
1789454633.969,research-api-users-service-1,users-service,43.96,13.88
1789454633.969,research-api-grafana-1,grafana,0.05,43.45
1789454633.969,research-api-postgres-1,postgres,91.82,177.1
1789454633.969,research-api-prometheus-1,prometheus,0.83,38.27
1789454633.969,research-api-cadvisor-1,cadvisor,0.24,20.34
1789454638.889,research-api-nginx-1,nginx,46.71,20.42
1789454638.889,research-api-products-service-1,products-service,30.86,17.09
1789454638.889,research-api-monolith-partial-1,monolith-partial,44.99,19.81
1789454638.889,research-api-users-service-1,users-service,32.31,15.45
1789454638.889,research-api-grafana-1,grafana,0.05,43.45
1789454638.889,research-api-postgres-1,postgres,46.26,177.8
1789454638.889,research-api-prometheus-1,prometheus,0.0,38.27
1789454638.889,research-api-cadvisor-1,cadvisor,1.28,22.88
1789454643.868,research-api-nginx-1,nginx,23.32,21.66
1789454643.868,research-api-products-service-1,products-service,18.13,17.2
1789454643.868,research-api-monolith-partial-1,monolith-partial,25.27,20.27
1789454643.868,research-api-users-service-1,users-service,12.17,14.07
1789454643.868,research-api-grafana-1,grafana,0.07,43.45
1789454643.868,research-api-postgres-1,postgres,25.18,177.5
1789454643.868,research-api-prometheus-1,prometheus,1.05,38.51
1789454643.868,research-api-cadvisor-1,cadvisor,0.0,21.34
1789454648.901,research-api-nginx-1,nginx,2.82,17.0
1789454648.901,research-api-products-service-1,products-service,0.0,16.34
1789454648.901,research-api-monolith-partial-1,monolith-partial,0.0,18.5
1789454648.901,research-api-users-service-1,users-service,0.0,14.35
1789454648.901,research-api-grafana-1,grafana,0.05,43.45
1789454648.901,research-api-postgres-1,postgres,0.21,176.2
1789454648.901,research-api-prometheus-1,prometheus,0.33,38.52
1789454648.901,research-api-cadvisor-1,cadvisor,1.04,22.34
