timestamp,container,service,cpu_percent,memory_mb
1789452562.201,research-api-nginx-1,nginx,2.2,13.44
1789452562.201,research-api-grafana-1,grafana,0.05,49.4
1789452562.201,research-api-users-service-1,users-service,1.15,5.941
1789452562.201,research-api-products-service-1,products-service,1.62,7.852
1789452562.201,research-api-monolith-partial-1,monolith-partial,1.87,6.703
1789452562.201,research-api-postgres-1,postgres,1.51,31.63
1789452562.201,research-api-prometheus-1,prometheus,1.78,26.02
1789452562.201,research-api-cadvisor-1,cadvisor,2.4,17.3
1789452567.211,research-api-nginx-1,nginx,7.71,14.08
1789452567.211,research-api-grafana-1,grafana,0.04,49.42
1789452567.211,research-api-users-service-1,users-service,4.86,6.398
1789452567.211,research-api-products-service-1,products-service,4.34,9.359
1789452567.211,research-api-monolith-partial-1,monolith-partial,7.31,8.383
1789452567.211,research-api-postgres-1,postgres,10.24,40.97
1789452567.211,research-api-prometheus-1,prometheus,0.0,25.78
1789452567.211,research-api-cadvisor-1,cadvisor,0.0,16.56
1789452572.209,research-api-nginx-1,nginx,12.44,14.36
1789452572.209,research-api-grafana-1,grafana,0.07,49.42
1789452572.209,research-api-users-service-1,users-service,5.98,8.672
1789452572.209,research-api-products-service-1,products-service,9.33,10.1
1789452572.209,research-api-monolith-partial-1,monolith-partial,14.23,10.56
1789452572.209,research-api-postgres-1,postgres,13.6,44.07
1789452572.209,research-api-prometheus-1,prometheus,1.78,26.82
1789452572.209,research-api-cadvisor-1,cadvisor,1.44,16.84
1789452577.204,research-api-nginx-1,nginx,13.84,14.48
1789452577.204,research-api-grafana-1,grafana,0.03,49.44
1789452577.204,research-api-users-service-1,users-service,7.1,10.88
1789452577.204,research-api-products-service-1,products-service,9.24,9.031
1789452577.204,research-api-monolith-partial-1,monolith-partial,15.07,10.48
1789452577.204,research-api-postgres-1,postgres,15.32,47.79
1789452577.204,research-api-prometheus-1,prometheus,0.0,26.82
1789452577.204,research-api-cadvisor-1,cadvisor,0.0,16.6
1789452582.198,research-api-nginx-1,nginx,16.61,14.54
1789452582.198,research-api-grafana-1,grafana,0.05,49.44
1789452582.198,research-api-users-service-1,users-service,9.4,9.816
1789452582.198,research-api-products-service-1,products-service,12.07,9.418
1789452582.198,research-api-monolith-partial-1,monolith-partial,18.34,10.94
1789452582.198,research-api-postgres-1,postgres,19.09,55.94
1789452582.198,research-api-prometheus-1,prometheus,0.0,26.85
1789452582.198,research-api-cadvisor-1,cadvisor,2.16,17.33
1789452587.195,research-api-nginx-1,nginx,20.7,14.63
1789452587.195,research-api-grafana-1,grafana,0.55,49.45
1789452587.195,research-api-users-service-1,users-service,10.15,10.47
1789452587.195,research-api-products-service-1,products-service,16.36,10.8
1789452587.195,research-api-monolith-partial-1,monolith-partial,20.54,10.21
1789452587.195,research-api-postgres-1,postgres,30.58,59.68
1789452587.195,research-api-prometheus-1,prometheus,0.0,27.25
1789452587.195,research-api-cadvisor-1,cadvisor,0.0,17.33
1789452592.194,research-api-nginx-1,nginx,23.1,15.05
1789452592.194,research-api-grafana-1,grafana,0.05,49.48
1789452592.194,research-api-users-service-1,users-service,10.67,10.12
1789452592.194,research-api-products-service-1,products-service,14.09,10.82
1789452592.194,research-api-monolith-partial-1,monolith-partial,27.18,11.53
1789452592.194,research-api-postgres-1,postgres,24.92,63.16
1789452592.194,research-api-prometheus-1,prometheus,1.54,27.61
1789452592.194,research-api-cadvisor-1,cadvisor,1.08,17.4
1789452597.182,research-api-nginx-1,nginx,24.3,14.96
1789452597.182,research-api-grafana-1,grafana,0.03,49.37
1789452597.182,research-api-users-service-1,users-service,15.0,9.781
1789452597.182,research-api-products-service-1,products-service,16.82,10.68
1789452597.182,research-api-monolith-partial-1,monolith-partial,24.54,12.63
1789452597.182,research-api-postgres-1,postgres,26.83,66.98
1789452597.182,research-api-prometheus-1,prometheus,0.0,27.61
1789452597.182,research-api-cadvisor-1,cadvisor,0.0,17.82
1789452602.179,research-api-nginx-1,nginx,29.27,15.0
1789452602.179,research-api-grafana-1,grafana,0.05,49.37
1789452602.179,research-api-users-service-1,users-service,15.74,9.531
1789452602.179,research-api-products-service-1,products-service,20.45,12.0
1789452602.179,research-api-monolith-partial-1,monolith-partial,29.84,13.23
1789452602.179,research-api-postgres-1,postgres,29.86,67.25
1789452602.179,research-api-prometheus-1,prometheus,1.46,28.36
1789452602.179,research-api-cadvisor-1,cadvisor,0.0,17.82
1789452607.221,research-api-nginx-1,nginx,24.1,14.86
1789452607.221,research-api-grafana-1,grafana,0.04,49.43
1789452607.221,research-api-users-service-1,users-service,13.78,10.46
1789452607.221,research-api-products-service-1,products-service,21.01,10.58
1789452607.221,research-api-monolith-partial-1,monolith-partial,30.67,13.4
1789452607.221,research-api-postgres-1,postgres,31.92,73.08
1789452607.221,research-api-prometheus-1,prometheus,0.0,28.35
1789452607.221,research-api-cadvisor-1,cadvisor,0.0,17.89
1789452612.218,research-api-nginx-1,nginx,28.2,14.61
1789452612.218,research-api-grafana-1,grafana,0.06,49.43
1789452612.218,research-api-users-service-1,users-service,15.56,10.63
1789452612.218,research-api-products-service-1,products-service,19.58,12.97
1789452612.218,research-api-monolith-partial-1,monolith-partial,23.95,12.59
1789452612.218,research-api-postgres-1,postgres,34.17,74.67
1789452612.218,research-api-prometheus-1,prometheus,4.91,29.82
1789452612.218,research-api-cadvisor-1,cadvisor,1.89,18.4
1789452617.234,research-api-nginx-1,nginx,27.78,15.2
1789452617.234,research-api-grafana-1,grafana,0.42,49.43
1789452617.234,research-api-users-service-1,users-service,12.64,10.02
1789452617.234,research-api-products-service-1,products-service,16.66,11.76
1789452617.234,research-api-monolith-partial-1,monolith-partial,33.53,14.27
1789452617.234,research-api-postgres-1,postgres,40.09,78.54
1789452617.234,research-api-prometheus-1,prometheus,0.0,29.82
1789452617.234,research-api-cadvisor-1,cadvisor,0.0,18.4
1789452622.259,research-api-nginx-1,nginx,29.15,14.98
1789452622.259,research-api-grafana-1,grafana,0.04,49.43
1789452622.259,research-api-users-service-1,users-service,14.81,11.55
1789452622.259,research-api-products-service-1,products-service,21.26,13.01
1789452622.259,research-api-monolith-partial-1,monolith-partial,27.87,13.74
1789452622.259,research-api-postgres-1,postgres,35.41,79.4
1789452622.259,research-api-prometheus-1,prometheus,1.32,30.4
1789452622.259,research-api-cadvisor-1,cadvisor,1.28,18.46
1789452627.232,research-api-nginx-1,nginx,25.78,15.89
1789452627.232,research-api-grafana-1,grafana,0.05,49.43
1789452627.232,research-api-users-service-1,users-service,14.51,10.96
1789452627.232,research-api-products-service-1,products-service,16.54,12.17
1789452627.232,research-api-monolith-partial-1,monolith-partial,25.04,13.79
1789452627.232,research-api-postgres-1,postgres,34.72,79.3
1789452627.232,research-api-prometheus-1,prometheus,0.0,29.93
1789452627.232,research-api-cadvisor-1,cadvisor,0.0,18.46
1789452632.226,research-api-nginx-1,nginx,20.01,16.62
1789452632.226,research-api-grafana-1,grafana,0.06,49.43
1789452632.226,research-api-users-service-1,users-service,11.02,12.85
1789452632.226,research-api-products-service-1,products-service,16.37,13.38
1789452632.226,research-api-monolith-partial-1,monolith-partial,19.74,14.51
1789452632.226,research-api-postgres-1,postgres,23.62,81.18
1789452632.226,research-api-prometheus-1,prometheus,1.1,30.06
1789452632.226,research-api-cadvisor-1,cadvisor,1.47,17.94
1789452637.216,research-api-nginx-1,nginx,23.58,15.46
1789452637.216,research-api-grafana-1,grafana,0.04,49.5
1789452637.216,research-api-users-service-1,users-service,12.24,10.89
1789452637.216,research-api-products-service-1,products-service,18.54,12.64
1789452637.216,research-api-monolith-partial-1,monolith-partial,23.01,14.6
1789452637.216,research-api-postgres-1,postgres,27.62,81.59
1789452637.216,research-api-prometheus-1,prometheus,0.0,30.06
1789452637.216,research-api-cadvisor-1,cadvisor,0.0,17.89
1789452642.211,research-api-nginx-1,nginx,25.36,16.11
1789452642.211,research-api-grafana-1,grafana,0.04,49.5
1789452642.211,research-api-users-service-1,users-service,13.06,12.45
1789452642.211,research-api-products-service-1,products-service,17.83,13.05
1789452642.211,research-api-monolith-partial-1,monolith-partial,30.88,15.64
1789452642.211,research-api-postgres-1,postgres,36.13,81.25
1789452642.211,research-api-prometheus-1,prometheus,1.52,30.19
1789452642.211,research-api-cadvisor-1,cadvisor,1.89,17.78
1789452647.218,research-api-nginx-1,nginx,24.49,16.59
1789452647.218,research-api-grafana-1,grafana,0.06,49.5
1789452647.218,research-api-users-service-1,users-service,13.74,10.7
1789452647.218,research-api-products-service-1,products-service,16.86,12.1
1789452647.218,research-api-monolith-partial-1,monolith-partial,27.66,16.61
1789452647.218,research-api-postgres-1,postgres,30.66,81.66
1789452647.218,research-api-prometheus-1,prometheus,0.0,30.18
1789452647.218,research-api-cadvisor-1,cadvisor,0.0,17.78
1789452652.224,research-api-nginx-1,nginx,22.99,15.38
1789452652.224,research-api-grafana-1,grafana,0.04,49.71
1789452652.224,research-api-users-service-1,users-service,11.56,12.88
1789452652.224,research-api-products-service-1,products-service,17.49,13.45
1789452652.224,research-api-monolith-partial-1,monolith-partial,26.26,16.11
1789452652.224,research-api-postgres-1,postgres,29.08,81.52
1789452652.224,research-api-prometheus-1,prometheus,1.28,30.23
1789452652.224,research-api-cadvisor-1,cadvisor,2.4,18.22
1789452657.218,research-api-nginx-1,nginx,27.65,16.18
1789452657.218,research-api-grafana-1,grafana,0.05,50.17
1789452657.218,research-api-users-service-1,users-service,11.58,10.3
1789452657.218,research-api-products-service-1,products-service,18.08,12.56
1789452657.218,research-api-monolith-partial-1,monolith-partial,28.93,16.14
1789452657.218,research-api-postgres-1,postgres,33.91,81.99
1789452657.218,research-api-prometheus-1,prometheus,0.0,30.25
1789452657.218,research-api-cadvisor-1,cadvisor,0.0,18.21
1789452662.22,research-api-nginx-1,nginx,27.18,15.72
1789452662.22,research-api-grafana-1,grafana,0.09,50.18
1789452662.22,research-api-users-service-1,users-service,14.7,12.78
1789452662.22,research-api-products-service-1,products-service,17.8,13.37
1789452662.22,research-api-monolith-partial-1,monolith-partial,27.92,16.61
1789452662.22,research-api-postgres-1,postgres,25.54,83.34
1789452662.22,research-api-prometheus-1,prometheus,1.41,30.36
1789452662.22,research-api-cadvisor-1,cadvisor,1.62,18.32
1789452667.213,research-api-nginx-1,nginx,29.13,16.27
1789452667.213,research-api-grafana-1,grafana,0.05,50.2
1789452667.213,research-api-users-service-1,users-service,14.8,10.27
1789452667.213,research-api-products-service-1,products-service,18.13,12.91
1789452667.213,research-api-monolith-partial-1,monolith-partial,32.92,16.16
1789452667.213,research-api-postgres-1,postgres,38.05,83.55
1789452667.213,research-api-prometheus-1,prometheus,0.0,30.36
1789452667.213,research-api-cadvisor-1,cadvisor,0.0,18.32
1789452672.209,research-api-nginx-1,nginx,24.2,16.62
1789452672.209,research-api-grafana-1,grafana,0.04,50.2
1789452672.209,research-api-users-service-1,users-service,13.27,11.91
1789452672.209,research-api-products-service-1,products-service,18.24,12.98
1789452672.209,research-api-monolith-partial-1,monolith-partial,27.49,15.57
1789452672.209,research-api-postgres-1,postgres,31.6,82.91
1789452672.209,research-api-prometheus-1,prometheus,1.4,30.41
1789452672.209,research-api-cadvisor-1,cadvisor,1.21,18.33
1789452677.207,research-api-nginx-1,nginx,27.73,16.76
1789452677.207,research-api-grafana-1,grafana,0.08,50.22
1789452677.207,research-api-users-service-1,users-service,12.3,10.65
1789452677.207,research-api-products-service-1,products-service,18.3,12.72
1789452677.207,research-api-monolith-partial-1,monolith-partial,30.39,16.0
1789452677.207,research-api-postgres-1,postgres,32.35,83.34
1789452677.207,research-api-prometheus-1,prometheus,0.0,30.41
1789452677.207,research-api-cadvisor-1,cadvisor,0.0,18.33
1789452682.202,research-api-nginx-1,nginx,19.61,16.6
1789452682.202,research-api-grafana-1,grafana,0.03,50.23
1789452682.202,research-api-users-service-1,users-service,10.47,12.61
1789452682.202,research-api-products-service-1,products-service,17.57,12.67
1789452682.202,research-api-monolith-partial-1,monolith-partial,20.59,15.55
1789452682.202,research-api-postgres-1,postgres,26.09,83.9
1789452682.202,research-api-prometheus-1,prometheus,1.3,30.47
1789452682.202,research-api-cadvisor-1,cadvisor,2.03,18.59
1789452687.226,research-api-nginx-1,nginx,29.28,15.32
1789452687.226,research-api-grafana-1,grafana,0.04,50.23
1789452687.226,research-api-users-service-1,users-service,13.61,11.72
1789452687.226,research-api-products-service-1,products-service,19.81,12.53
1789452687.226,research-api-monolith-partial-1,monolith-partial,32.64,14.75
1789452687.226,research-api-postgres-1,postgres,35.59,83.48
1789452687.226,research-api-prometheus-1,prometheus,0.0,30.46
1789452687.226,research-api-cadvisor-1,cadvisor,0.0,18.66
1789452692.261,research-api-nginx-1,nginx,30.35,16.27
1789452692.261,research-api-grafana-1,grafana,0.07,50.23
1789452692.261,research-api-users-service-1,users-service,14.24,12.15
1789452692.261,research-api-products-service-1,products-service,20.05,12.65
1789452692.261,research-api-monolith-partial-1,monolith-partial,28.32,15.8
1789452692.261,research-api-postgres-1,postgres,28.57,83.3
1789452692.261,research-api-prometheus-1,prometheus,1.16,30.9
1789452692.261,research-api-cadvisor-1,cadvisor,1.5,18.85
1789452697.26,research-api-nginx-1,nginx,20.03,16.45
1789452697.26,research-api-grafana-1,grafana,0.05,50.25
1789452697.26,research-api-users-service-1,users-service,15.31,11.64
1789452697.26,research-api-products-service-1,products-service,19.29,12.46
1789452697.26,research-api-monolith-partial-1,monolith-partial,34.33,15.32
1789452697.26,research-api-postgres-1,postgres,33.77,83.37
1789452697.26,research-api-prometheus-1,prometheus,0.0,30.65
1789452697.26,research-api-cadvisor-1,cadvisor,0.0,18.85
1789452702.259,research-api-nginx-1,nginx,30.5,16.75
1789452702.259,research-api-grafana-1,grafana,0.05,50.25
1789452702.259,research-api-users-service-1,users-service,16.64,12.05
1789452702.259,research-api-products-service-1,products-service,16.86,13.24
1789452702.259,research-api-monolith-partial-1,monolith-partial,34.6,15.64
1789452702.259,research-api-postgres-1,postgres,32.18,83.87
1789452702.259,research-api-prometheus-1,prometheus,1.43,30.77
1789452702.259,research-api-cadvisor-1,cadvisor,3.32,19.77
1789452707.262,research-api-nginx-1,nginx,26.66,16.3
1789452707.262,research-api-grafana-1,grafana,0.1,50.28
1789452707.262,research-api-users-service-1,users-service,16.1,11.14
1789452707.262,research-api-products-service-1,products-service,19.48,13.4
1789452707.262,research-api-monolith-partial-1,monolith-partial,25.04,15.77
1789452707.262,research-api-postgres-1,postgres,25.28,85.29
1789452707.262,research-api-prometheus-1,prometheus,0.0,30.77
1789452707.262,research-api-cadvisor-1,cadvisor,0.0,19.77
1789452712.257,research-api-nginx-1,nginx,26.03,16.07
1789452712.257,research-api-grafana-1,grafana,0.04,50.28
1789452712.257,research-api-users-service-1,users-service,12.48,11.74
1789452712.257,research-api-products-service-1,products-service,20.39,13.4
1789452712.257,research-api-monolith-partial-1,monolith-partial,29.95,14.79
1789452712.257,research-api-postgres-1,postgres,29.75,85.26
1789452712.257,research-api-prometheus-1,prometheus,1.48,31.66
1789452712.257,research-api-cadvisor-1,cadvisor,1.79,20.68
1789452717.226,research-api-nginx-1,nginx,17.94,16.5
1789452717.226,research-api-grafana-1,grafana,1.24,50.36
1789452717.226,research-api-users-service-1,users-service,11.54,11.62
1789452717.226,research-api-products-service-1,products-service,13.18,12.69
1789452717.226,research-api-monolith-partial-1,monolith-partial,18.96,15.24
1789452717.226,research-api-postgres-1,postgres,26.25,84.22
1789452717.226,research-api-prometheus-1,prometheus,0.0,31.65
1789452717.226,research-api-cadvisor-1,cadvisor,3.83,19.02
1789452722.251,research-api-nginx-1,nginx,29.34,16.68
1789452722.251,research-api-grafana-1,grafana,0.07,50.36
1789452722.251,research-api-users-service-1,users-service,12.82,12.47
1789452722.251,research-api-products-service-1,products-service,21.54,13.7
1789452722.251,research-api-monolith-partial-1,monolith-partial,30.29,15.12
1789452722.251,research-api-postgres-1,postgres,31.67,84.25
1789452722.251,research-api-prometheus-1,prometheus,1.39,31.84
1789452722.251,research-api-cadvisor-1,cadvisor,2.43,17.82
1789452727.249,research-api-nginx-1,nginx,29.86,15.75
1789452727.249,research-api-grafana-1,grafana,0.03,50.37
1789452727.249,research-api-users-service-1,users-service,17.08,11.73
1789452727.249,research-api-products-service-1,products-service,21.32,13.02
1789452727.249,research-api-monolith-partial-1,monolith-partial,27.57,15.35
1789452727.249,research-api-postgres-1,postgres,29.09,85.07
1789452727.249,research-api-prometheus-1,prometheus,0.0,31.83
1789452727.249,research-api-cadvisor-1,cadvisor,0.0,17.82
1789452732.253,research-api-nginx-1,nginx,29.71,16.71
1789452732.253,research-api-grafana-1,grafana,0.04,50.37
1789452732.253,research-api-users-service-1,users-service,15.24,11.44
1789452732.253,research-api-products-service-1,products-service,23.74,13.44
1789452732.253,research-api-monolith-partial-1,monolith-partial,32.82,16.06
1789452732.253,research-api-postgres-1,postgres,28.02,85.55
1789452732.253,research-api-prometheus-1,prometheus,3.83,32.36
1789452732.253,research-api-cadvisor-1,cadvisor,1.39,17.82
1789452737.258,research-api-nginx-1,nginx,27.69,15.95
1789452737.258,research-api-grafana-1,grafana,0.07,50.38
1789452737.258,research-api-users-service-1,users-service,13.76,11.0
1789452737.258,research-api-products-service-1,products-service,21.68,13.72
1789452737.258,research-api-monolith-partial-1,monolith-partial,29.09,16.78
1789452737.258,research-api-postgres-1,postgres,29.51,84.72
1789452737.258,research-api-prometheus-1,prometheus,0.0,32.35
1789452737.258,research-api-cadvisor-1,cadvisor,0.0,17.83
1789452742.268,research-api-nginx-1,nginx,30.8,16.56
1789452742.268,research-api-grafana-1,grafana,0.04,50.38
1789452742.268,research-api-users-service-1,users-service,18.68,11.07
1789452742.268,research-api-products-service-1,products-service,21.71,14.05
1789452742.268,research-api-monolith-partial-1,monolith-partial,30.24,16.94
1789452742.268,research-api-postgres-1,postgres,27.36,85.08
1789452742.268,research-api-prometheus-1,prometheus,1.6,32.55
1789452742.268,research-api-cadvisor-1,cadvisor,2.82,17.83
1789452747.267,research-api-nginx-1,nginx,26.41,16.49
1789452747.267,research-api-grafana-1,grafana,0.05,50.39
1789452747.267,research-api-users-service-1,users-service,13.26,10.82
1789452747.267,research-api-products-service-1,products-service,19.01,13.42
1789452747.267,research-api-monolith-partial-1,monolith-partial,33.01,16.04
1789452747.267,research-api-postgres-1,postgres,35.91,84.61
1789452747.267,research-api-prometheus-1,prometheus,0.0,32.54
1789452747.267,research-api-cadvisor-1,cadvisor,0.32,17.83
1789452752.272,research-api-nginx-1,nginx,26.46,16.71
1789452752.272,research-api-grafana-1,grafana,0.08,50.39
1789452752.272,research-api-users-service-1,users-service,14.63,12.61
1789452752.272,research-api-products-service-1,products-service,18.25,14.41
1789452752.272,research-api-monolith-partial-1,monolith-partial,30.4,16.04
1789452752.272,research-api-postgres-1,postgres,29.59,85.31
1789452752.272,research-api-prometheus-1,prometheus,1.49,32.62
1789452752.272,research-api-cadvisor-1,cadvisor,1.69,18.5
1789452757.266,research-api-nginx-1,nginx,26.02,16.5
1789452757.266,research-api-grafana-1,grafana,0.05,50.39
1789452757.266,research-api-users-service-1,users-service,13.2,10.48
1789452757.266,research-api-products-service-1,products-service,19.12,12.62
1789452757.266,research-api-monolith-partial-1,monolith-partial,29.46,15.28
1789452757.266,research-api-postgres-1,postgres,29.05,84.11
1789452757.266,research-api-prometheus-1,prometheus,0.0,32.61
1789452757.266,research-api-cadvisor-1,cadvisor,0.0,18.5
1789452762.26,research-api-nginx-1,nginx,27.04,16.55
1789452762.26,research-api-grafana-1,grafana,0.04,50.39
1789452762.26,research-api-users-service-1,users-service,17.76,12.58
1789452762.26,research-api-products-service-1,products-service,19.99,14.1
1789452762.26,research-api-monolith-partial-1,monolith-partial,24.77,16.19
1789452762.26,research-api-postgres-1,postgres,26.99,85.74
1789452762.26,research-api-prometheus-1,prometheus,1.64,32.69
1789452762.26,research-api-cadvisor-1,cadvisor,2.0,18.79
1789452767.255,research-api-nginx-1,nginx,26.5,15.96
1789452767.255,research-api-grafana-1,grafana,0.06,50.39
1789452767.255,research-api-users-service-1,users-service,14.65,11.75
1789452767.255,research-api-products-service-1,products-service,18.64,13.21
1789452767.255,research-api-monolith-partial-1,monolith-partial,26.93,16.36
1789452767.255,research-api-postgres-1,postgres,29.85,85.64
1789452767.255,research-api-prometheus-1,prometheus,0.0,32.68
1789452767.255,research-api-cadvisor-1,cadvisor,0.0,18.79
1789452772.251,research-api-nginx-1,nginx,28.22,16.73
1789452772.251,research-api-grafana-1,grafana,0.04,50.39
1789452772.251,research-api-users-service-1,users-service,15.29,11.22
1789452772.251,research-api-products-service-1,products-service,21.96,14.47
1789452772.251,research-api-monolith-partial-1,monolith-partial,27.86,16.4
1789452772.251,research-api-postgres-1,postgres,28.12,85.07
1789452772.251,research-api-prometheus-1,prometheus,1.47,32.71
1789452772.251,research-api-cadvisor-1,cadvisor,1.46,19.64
1789452777.271,research-api-nginx-1,nginx,25.17,16.13
1789452777.271,research-api-grafana-1,grafana,0.24,45.45
1789452777.271,research-api-users-service-1,users-service,15.59,12.31
1789452777.271,research-api-products-service-1,products-service,21.44,13.39
1789452777.271,research-api-monolith-partial-1,monolith-partial,28.24,16.56
1789452777.271,research-api-postgres-1,postgres,31.13,85.52
1789452777.271,research-api-prometheus-1,prometheus,0.0,32.71
1789452777.271,research-api-cadvisor-1,cadvisor,0.0,20.04
1789452782.266,research-api-nginx-1,nginx,26.76,16.49
1789452782.266,research-api-grafana-1,grafana,0.1,45.45
1789452782.266,research-api-users-service-1,users-service,11.6,11.93
1789452782.266,research-api-products-service-1,products-service,20.11,12.95
1789452782.266,research-api-monolith-partial-1,monolith-partial,31.69,16.29
1789452782.266,research-api-postgres-1,postgres,28.17,85.17
1789452782.266,research-api-prometheus-1,prometheus,1.22,32.78
1789452782.266,research-api-cadvisor-1,cadvisor,1.08,20.21
1789452787.266,research-api-nginx-1,nginx,31.39,16.66
1789452787.266,research-api-grafana-1,grafana,0.05,45.45
1789452787.266,research-api-users-service-1,users-service,14.51,11.55
1789452787.266,research-api-products-service-1,products-service,13.41,13.52
1789452787.266,research-api-monolith-partial-1,monolith-partial,30.23,16.37
1789452787.266,research-api-postgres-1,postgres,31.02,85.56
1789452787.266,research-api-prometheus-1,prometheus,0.0,32.78
1789452787.266,research-api-cadvisor-1,cadvisor,0.0,20.21
1789452792.273,research-api-nginx-1,nginx,27.28,16.15
1789452792.273,research-api-grafana-1,grafana,0.04,45.45
1789452792.273,research-api-users-service-1,users-service,13.89,12.64
1789452792.273,research-api-products-service-1,products-service,19.19,13.84
1789452792.273,research-api-monolith-partial-1,monolith-partial,34.12,16.14
1789452792.273,research-api-postgres-1,postgres,30.27,85.11
1789452792.273,research-api-prometheus-1,prometheus,1.47,32.8
1789452792.273,research-api-cadvisor-1,cadvisor,0.0,20.21
1789452797.272,research-api-nginx-1,nginx,27.27,15.97
1789452797.272,research-api-grafana-1,grafana,0.07,45.46
1789452797.272,research-api-users-service-1,users-service,14.67,11.21
1789452797.272,research-api-products-service-1,products-service,18.24,12.78
1789452797.272,research-api-monolith-partial-1,monolith-partial,28.71,16.28
1789452797.272,research-api-postgres-1,postgres,29.15,85.8
1789452797.272,research-api-prometheus-1,prometheus,0.0,32.8
1789452797.272,research-api-cadvisor-1,cadvisor,0.0,18.9
1789452802.25,research-api-nginx-1,nginx,28.2,15.93
1789452802.25,research-api-grafana-1,grafana,0.05,45.46
1789452802.25,research-api-users-service-1,users-service,15.42,12.55
1789452802.25,research-api-products-service-1,products-service,14.26,12.9
1789452802.25,research-api-monolith-partial-1,monolith-partial,26.83,15.86
1789452802.25,research-api-postgres-1,postgres,21.01,85.95
1789452802.25,research-api-prometheus-1,prometheus,1.11,32.85
1789452802.25,research-api-cadvisor-1,cadvisor,3.72,19.25
1789452807.259,research-api-nginx-1,nginx,28.04,15.91
1789452807.259,research-api-grafana-1,grafana,0.04,45.46
1789452807.259,research-api-users-service-1,users-service,14.28,10.87
1789452807.259,research-api-products-service-1,products-service,18.96,12.67
1789452807.259,research-api-monolith-partial-1,monolith-partial,30.12,15.12
1789452807.259,research-api-postgres-1,postgres,38.74,87.95
1789452807.259,research-api-prometheus-1,prometheus,0.0,32.84
1789452807.259,research-api-cadvisor-1,cadvisor,0.0,19.0
1789452812.261,research-api-nginx-1,nginx,28.29,16.41
1789452812.261,research-api-grafana-1,grafana,0.07,45.46
1789452812.261,research-api-users-service-1,users-service,17.71,12.75
1789452812.261,research-api-products-service-1,products-service,20.85,14.61
1789452812.261,research-api-monolith-partial-1,monolith-partial,29.84,14.79
1789452812.261,research-api-postgres-1,postgres,29.31,87.71
1789452812.261,research-api-prometheus-1,prometheus,1.45,32.87
1789452812.261,research-api-cadvisor-1,cadvisor,0.99,19.01
1789452817.235,research-api-nginx-1,nginx,28.73,16.25
1789452817.235,research-api-grafana-1,grafana,0.06,45.46
1789452817.235,research-api-users-service-1,users-service,15.36,11.31
1789452817.235,research-api-products-service-1,products-service,19.53,13.33
1789452817.235,research-api-monolith-partial-1,monolith-partial,32.16,16.12
1789452817.235,research-api-postgres-1,postgres,32.0,88.67
1789452817.235,research-api-prometheus-1,prometheus,0.0,32.86
1789452817.235,research-api-cadvisor-1,cadvisor,0.0,19.0
1789452822.25,research-api-nginx-1,nginx,29.04,16.04
1789452822.25,research-api-grafana-1,grafana,0.05,45.46
1789452822.25,research-api-users-service-1,users-service,15.49,12.96
1789452822.25,research-api-products-service-1,products-service,20.31,14.98
1789452822.25,research-api-monolith-partial-1,monolith-partial,31.27,16.2
1789452822.25,research-api-postgres-1,postgres,29.03,87.79
1789452822.25,research-api-prometheus-1,prometheus,1.39,32.93
1789452822.25,research-api-cadvisor-1,cadvisor,2.28,19.12
1789452827.243,research-api-nginx-1,nginx,28.71,16.17
1789452827.243,research-api-grafana-1,grafana,0.07,45.46
1789452827.243,research-api-users-service-1,users-service,17.91,12.14
1789452827.243,research-api-products-service-1,products-service,22.05,13.62
1789452827.243,research-api-monolith-partial-1,monolith-partial,28.36,14.88
1789452827.243,research-api-postgres-1,postgres,28.29,88.1
1789452827.243,research-api-prometheus-1,prometheus,0.0,32.92
1789452827.243,research-api-cadvisor-1,cadvisor,0.0,19.12
1789452832.24,research-api-nginx-1,nginx,32.38,15.29
1789452832.24,research-api-grafana-1,grafana,0.05,45.46
1789452832.24,research-api-users-service-1,users-service,17.67,12.61
1789452832.24,research-api-products-service-1,products-service,15.55,12.68
1789452832.24,research-api-monolith-partial-1,monolith-partial,33.27,16.14
1789452832.24,research-api-postgres-1,postgres,31.92,88.86
1789452832.24,research-api-prometheus-1,prometheus,1.52,33.6
1789452832.24,research-api-cadvisor-1,cadvisor,1.36,19.12
1789452837.241,research-api-nginx-1,nginx,29.35,16.62
1789452837.241,research-api-grafana-1,grafana,1.15,45.47
1789452837.241,research-api-users-service-1,users-service,14.98,11.5
1789452837.241,research-api-products-service-1,products-service,14.08,13.65
1789452837.241,research-api-monolith-partial-1,monolith-partial,20.2,16.17
1789452837.241,research-api-postgres-1,postgres,32.41,87.75
1789452837.241,research-api-prometheus-1,prometheus,0.0,33.6
1789452837.241,research-api-cadvisor-1,cadvisor,0.0,19.44
1789452842.246,research-api-nginx-1,nginx,28.67,15.66
1789452842.246,research-api-grafana-1,grafana,0.1,45.47
1789452842.246,research-api-users-service-1,users-service,14.41,13.26
1789452842.246,research-api-products-service-1,products-service,21.02,14.21
1789452842.246,research-api-monolith-partial-1,monolith-partial,33.96,16.24
1789452842.246,research-api-postgres-1,postgres,30.37,88.93
1789452842.246,research-api-prometheus-1,prometheus,1.49,33.65
1789452842.246,research-api-cadvisor-1,cadvisor,1.21,20.09
1789452847.227,research-api-nginx-1,nginx,30.29,15.91
1789452847.227,research-api-grafana-1,grafana,0.04,45.47
1789452847.227,research-api-users-service-1,users-service,15.64,11.14
1789452847.227,research-api-products-service-1,products-service,19.43,13.9
1789452847.227,research-api-monolith-partial-1,monolith-partial,31.64,16.27
1789452847.227,research-api-postgres-1,postgres,34.06,87.89
1789452847.227,research-api-prometheus-1,prometheus,0.0,33.64
1789452847.227,research-api-cadvisor-1,cadvisor,0.0,20.09
1789452852.289,research-api-nginx-1,nginx,27.72,15.39
1789452852.289,research-api-grafana-1,grafana,0.04,45.47
1789452852.289,research-api-users-service-1,users-service,13.97,12.29
1789452852.289,research-api-products-service-1,products-service,19.42,14.72
1789452852.289,research-api-monolith-partial-1,monolith-partial,30.98,16.1
1789452852.289,research-api-postgres-1,postgres,30.93,89.46
1789452852.289,research-api-prometheus-1,prometheus,4.07,33.91
1789452852.289,research-api-cadvisor-1,cadvisor,3.27,19.26
1789452857.243,research-api-nginx-1,nginx,28.76,16.27
1789452857.243,research-api-grafana-1,grafana,0.06,45.47
1789452857.243,research-api-users-service-1,users-service,17.43,11.26
1789452857.243,research-api-products-service-1,products-service,19.24,13.84
1789452857.243,research-api-monolith-partial-1,monolith-partial,30.66,17.16
1789452857.243,research-api-postgres-1,postgres,30.28,88.52
1789452857.243,research-api-prometheus-1,prometheus,0.0,33.91
1789452857.243,research-api-cadvisor-1,cadvisor,0.0,19.26
1789452862.248,research-api-nginx-1,nginx,29.54,15.77
1789452862.248,research-api-grafana-1,grafana,0.04,45.47
1789452862.248,research-api-users-service-1,users-service,15.98,11.95
1789452862.248,research-api-products-service-1,products-service,21.98,14.56
1789452862.248,research-api-monolith-partial-1,monolith-partial,31.1,16.16
1789452862.248,research-api-postgres-1,postgres,30.84,88.43
1789452862.248,research-api-prometheus-1,prometheus,1.6,34.0
1789452862.248,research-api-cadvisor-1,cadvisor,3.1,19.03
1789452867.265,research-api-nginx-1,nginx,28.84,15.5
1789452867.265,research-api-grafana-1,grafana,0.04,45.47
1789452867.265,research-api-users-service-1,users-service,16.15,12.35
1789452867.265,research-api-products-service-1,products-service,18.05,12.81
1789452867.265,research-api-monolith-partial-1,monolith-partial,30.11,15.86
1789452867.265,research-api-postgres-1,postgres,23.6,90.31
1789452867.265,research-api-prometheus-1,prometheus,0.0,34.0
1789452867.265,research-api-cadvisor-1,cadvisor,0.0,19.02
1789452872.287,research-api-nginx-1,nginx,28.61,16.11
1789452872.287,research-api-grafana-1,grafana,0.08,45.47
1789452872.287,research-api-users-service-1,users-service,15.27,11.82
1789452872.287,research-api-products-service-1,products-service,25.03,14.47
1789452872.287,research-api-monolith-partial-1,monolith-partial,27.65,18.59
1789452872.287,research-api-postgres-1,postgres,30.06,90.21
1789452872.287,research-api-prometheus-1,prometheus,1.94,34.63
1789452872.287,research-api-cadvisor-1,cadvisor,1.39,19.03
1789452877.262,research-api-nginx-1,nginx,26.72,15.17
1789452877.262,research-api-grafana-1,grafana,0.55,45.47
1789452877.262,research-api-users-service-1,users-service,13.16,10.88
1789452877.262,research-api-products-service-1,products-service,17.29,13.05
1789452877.262,research-api-monolith-partial-1,monolith-partial,30.6,16.88
1789452877.262,research-api-postgres-1,postgres,29.32,91.27
1789452877.262,research-api-prometheus-1,prometheus,0.0,34.63
1789452877.262,research-api-cadvisor-1,cadvisor,0.0,19.03
1789452882.281,research-api-nginx-1,nginx,29.51,16.77
1789452882.281,research-api-grafana-1,grafana,0.07,45.47
1789452882.281,research-api-users-service-1,users-service,14.42,12.16
1789452882.281,research-api-products-service-1,products-service,21.01,13.89
1789452882.281,research-api-monolith-partial-1,monolith-partial,28.48,16.23
1789452882.281,research-api-postgres-1,postgres,27.75,91.04
1789452882.281,research-api-prometheus-1,prometheus,1.51,34.66
1789452882.281,research-api-cadvisor-1,cadvisor,3.15,19.14
1789452887.253,research-api-nginx-1,nginx,29.46,16.59
1789452887.253,research-api-grafana-1,grafana,0.15,45.47
1789452887.253,research-api-users-service-1,users-service,15.16,12.15
1789452887.253,research-api-products-service-1,products-service,19.31,14.0
1789452887.253,research-api-monolith-partial-1,monolith-partial,30.47,17.0
1789452887.253,research-api-postgres-1,postgres,31.64,90.49
1789452887.253,research-api-prometheus-1,prometheus,0.0,34.66
1789452887.253,research-api-cadvisor-1,cadvisor,0.0,19.14
1789452892.263,research-api-nginx-1,nginx,28.35,16.15
1789452892.263,research-api-grafana-1,grafana,0.05,45.47
1789452892.263,research-api-users-service-1,users-service,16.59,13.21
1789452892.263,research-api-products-service-1,products-service,20.61,14.48
1789452892.263,research-api-monolith-partial-1,monolith-partial,29.13,17.62
1789452892.263,research-api-postgres-1,postgres,28.41,91.45
1789452892.263,research-api-prometheus-1,prometheus,1.14,34.67
1789452892.263,research-api-cadvisor-1,cadvisor,2.49,19.5
1789452897.232,research-api-nginx-1,nginx,34.4,16.76
1789452897.232,research-api-grafana-1,grafana,0.04,45.16
1789452897.232,research-api-users-service-1,users-service,18.26,12.71
1789452897.232,research-api-products-service-1,products-service,21.39,12.71
1789452897.232,research-api-monolith-partial-1,monolith-partial,32.05,17.04
1789452897.232,research-api-postgres-1,postgres,34.74,91.11
1789452897.232,research-api-prometheus-1,prometheus,0.0,34.66
1789452897.232,research-api-cadvisor-1,cadvisor,0.0,17.48
1789452902.252,research-api-nginx-1,nginx,40.61,16.77
1789452902.252,research-api-grafana-1,grafana,0.07,45.16
1789452902.252,research-api-users-service-1,users-service,21.72,12.52
1789452902.252,research-api-products-service-1,products-service,28.8,13.34
1789452902.252,research-api-monolith-partial-1,monolith-partial,36.23,16.66
1789452902.252,research-api-postgres-1,postgres,36.96,91.5
1789452902.252,research-api-prometheus-1,prometheus,0.92,35.51
1789452902.252,research-api-cadvisor-1,cadvisor,1.48,17.6
1789452907.211,research-api-nginx-1,nginx,46.27,16.71
1789452907.211,research-api-grafana-1,grafana,0.04,45.16
1789452907.211,research-api-users-service-1,users-service,25.98,11.95
1789452907.211,research-api-products-service-1,products-service,30.69,13.89
1789452907.211,research-api-monolith-partial-1,monolith-partial,48.52,16.07
1789452907.211,research-api-postgres-1,postgres,48.48,90.87
1789452907.211,research-api-prometheus-1,prometheus,0.0,35.51
1789452907.211,research-api-cadvisor-1,cadvisor,0.0,17.6
1789452912.232,research-api-nginx-1,nginx,56.3,17.3
1789452912.232,research-api-grafana-1,grafana,0.04,45.16
1789452912.232,research-api-users-service-1,users-service,28.53,12.31
1789452912.232,research-api-products-service-1,products-service,35.75,15.02
1789452912.232,research-api-monolith-partial-1,monolith-partial,54.1,17.05
1789452912.232,research-api-postgres-1,postgres,51.79,91.85
1789452912.232,research-api-prometheus-1,prometheus,1.12,36.17
1789452912.232,research-api-cadvisor-1,cadvisor,0.55,17.61
1789452917.245,research-api-nginx-1,nginx,64.16,18.01
1789452917.245,research-api-grafana-1,grafana,0.06,45.16
1789452917.245,research-api-users-service-1,users-service,31.01,12.27
1789452917.245,research-api-products-service-1,products-service,38.52,13.82
1789452917.245,research-api-monolith-partial-1,monolith-partial,56.06,16.15
1789452917.245,research-api-postgres-1,postgres,59.14,92.53
1789452917.245,research-api-prometheus-1,prometheus,0.0,36.16
1789452917.245,research-api-cadvisor-1,cadvisor,0.0,17.61
1789452922.227,research-api-nginx-1,nginx,67.04,18.35
1789452922.227,research-api-grafana-1,grafana,0.03,45.16
1789452922.227,research-api-users-service-1,users-service,30.88,12.12
1789452922.227,research-api-products-service-1,products-service,42.27,14.74
1789452922.227,research-api-monolith-partial-1,monolith-partial,60.06,17.04
1789452922.227,research-api-postgres-1,postgres,67.33,92.19
1789452922.227,research-api-prometheus-1,prometheus,1.14,36.18
1789452922.227,research-api-cadvisor-1,cadvisor,1.22,18.68
1789452927.229,research-api-nginx-1,nginx,67.35,17.76
1789452927.229,research-api-grafana-1,grafana,0.03,45.16
1789452927.229,research-api-users-service-1,users-service,33.2,12.01
1789452927.229,research-api-products-service-1,products-service,42.44,14.42
1789452927.229,research-api-monolith-partial-1,monolith-partial,62.48,16.09
1789452927.229,research-api-postgres-1,postgres,77.03,92.23
1789452927.229,research-api-prometheus-1,prometheus,0.0,36.18
1789452927.229,research-api-cadvisor-1,cadvisor,0.0,18.68
1789452932.226,research-api-nginx-1,nginx,68.47,17.55
1789452932.226,research-api-grafana-1,grafana,0.07,45.16
1789452932.226,research-api-users-service-1,users-service,34.81,11.93
1789452932.226,research-api-products-service-1,products-service,42.81,14.66
1789452932.226,research-api-monolith-partial-1,monolith-partial,64.07,16.03
1789452932.226,research-api-postgres-1,postgres,66.01,92.36
1789452932.226,research-api-prometheus-1,prometheus,0.83,36.33
1789452932.226,research-api-cadvisor-1,cadvisor,1.13,19.36
1789452937.235,research-api-nginx-1,nginx,65.39,18.47
1789452937.235,research-api-grafana-1,grafana,0.03,45.16
1789452937.235,research-api-users-service-1,users-service,32.09,11.8
1789452937.235,research-api-products-service-1,products-service,39.03,13.1
1789452937.235,research-api-monolith-partial-1,monolith-partial,61.39,16.32
1789452937.235,research-api-postgres-1,postgres,64.48,92.59
1789452937.235,research-api-prometheus-1,prometheus,0.0,36.32
1789452937.235,research-api-cadvisor-1,cadvisor,0.0,19.36
1789452942.225,research-api-nginx-1,nginx,64.64,18.26
1789452942.225,research-api-grafana-1,grafana,0.03,45.16
1789452942.225,research-api-users-service-1,users-service,31.57,12.96
1789452942.225,research-api-products-service-1,products-service,42.1,14.68
1789452942.225,research-api-monolith-partial-1,monolith-partial,60.79,15.36
1789452942.225,research-api-postgres-1,postgres,62.7,93.45
1789452942.225,research-api-prometheus-1,prometheus,0.76,36.34
1789452942.225,research-api-cadvisor-1,cadvisor,0.81,19.38
1789452947.241,research-api-nginx-1,nginx,67.98,18.42
1789452947.241,research-api-grafana-1,grafana,0.04,45.16
1789452947.241,research-api-users-service-1,users-service,33.42,12.38
1789452947.241,research-api-products-service-1,products-service,39.83,14.57
1789452947.241,research-api-monolith-partial-1,monolith-partial,71.37,16.69
1789452947.241,research-api-postgres-1,postgres,68.38,93.23
1789452947.241,research-api-prometheus-1,prometheus,0.0,36.34
1789452947.241,research-api-cadvisor-1,cadvisor,0.0,19.38
1789452952.233,research-api-nginx-1,nginx,65.08,18.98
1789452952.233,research-api-grafana-1,grafana,0.04,45.16
1789452952.233,research-api-users-service-1,users-service,31.04,11.41
1789452952.233,research-api-products-service-1,products-service,41.45,15.45
1789452952.233,research-api-monolith-partial-1,monolith-partial,67.31,16.81
1789452952.233,research-api-postgres-1,postgres,66.11,94.02
1789452952.233,research-api-prometheus-1,prometheus,1.0,37.12
1789452952.233,research-api-cadvisor-1,cadvisor,0.73,19.43
1789452957.238,research-api-nginx-1,nginx,65.46,19.3
1789452957.238,research-api-grafana-1,grafana,0.03,45.18
1789452957.238,research-api-users-service-1,users-service,32.11,11.66
1789452957.238,research-api-products-service-1,products-service,41.96,12.49
1789452957.238,research-api-monolith-partial-1,monolith-partial,56.44,17.25
1789452957.238,research-api-postgres-1,postgres,62.53,94.13
1789452957.238,research-api-prometheus-1,prometheus,0.0,37.12
1789452957.238,research-api-cadvisor-1,cadvisor,0.0,19.08
1789452962.242,research-api-nginx-1,nginx,62.42,19.44
1789452962.242,research-api-grafana-1,grafana,0.05,45.18
1789452962.242,research-api-users-service-1,users-service,32.06,11.59
1789452962.242,research-api-products-service-1,products-service,39.28,14.56
1789452962.242,research-api-monolith-partial-1,monolith-partial,59.32,16.18
1789452962.242,research-api-postgres-1,postgres,62.44,95.02
1789452962.242,research-api-prometheus-1,prometheus,0.83,37.23
1789452962.242,research-api-cadvisor-1,cadvisor,0.69,19.08
1789452967.244,research-api-nginx-1,nginx,63.03,19.41
1789452967.244,research-api-grafana-1,grafana,0.03,45.18
1789452967.244,research-api-users-service-1,users-service,32.22,11.6
1789452967.244,research-api-products-service-1,products-service,42.46,14.37
1789452967.244,research-api-monolith-partial-1,monolith-partial,59.04,16.81
1789452967.244,research-api-postgres-1,postgres,63.44,96.74
1789452967.244,research-api-prometheus-1,prometheus,0.0,37.23
1789452967.244,research-api-cadvisor-1,cadvisor,0.0,19.08
1789452972.226,research-api-nginx-1,nginx,63.54,19.51
1789452972.226,research-api-grafana-1,grafana,0.03,45.18
1789452972.226,research-api-users-service-1,users-service,33.86,12.72
1789452972.226,research-api-products-service-1,products-service,38.5,14.96
1789452972.226,research-api-monolith-partial-1,monolith-partial,56.19,16.5
1789452972.226,research-api-postgres-1,postgres,61.95,96.4
1789452972.226,research-api-prometheus-1,prometheus,1.13,37.67
1789452972.226,research-api-cadvisor-1,cadvisor,1.26,18.66
1789452977.23,research-api-nginx-1,nginx,68.62,18.87
1789452977.23,research-api-grafana-1,grafana,0.06,45.18
1789452977.23,research-api-users-service-1,users-service,33.29,12.41
1789452977.23,research-api-products-service-1,products-service,43.02,14.12
1789452977.23,research-api-monolith-partial-1,monolith-partial,61.83,17.29
1789452977.23,research-api-postgres-1,postgres,65.54,96.7
1789452977.23,research-api-prometheus-1,prometheus,0.0,37.53
1789452977.23,research-api-cadvisor-1,cadvisor,0.0,18.66
1789452982.259,research-api-nginx-1,nginx,66.88,19.57
1789452982.259,research-api-grafana-1,grafana,0.03,45.18
1789452982.259,research-api-users-service-1,users-service,30.84,12.21
1789452982.259,research-api-products-service-1,products-service,38.6,13.54
1789452982.259,research-api-monolith-partial-1,monolith-partial,62.31,16.16
1789452982.259,research-api-postgres-1,postgres,68.15,99.52
1789452982.259,research-api-prometheus-1,prometheus,0.86,37.63
1789452982.259,research-api-cadvisor-1,cadvisor,0.64,19.45
1789452987.241,research-api-nginx-1,nginx,71.9,19.19
1789452987.241,research-api-grafana-1,grafana,0.04,45.18
1789452987.241,research-api-users-service-1,users-service,38.02,12.3
1789452987.241,research-api-products-service-1,products-service,46.47,13.98
1789452987.241,research-api-monolith-partial-1,monolith-partial,69.39,16.18
1789452987.241,research-api-postgres-1,postgres,92.64,103.1
1789452987.241,research-api-prometheus-1,prometheus,0.0,37.62
1789452987.241,research-api-cadvisor-1,cadvisor,0.0,19.45
1789452992.242,research-api-nginx-1,nginx,69.04,19.43
1789452992.242,research-api-grafana-1,grafana,0.1,45.18
1789452992.242,research-api-users-service-1,users-service,34.31,12.7
1789452992.242,research-api-products-service-1,products-service,46.42,15.06
1789452992.242,research-api-monolith-partial-1,monolith-partial,63.29,17.21
1789452992.242,research-api-postgres-1,postgres,71.71,103.4
1789452992.242,research-api-prometheus-1,prometheus,0.89,37.65
1789452992.242,research-api-cadvisor-1,cadvisor,1.32,19.86
1789452997.262,research-api-nginx-1,nginx,72.01,19.28
1789452997.262,research-api-grafana-1,grafana,0.03,45.18
1789452997.262,research-api-users-service-1,users-service,36.27,11.05
1789452997.262,research-api-products-service-1,products-service,40.78,14.0
1789452997.262,research-api-monolith-partial-1,monolith-partial,67.43,16.47
1789452997.262,research-api-postgres-1,postgres,74.35,104.0
1789452997.262,research-api-prometheus-1,prometheus,0.0,37.64
1789452997.262,research-api-cadvisor-1,cadvisor,0.0,19.86
1789453002.27,research-api-nginx-1,nginx,75.94,19.52
1789453002.27,research-api-grafana-1,grafana,0.04,45.18
1789453002.27,research-api-users-service-1,users-service,37.17,12.14
1789453002.27,research-api-products-service-1,products-service,43.67,15.04
1789453002.27,research-api-monolith-partial-1,monolith-partial,70.17,17.05
1789453002.27,research-api-postgres-1,postgres,73.67,107.0
1789453002.27,research-api-prometheus-1,prometheus,0.93,37.65
1789453002.27,research-api-cadvisor-1,cadvisor,0.81,20.29
1789453007.278,research-api-nginx-1,nginx,71.72,19.18
1789453007.278,research-api-grafana-1,grafana,0.05,45.18
1789453007.278,research-api-users-service-1,users-service,35.12,11.87
1789453007.278,research-api-products-service-1,products-service,47.17,14.5
1789453007.278,research-api-monolith-partial-1,monolith-partial,65.15,17.48
1789453007.278,research-api-postgres-1,postgres,74.71,107.0
1789453007.278,research-api-prometheus-1,prometheus,0.0,37.64
1789453007.278,research-api-cadvisor-1,cadvisor,0.0,20.29
1789453012.253,research-api-nginx-1,nginx,71.53,20.09
1789453012.253,research-api-grafana-1,grafana,0.03,45.18
1789453012.253,research-api-users-service-1,users-service,36.55,12.17
1789453012.253,research-api-products-service-1,products-service,44.62,15.66
1789453012.253,research-api-monolith-partial-1,monolith-partial,67.41,17.76
1789453012.253,research-api-postgres-1,postgres,71.56,107.6
1789453012.253,research-api-prometheus-1,prometheus,0.93,37.66
1789453012.253,research-api-cadvisor-1,cadvisor,0.78,19.36
1789453017.256,research-api-nginx-1,nginx,71.27,19.84
1789453017.256,research-api-grafana-1,grafana,0.04,45.19
1789453017.256,research-api-users-service-1,users-service,36.69,12.42
1789453017.256,research-api-products-service-1,products-service,42.58,14.92
1789453017.256,research-api-monolith-partial-1,monolith-partial,67.23,17.62
1789453017.256,research-api-postgres-1,postgres,72.32,107.9
1789453017.256,research-api-prometheus-1,prometheus,0.0,37.66
1789453017.256,research-api-cadvisor-1,cadvisor,0.0,19.37
1789453022.258,research-api-nginx-1,nginx,76.78,19.3
1789453022.258,research-api-grafana-1,grafana,0.07,45.19
1789453022.258,research-api-users-service-1,users-service,36.35,12.5
1789453022.258,research-api-products-service-1,products-service,48.48,15.23
1789453022.258,research-api-monolith-partial-1,monolith-partial,64.08,17.22
1789453022.258,research-api-postgres-1,postgres,73.78,107.6
1789453022.258,research-api-prometheus-1,prometheus,1.02,37.75
1789453022.258,research-api-cadvisor-1,cadvisor,1.38,19.85
1789453027.25,research-api-nginx-1,nginx,75.84,19.84
1789453027.25,research-api-grafana-1,grafana,0.04,45.18
1789453027.25,research-api-users-service-1,users-service,38.69,12.77
1789453027.25,research-api-products-service-1,products-service,42.78,14.24
1789453027.25,research-api-monolith-partial-1,monolith-partial,67.14,17.62
1789453027.25,research-api-postgres-1,postgres,72.61,108.4
1789453027.25,research-api-prometheus-1,prometheus,0.0,37.74
1789453027.25,research-api-cadvisor-1,cadvisor,0.0,19.86
1789453032.224,research-api-nginx-1,nginx,76.23,18.79
1789453032.224,research-api-grafana-1,grafana,0.04,45.18
1789453032.224,research-api-users-service-1,users-service,36.01,12.77
1789453032.224,research-api-products-service-1,products-service,44.02,15.12
1789453032.224,research-api-monolith-partial-1,monolith-partial,70.49,18.09
1789453032.224,research-api-postgres-1,postgres,75.76,108.8
1789453032.224,research-api-prometheus-1,prometheus,1.0,37.75
1789453032.224,research-api-cadvisor-1,cadvisor,0.0,19.86
1789453037.261,research-api-nginx-1,nginx,75.85,19.63
1789453037.261,research-api-grafana-1,grafana,0.07,45.18
1789453037.261,research-api-users-service-1,users-service,34.54,13.11
1789453037.261,research-api-products-service-1,products-service,46.03,15.39
1789453037.261,research-api-monolith-partial-1,monolith-partial,66.35,17.52
1789453037.261,research-api-postgres-1,postgres,71.89,114.2
1789453037.261,research-api-prometheus-1,prometheus,0.0,37.75
1789453037.261,research-api-cadvisor-1,cadvisor,0.0,20.27
1789453042.264,research-api-nginx-1,nginx,68.52,19.58
1789453042.264,research-api-grafana-1,grafana,0.04,45.18
1789453042.264,research-api-users-service-1,users-service,34.58,12.72
1789453042.264,research-api-products-service-1,products-service,43.8,16.48
1789453042.264,research-api-monolith-partial-1,monolith-partial,63.84,17.62
1789453042.264,research-api-postgres-1,postgres,69.5,114.7
1789453042.264,research-api-prometheus-1,prometheus,0.89,37.84
1789453042.264,research-api-cadvisor-1,cadvisor,0.72,20.46
1789453047.262,research-api-nginx-1,nginx,71.78,19.27
1789453047.262,research-api-grafana-1,grafana,0.04,45.18
1789453047.262,research-api-users-service-1,users-service,35.04,12.91
1789453047.262,research-api-products-service-1,products-service,43.48,15.44
1789453047.262,research-api-monolith-partial-1,monolith-partial,66.12,17.36
1789453047.262,research-api-postgres-1,postgres,91.27,114.6
1789453047.262,research-api-prometheus-1,prometheus,0.0,37.84
1789453047.262,research-api-cadvisor-1,cadvisor,0.0,20.46
1789453052.258,research-api-nginx-1,nginx,73.56,19.6
1789453052.258,research-api-grafana-1,grafana,0.05,45.18
1789453052.258,research-api-users-service-1,users-service,37.06,12.41
1789453052.258,research-api-products-service-1,products-service,44.28,16.82
1789453052.258,research-api-monolith-partial-1,monolith-partial,68.4,17.36
1789453052.258,research-api-postgres-1,postgres,75.44,114.9
1789453052.258,research-api-prometheus-1,prometheus,0.88,37.86
1789453052.258,research-api-cadvisor-1,cadvisor,1.24,19.93
1789453057.25,research-api-nginx-1,nginx,66.49,19.12
1789453057.25,research-api-grafana-1,grafana,0.03,45.18
1789453057.25,research-api-users-service-1,users-service,31.34,11.93
1789453057.25,research-api-products-service-1,products-service,41.62,15.02
1789453057.25,research-api-monolith-partial-1,monolith-partial,59.97,17.22
1789453057.25,research-api-postgres-1,postgres,70.95,114.7
1789453057.25,research-api-prometheus-1,prometheus,0.0,37.86
1789453057.25,research-api-cadvisor-1,cadvisor,0.0,19.93
1789453062.269,research-api-nginx-1,nginx,68.3,19.87
1789453062.269,research-api-grafana-1,grafana,0.03,45.18
1789453062.269,research-api-users-service-1,users-service,32.8,12.95
1789453062.269,research-api-products-service-1,products-service,42.0,16.46
1789453062.269,research-api-monolith-partial-1,monolith-partial,65.14,17.57
1789453062.269,research-api-postgres-1,postgres,70.96,115.4
1789453062.269,research-api-prometheus-1,prometheus,0.97,37.88
1789453062.269,research-api-cadvisor-1,cadvisor,0.79,20.37
1789453067.26,research-api-nginx-1,nginx,72.8,19.73
1789453067.26,research-api-grafana-1,grafana,0.06,45.18
1789453067.26,research-api-users-service-1,users-service,35.86,13.29
1789453067.26,research-api-products-service-1,products-service,47.79,15.64
1789453067.26,research-api-monolith-partial-1,monolith-partial,61.6,18.29
1789453067.26,research-api-postgres-1,postgres,69.84,115.2
1789453067.26,research-api-prometheus-1,prometheus,0.0,37.88
1789453067.26,research-api-cadvisor-1,cadvisor,0.0,20.37
1789453072.271,research-api-nginx-1,nginx,70.1,19.46
1789453072.271,research-api-grafana-1,grafana,0.03,45.18
1789453072.271,research-api-users-service-1,users-service,33.93,13.03
1789453072.271,research-api-products-service-1,products-service,41.44,15.33
1789453072.271,research-api-monolith-partial-1,monolith-partial,63.4,17.6
1789453072.271,research-api-postgres-1,postgres,67.09,115.7
1789453072.271,research-api-prometheus-1,prometheus,1.15,37.88
1789453072.271,research-api-cadvisor-1,cadvisor,1.51,20.32
1789453077.277,research-api-nginx-1,nginx,69.77,19.4
1789453077.277,research-api-grafana-1,grafana,0.04,45.19
1789453077.277,research-api-users-service-1,users-service,36.51,13.32
1789453077.277,research-api-products-service-1,products-service,42.14,15.66
1789453077.277,research-api-monolith-partial-1,monolith-partial,65.13,17.54
1789453077.277,research-api-postgres-1,postgres,68.09,115.9
1789453077.277,research-api-prometheus-1,prometheus,0.0,37.88
1789453077.277,research-api-cadvisor-1,cadvisor,0.0,20.35
1789453082.255,research-api-nginx-1,nginx,69.71,19.01
1789453082.255,research-api-grafana-1,grafana,0.05,45.19
1789453082.255,research-api-users-service-1,users-service,36.04,12.9
1789453082.255,research-api-products-service-1,products-service,43.04,17.06
1789453082.255,research-api-monolith-partial-1,monolith-partial,64.64,17.44
1789453082.255,research-api-postgres-1,postgres,66.76,117.0
1789453082.255,research-api-prometheus-1,prometheus,0.9,37.91
1789453082.255,research-api-cadvisor-1,cadvisor,1.26,19.48
1789453087.273,research-api-nginx-1,nginx,71.18,18.87
1789453087.273,research-api-grafana-1,grafana,0.03,45.19
1789453087.273,research-api-users-service-1,users-service,34.99,12.45
1789453087.273,research-api-products-service-1,products-service,46.18,15.75
1789453087.273,research-api-monolith-partial-1,monolith-partial,64.62,17.8
1789453087.273,research-api-postgres-1,postgres,70.19,117.7
1789453087.273,research-api-prometheus-1,prometheus,0.0,37.91
1789453087.273,research-api-cadvisor-1,cadvisor,0.0,19.48
1789453092.266,research-api-nginx-1,nginx,70.21,19.59
1789453092.266,research-api-grafana-1,grafana,0.04,45.19
1789453092.266,research-api-users-service-1,users-service,34.58,12.04
1789453092.266,research-api-products-service-1,products-service,44.37,15.93
1789453092.266,research-api-monolith-partial-1,monolith-partial,70.5,17.3
1789453092.266,research-api-postgres-1,postgres,71.85,117.8
1789453092.266,research-api-prometheus-1,prometheus,0.85,37.92
1789453092.266,research-api-cadvisor-1,cadvisor,0.75,19.49
1789453097.274,research-api-nginx-1,nginx,69.09,19.45
1789453097.274,research-api-grafana-1,grafana,0.05,45.19
1789453097.274,research-api-users-service-1,users-service,35.6,13.38
1789453097.274,research-api-products-service-1,products-service,41.14,15.01
1789453097.274,research-api-monolith-partial-1,monolith-partial,67.57,17.32
1789453097.274,research-api-postgres-1,postgres,69.51,118.1
1789453097.274,research-api-prometheus-1,prometheus,0.0,34.43
1789453097.274,research-api-cadvisor-1,cadvisor,0.0,19.49
1789453102.254,research-api-nginx-1,nginx,65.81,19.32
1789453102.254,research-api-grafana-1,grafana,0.03,45.19
1789453102.254,research-api-users-service-1,users-service,34.02,12.52
1789453102.254,research-api-products-service-1,products-service,41.54,15.68
1789453102.254,research-api-monolith-partial-1,monolith-partial,63.23,17.47
1789453102.254,research-api-postgres-1,postgres,64.76,118.2
1789453102.254,research-api-prometheus-1,prometheus,0.9,34.44
1789453102.254,research-api-cadvisor-1,cadvisor,1.31,20.11
1789453107.245,research-api-nginx-1,nginx,74.5,18.68
1789453107.245,research-api-grafana-1,grafana,0.05,45.19
1789453107.245,research-api-users-service-1,users-service,37.42,13.09
1789453107.245,research-api-products-service-1,products-service,41.59,16.37
1789453107.245,research-api-monolith-partial-1,monolith-partial,66.4,18.01
1789453107.245,research-api-postgres-1,postgres,89.45,118.2
1789453107.245,research-api-prometheus-1,prometheus,0.0,34.43
1789453107.245,research-api-cadvisor-1,cadvisor,0.0,20.11
1789453112.28,research-api-nginx-1,nginx,68.6,19.62
1789453112.28,research-api-grafana-1,grafana,0.06,45.19
1789453112.28,research-api-users-service-1,users-service,33.28,12.31
1789453112.28,research-api-products-service-1,products-service,44.0,16.61
1789453112.28,research-api-monolith-partial-1,monolith-partial,63.23,17.25
1789453112.28,research-api-postgres-1,postgres,66.49,118.3
1789453112.28,research-api-prometheus-1,prometheus,1.02,34.44
1789453112.28,research-api-cadvisor-1,cadvisor,0.86,20.74
1789453117.273,research-api-nginx-1,nginx,70.51,19.37
1789453117.273,research-api-grafana-1,grafana,0.03,45.19
1789453117.273,research-api-users-service-1,users-service,34.75,12.88
1789453117.273,research-api-products-service-1,products-service,42.85,14.8
1789453117.273,research-api-monolith-partial-1,monolith-partial,62.77,17.34
1789453117.273,research-api-postgres-1,postgres,68.06,119.3
1789453117.273,research-api-prometheus-1,prometheus,0.0,34.43
1789453117.273,research-api-cadvisor-1,cadvisor,0.0,20.75
1789453122.274,research-api-nginx-1,nginx,70.87,19.29
1789453122.274,research-api-grafana-1,grafana,0.03,45.19
1789453122.274,research-api-users-service-1,users-service,34.16,12.61
1789453122.274,research-api-products-service-1,products-service,43.63,16.58
1789453122.274,research-api-monolith-partial-1,monolith-partial,64.76,18.64
1789453122.274,research-api-postgres-1,postgres,69.6,118.9
1789453122.274,research-api-prometheus-1,prometheus,1.04,34.68
1789453122.274,research-api-cadvisor-1,cadvisor,1.27,20.07
1789453127.28,research-api-nginx-1,nginx,66.57,19.55
1789453127.28,research-api-grafana-1,grafana,0.05,45.19
1789453127.28,research-api-users-service-1,users-service,32.87,11.9
1789453127.28,research-api-products-service-1,products-service,38.7,15.74
1789453127.28,research-api-monolith-partial-1,monolith-partial,62.23,18.39
1789453127.28,research-api-postgres-1,postgres,68.24,119.4
1789453127.28,research-api-prometheus-1,prometheus,0.0,34.44
1789453127.28,research-api-cadvisor-1,cadvisor,0.0,20.07
1789453132.277,research-api-nginx-1,nginx,65.89,19.5
1789453132.277,research-api-grafana-1,grafana,0.03,45.19
1789453132.277,research-api-users-service-1,users-service,33.08,11.99
1789453132.277,research-api-products-service-1,products-service,42.22,16.34
1789453132.277,research-api-monolith-partial-1,monolith-partial,63.86,18.65
1789453132.277,research-api-postgres-1,postgres,68.42,119.5
1789453132.277,research-api-prometheus-1,prometheus,1.54,34.44
1789453132.277,research-api-cadvisor-1,cadvisor,0.83,20.58
1789453137.288,research-api-nginx-1,nginx,68.39,18.76
1789453137.288,research-api-grafana-1,grafana,0.04,45.02
1789453137.288,research-api-users-service-1,users-service,37.06,12.46
1789453137.288,research-api-products-service-1,products-service,41.83,14.82
1789453137.288,research-api-monolith-partial-1,monolith-partial,58.15,17.98
1789453137.288,research-api-postgres-1,postgres,66.31,119.8
1789453137.288,research-api-prometheus-1,prometheus,0.0,34.44
1789453137.288,research-api-cadvisor-1,cadvisor,0.0,20.65
1789453142.279,research-api-nginx-1,nginx,68.85,19.38
1789453142.279,research-api-grafana-1,grafana,0.05,45.02
1789453142.279,research-api-users-service-1,users-service,34.29,13.32
1789453142.279,research-api-products-service-1,products-service,41.69,16.04
1789453142.279,research-api-monolith-partial-1,monolith-partial,62.16,17.75
1789453142.279,research-api-postgres-1,postgres,63.41,120.3
1789453142.279,research-api-prometheus-1,prometheus,0.0,34.44
1789453142.279,research-api-cadvisor-1,cadvisor,0.0,20.65
1789453147.279,research-api-nginx-1,nginx,68.87,19.16
1789453147.279,research-api-grafana-1,grafana,0.03,45.02
1789453147.279,research-api-users-service-1,users-service,34.84,12.42
1789453147.279,research-api-products-service-1,products-service,42.51,14.53
1789453147.279,research-api-monolith-partial-1,monolith-partial,66.68,17.11
1789453147.279,research-api-postgres-1,postgres,67.94,120.6
1789453147.279,research-api-prometheus-1,prometheus,0.0,34.44
1789453147.279,research-api-cadvisor-1,cadvisor,0.0,20.67
1789453152.273,research-api-nginx-1,nginx,67.69,19.41
1789453152.273,research-api-grafana-1,grafana,0.05,45.02
1789453152.273,research-api-users-service-1,users-service,32.19,12.84
1789453152.273,research-api-products-service-1,products-service,43.81,15.98
1789453152.273,research-api-monolith-partial-1,monolith-partial,60.5,18.11
1789453152.273,research-api-postgres-1,postgres,67.17,121.7
1789453152.273,research-api-prometheus-1,prometheus,0.0,34.44
1789453152.273,research-api-cadvisor-1,cadvisor,1.45,19.09
1789453157.278,research-api-nginx-1,nginx,68.45,19.05
1789453157.278,research-api-grafana-1,grafana,0.48,45.02
1789453157.278,research-api-users-service-1,users-service,34.0,12.96
1789453157.278,research-api-products-service-1,products-service,42.96,15.49
1789453157.278,research-api-monolith-partial-1,monolith-partial,62.18,17.81
1789453157.278,research-api-postgres-1,postgres,67.16,121.5
1789453157.278,research-api-prometheus-1,prometheus,0.0,34.44
1789453157.278,research-api-cadvisor-1,cadvisor,0.0,19.1
1789453162.292,research-api-nginx-1,nginx,64.91,19.01
1789453162.292,research-api-grafana-1,grafana,0.03,45.02
1789453162.292,research-api-users-service-1,users-service,34.09,12.8
1789453162.292,research-api-products-service-1,products-service,40.37,16.09
1789453162.292,research-api-monolith-partial-1,monolith-partial,59.45,17.96
1789453162.292,research-api-postgres-1,postgres,67.23,121.8
1789453162.292,research-api-prometheus-1,prometheus,1.2,34.45
1789453162.292,research-api-cadvisor-1,cadvisor,1.25,19.11
1789453167.27,research-api-nginx-1,nginx,69.65,18.77
1789453167.27,research-api-grafana-1,grafana,0.05,45.02
1789453167.27,research-api-users-service-1,users-service,34.93,13.1
1789453167.27,research-api-products-service-1,products-service,41.98,14.73
1789453167.27,research-api-monolith-partial-1,monolith-partial,66.65,18.42
1789453167.27,research-api-postgres-1,postgres,89.06,122.0
1789453167.27,research-api-prometheus-1,prometheus,0.0,34.44
1789453167.27,research-api-cadvisor-1,cadvisor,0.0,19.11
1789453172.308,research-api-nginx-1,nginx,73.17,19.35
1789453172.308,research-api-grafana-1,grafana,0.05,45.02
1789453172.308,research-api-users-service-1,users-service,35.04,12.89
1789453172.308,research-api-products-service-1,products-service,42.84,15.71
1789453172.308,research-api-monolith-partial-1,monolith-partial,61.22,18.1
1789453172.308,research-api-postgres-1,postgres,65.93,122.9
1789453172.308,research-api-prometheus-1,prometheus,0.89,34.45
1789453172.308,research-api-cadvisor-1,cadvisor,1.2,19.74
1789453177.292,research-api-nginx-1,nginx,70.81,18.62
1789453177.292,research-api-grafana-1,grafana,0.04,45.02
1789453177.292,research-api-users-service-1,users-service,36.19,12.09
1789453177.292,research-api-products-service-1,products-service,43.19,14.25
1789453177.292,research-api-monolith-partial-1,monolith-partial,70.04,16.8
1789453177.292,research-api-postgres-1,postgres,69.37,123.2
1789453177.292,research-api-prometheus-1,prometheus,0.0,34.44
1789453177.292,research-api-cadvisor-1,cadvisor,0.0,19.74
1789453182.297,research-api-nginx-1,nginx,72.04,19.61
1789453182.297,research-api-grafana-1,grafana,0.04,45.02
1789453182.297,research-api-users-service-1,users-service,34.84,12.82
1789453182.297,research-api-products-service-1,products-service,42.51,16.18
1789453182.297,research-api-monolith-partial-1,monolith-partial,59.23,17.62
1789453182.297,research-api-postgres-1,postgres,62.42,122.5
1789453182.297,research-api-prometheus-1,prometheus,0.95,34.77
1789453182.297,research-api-cadvisor-1,cadvisor,1.26,19.74
1789453187.277,research-api-nginx-1,nginx,68.4,18.53
1789453187.277,research-api-grafana-1,grafana,0.05,45.02
1789453187.277,research-api-users-service-1,users-service,35.08,12.62
1789453187.277,research-api-products-service-1,products-service,43.95,14.46
1789453187.277,research-api-monolith-partial-1,monolith-partial,66.64,17.16
1789453187.277,research-api-postgres-1,postgres,71.08,123.0
1789453187.277,research-api-prometheus-1,prometheus,0.0,34.76
1789453187.277,research-api-cadvisor-1,cadvisor,0.0,19.74
1789453192.28,research-api-nginx-1,nginx,71.94,19.28
1789453192.28,research-api-grafana-1,grafana,0.03,45.02
1789453192.28,research-api-users-service-1,users-service,36.17,13.76
1789453192.28,research-api-products-service-1,products-service,42.31,16.37
1789453192.28,research-api-monolith-partial-1,monolith-partial,65.47,18.62
1789453192.28,research-api-postgres-1,postgres,68.18,123.4
1789453192.28,research-api-prometheus-1,prometheus,0.95,35.4
1789453192.28,research-api-cadvisor-1,cadvisor,1.66,19.79
1789453197.294,research-api-nginx-1,nginx,69.86,19.53
1789453197.294,research-api-grafana-1,grafana,0.05,45.03
1789453197.294,research-api-users-service-1,users-service,35.32,12.06
1789453197.294,research-api-products-service-1,products-service,42.29,15.46
1789453197.294,research-api-monolith-partial-1,monolith-partial,68.15,17.72
1789453197.294,research-api-postgres-1,postgres,69.06,124.5
1789453197.294,research-api-prometheus-1,prometheus,0.0,35.39
1789453197.294,research-api-cadvisor-1,cadvisor,0.0,19.8
1789453202.287,research-api-nginx-1,nginx,71.59,19.09
1789453202.287,research-api-grafana-1,grafana,0.11,45.03
1789453202.287,research-api-users-service-1,users-service,36.61,12.91
1789453202.287,research-api-products-service-1,products-service,45.0,16.02
1789453202.287,research-api-monolith-partial-1,monolith-partial,68.76,18.84
1789453202.287,research-api-postgres-1,postgres,69.19,124.5
1789453202.287,research-api-prometheus-1,prometheus,0.0,35.39
1789453202.287,research-api-cadvisor-1,cadvisor,1.41,20.09
1789453207.293,research-api-nginx-1,nginx,68.13,19.58
1789453207.293,research-api-grafana-1,grafana,0.34,45.03
1789453207.293,research-api-users-service-1,users-service,32.25,13.86
1789453207.293,research-api-products-service-1,products-service,42.49,14.67
1789453207.293,research-api-monolith-partial-1,monolith-partial,66.62,17.91
1789453207.293,research-api-postgres-1,postgres,66.09,124.3
1789453207.293,research-api-prometheus-1,prometheus,0.0,35.41
1789453207.293,research-api-cadvisor-1,cadvisor,0.0,20.11
1789453212.289,research-api-nginx-1,nginx,70.25,19.52
1789453212.289,research-api-grafana-1,grafana,0.07,45.03
1789453212.289,research-api-users-service-1,users-service,33.95,13.64
1789453212.289,research-api-products-service-1,products-service,46.65,16.23
1789453212.289,research-api-monolith-partial-1,monolith-partial,63.79,17.8
1789453212.289,research-api-postgres-1,postgres,69.55,124.7
1789453212.289,research-api-prometheus-1,prometheus,0.96,35.41
1789453212.289,research-api-cadvisor-1,cadvisor,0.74,20.11
1789453217.29,research-api-nginx-1,nginx,67.97,19.09
1789453217.29,research-api-grafana-1,grafana,0.05,45.03
1789453217.29,research-api-users-service-1,users-service,35.49,13.04
1789453217.29,research-api-products-service-1,products-service,40.77,15.05
1789453217.29,research-api-monolith-partial-1,monolith-partial,62.43,17.98
1789453217.29,research-api-postgres-1,postgres,65.43,126.2
1789453217.29,research-api-prometheus-1,prometheus,0.0,35.0
1789453217.29,research-api-cadvisor-1,cadvisor,0.0,20.11
1789453222.304,research-api-nginx-1,nginx,76.78,19.3
1789453222.304,research-api-grafana-1,grafana,0.03,45.03
1789453222.304,research-api-users-service-1,users-service,37.5,12.5
1789453222.304,research-api-products-service-1,products-service,47.08,16.19
1789453222.304,research-api-monolith-partial-1,monolith-partial,72.8,17.92
1789453222.304,research-api-postgres-1,postgres,75.42,125.9
1789453222.304,research-api-prometheus-1,prometheus,1.07,35.02
1789453222.304,research-api-cadvisor-1,cadvisor,1.2,20.35
1789453227.33,research-api-nginx-1,nginx,96.42,19.39
1789453227.33,research-api-grafana-1,grafana,0.03,45.02
1789453227.33,research-api-users-service-1,users-service,54.6,12.93
1789453227.33,research-api-products-service-1,products-service,63.69,15.79
1789453227.33,research-api-monolith-partial-1,monolith-partial,104.3,18.5
1789453227.33,research-api-postgres-1,postgres,126.63,126.4
1789453227.33,research-api-prometheus-1,prometheus,0.0,35.01
1789453227.33,research-api-cadvisor-1,cadvisor,0.0,20.35
1789453232.413,research-api-nginx-1,nginx,141.81,19.67
1789453232.413,research-api-grafana-1,grafana,0.05,45.02
1789453232.413,research-api-users-service-1,users-service,65.4,13.83
1789453232.413,research-api-products-service-1,products-service,83.87,14.85
1789453232.413,research-api-monolith-partial-1,monolith-partial,120.22,18.96
1789453232.413,research-api-postgres-1,postgres,130.38,126.8
1789453232.413,research-api-prometheus-1,prometheus,1.65,35.02
1789453232.413,research-api-cadvisor-1,cadvisor,1.56,20.51
1789453237.388,research-api-nginx-1,nginx,149.64,21.02
1789453237.388,research-api-grafana-1,grafana,0.04,45.02
1789453237.388,research-api-users-service-1,users-service,62.52,13.34
1789453237.388,research-api-products-service-1,products-service,81.08,17.11
1789453237.388,research-api-monolith-partial-1,monolith-partial,123.96,18.18
1789453237.388,research-api-postgres-1,postgres,137.45,134.6
1789453237.388,research-api-prometheus-1,prometheus,0.0,35.01
1789453237.388,research-api-cadvisor-1,cadvisor,0.0,20.51
1789453242.445,research-api-nginx-1,nginx,169.45,20.88
1789453242.445,research-api-grafana-1,grafana,0.04,45.02
1789453242.445,research-api-users-service-1,users-service,71.97,14.68
1789453242.445,research-api-products-service-1,products-service,95.73,16.5
1789453242.445,research-api-monolith-partial-1,monolith-partial,142.86,19.98
1789453242.445,research-api-postgres-1,postgres,162.97,134.3
1789453242.445,research-api-prometheus-1,prometheus,1.11,35.02
1789453242.445,research-api-cadvisor-1,cadvisor,0.72,20.52
1789453247.47,research-api-nginx-1,nginx,161.51,21.46
1789453247.47,research-api-grafana-1,grafana,0.07,45.02
1789453247.47,research-api-users-service-1,users-service,70.61,14.3
1789453247.47,research-api-products-service-1,products-service,86.1,17.86
1789453247.47,research-api-monolith-partial-1,monolith-partial,139.74,21.97
1789453247.47,research-api-postgres-1,postgres,167.49,135.5
1789453247.47,research-api-prometheus-1,prometheus,0.0,35.02
1789453247.47,research-api-cadvisor-1,cadvisor,0.0,20.52
1789453252.489,research-api-nginx-1,nginx,164.45,20.98
1789453252.489,research-api-grafana-1,grafana,0.04,45.02
1789453252.489,research-api-users-service-1,users-service,72.45,14.28
1789453252.489,research-api-products-service-1,products-service,99.69,18.99
1789453252.489,research-api-monolith-partial-1,monolith-partial,131.47,20.22
1789453252.489,research-api-postgres-1,postgres,155.37,136.3
1789453252.489,research-api-prometheus-1,prometheus,1.18,35.02
1789453252.489,research-api-cadvisor-1,cadvisor,0.96,20.28
1789453257.451,research-api-nginx-1,nginx,175.98,22.59
1789453257.451,research-api-grafana-1,grafana,0.04,45.04
1789453257.451,research-api-users-service-1,users-service,78.03,14.38
1789453257.451,research-api-products-service-1,products-service,98.46,19.09
1789453257.451,research-api-monolith-partial-1,monolith-partial,142.04,20.32
1789453257.451,research-api-postgres-1,postgres,171.15,136.3
1789453257.451,research-api-prometheus-1,prometheus,0.0,35.02
1789453257.451,research-api-cadvisor-1,cadvisor,0.0,20.28
1789453262.443,research-api-nginx-1,nginx,157.8,20.87
1789453262.443,research-api-grafana-1,grafana,0.06,45.04
1789453262.443,research-api-users-service-1,users-service,69.96,15.91
1789453262.443,research-api-products-service-1,products-service,86.55,19.41
1789453262.443,research-api-monolith-partial-1,monolith-partial,141.28,20.73
1789453262.443,research-api-postgres-1,postgres,165.21,137.4
1789453262.443,research-api-prometheus-1,prometheus,1.16,35.03
1789453262.443,research-api-cadvisor-1,cadvisor,1.48,19.78
1789453267.474,research-api-nginx-1,nginx,170.85,21.71
1789453267.474,research-api-grafana-1,grafana,0.03,45.04
1789453267.474,research-api-users-service-1,users-service,70.61,15.09
1789453267.474,research-api-products-service-1,products-service,98.89,17.67
1789453267.474,research-api-monolith-partial-1,monolith-partial,151.89,20.5
1789453267.474,research-api-postgres-1,postgres,170.29,138.6
1789453267.474,research-api-prometheus-1,prometheus,0.0,35.02
1789453267.474,research-api-cadvisor-1,cadvisor,0.0,19.78
1789453272.474,research-api-nginx-1,nginx,167.29,22.39
1789453272.474,research-api-grafana-1,grafana,0.04,45.04
1789453272.474,research-api-users-service-1,users-service,74.2,14.24
1789453272.474,research-api-products-service-1,products-service,97.35,19.16
1789453272.474,research-api-monolith-partial-1,monolith-partial,137.37,20.94
1789453272.474,research-api-postgres-1,postgres,172.43,138.9
1789453272.474,research-api-prometheus-1,prometheus,0.0,35.02
1789453272.474,research-api-cadvisor-1,cadvisor,1.67,19.82
1789453277.473,research-api-nginx-1,nginx,157.59,21.96
1789453277.473,research-api-grafana-1,grafana,0.05,45.04
1789453277.473,research-api-users-service-1,users-service,69.09,14.5
1789453277.473,research-api-products-service-1,products-service,88.99,17.94
1789453277.473,research-api-monolith-partial-1,monolith-partial,138.02,20.17
1789453277.473,research-api-postgres-1,postgres,175.72,139.5
1789453277.473,research-api-prometheus-1,prometheus,0.0,35.02
1789453277.473,research-api-cadvisor-1,cadvisor,0.0,19.82
1789453282.505,research-api-nginx-1,nginx,163.77,21.36
1789453282.505,research-api-grafana-1,grafana,0.06,45.04
1789453282.505,research-api-users-service-1,users-service,72.56,15.36
1789453282.505,research-api-products-service-1,products-service,88.92,18.92
1789453282.505,research-api-monolith-partial-1,monolith-partial,161.27,21.62
1789453282.505,research-api-postgres-1,postgres,170.63,140.2
1789453282.505,research-api-prometheus-1,prometheus,1.25,35.03
1789453282.505,research-api-cadvisor-1,cadvisor,0.9,19.84
1789453287.486,research-api-nginx-1,nginx,166.08,22.75
1789453287.486,research-api-grafana-1,grafana,0.04,45.04
1789453287.486,research-api-users-service-1,users-service,69.63,15.16
1789453287.486,research-api-products-service-1,products-service,93.56,18.14
1789453287.486,research-api-monolith-partial-1,monolith-partial,131.39,21.91
1789453287.486,research-api-postgres-1,postgres,174.34,141.8
1789453287.486,research-api-prometheus-1,prometheus,0.0,35.03
1789453287.486,research-api-cadvisor-1,cadvisor,0.0,19.84
1789453292.549,research-api-nginx-1,nginx,170.25,21.13
1789453292.549,research-api-grafana-1,grafana,0.07,45.04
1789453292.549,research-api-users-service-1,users-service,72.46,15.85
1789453292.549,research-api-products-service-1,products-service,85.4,17.86
1789453292.549,research-api-monolith-partial-1,monolith-partial,139.09,21.07
1789453292.549,research-api-postgres-1,postgres,169.13,141.7
1789453292.549,research-api-prometheus-1,prometheus,1.14,35.05
1789453292.549,research-api-cadvisor-1,cadvisor,0.92,19.84
1789453297.514,research-api-nginx-1,nginx,164.99,22.6
1789453297.514,research-api-grafana-1,grafana,0.03,45.04
1789453297.514,research-api-users-service-1,users-service,76.89,14.91
1789453297.514,research-api-products-service-1,products-service,93.37,18.3
1789453297.514,research-api-monolith-partial-1,monolith-partial,149.34,22.02
1789453297.514,research-api-postgres-1,postgres,170.45,142.6
1789453297.514,research-api-prometheus-1,prometheus,0.0,35.05
1789453297.514,research-api-cadvisor-1,cadvisor,0.0,19.84
1789453302.506,research-api-nginx-1,nginx,162.8,22.26
1789453302.506,research-api-grafana-1,grafana,0.03,45.04
1789453302.506,research-api-users-service-1,users-service,70.48,15.21
1789453302.506,research-api-products-service-1,products-service,88.47,18.24
1789453302.506,research-api-monolith-partial-1,monolith-partial,133.4,22.96
1789453302.506,research-api-postgres-1,postgres,166.38,142.5
1789453302.506,research-api-prometheus-1,prometheus,1.06,35.05
1789453302.506,research-api-cadvisor-1,cadvisor,1.43,20.52
1789453307.481,research-api-nginx-1,nginx,159.56,22.07
1789453307.481,research-api-grafana-1,grafana,0.43,45.04
1789453307.481,research-api-users-service-1,users-service,68.85,15.57
1789453307.481,research-api-products-service-1,products-service,88.97,18.15
1789453307.481,research-api-monolith-partial-1,monolith-partial,133.68,21.24
1789453307.481,research-api-postgres-1,postgres,171.38,143.8
1789453307.481,research-api-prometheus-1,prometheus,0.0,35.05
1789453307.481,research-api-cadvisor-1,cadvisor,0.0,20.52
1789453312.487,research-api-nginx-1,nginx,169.97,20.69
1789453312.487,research-api-grafana-1,grafana,0.03,45.04
1789453312.487,research-api-users-service-1,users-service,70.81,14.52
1789453312.487,research-api-products-service-1,products-service,93.34,19.09
1789453312.487,research-api-monolith-partial-1,monolith-partial,142.95,21.33
1789453312.487,research-api-postgres-1,postgres,175.72,144.0
1789453312.487,research-api-prometheus-1,prometheus,0.74,35.05
1789453312.487,research-api-cadvisor-1,cadvisor,1.11,20.65
1789453317.497,research-api-nginx-1,nginx,172.66,20.78
1789453317.497,research-api-grafana-1,grafana,0.05,45.05
1789453317.497,research-api-users-service-1,users-service,79.8,15.82
1789453317.497,research-api-products-service-1,products-service,96.91,18.88
1789453317.497,research-api-monolith-partial-1,monolith-partial,149.61,21.83
1789453317.497,research-api-postgres-1,postgres,173.19,144.8
1789453317.497,research-api-prometheus-1,prometheus,0.0,35.05
1789453317.497,research-api-cadvisor-1,cadvisor,0.0,20.66
1789453322.483,research-api-nginx-1,nginx,161.03,20.44
1789453322.483,research-api-grafana-1,grafana,0.1,45.05
1789453322.483,research-api-users-service-1,users-service,68.38,14.62
1789453322.483,research-api-products-service-1,products-service,92.46,17.7
1789453322.483,research-api-monolith-partial-1,monolith-partial,135.74,20.97
1789453322.483,research-api-postgres-1,postgres,172.36,145.9
1789453322.483,research-api-prometheus-1,prometheus,1.04,35.06
1789453322.483,research-api-cadvisor-1,cadvisor,1.61,21.95
1789453327.454,research-api-nginx-1,nginx,173.6,21.42
1789453327.454,research-api-grafana-1,grafana,0.05,45.05
1789453327.454,research-api-users-service-1,users-service,74.3,14.29
1789453327.454,research-api-products-service-1,products-service,99.83,18.45
1789453327.454,research-api-monolith-partial-1,monolith-partial,139.15,21.19
1789453327.454,research-api-postgres-1,postgres,171.59,146.4
1789453327.454,research-api-prometheus-1,prometheus,0.0,35.05
1789453327.454,research-api-cadvisor-1,cadvisor,0.0,21.95
1789453332.486,research-api-nginx-1,nginx,168.09,20.54
1789453332.486,research-api-grafana-1,grafana,0.05,45.05
1789453332.486,research-api-users-service-1,users-service,69.61,15.12
1789453332.486,research-api-products-service-1,products-service,90.3,18.6
1789453332.486,research-api-monolith-partial-1,monolith-partial,129.02,21.49
1789453332.486,research-api-postgres-1,postgres,171.15,146.5
1789453332.486,research-api-prometheus-1,prometheus,1.18,35.06
1789453332.486,research-api-cadvisor-1,cadvisor,0.99,22.03
1789453337.499,research-api-nginx-1,nginx,166.93,21.96
1789453337.499,research-api-grafana-1,grafana,0.08,45.05
1789453337.499,research-api-users-service-1,users-service,68.73,15.11
1789453337.499,research-api-products-service-1,products-service,86.76,17.08
1789453337.499,research-api-monolith-partial-1,monolith-partial,146.05,21.18
1789453337.499,research-api-postgres-1,postgres,177.87,147.5
1789453337.499,research-api-prometheus-1,prometheus,0.0,35.06
1789453337.499,research-api-cadvisor-1,cadvisor,0.0,22.03
1789453342.576,research-api-nginx-1,nginx,162.04,21.77
1789453342.576,research-api-grafana-1,grafana,0.07,45.05
1789453342.576,research-api-users-service-1,users-service,65.78,14.48
1789453342.576,research-api-products-service-1,products-service,95.1,19.17
1789453342.576,research-api-monolith-partial-1,monolith-partial,140.04,20.7
1789453342.576,research-api-postgres-1,postgres,165.08,148.9
1789453342.576,research-api-prometheus-1,prometheus,0.39,31.34
1789453342.576,research-api-cadvisor-1,cadvisor,1.54,19.88
1789453347.504,research-api-nginx-1,nginx,170.25,21.0
1789453347.504,research-api-grafana-1,grafana,0.04,45.05
1789453347.504,research-api-users-service-1,users-service,71.73,15.71
1789453347.504,research-api-products-service-1,products-service,89.06,18.19
1789453347.504,research-api-monolith-partial-1,monolith-partial,143.94,21.47
1789453347.504,research-api-postgres-1,postgres,201.74,148.4
1789453347.504,research-api-prometheus-1,prometheus,0.0,31.34
1789453347.504,research-api-cadvisor-1,cadvisor,0.0,19.88
1789453352.577,research-api-nginx-1,nginx,171.8,21.48
1789453352.577,research-api-grafana-1,grafana,0.04,45.05
1789453352.577,research-api-users-service-1,users-service,72.68,15.36
1789453352.577,research-api-products-service-1,products-service,90.42,19.31
1789453352.577,research-api-monolith-partial-1,monolith-partial,147.9,21.03
1789453352.577,research-api-postgres-1,postgres,168.68,148.9
1789453352.577,research-api-prometheus-1,prometheus,0.67,31.34
1789453352.577,research-api-cadvisor-1,cadvisor,0.0,19.88
1789453357.503,research-api-nginx-1,nginx,165.2,21.41
1789453357.503,research-api-grafana-1,grafana,0.05,45.05
1789453357.503,research-api-users-service-1,users-service,69.24,14.85
1789453357.503,research-api-products-service-1,products-service,87.77,18.34
1789453357.503,research-api-monolith-partial-1,monolith-partial,137.59,21.57
1789453357.503,research-api-postgres-1,postgres,167.23,150.5
1789453357.503,research-api-prometheus-1,prometheus,0.0,31.34
1789453357.503,research-api-cadvisor-1,cadvisor,0.0,20.52
1789453362.471,research-api-nginx-1,nginx,173.79,21.61
1789453362.471,research-api-grafana-1,grafana,0.04,45.05
1789453362.471,research-api-users-service-1,users-service,75.59,15.8
1789453362.471,research-api-products-service-1,products-service,99.91,19.59
1789453362.471,research-api-monolith-partial-1,monolith-partial,143.93,21.37
1789453362.471,research-api-postgres-1,postgres,171.78,150.4
1789453362.471,research-api-prometheus-1,prometheus,1.2,31.98
1789453362.471,research-api-cadvisor-1,cadvisor,1.46,20.09
1789453367.502,research-api-nginx-1,nginx,165.05,21.18
1789453367.502,research-api-grafana-1,grafana,0.06,45.05
1789453367.502,research-api-users-service-1,users-service,70.13,14.9
1789453367.502,research-api-products-service-1,products-service,94.76,18.46
1789453367.502,research-api-monolith-partial-1,monolith-partial,144.6,21.4
1789453367.502,research-api-postgres-1,postgres,172.76,150.9
1789453367.502,research-api-prometheus-1,prometheus,0.0,31.98
1789453367.502,research-api-cadvisor-1,cadvisor,0.0,20.09
1789453372.566,research-api-nginx-1,nginx,175.45,21.6
1789453372.566,research-api-grafana-1,grafana,0.06,45.05
1789453372.566,research-api-users-service-1,users-service,73.68,14.84
1789453372.566,research-api-products-service-1,products-service,92.03,18.7
1789453372.566,research-api-monolith-partial-1,monolith-partial,138.18,21.25
1789453372.566,research-api-postgres-1,postgres,166.0,151.4
1789453372.566,research-api-prometheus-1,prometheus,0.32,32.85
1789453372.566,research-api-cadvisor-1,cadvisor,0.88,20.09
1789453377.527,research-api-nginx-1,nginx,178.27,21.66
1789453377.527,research-api-grafana-1,grafana,0.04,45.05
1789453377.527,research-api-users-service-1,users-service,78.27,15.34
1789453377.527,research-api-products-service-1,products-service,95.49,18.21
1789453377.527,research-api-monolith-partial-1,monolith-partial,153.44,21.1
1789453377.527,research-api-postgres-1,postgres,177.1,152.3
1789453377.527,research-api-prometheus-1,prometheus,0.0,32.85
1789453377.527,research-api-cadvisor-1,cadvisor,0.0,20.09
1789453382.5,research-api-nginx-1,nginx,165.96,20.77
1789453382.5,research-api-grafana-1,grafana,0.07,45.05
1789453382.5,research-api-users-service-1,users-service,69.22,15.41
1789453382.5,research-api-products-service-1,products-service,94.64,18.52
1789453382.5,research-api-monolith-partial-1,monolith-partial,154.03,20.92
1789453382.5,research-api-postgres-1,postgres,175.49,152.6
1789453382.5,research-api-prometheus-1,prometheus,0.36,32.85
1789453382.5,research-api-cadvisor-1,cadvisor,1.05,18.68
1789453387.57,research-api-nginx-1,nginx,176.47,21.16
1789453387.57,research-api-grafana-1,grafana,0.04,45.05
1789453387.57,research-api-users-service-1,users-service,77.17,14.72
1789453387.57,research-api-products-service-1,products-service,94.01,17.62
1789453387.57,research-api-monolith-partial-1,monolith-partial,140.38,22.24
1789453387.57,research-api-postgres-1,postgres,169.32,153.7
1789453387.57,research-api-prometheus-1,prometheus,0.0,32.85
1789453387.57,research-api-cadvisor-1,cadvisor,0.0,18.68
1789453392.546,research-api-nginx-1,nginx,162.06,21.98
1789453392.546,research-api-grafana-1,grafana,0.03,45.05
1789453392.546,research-api-users-service-1,users-service,74.15,15.92
1789453392.546,research-api-products-service-1,products-service,85.89,18.91
1789453392.546,research-api-monolith-partial-1,monolith-partial,135.86,21.19
1789453392.546,research-api-postgres-1,postgres,163.68,154.5
1789453392.546,research-api-prometheus-1,prometheus,0.66,32.86
1789453392.546,research-api-cadvisor-1,cadvisor,2.04,19.33
1789453397.518,research-api-nginx-1,nginx,157.75,21.71
1789453397.518,research-api-grafana-1,grafana,0.06,45.05
1789453397.518,research-api-users-service-1,users-service,70.69,15.71
1789453397.518,research-api-products-service-1,products-service,87.66,17.81
1789453397.518,research-api-monolith-partial-1,monolith-partial,140.14,22.05
1789453397.518,research-api-postgres-1,postgres,170.93,155.5
1789453397.518,research-api-prometheus-1,prometheus,0.0,32.86
1789453397.518,research-api-cadvisor-1,cadvisor,0.0,19.33
1789453402.554,research-api-nginx-1,nginx,173.57,21.77
1789453402.554,research-api-grafana-1,grafana,0.04,45.05
1789453402.554,research-api-users-service-1,users-service,71.2,14.56
1789453402.554,research-api-products-service-1,products-service,87.83,18.66
1789453402.554,research-api-monolith-partial-1,monolith-partial,144.77,21.59
1789453402.554,research-api-postgres-1,postgres,174.26,155.2
1789453402.554,research-api-prometheus-1,prometheus,0.35,33.49
1789453402.554,research-api-cadvisor-1,cadvisor,1.06,19.33
1789453407.596,research-api-nginx-1,nginx,170.18,21.61
1789453407.596,research-api-grafana-1,grafana,0.04,45.05
1789453407.596,research-api-users-service-1,users-service,79.35,15.66
1789453407.596,research-api-products-service-1,products-service,88.38,18.73
1789453407.596,research-api-monolith-partial-1,monolith-partial,145.57,21.13
1789453407.596,research-api-postgres-1,postgres,198.39,156.5
1789453407.596,research-api-prometheus-1,prometheus,0.0,33.49
1789453407.596,research-api-cadvisor-1,cadvisor,0.0,19.33
1789453412.561,research-api-nginx-1,nginx,164.87,20.48
1789453412.561,research-api-grafana-1,grafana,0.09,45.05
1789453412.561,research-api-users-service-1,users-service,67.95,14.89
1789453412.561,research-api-products-service-1,products-service,95.36,19.6
1789453412.561,research-api-monolith-partial-1,monolith-partial,139.62,20.85
1789453412.561,research-api-postgres-1,postgres,159.13,156.4
1789453412.561,research-api-prometheus-1,prometheus,0.31,33.5
1789453412.561,research-api-cadvisor-1,cadvisor,1.76,20.03
1789453417.567,research-api-nginx-1,nginx,170.23,21.31
1789453417.567,research-api-grafana-1,grafana,0.06,45.05
1789453417.567,research-api-users-service-1,users-service,76.71,14.84
1789453417.567,research-api-products-service-1,products-service,93.65,18.25
1789453417.567,research-api-monolith-partial-1,monolith-partial,139.19,22.0
1789453417.567,research-api-postgres-1,postgres,169.64,157.2
1789453417.567,research-api-prometheus-1,prometheus,0.0,33.5
1789453417.567,research-api-cadvisor-1,cadvisor,0.0,20.03
1789453422.596,research-api-nginx-1,nginx,165.86,21.96
1789453422.596,research-api-grafana-1,grafana,0.04,45.05
1789453422.596,research-api-users-service-1,users-service,74.15,15.49
1789453422.596,research-api-products-service-1,products-service,92.1,18.04
1789453422.596,research-api-monolith-partial-1,monolith-partial,144.09,22.0
1789453422.596,research-api-postgres-1,postgres,174.67,157.9
1789453422.596,research-api-prometheus-1,prometheus,0.34,33.75
1789453422.596,research-api-cadvisor-1,cadvisor,0.96,20.4
1789453427.556,research-api-nginx-1,nginx,169.89,23.47
1789453427.556,research-api-grafana-1,grafana,0.07,45.05
1789453427.556,research-api-users-service-1,users-service,68.29,15.91
1789453427.556,research-api-products-service-1,products-service,94.07,18.95
1789453427.556,research-api-monolith-partial-1,monolith-partial,132.01,20.09
1789453427.556,research-api-postgres-1,postgres,161.35,158.9
1789453427.556,research-api-prometheus-1,prometheus,0.0,33.74
1789453427.556,research-api-cadvisor-1,cadvisor,0.27,20.4
1789453432.586,research-api-nginx-1,nginx,171.1,21.38
1789453432.586,research-api-grafana-1,grafana,0.04,45.05
1789453432.586,research-api-users-service-1,users-service,67.85,14.95
1789453432.586,research-api-products-service-1,products-service,91.43,18.2
1789453432.586,research-api-monolith-partial-1,monolith-partial,148.33,21.91
1789453432.586,research-api-postgres-1,postgres,173.12,159.9
1789453432.586,research-api-prometheus-1,prometheus,0.29,33.75
1789453432.586,research-api-cadvisor-1,cadvisor,0.82,20.41
1789453437.604,research-api-nginx-1,nginx,169.23,20.66
1789453437.604,research-api-grafana-1,grafana,0.05,45.05
1789453437.604,research-api-users-service-1,users-service,70.61,14.81
1789453437.604,research-api-products-service-1,products-service,88.34,18.7
1789453437.604,research-api-monolith-partial-1,monolith-partial,148.91,21.12
1789453437.604,research-api-postgres-1,postgres,172.61,160.3
1789453437.604,research-api-prometheus-1,prometheus,0.0,33.75
1789453437.604,research-api-cadvisor-1,cadvisor,0.0,20.42
1789453442.591,research-api-nginx-1,nginx,166.95,21.04
1789453442.591,research-api-grafana-1,grafana,0.07,45.05
1789453442.591,research-api-users-service-1,users-service,71.99,14.86
1789453442.591,research-api-products-service-1,products-service,93.69,18.11
1789453442.591,research-api-monolith-partial-1,monolith-partial,139.22,20.74
1789453442.591,research-api-postgres-1,postgres,167.15,161.1
1789453442.591,research-api-prometheus-1,prometheus,0.35,33.76
1789453442.591,research-api-cadvisor-1,cadvisor,3.34,19.0
1789453447.572,research-api-nginx-1,nginx,157.16,22.1
1789453447.572,research-api-grafana-1,grafana,0.05,45.05
1789453447.572,research-api-users-service-1,users-service,68.73,14.95
1789453447.572,research-api-products-service-1,products-service,90.64,18.55
1789453447.572,research-api-monolith-partial-1,monolith-partial,140.27,21.63
1789453447.572,research-api-postgres-1,postgres,169.45,161.6
1789453447.572,research-api-prometheus-1,prometheus,0.0,33.75
1789453447.572,research-api-cadvisor-1,cadvisor,0.0,19.0
1789453452.517,research-api-nginx-1,nginx,169.26,21.61
1789453452.517,research-api-grafana-1,grafana,0.05,45.05
1789453452.517,research-api-users-service-1,users-service,72.13,15.43
1789453452.517,research-api-products-service-1,products-service,95.02,18.3
1789453452.517,research-api-monolith-partial-1,monolith-partial,130.37,20.92
1789453452.517,research-api-postgres-1,postgres,170.23,161.9
1789453452.517,research-api-prometheus-1,prometheus,0.4,34.9
1789453452.517,research-api-cadvisor-1,cadvisor,3.4,19.7
1789453457.544,research-api-nginx-1,nginx,168.12,21.91
1789453457.544,research-api-grafana-1,grafana,0.34,45.05
1789453457.544,research-api-users-service-1,users-service,71.49,15.85
1789453457.544,research-api-products-service-1,products-service,90.13,18.74
1789453457.544,research-api-monolith-partial-1,monolith-partial,143.79,21.67
1789453457.544,research-api-postgres-1,postgres,170.95,162.7
1789453457.544,research-api-prometheus-1,prometheus,0.0,34.9
1789453457.544,research-api-cadvisor-1,cadvisor,0.0,19.7
1789453462.578,research-api-nginx-1,nginx,166.75,22.39
1789453462.578,research-api-grafana-1,grafana,0.05,45.05
1789453462.578,research-api-users-service-1,users-service,76.32,15.14
1789453462.578,research-api-products-service-1,products-service,94.36,18.21
1789453462.578,research-api-monolith-partial-1,monolith-partial,140.78,21.09
1789453462.578,research-api-postgres-1,postgres,165.79,163.5
1789453462.578,research-api-prometheus-1,prometheus,0.41,35.03
1789453462.578,research-api-cadvisor-1,cadvisor,0.0,19.7
1789453467.538,research-api-nginx-1,nginx,175.98,22.06
1789453467.538,research-api-grafana-1,grafana,0.04,45.05
1789453467.538,research-api-users-service-1,users-service,77.37,14.52
1789453467.538,research-api-products-service-1,products-service,90.54,18.37
1789453467.538,research-api-monolith-partial-1,monolith-partial,132.89,20.44
1789453467.538,research-api-postgres-1,postgres,208.41,164.3
1789453467.538,research-api-prometheus-1,prometheus,0.0,35.02
1789453467.538,research-api-cadvisor-1,cadvisor,1.58,20.34
1789453472.554,research-api-nginx-1,nginx,172.08,22.14
1789453472.554,research-api-grafana-1,grafana,0.06,45.05
1789453472.554,research-api-users-service-1,users-service,75.0,15.96
1789453472.554,research-api-products-service-1,products-service,89.61,18.61
1789453472.554,research-api-monolith-partial-1,monolith-partial,136.98,21.81
1789453472.554,research-api-postgres-1,postgres,173.58,165.3
1789453472.554,research-api-prometheus-1,prometheus,0.47,35.03
1789453472.554,research-api-cadvisor-1,cadvisor,1.39,20.35
1789453477.599,research-api-nginx-1,nginx,165.56,21.59
1789453477.599,research-api-grafana-1,grafana,0.03,45.05
1789453477.599,research-api-users-service-1,users-service,73.46,14.8
1789453477.599,research-api-products-service-1,products-service,88.65,18.46
1789453477.599,research-api-monolith-partial-1,monolith-partial,148.02,21.62
1789453477.599,research-api-postgres-1,postgres,173.63,166.0
1789453477.599,research-api-prometheus-1,prometheus,0.0,35.03
1789453477.599,research-api-cadvisor-1,cadvisor,0.0,20.35
1789453482.608,research-api-nginx-1,nginx,169.84,22.3
1789453482.608,research-api-grafana-1,grafana,0.04,45.05
1789453482.608,research-api-users-service-1,users-service,70.08,15.58
1789453482.608,research-api-products-service-1,products-service,93.24,18.37
1789453482.608,research-api-monolith-partial-1,monolith-partial,125.78,20.5
1789453482.608,research-api-postgres-1,postgres,160.04,166.4
1789453482.608,research-api-prometheus-1,prometheus,0.27,35.04
1789453482.608,research-api-cadvisor-1,cadvisor,2.18,20.4
1789453487.592,research-api-nginx-1,nginx,157.75,20.93
1789453487.592,research-api-grafana-1,grafana,0.06,45.05
1789453487.592,research-api-users-service-1,users-service,59.98,16.29
1789453487.592,research-api-products-service-1,products-service,91.12,18.97
1789453487.592,research-api-monolith-partial-1,monolith-partial,140.2,21.81
1789453487.592,research-api-postgres-1,postgres,167.64,167.6
1789453487.592,research-api-prometheus-1,prometheus,0.0,35.04
1789453487.592,research-api-cadvisor-1,cadvisor,0.0,20.4
1789453492.621,research-api-nginx-1,nginx,175.36,21.89
1789453492.621,research-api-grafana-1,grafana,0.05,45.05
1789453492.621,research-api-users-service-1,users-service,78.23,15.56
1789453492.621,research-api-products-service-1,products-service,93.7,18.01
1789453492.621,research-api-monolith-partial-1,monolith-partial,134.93,20.49
1789453492.621,research-api-postgres-1,postgres,167.77,167.8
1789453492.621,research-api-prometheus-1,prometheus,0.33,35.04
1789453492.621,research-api-cadvisor-1,cadvisor,0.84,20.43
1789453497.575,research-api-nginx-1,nginx,171.57,21.65
1789453497.575,research-api-grafana-1,grafana,0.05,45.06
1789453497.575,research-api-users-service-1,users-service,74.69,15.96
1789453497.575,research-api-products-service-1,products-service,96.58,17.8
1789453497.575,research-api-monolith-partial-1,monolith-partial,135.01,21.43
1789453497.575,research-api-postgres-1,postgres,176.55,168.5
1789453497.575,research-api-prometheus-1,prometheus,0.0,35.04
1789453497.575,research-api-cadvisor-1,cadvisor,0.77,20.15
1789453502.606,research-api-nginx-1,nginx,165.98,21.76
1789453502.606,research-api-grafana-1,grafana,0.04,45.05
1789453502.606,research-api-users-service-1,users-service,72.98,15.19
1789453502.606,research-api-products-service-1,products-service,87.95,19.25
1789453502.606,research-api-monolith-partial-1,monolith-partial,132.44,22.03
1789453502.606,research-api-postgres-1,postgres,172.28,168.8
1789453502.606,research-api-prometheus-1,prometheus,0.34,35.04
1789453502.606,research-api-cadvisor-1,cadvisor,0.95,20.53
1789453507.62,research-api-nginx-1,nginx,161.83,21.42
1789453507.62,research-api-grafana-1,grafana,0.05,45.05
1789453507.62,research-api-users-service-1,users-service,76.25,15.33
1789453507.62,research-api-products-service-1,products-service,96.95,17.87
1789453507.62,research-api-monolith-partial-1,monolith-partial,131.31,22.0
1789453507.62,research-api-postgres-1,postgres,169.15,169.5
1789453507.62,research-api-prometheus-1,prometheus,0.0,35.04
1789453507.62,research-api-cadvisor-1,cadvisor,0.0,20.53
1789453512.595,research-api-nginx-1,nginx,171.98,22.02
1789453512.595,research-api-grafana-1,grafana,0.04,45.05
1789453512.595,research-api-users-service-1,users-service,71.61,15.14
1789453512.595,research-api-products-service-1,products-service,95.82,20.07
1789453512.595,research-api-monolith-partial-1,monolith-partial,142.0,21.25
1789453512.595,research-api-postgres-1,postgres,179.16,171.1
1789453512.595,research-api-prometheus-1,prometheus,0.35,35.04
1789453512.595,research-api-cadvisor-1,cadvisor,1.62,20.99
1789453517.611,research-api-nginx-1,nginx,169.57,21.36
1789453517.611,research-api-grafana-1,grafana,0.05,45.06
1789453517.611,research-api-users-service-1,users-service,74.39,14.38
1789453517.611,research-api-products-service-1,products-service,95.94,17.79
1789453517.611,research-api-monolith-partial-1,monolith-partial,146.73,20.12
1789453517.611,research-api-postgres-1,postgres,171.79,171.2
1789453517.611,research-api-prometheus-1,prometheus,0.0,35.04
1789453517.611,research-api-cadvisor-1,cadvisor,0.0,20.99
1789453522.615,research-api-nginx-1,nginx,163.36,21.91
1789453522.615,research-api-grafana-1,grafana,0.04,45.06
1789453522.615,research-api-users-service-1,users-service,74.18,14.67
1789453522.615,research-api-products-service-1,products-service,94.28,19.18
1789453522.615,research-api-monolith-partial-1,monolith-partial,145.22,22.14
1789453522.615,research-api-postgres-1,postgres,159.65,171.4
1789453522.615,research-api-prometheus-1,prometheus,0.34,35.05
1789453522.615,research-api-cadvisor-1,cadvisor,0.87,21.0
1789453527.676,research-api-nginx-1,nginx,162.58,21.86
1789453527.676,research-api-grafana-1,grafana,0.04,45.06
1789453527.676,research-api-users-service-1,users-service,70.66,14.97
1789453527.676,research-api-products-service-1,products-service,83.58,18.57
1789453527.676,research-api-monolith-partial-1,monolith-partial,134.46,21.75
1789453527.676,research-api-postgres-1,postgres,195.65,172.9
1789453527.676,research-api-prometheus-1,prometheus,0.0,35.05
1789453527.676,research-api-cadvisor-1,cadvisor,1.0,21.0
1789453532.594,research-api-nginx-1,nginx,166.39,22.11
1789453532.594,research-api-grafana-1,grafana,0.05,45.06
1789453532.594,research-api-users-service-1,users-service,73.37,16.5
1789453532.594,research-api-products-service-1,products-service,87.06,17.65
1789453532.594,research-api-monolith-partial-1,monolith-partial,138.34,21.52
1789453532.594,research-api-postgres-1,postgres,169.08,173.3
1789453532.594,research-api-prometheus-1,prometheus,0.3,35.06
1789453532.594,research-api-cadvisor-1,cadvisor,0.92,21.0
1789453537.616,research-api-nginx-1,nginx,169.54,21.14
1789453537.616,research-api-grafana-1,grafana,0.04,45.06
1789453537.616,research-api-users-service-1,users-service,73.59,15.38
1789453537.616,research-api-products-service-1,products-service,93.17,18.16
1789453537.616,research-api-monolith-partial-1,monolith-partial,137.47,20.39
1789453537.616,research-api-postgres-1,postgres,163.61,173.8
1789453537.616,research-api-prometheus-1,prometheus,0.0,35.05
1789453537.616,research-api-cadvisor-1,cadvisor,0.0,21.0
1789453542.59,research-api-nginx-1,nginx,165.04,21.56
1789453542.59,research-api-grafana-1,grafana,0.03,45.06
1789453542.59,research-api-users-service-1,users-service,78.95,15.08
1789453542.59,research-api-products-service-1,products-service,93.5,19.14
1789453542.59,research-api-monolith-partial-1,monolith-partial,145.14,22.3
1789453542.59,research-api-postgres-1,postgres,169.38,174.4
1789453542.59,research-api-prometheus-1,prometheus,0.32,35.05
1789453542.59,research-api-cadvisor-1,cadvisor,1.88,21.85
1789453547.65,research-api-nginx-1,nginx,162.17,20.53
1789453547.65,research-api-grafana-1,grafana,0.05,45.06
1789453547.65,research-api-users-service-1,users-service,69.6,15.21
1789453547.65,research-api-products-service-1,products-service,94.37,18.79
1789453547.65,research-api-monolith-partial-1,monolith-partial,141.83,20.54
1789453547.65,research-api-postgres-1,postgres,169.24,175.0
1789453547.65,research-api-prometheus-1,prometheus,0.0,35.05
1789453547.65,research-api-cadvisor-1,cadvisor,0.0,21.85
1789453552.664,research-api-nginx-1,nginx,169.74,21.48
1789453552.664,research-api-grafana-1,grafana,0.05,45.06
1789453552.664,research-api-users-service-1,users-service,79.88,15.01
1789453552.664,research-api-products-service-1,products-service,93.26,18.15
1789453552.664,research-api-monolith-partial-1,monolith-partial,147.99,20.42
1789453552.664,research-api-postgres-1,postgres,172.1,175.8
1789453552.664,research-api-prometheus-1,prometheus,0.32,35.05
1789453552.664,research-api-cadvisor-1,cadvisor,0.92,22.01
1789453557.574,research-api-nginx-1,nginx,158.39,21.17
1789453557.574,research-api-grafana-1,grafana,0.04,45.06
1789453557.574,research-api-users-service-1,users-service,64.79,14.7
1789453557.574,research-api-products-service-1,products-service,86.19,18.44
1789453557.574,research-api-monolith-partial-1,monolith-partial,131.66,20.08
1789453557.574,research-api-postgres-1,postgres,149.63,176.6
1789453557.574,research-api-prometheus-1,prometheus,0.0,35.05
1789453557.574,research-api-cadvisor-1,cadvisor,1.23,19.54
1789453562.595,research-api-nginx-1,nginx,138.15,21.18
1789453562.595,research-api-grafana-1,grafana,0.07,45.06
1789453562.595,research-api-users-service-1,users-service,57.4,14.81
1789453562.595,research-api-products-service-1,products-service,76.58,17.23
1789453562.595,research-api-monolith-partial-1,monolith-partial,107.75,20.0
1789453562.595,research-api-postgres-1,postgres,124.17,177.4
1789453562.595,research-api-prometheus-1,prometheus,0.36,35.05
1789453562.595,research-api-cadvisor-1,cadvisor,0.95,20.27
1789453567.541,research-api-nginx-1,nginx,104.16,19.97
1789453567.541,research-api-grafana-1,grafana,0.04,45.06
1789453567.541,research-api-users-service-1,users-service,50.76,14.5
1789453567.541,research-api-products-service-1,products-service,53.53,16.99
1789453567.541,research-api-monolith-partial-1,monolith-partial,91.84,19.44
1789453567.541,research-api-postgres-1,postgres,93.75,177.5
1789453567.541,research-api-prometheus-1,prometheus,0.0,35.05
1789453567.541,research-api-cadvisor-1,cadvisor,0.28,20.27
1789453572.435,research-api-nginx-1,nginx,48.92,21.03
1789453572.435,research-api-grafana-1,grafana,0.03,45.06
1789453572.435,research-api-users-service-1,users-service,25.22,14.71
1789453572.435,research-api-products-service-1,products-service,32.79,18.09
1789453572.435,research-api-monolith-partial-1,monolith-partial,45.27,19.76
1789453572.435,research-api-postgres-1,postgres,46.02,177.6
1789453572.435,research-api-prometheus-1,prometheus,1.13,35.17
1789453572.435,research-api-cadvisor-1,cadvisor,1.45,19.07
1789453577.436,research-api-nginx-1,nginx,23.53,21.27
1789453577.436,research-api-grafana-1,grafana,0.05,45.06
1789453577.436,research-api-users-service-1,users-service,11.37,14.31
1789453577.436,research-api-products-service-1,products-service,14.14,16.96
1789453577.436,research-api-monolith-partial-1,monolith-partial,25.22,19.08
1789453577.436,research-api-postgres-1,postgres,25.41,177.2
1789453577.436,research-api-prometheus-1,prometheus,0.0,35.16
1789453577.436,research-api-cadvisor-1,cadvisor,0.0,19.07
1789453582.462,research-api-nginx-1,nginx,3.26,17.18
1789453582.462,research-api-grafana-1,grafana,0.06,45.06
1789453582.462,research-api-users-service-1,users-service,0.0,13.72
1789453582.462,research-api-products-service-1,products-service,0.44,16.43
1789453582.462,research-api-monolith-partial-1,monolith-partial,0.0,18.71
1789453582.462,research-api-postgres-1,postgres,0.21,175.7
1789453582.462,research-api-prometheus-1,prometheus,1.45,35.7
1789453582.462,research-api-cadvisor-1,cadvisor,1.24,20.06
