timestamp,container,service,cpu_percent,memory_mb
1790052307.545,research-api-nginx-1,nginx,2.44,13.53
1790052307.545,research-api-orders-service-1,orders-service,2.51,8.074
1790052307.545,research-api-grafana-1,grafana,0.04,47.16
1790052307.545,research-api-products-service-1,products-service,1.75,7.688
1790052307.545,research-api-inventory-service-1,inventory-service,0.27,6.023
1790052307.545,research-api-users-service-1,users-service,1.96,7.215
1790052307.545,research-api-postgres-1,postgres,6.76,37.25
1790052307.545,research-api-prometheus-1,prometheus,0.05,30.02
1790052307.545,research-api-cadvisor-1,cadvisor,0.0,17.24
1790052312.529,research-api-nginx-1,nginx,7.61,14.15
1790052312.529,research-api-orders-service-1,orders-service,10.68,9.957
1790052312.529,research-api-grafana-1,grafana,0.49,47.24
1790052312.529,research-api-products-service-1,products-service,5.17,8.633
1790052312.529,research-api-inventory-service-1,inventory-service,1.91,8.262
1790052312.529,research-api-users-service-1,users-service,5.84,7.316
1790052312.529,research-api-postgres-1,postgres,11.71,42.88
1790052312.529,research-api-prometheus-1,prometheus,0.21,30.46
1790052312.529,research-api-cadvisor-1,cadvisor,1.08,17.25
1790052317.518,research-api-nginx-1,nginx,11.19,14.99
1790052317.518,research-api-orders-service-1,orders-service,16.25,10.61
1790052317.518,research-api-grafana-1,grafana,0.06,47.24
1790052317.518,research-api-products-service-1,products-service,9.63,8.465
1790052317.518,research-api-inventory-service-1,inventory-service,2.58,8.059
1790052317.518,research-api-users-service-1,users-service,8.51,9.758
1790052317.518,research-api-postgres-1,postgres,14.25,50.83
1790052317.518,research-api-prometheus-1,prometheus,0.05,30.72
1790052317.518,research-api-cadvisor-1,cadvisor,0.0,17.96
1790052322.535,research-api-nginx-1,nginx,14.61,14.32
1790052322.535,research-api-orders-service-1,orders-service,18.58,9.891
1790052322.535,research-api-grafana-1,grafana,0.45,47.3
1790052322.535,research-api-products-service-1,products-service,13.24,9.383
1790052322.535,research-api-inventory-service-1,inventory-service,3.32,9.449
1790052322.535,research-api-users-service-1,users-service,12.03,8.625
1790052322.535,research-api-postgres-1,postgres,17.6,52.1
1790052322.535,research-api-prometheus-1,prometheus,0.18,31.9
1790052322.535,research-api-cadvisor-1,cadvisor,0.02,17.96
1790052327.514,research-api-nginx-1,nginx,17.29,16.19
1790052327.514,research-api-orders-service-1,orders-service,23.1,9.887
1790052327.514,research-api-grafana-1,grafana,0.07,47.3
1790052327.514,research-api-products-service-1,products-service,13.7,10.74
1790052327.514,research-api-inventory-service-1,inventory-service,3.39,9.477
1790052327.514,research-api-users-service-1,users-service,14.15,10.65
1790052327.514,research-api-postgres-1,postgres,15.92,57.73
1790052327.514,research-api-prometheus-1,prometheus,0.05,32.05
1790052327.514,research-api-cadvisor-1,cadvisor,0.0,18.57
1790052332.508,research-api-nginx-1,nginx,20.12,13.97
1790052332.508,research-api-orders-service-1,orders-service,28.79,11.2
1790052332.508,research-api-grafana-1,grafana,0.44,47.38
1790052332.508,research-api-products-service-1,products-service,15.65,10.61
1790052332.508,research-api-inventory-service-1,inventory-service,5.8,8.598
1790052332.508,research-api-users-service-1,users-service,15.7,10.41
1790052332.508,research-api-postgres-1,postgres,29.44,69.72
1790052332.508,research-api-prometheus-1,prometheus,0.15,32.36
1790052332.508,research-api-cadvisor-1,cadvisor,0.02,18.64
1790052337.52,research-api-nginx-1,nginx,22.79,15.52
1790052337.52,research-api-orders-service-1,orders-service,31.98,12.14
1790052337.52,research-api-grafana-1,grafana,0.04,47.38
1790052337.52,research-api-products-service-1,products-service,20.22,9.961
1790052337.52,research-api-inventory-service-1,inventory-service,4.65,8.746
1790052337.52,research-api-users-service-1,users-service,19.35,10.42
1790052337.52,research-api-postgres-1,postgres,26.67,71.6
1790052337.52,research-api-prometheus-1,prometheus,0.03,32.39
1790052337.52,research-api-cadvisor-1,cadvisor,0.0,18.41
1790052342.532,research-api-nginx-1,nginx,21.64,14.67
1790052342.532,research-api-orders-service-1,orders-service,26.6,12.88
1790052342.532,research-api-grafana-1,grafana,1.57,47.87
1790052342.532,research-api-products-service-1,products-service,18.01,10.22
1790052342.532,research-api-inventory-service-1,inventory-service,4.96,8.652
1790052342.532,research-api-users-service-1,users-service,18.62,11.29
1790052342.532,research-api-postgres-1,postgres,24.82,76.55
1790052342.532,research-api-prometheus-1,prometheus,4.04,33.24
1790052342.532,research-api-cadvisor-1,cadvisor,2.21,18.54
1790052347.508,research-api-nginx-1,nginx,23.6,16.14
1790052347.508,research-api-orders-service-1,orders-service,37.25,12.34
1790052347.508,research-api-grafana-1,grafana,0.05,47.87
1790052347.508,research-api-products-service-1,products-service,19.8,11.74
1790052347.508,research-api-inventory-service-1,inventory-service,4.14,9.297
1790052347.508,research-api-users-service-1,users-service,18.91,11.81
1790052347.508,research-api-postgres-1,postgres,24.99,76.32
1790052347.508,research-api-prometheus-1,prometheus,0.03,33.37
1790052347.508,research-api-cadvisor-1,cadvisor,0.0,19.41
1790052352.51,research-api-nginx-1,nginx,26.64,15.93
1790052352.51,research-api-orders-service-1,orders-service,38.51,14.05
1790052352.51,research-api-grafana-1,grafana,0.44,47.96
1790052352.51,research-api-products-service-1,products-service,22.84,11.34
1790052352.51,research-api-inventory-service-1,inventory-service,3.88,9.613
1790052352.51,research-api-users-service-1,users-service,20.65,11.4
1790052352.51,research-api-postgres-1,postgres,25.96,78.92
1790052352.51,research-api-prometheus-1,prometheus,0.18,34.16
1790052352.51,research-api-cadvisor-1,cadvisor,0.02,19.42
1790052357.51,research-api-nginx-1,nginx,26.75,16.83
1790052357.51,research-api-orders-service-1,orders-service,34.59,13.65
1790052357.51,research-api-grafana-1,grafana,0.07,47.96
1790052357.51,research-api-products-service-1,products-service,16.92,11.1
1790052357.51,research-api-inventory-service-1,inventory-service,5.78,8.895
1790052357.51,research-api-users-service-1,users-service,19.24,11.31
1790052357.51,research-api-postgres-1,postgres,24.3,78.7
1790052357.51,research-api-prometheus-1,prometheus,0.05,34.17
1790052357.51,research-api-cadvisor-1,cadvisor,0.0,18.69
1790052362.514,research-api-nginx-1,nginx,21.57,16.12
1790052362.514,research-api-orders-service-1,orders-service,36.23,13.97
1790052362.514,research-api-grafana-1,grafana,0.38,48.04
1790052362.514,research-api-products-service-1,products-service,19.3,12.07
1790052362.514,research-api-inventory-service-1,inventory-service,5.73,9.047
1790052362.514,research-api-users-service-1,users-service,19.01,11.02
1790052362.514,research-api-postgres-1,postgres,24.8,78.76
1790052362.514,research-api-prometheus-1,prometheus,0.18,34.29
1790052362.514,research-api-cadvisor-1,cadvisor,0.02,18.69
1790052367.512,research-api-nginx-1,nginx,22.35,16.57
1790052367.512,research-api-orders-service-1,orders-service,31.41,13.47
1790052367.512,research-api-grafana-1,grafana,0.05,48.04
1790052367.512,research-api-products-service-1,products-service,19.14,11.85
1790052367.512,research-api-inventory-service-1,inventory-service,5.36,9.18
1790052367.512,research-api-users-service-1,users-service,17.3,10.49
1790052367.512,research-api-postgres-1,postgres,20.34,77.84
1790052367.512,research-api-prometheus-1,prometheus,0.03,34.32
1790052367.512,research-api-cadvisor-1,cadvisor,0.0,18.78
1790052372.529,research-api-nginx-1,nginx,26.68,15.86
1790052372.529,research-api-orders-service-1,orders-service,41.41,13.36
1790052372.529,research-api-grafana-1,grafana,0.76,48.11
1790052372.529,research-api-products-service-1,products-service,19.82,11.67
1790052372.529,research-api-inventory-service-1,inventory-service,6.95,9.629
1790052372.529,research-api-users-service-1,users-service,22.21,11.25
1790052372.529,research-api-postgres-1,postgres,26.14,80.23
1790052372.529,research-api-prometheus-1,prometheus,0.2,35.11
1790052372.529,research-api-cadvisor-1,cadvisor,0.74,18.78
1790052377.562,research-api-nginx-1,nginx,28.0,15.82
1790052377.562,research-api-orders-service-1,orders-service,37.2,13.0
1790052377.562,research-api-grafana-1,grafana,0.09,48.11
1790052377.562,research-api-products-service-1,products-service,23.45,11.48
1790052377.562,research-api-inventory-service-1,inventory-service,4.88,9.41
1790052377.562,research-api-users-service-1,users-service,22.26,10.39
1790052377.562,research-api-postgres-1,postgres,23.55,81.15
1790052377.562,research-api-prometheus-1,prometheus,0.03,35.13
1790052377.562,research-api-cadvisor-1,cadvisor,0.41,18.8
1790052382.567,research-api-nginx-1,nginx,20.39,17.69
1790052382.567,research-api-orders-service-1,orders-service,32.39,14.42
1790052382.567,research-api-grafana-1,grafana,0.77,48.21
1790052382.567,research-api-products-service-1,products-service,17.87,11.23
1790052382.567,research-api-inventory-service-1,inventory-service,3.55,9.777
1790052382.567,research-api-users-service-1,users-service,18.85,10.52
1790052382.567,research-api-postgres-1,postgres,21.44,83.64
1790052382.567,research-api-prometheus-1,prometheus,0.16,35.89
1790052382.567,research-api-cadvisor-1,cadvisor,0.04,18.8
1790052387.562,research-api-nginx-1,nginx,24.97,17.53
1790052387.562,research-api-orders-service-1,orders-service,32.48,13.65
1790052387.562,research-api-grafana-1,grafana,0.06,48.21
1790052387.562,research-api-products-service-1,products-service,22.19,12.31
1790052387.562,research-api-inventory-service-1,inventory-service,4.19,9.312
1790052387.562,research-api-users-service-1,users-service,18.84,12.07
1790052387.562,research-api-postgres-1,postgres,21.54,84.43
1790052387.562,research-api-prometheus-1,prometheus,0.04,35.9
1790052387.562,research-api-cadvisor-1,cadvisor,0.0,19.16
1790052392.549,research-api-nginx-1,nginx,25.89,16.68
1790052392.549,research-api-orders-service-1,orders-service,33.68,14.58
1790052392.549,research-api-grafana-1,grafana,0.53,48.56
1790052392.549,research-api-products-service-1,products-service,20.76,11.51
1790052392.549,research-api-inventory-service-1,inventory-service,5.94,9.57
1790052392.549,research-api-users-service-1,users-service,19.24,11.84
1790052392.549,research-api-postgres-1,postgres,22.44,84.57
1790052392.549,research-api-prometheus-1,prometheus,0.26,35.98
1790052392.549,research-api-cadvisor-1,cadvisor,0.02,19.16
1790052397.544,research-api-nginx-1,nginx,27.58,17.41
1790052397.544,research-api-orders-service-1,orders-service,40.31,14.27
1790052397.544,research-api-grafana-1,grafana,0.05,48.57
1790052397.544,research-api-products-service-1,products-service,23.71,13.29
1790052397.544,research-api-inventory-service-1,inventory-service,5.24,9.441
1790052397.544,research-api-users-service-1,users-service,22.56,12.1
1790052397.544,research-api-postgres-1,postgres,25.45,86.54
1790052397.544,research-api-prometheus-1,prometheus,0.03,36.04
1790052397.544,research-api-cadvisor-1,cadvisor,0.0,19.46
1790052402.556,research-api-nginx-1,nginx,25.34,17.26
1790052402.556,research-api-orders-service-1,orders-service,33.44,15.25
1790052402.556,research-api-grafana-1,grafana,1.56,49.18
1790052402.556,research-api-products-service-1,products-service,20.54,12.18
1790052402.556,research-api-inventory-service-1,inventory-service,4.82,10.8
1790052402.556,research-api-users-service-1,users-service,19.56,11.54
1790052402.556,research-api-postgres-1,postgres,21.64,86.48
1790052402.556,research-api-prometheus-1,prometheus,0.42,36.12
1790052402.556,research-api-cadvisor-1,cadvisor,2.16,19.65
1790052407.532,research-api-nginx-1,nginx,20.35,17.16
1790052407.532,research-api-orders-service-1,orders-service,31.26,14.67
1790052407.532,research-api-grafana-1,grafana,0.04,49.31
1790052407.532,research-api-products-service-1,products-service,17.83,11.79
1790052407.532,research-api-inventory-service-1,inventory-service,5.57,9.184
1790052407.532,research-api-users-service-1,users-service,17.1,12.22
1790052407.532,research-api-postgres-1,postgres,20.5,86.62
1790052407.532,research-api-prometheus-1,prometheus,0.02,36.12
1790052407.532,research-api-cadvisor-1,cadvisor,0.0,19.83
1790052412.524,research-api-nginx-1,nginx,22.5,17.88
1790052412.524,research-api-orders-service-1,orders-service,32.3,15.02
1790052412.524,research-api-grafana-1,grafana,0.38,49.34
1790052412.524,research-api-products-service-1,products-service,19.68,12.33
1790052412.524,research-api-inventory-service-1,inventory-service,5.2,9.922
1790052412.524,research-api-users-service-1,users-service,17.38,10.91
1790052412.524,research-api-postgres-1,postgres,20.5,91.26
1790052412.524,research-api-prometheus-1,prometheus,0.0,36.14
1790052412.524,research-api-cadvisor-1,cadvisor,0.07,18.63
1790052417.529,research-api-nginx-1,nginx,25.15,16.3
1790052417.529,research-api-orders-service-1,orders-service,33.34,15.25
1790052417.529,research-api-grafana-1,grafana,0.09,49.34
1790052417.529,research-api-products-service-1,products-service,16.38,12.25
1790052417.529,research-api-inventory-service-1,inventory-service,4.54,10.46
1790052417.529,research-api-users-service-1,users-service,17.99,11.46
1790052417.529,research-api-postgres-1,postgres,22.06,90.68
1790052417.529,research-api-prometheus-1,prometheus,0.03,36.15
1790052417.529,research-api-cadvisor-1,cadvisor,0.0,19.27
1790052422.524,research-api-nginx-1,nginx,22.98,17.16
1790052422.524,research-api-orders-service-1,orders-service,29.82,14.25
1790052422.524,research-api-grafana-1,grafana,0.51,49.34
1790052422.524,research-api-products-service-1,products-service,18.7,12.92
1790052422.524,research-api-inventory-service-1,inventory-service,5.52,9.945
1790052422.524,research-api-users-service-1,users-service,19.15,11.68
1790052422.524,research-api-postgres-1,postgres,21.01,91.51
1790052422.524,research-api-prometheus-1,prometheus,0.16,36.21
1790052422.524,research-api-cadvisor-1,cadvisor,0.01,19.27
1790052427.516,research-api-nginx-1,nginx,19.81,17.18
1790052427.516,research-api-orders-service-1,orders-service,25.61,15.79
1790052427.516,research-api-grafana-1,grafana,0.04,49.34
1790052427.516,research-api-products-service-1,products-service,16.85,12.5
1790052427.516,research-api-inventory-service-1,inventory-service,5.8,9.922
1790052427.516,research-api-users-service-1,users-service,15.55,12.2
1790052427.516,research-api-postgres-1,postgres,18.55,91.23
1790052427.516,research-api-prometheus-1,prometheus,0.04,36.21
1790052427.516,research-api-cadvisor-1,cadvisor,0.0,18.37
1790052432.513,research-api-nginx-1,nginx,23.97,17.84
1790052432.513,research-api-orders-service-1,orders-service,42.62,15.14
1790052432.513,research-api-grafana-1,grafana,0.42,49.37
1790052432.513,research-api-products-service-1,products-service,18.64,13.02
1790052432.513,research-api-inventory-service-1,inventory-service,4.86,9.703
1790052432.513,research-api-users-service-1,users-service,19.77,11.93
1790052432.513,research-api-postgres-1,postgres,22.82,91.48
1790052432.513,research-api-prometheus-1,prometheus,0.17,36.36
1790052432.513,research-api-cadvisor-1,cadvisor,0.0,18.37
1790052437.536,research-api-nginx-1,nginx,24.74,16.98
1790052437.536,research-api-orders-service-1,orders-service,36.75,15.08
1790052437.536,research-api-grafana-1,grafana,0.06,49.37
1790052437.536,research-api-products-service-1,products-service,20.96,12.53
1790052437.536,research-api-inventory-service-1,inventory-service,5.46,9.289
1790052437.536,research-api-users-service-1,users-service,20.45,11.86
1790052437.536,research-api-postgres-1,postgres,22.01,91.35
1790052437.536,research-api-prometheus-1,prometheus,0.03,36.37
1790052437.536,research-api-cadvisor-1,cadvisor,0.0,18.59
1790052442.533,research-api-nginx-1,nginx,22.96,16.18
1790052442.533,research-api-orders-service-1,orders-service,34.32,15.45
1790052442.533,research-api-grafana-1,grafana,0.34,49.39
1790052442.533,research-api-products-service-1,products-service,22.09,14.03
1790052442.533,research-api-inventory-service-1,inventory-service,5.92,9.621
1790052442.533,research-api-users-service-1,users-service,18.72,11.67
1790052442.533,research-api-postgres-1,postgres,20.9,90.14
1790052442.533,research-api-prometheus-1,prometheus,0.18,36.48
1790052442.533,research-api-cadvisor-1,cadvisor,0.0,18.59
1790052447.569,research-api-nginx-1,nginx,27.89,17.41
1790052447.569,research-api-orders-service-1,orders-service,35.43,15.02
1790052447.569,research-api-grafana-1,grafana,0.08,49.39
1790052447.569,research-api-products-service-1,products-service,21.6,12.46
1790052447.569,research-api-inventory-service-1,inventory-service,6.24,10.7
1790052447.569,research-api-users-service-1,users-service,20.63,12.53
1790052447.569,research-api-postgres-1,postgres,24.93,91.36
1790052447.569,research-api-prometheus-1,prometheus,0.03,36.48
1790052447.569,research-api-cadvisor-1,cadvisor,0.0,19.4
1790052452.568,research-api-nginx-1,nginx,24.27,17.55
1790052452.568,research-api-orders-service-1,orders-service,26.9,15.44
1790052452.568,research-api-grafana-1,grafana,0.49,49.39
1790052452.568,research-api-products-service-1,products-service,18.8,14.15
1790052452.568,research-api-inventory-service-1,inventory-service,6.08,10.22
1790052452.568,research-api-users-service-1,users-service,17.54,11.8
1790052452.568,research-api-postgres-1,postgres,19.13,90.59
1790052452.568,research-api-prometheus-1,prometheus,0.15,36.59
1790052452.568,research-api-cadvisor-1,cadvisor,0.31,19.4
1790052457.543,research-api-nginx-1,nginx,25.93,17.32
1790052457.543,research-api-orders-service-1,orders-service,36.67,14.64
1790052457.543,research-api-grafana-1,grafana,0.04,49.39
1790052457.543,research-api-products-service-1,products-service,21.07,14.04
1790052457.543,research-api-inventory-service-1,inventory-service,4.84,9.062
1790052457.543,research-api-users-service-1,users-service,20.53,10.68
1790052457.543,research-api-postgres-1,postgres,24.06,90.8
1790052457.543,research-api-prometheus-1,prometheus,0.03,36.59
1790052457.543,research-api-cadvisor-1,cadvisor,0.0,19.47
1790052462.53,research-api-nginx-1,nginx,20.07,16.63
1790052462.53,research-api-orders-service-1,orders-service,32.89,15.41
1790052462.53,research-api-grafana-1,grafana,1.27,49.61
1790052462.53,research-api-products-service-1,products-service,18.84,12.78
1790052462.53,research-api-inventory-service-1,inventory-service,4.45,11.32
1790052462.53,research-api-users-service-1,users-service,16.52,12.76
1790052462.53,research-api-postgres-1,postgres,21.22,91.6
1790052462.53,research-api-prometheus-1,prometheus,0.3,36.77
1790052462.53,research-api-cadvisor-1,cadvisor,2.96,20.28
1790052467.532,research-api-nginx-1,nginx,24.02,15.92
1790052467.532,research-api-orders-service-1,orders-service,32.11,16.64
1790052467.532,research-api-grafana-1,grafana,0.04,49.61
1790052467.532,research-api-products-service-1,products-service,17.84,13.84
1790052467.532,research-api-inventory-service-1,inventory-service,4.94,9.695
1790052467.532,research-api-users-service-1,users-service,18.35,12.04
1790052467.532,research-api-postgres-1,postgres,23.03,93.19
1790052467.532,research-api-prometheus-1,prometheus,0.03,36.85
1790052467.532,research-api-cadvisor-1,cadvisor,0.0,20.3
1790052472.519,research-api-nginx-1,nginx,23.85,17.07
1790052472.519,research-api-orders-service-1,orders-service,33.21,14.26
1790052472.519,research-api-grafana-1,grafana,0.43,49.62
1790052472.519,research-api-products-service-1,products-service,19.72,11.98
1790052472.519,research-api-inventory-service-1,inventory-service,5.66,9.863
1790052472.519,research-api-users-service-1,users-service,18.2,12.8
1790052472.519,research-api-postgres-1,postgres,21.63,93.14
1790052472.519,research-api-prometheus-1,prometheus,0.18,36.88
1790052472.519,research-api-cadvisor-1,cadvisor,0.01,20.3
1790052477.535,research-api-nginx-1,nginx,23.15,16.48
1790052477.535,research-api-orders-service-1,orders-service,34.57,14.66
1790052477.535,research-api-grafana-1,grafana,0.07,49.62
1790052477.535,research-api-products-service-1,products-service,19.2,13.18
1790052477.535,research-api-inventory-service-1,inventory-service,4.25,9.457
1790052477.535,research-api-users-service-1,users-service,18.51,12.53
1790052477.535,research-api-postgres-1,postgres,21.85,93.29
1790052477.535,research-api-prometheus-1,prometheus,0.02,36.89
1790052477.535,research-api-cadvisor-1,cadvisor,0.0,19.96
1790052482.536,research-api-nginx-1,nginx,28.11,16.64
1790052482.536,research-api-orders-service-1,orders-service,36.58,15.08
1790052482.536,research-api-grafana-1,grafana,0.57,49.67
1790052482.536,research-api-products-service-1,products-service,21.98,12.54
1790052482.536,research-api-inventory-service-1,inventory-service,5.88,9.711
1790052482.536,research-api-users-service-1,users-service,21.51,11.78
1790052482.536,research-api-postgres-1,postgres,24.52,93.55
1790052482.536,research-api-prometheus-1,prometheus,0.16,36.94
1790052482.536,research-api-cadvisor-1,cadvisor,0.02,19.97
1790052487.528,research-api-nginx-1,nginx,24.93,16.55
1790052487.528,research-api-orders-service-1,orders-service,24.96,14.67
1790052487.528,research-api-grafana-1,grafana,0.04,49.67
1790052487.528,research-api-products-service-1,products-service,22.15,12.05
1790052487.528,research-api-inventory-service-1,inventory-service,5.78,9.504
1790052487.528,research-api-users-service-1,users-service,19.08,12.19
1790052487.528,research-api-postgres-1,postgres,23.38,94.41
1790052487.528,research-api-prometheus-1,prometheus,0.03,36.94
1790052487.528,research-api-cadvisor-1,cadvisor,0.0,19.98
1790052492.587,research-api-nginx-1,nginx,20.83,17.34
1790052492.587,research-api-orders-service-1,orders-service,28.22,14.33
1790052492.587,research-api-grafana-1,grafana,0.47,49.71
1790052492.587,research-api-products-service-1,products-service,18.43,13.09
1790052492.587,research-api-inventory-service-1,inventory-service,5.2,10.51
1790052492.587,research-api-users-service-1,users-service,17.51,11.62
1790052492.587,research-api-postgres-1,postgres,19.35,94.3
1790052492.587,research-api-prometheus-1,prometheus,0.18,36.95
1790052492.587,research-api-cadvisor-1,cadvisor,1.2,19.98
1790052497.566,research-api-nginx-1,nginx,27.71,17.21
1790052497.566,research-api-orders-service-1,orders-service,42.79,15.31
1790052497.566,research-api-grafana-1,grafana,0.05,49.71
1790052497.566,research-api-products-service-1,products-service,21.38,13.79
1790052497.566,research-api-inventory-service-1,inventory-service,4.96,9.887
1790052497.566,research-api-users-service-1,users-service,22.22,11.27
1790052497.566,research-api-postgres-1,postgres,24.97,93.58
1790052497.566,research-api-prometheus-1,prometheus,0.03,36.99
1790052497.566,research-api-cadvisor-1,cadvisor,0.0,20.36
1790052502.54,research-api-nginx-1,nginx,22.07,17.3
1790052502.54,research-api-orders-service-1,orders-service,26.39,15.68
1790052502.54,research-api-grafana-1,grafana,0.43,49.77
1790052502.54,research-api-products-service-1,products-service,17.29,14.87
1790052502.54,research-api-inventory-service-1,inventory-service,5.06,10.21
1790052502.54,research-api-users-service-1,users-service,16.06,11.81
1790052502.54,research-api-postgres-1,postgres,19.67,94.52
1790052502.54,research-api-prometheus-1,prometheus,0.19,37.01
1790052502.54,research-api-cadvisor-1,cadvisor,0.02,20.37
1790052507.552,research-api-nginx-1,nginx,27.65,17.27
1790052507.552,research-api-orders-service-1,orders-service,42.59,16.77
1790052507.552,research-api-grafana-1,grafana,0.09,49.77
1790052507.552,research-api-products-service-1,products-service,23.48,14.34
1790052507.552,research-api-inventory-service-1,inventory-service,6.12,10.53
1790052507.552,research-api-users-service-1,users-service,21.61,10.9
1790052507.552,research-api-postgres-1,postgres,25.35,100.5
1790052507.552,research-api-prometheus-1,prometheus,0.03,37.01
1790052507.552,research-api-cadvisor-1,cadvisor,0.0,21.07
1790052512.555,research-api-nginx-1,nginx,25.45,17.26
1790052512.555,research-api-orders-service-1,orders-service,27.78,16.21
1790052512.555,research-api-grafana-1,grafana,0.47,49.78
1790052512.555,research-api-products-service-1,products-service,19.36,14.85
1790052512.555,research-api-inventory-service-1,inventory-service,6.73,10.49
1790052512.555,research-api-users-service-1,users-service,17.52,11.69
1790052512.555,research-api-postgres-1,postgres,23.72,101.6
1790052512.555,research-api-prometheus-1,prometheus,0.19,37.07
1790052512.555,research-api-cadvisor-1,cadvisor,0.03,21.07
1790052517.547,research-api-nginx-1,nginx,21.9,17.32
1790052517.547,research-api-orders-service-1,orders-service,36.02,15.29
1790052517.547,research-api-grafana-1,grafana,0.05,49.78
1790052517.547,research-api-products-service-1,products-service,19.92,15.02
1790052517.547,research-api-inventory-service-1,inventory-service,4.55,9.848
1790052517.547,research-api-users-service-1,users-service,17.32,12.48
1790052517.547,research-api-postgres-1,postgres,20.21,101.4
1790052517.547,research-api-prometheus-1,prometheus,0.03,37.07
1790052517.547,research-api-cadvisor-1,cadvisor,0.31,21.07
1790052522.536,research-api-nginx-1,nginx,19.03,17.64
1790052522.536,research-api-orders-service-1,orders-service,31.32,15.75
1790052522.536,research-api-grafana-1,grafana,1.41,49.8
1790052522.536,research-api-products-service-1,products-service,16.88,14.04
1790052522.536,research-api-inventory-service-1,inventory-service,5.22,11.55
1790052522.536,research-api-users-service-1,users-service,16.29,11.11
1790052522.536,research-api-postgres-1,postgres,19.85,101.5
1790052522.536,research-api-prometheus-1,prometheus,0.35,37.07
1790052522.536,research-api-cadvisor-1,cadvisor,2.36,21.09
1790052527.528,research-api-nginx-1,nginx,18.87,17.4
1790052527.528,research-api-orders-service-1,orders-service,31.22,14.86
1790052527.528,research-api-grafana-1,grafana,0.04,45.57
1790052527.528,research-api-products-service-1,products-service,16.88,15.19
1790052527.528,research-api-inventory-service-1,inventory-service,4.24,10.97
1790052527.528,research-api-users-service-1,users-service,14.38,12.95
1790052527.528,research-api-postgres-1,postgres,20.39,101.1
1790052527.528,research-api-prometheus-1,prometheus,0.03,37.2
1790052527.528,research-api-cadvisor-1,cadvisor,0.0,21.43
1790052532.54,research-api-nginx-1,nginx,26.94,17.07
1790052532.54,research-api-orders-service-1,orders-service,34.72,15.39
1790052532.54,research-api-grafana-1,grafana,0.62,45.58
1790052532.54,research-api-products-service-1,products-service,22.35,15.57
1790052532.54,research-api-inventory-service-1,inventory-service,7.06,10.05
1790052532.54,research-api-users-service-1,users-service,21.97,11.79
1790052532.54,research-api-postgres-1,postgres,25.18,101.4
1790052532.54,research-api-prometheus-1,prometheus,0.2,37.2
1790052532.54,research-api-cadvisor-1,cadvisor,0.27,21.43
1790052537.54,research-api-nginx-1,nginx,23.97,16.93
1790052537.54,research-api-orders-service-1,orders-service,32.91,16.61
1790052537.54,research-api-grafana-1,grafana,0.04,45.58
1790052537.54,research-api-products-service-1,products-service,21.38,15.45
1790052537.54,research-api-inventory-service-1,inventory-service,5.37,9.711
1790052537.54,research-api-users-service-1,users-service,18.49,13.27
1790052537.54,research-api-postgres-1,postgres,22.42,101.0
1790052537.54,research-api-prometheus-1,prometheus,0.03,37.2
1790052537.54,research-api-cadvisor-1,cadvisor,0.0,22.46
1790052542.535,research-api-nginx-1,nginx,25.11,16.81
1790052542.535,research-api-orders-service-1,orders-service,32.16,16.09
1790052542.535,research-api-grafana-1,grafana,0.63,45.59
1790052542.535,research-api-products-service-1,products-service,21.25,14.93
1790052542.535,research-api-inventory-service-1,inventory-service,5.42,9.539
1790052542.535,research-api-users-service-1,users-service,21.12,11.68
1790052542.535,research-api-postgres-1,postgres,21.48,101.5
1790052542.535,research-api-prometheus-1,prometheus,0.21,37.91
1790052542.535,research-api-cadvisor-1,cadvisor,0.02,22.46
1790052547.524,research-api-nginx-1,nginx,20.58,17.23
1790052547.524,research-api-orders-service-1,orders-service,26.87,15.46
1790052547.524,research-api-grafana-1,grafana,0.07,45.59
1790052547.524,research-api-products-service-1,products-service,15.92,14.43
1790052547.524,research-api-inventory-service-1,inventory-service,5.89,9.949
1790052547.524,research-api-users-service-1,users-service,16.29,12.0
1790052547.524,research-api-postgres-1,postgres,19.79,101.9
1790052547.524,research-api-prometheus-1,prometheus,0.04,37.91
1790052547.524,research-api-cadvisor-1,cadvisor,0.0,21.53
1790052552.553,research-api-nginx-1,nginx,23.31,16.71
1790052552.553,research-api-orders-service-1,orders-service,32.07,15.59
1790052552.553,research-api-grafana-1,grafana,0.44,45.59
1790052552.553,research-api-products-service-1,products-service,19.0,15.99
1790052552.553,research-api-inventory-service-1,inventory-service,5.81,10.8
1790052552.553,research-api-users-service-1,users-service,17.84,12.03
1790052552.553,research-api-postgres-1,postgres,22.58,101.6
1790052552.553,research-api-prometheus-1,prometheus,0.19,37.95
1790052552.553,research-api-cadvisor-1,cadvisor,0.65,21.53
1790052557.548,research-api-nginx-1,nginx,29.84,16.31
1790052557.548,research-api-orders-service-1,orders-service,37.73,16.33
1790052557.548,research-api-grafana-1,grafana,0.04,45.59
1790052557.548,research-api-products-service-1,products-service,23.28,15.06
1790052557.548,research-api-inventory-service-1,inventory-service,6.24,9.309
1790052557.548,research-api-users-service-1,users-service,23.93,12.71
1790052557.548,research-api-postgres-1,postgres,27.26,101.7
1790052557.548,research-api-prometheus-1,prometheus,0.05,37.95
1790052557.548,research-api-cadvisor-1,cadvisor,0.0,21.25
1790052562.552,research-api-nginx-1,nginx,24.02,15.72
1790052562.552,research-api-orders-service-1,orders-service,37.93,15.05
1790052562.552,research-api-grafana-1,grafana,0.45,45.59
1790052562.552,research-api-products-service-1,products-service,20.08,14.59
1790052562.552,research-api-inventory-service-1,inventory-service,5.16,9.293
1790052562.552,research-api-users-service-1,users-service,20.1,11.47
1790052562.552,research-api-postgres-1,postgres,22.83,101.1
1790052562.552,research-api-prometheus-1,prometheus,0.17,38.66
1790052562.552,research-api-cadvisor-1,cadvisor,0.02,21.25
1790052567.584,research-api-nginx-1,nginx,22.8,16.45
1790052567.584,research-api-orders-service-1,orders-service,29.78,15.89
1790052567.584,research-api-grafana-1,grafana,0.07,45.59
1790052567.584,research-api-products-service-1,products-service,19.56,14.48
1790052567.584,research-api-inventory-service-1,inventory-service,4.56,10.38
1790052567.584,research-api-users-service-1,users-service,16.85,12.59
1790052567.584,research-api-postgres-1,postgres,21.57,107.7
1790052567.584,research-api-prometheus-1,prometheus,0.02,38.66
1790052567.584,research-api-cadvisor-1,cadvisor,0.0,21.33
1790052572.574,research-api-nginx-1,nginx,27.25,16.75
1790052572.574,research-api-orders-service-1,orders-service,40.59,15.45
1790052572.574,research-api-grafana-1,grafana,0.64,45.59
1790052572.574,research-api-products-service-1,products-service,23.42,15.36
1790052572.574,research-api-inventory-service-1,inventory-service,5.37,10.79
1790052572.574,research-api-users-service-1,users-service,19.9,12.24
1790052572.574,research-api-postgres-1,postgres,24.99,107.5
1790052572.574,research-api-prometheus-1,prometheus,0.18,38.75
1790052572.574,research-api-cadvisor-1,cadvisor,0.03,21.33
1790052577.575,research-api-nginx-1,nginx,22.19,17.56
1790052577.575,research-api-orders-service-1,orders-service,34.88,15.48
1790052577.575,research-api-grafana-1,grafana,0.05,45.59
1790052577.575,research-api-products-service-1,products-service,18.55,14.64
1790052577.575,research-api-inventory-service-1,inventory-service,3.75,10.03
1790052577.575,research-api-users-service-1,users-service,20.1,12.63
1790052577.575,research-api-postgres-1,postgres,23.48,111.5
1790052577.575,research-api-prometheus-1,prometheus,0.03,38.75
1790052577.575,research-api-cadvisor-1,cadvisor,0.0,21.35
1790052582.557,research-api-nginx-1,nginx,25.83,17.67
1790052582.557,research-api-orders-service-1,orders-service,29.51,15.46
1790052582.557,research-api-grafana-1,grafana,0.04,45.59
1790052582.557,research-api-products-service-1,products-service,19.06,15.22
1790052582.557,research-api-inventory-service-1,inventory-service,6.25,10.25
1790052582.557,research-api-users-service-1,users-service,20.12,11.56
1790052582.557,research-api-postgres-1,postgres,21.65,111.9
1790052582.557,research-api-prometheus-1,prometheus,0.37,38.87
1790052582.557,research-api-cadvisor-1,cadvisor,6.91,19.75
1790052587.553,research-api-nginx-1,nginx,23.99,16.55
1790052587.553,research-api-orders-service-1,orders-service,29.99,15.9
1790052587.553,research-api-grafana-1,grafana,0.06,45.59
1790052587.553,research-api-products-service-1,products-service,18.94,14.19
1790052587.553,research-api-inventory-service-1,inventory-service,5.24,10.37
1790052587.553,research-api-users-service-1,users-service,20.89,12.52
1790052587.553,research-api-postgres-1,postgres,22.54,111.2
1790052587.553,research-api-prometheus-1,prometheus,0.03,38.94
1790052587.553,research-api-cadvisor-1,cadvisor,0.55,18.58
1790052592.553,research-api-nginx-1,nginx,22.72,16.59
1790052592.553,research-api-orders-service-1,orders-service,28.8,17.25
1790052592.553,research-api-grafana-1,grafana,0.6,45.59
1790052592.553,research-api-products-service-1,products-service,16.72,16.03
1790052592.553,research-api-inventory-service-1,inventory-service,4.7,9.039
1790052592.553,research-api-users-service-1,users-service,17.5,12.56
1790052592.553,research-api-postgres-1,postgres,22.31,113.9
1790052592.553,research-api-prometheus-1,prometheus,0.17,39.15
1790052592.553,research-api-cadvisor-1,cadvisor,0.05,18.58
1790052597.543,research-api-nginx-1,nginx,20.55,16.68
1790052597.543,research-api-orders-service-1,orders-service,29.43,16.08
1790052597.543,research-api-grafana-1,grafana,0.07,45.59
1790052597.543,research-api-products-service-1,products-service,18.27,14.74
1790052597.543,research-api-inventory-service-1,inventory-service,4.68,9.57
1790052597.543,research-api-users-service-1,users-service,17.04,12.75
1790052597.543,research-api-postgres-1,postgres,20.53,113.4
1790052597.543,research-api-prometheus-1,prometheus,0.03,39.16
1790052597.543,research-api-cadvisor-1,cadvisor,0.0,18.58
1790052602.6,research-api-nginx-1,nginx,22.0,17.16
1790052602.6,research-api-orders-service-1,orders-service,25.76,17.3
1790052602.6,research-api-grafana-1,grafana,0.38,45.59
1790052602.6,research-api-products-service-1,products-service,17.39,16.49
1790052602.6,research-api-inventory-service-1,inventory-service,4.81,9.797
1790052602.6,research-api-users-service-1,users-service,18.09,12.31
1790052602.6,research-api-postgres-1,postgres,20.32,113.5
1790052602.6,research-api-prometheus-1,prometheus,0.08,39.25
1790052602.6,research-api-cadvisor-1,cadvisor,0.02,18.59
1790052607.559,research-api-nginx-1,nginx,25.27,16.72
1790052607.559,research-api-orders-service-1,orders-service,35.21,15.52
1790052607.559,research-api-grafana-1,grafana,0.04,45.59
1790052607.559,research-api-products-service-1,products-service,22.7,15.48
1790052607.559,research-api-inventory-service-1,inventory-service,6.32,10.19
1790052607.559,research-api-users-service-1,users-service,17.87,12.36
1790052607.559,research-api-postgres-1,postgres,23.83,113.6
1790052607.559,research-api-prometheus-1,prometheus,0.04,39.25
1790052607.559,research-api-cadvisor-1,cadvisor,0.0,19.23
1790052612.551,research-api-nginx-1,nginx,21.19,16.87
1790052612.551,research-api-orders-service-1,orders-service,30.14,15.64
1790052612.551,research-api-grafana-1,grafana,0.37,45.59
1790052612.551,research-api-products-service-1,products-service,19.26,15.94
1790052612.551,research-api-inventory-service-1,inventory-service,4.09,9.777
1790052612.551,research-api-users-service-1,users-service,18.94,11.63
1790052612.551,research-api-postgres-1,postgres,21.04,112.7
1790052612.551,research-api-prometheus-1,prometheus,0.2,39.28
1790052612.551,research-api-cadvisor-1,cadvisor,1.09,19.22
1790052617.603,research-api-nginx-1,nginx,20.28,16.52
1790052617.603,research-api-orders-service-1,orders-service,32.75,15.47
1790052617.603,research-api-grafana-1,grafana,0.04,45.59
1790052617.603,research-api-products-service-1,products-service,19.2,15.33
1790052617.603,research-api-inventory-service-1,inventory-service,4.23,10.36
1790052617.603,research-api-users-service-1,users-service,18.01,12.0
1790052617.603,research-api-postgres-1,postgres,26.33,113.5
1790052617.603,research-api-prometheus-1,prometheus,0.03,39.28
1790052617.603,research-api-cadvisor-1,cadvisor,0.0,20.38
1790052622.586,research-api-nginx-1,nginx,22.9,17.49
1790052622.586,research-api-orders-service-1,orders-service,29.28,16.62
1790052622.586,research-api-grafana-1,grafana,0.4,45.59
1790052622.586,research-api-products-service-1,products-service,17.52,16.43
1790052622.586,research-api-inventory-service-1,inventory-service,7.29,9.773
1790052622.586,research-api-users-service-1,users-service,18.97,11.54
1790052622.586,research-api-postgres-1,postgres,20.89,114.0
1790052622.586,research-api-prometheus-1,prometheus,0.15,39.29
1790052622.586,research-api-cadvisor-1,cadvisor,0.02,20.38
1790052627.576,research-api-nginx-1,nginx,23.98,17.23
1790052627.576,research-api-orders-service-1,orders-service,31.73,16.67
1790052627.576,research-api-grafana-1,grafana,0.08,45.59
1790052627.576,research-api-products-service-1,products-service,20.09,15.49
1790052627.576,research-api-inventory-service-1,inventory-service,5.67,10.67
1790052627.576,research-api-users-service-1,users-service,20.04,12.47
1790052627.576,research-api-postgres-1,postgres,21.0,113.8
1790052627.576,research-api-prometheus-1,prometheus,0.04,39.29
1790052627.576,research-api-cadvisor-1,cadvisor,0.0,20.42
1790052632.587,research-api-nginx-1,nginx,21.31,16.91
1790052632.587,research-api-orders-service-1,orders-service,27.36,15.38
1790052632.587,research-api-grafana-1,grafana,0.42,45.59
1790052632.587,research-api-products-service-1,products-service,16.04,15.91
1790052632.587,research-api-inventory-service-1,inventory-service,4.72,9.637
1790052632.587,research-api-users-service-1,users-service,14.18,11.82
1790052632.587,research-api-postgres-1,postgres,20.07,114.0
1790052632.587,research-api-prometheus-1,prometheus,0.17,39.33
1790052632.587,research-api-cadvisor-1,cadvisor,0.01,20.42
1790052637.588,research-api-nginx-1,nginx,25.85,16.79
1790052637.588,research-api-orders-service-1,orders-service,34.85,16.38
1790052637.588,research-api-grafana-1,grafana,0.07,45.59
1790052637.588,research-api-products-service-1,products-service,21.73,15.69
1790052637.588,research-api-inventory-service-1,inventory-service,3.99,9.672
1790052637.588,research-api-users-service-1,users-service,19.12,12.99
1790052637.588,research-api-postgres-1,postgres,23.23,113.7
1790052637.588,research-api-prometheus-1,prometheus,0.0,39.33
1790052637.588,research-api-cadvisor-1,cadvisor,0.0,20.52
1790052642.553,research-api-nginx-1,nginx,33.91,17.38
1790052642.553,research-api-orders-service-1,orders-service,48.22,16.78
1790052642.553,research-api-grafana-1,grafana,1.44,45.6
1790052642.553,research-api-products-service-1,products-service,28.61,16.21
1790052642.553,research-api-inventory-service-1,inventory-service,6.72,11.08
1790052642.553,research-api-users-service-1,users-service,27.51,12.56
1790052642.553,research-api-postgres-1,postgres,30.52,114.0
1790052642.553,research-api-prometheus-1,prometheus,0.34,39.35
1790052642.553,research-api-cadvisor-1,cadvisor,3.13,19.1
1790052647.584,research-api-nginx-1,nginx,42.85,18.18
1790052647.584,research-api-orders-service-1,orders-service,65.63,17.14
1790052647.584,research-api-grafana-1,grafana,0.08,45.17
1790052647.584,research-api-products-service-1,products-service,35.09,16.05
1790052647.584,research-api-inventory-service-1,inventory-service,10.73,9.246
1790052647.584,research-api-users-service-1,users-service,32.13,12.34
1790052647.584,research-api-postgres-1,postgres,39.22,113.8
1790052647.584,research-api-prometheus-1,prometheus,0.03,39.34
1790052647.584,research-api-cadvisor-1,cadvisor,0.0,19.73
1790052652.56,research-api-nginx-1,nginx,50.03,18.16
1790052652.56,research-api-orders-service-1,orders-service,63.95,17.3
1790052652.56,research-api-grafana-1,grafana,0.35,45.17
1790052652.56,research-api-products-service-1,products-service,37.2,15.67
1790052652.56,research-api-inventory-service-1,inventory-service,10.78,10.54
1790052652.56,research-api-users-service-1,users-service,39.5,11.29
1790052652.56,research-api-postgres-1,postgres,46.9,114.4
1790052652.56,research-api-prometheus-1,prometheus,0.0,39.35
1790052652.56,research-api-cadvisor-1,cadvisor,0.01,18.94
1790052657.556,research-api-nginx-1,nginx,52.62,17.88
1790052657.556,research-api-orders-service-1,orders-service,63.33,16.5
1790052657.556,research-api-grafana-1,grafana,0.06,45.17
1790052657.556,research-api-products-service-1,products-service,40.18,15.59
1790052657.556,research-api-inventory-service-1,inventory-service,10.52,11.03
1790052657.556,research-api-users-service-1,users-service,37.18,12.02
1790052657.556,research-api-postgres-1,postgres,50.13,114.9
1790052657.556,research-api-prometheus-1,prometheus,0.04,39.36
1790052657.556,research-api-cadvisor-1,cadvisor,0.0,19.26
1790052662.553,research-api-nginx-1,nginx,59.84,18.36
1790052662.553,research-api-orders-service-1,orders-service,79.43,17.26
1790052662.553,research-api-grafana-1,grafana,0.5,45.17
1790052662.553,research-api-products-service-1,products-service,45.24,16.05
1790052662.553,research-api-inventory-service-1,inventory-service,11.81,10.21
1790052662.553,research-api-users-service-1,users-service,42.73,12.6
1790052662.553,research-api-postgres-1,postgres,53.45,114.7
1790052662.553,research-api-prometheus-1,prometheus,0.0,39.36
1790052662.553,research-api-cadvisor-1,cadvisor,0.02,19.26
1790052667.546,research-api-nginx-1,nginx,62.71,17.87
1790052667.546,research-api-orders-service-1,orders-service,79.74,17.63
1790052667.546,research-api-grafana-1,grafana,0.03,45.17
1790052667.546,research-api-products-service-1,products-service,46.75,15.76
1790052667.546,research-api-inventory-service-1,inventory-service,13.85,9.973
1790052667.546,research-api-users-service-1,users-service,43.7,12.11
1790052667.546,research-api-postgres-1,postgres,60.83,114.7
1790052667.546,research-api-prometheus-1,prometheus,0.02,39.36
1790052667.546,research-api-cadvisor-1,cadvisor,0.0,18.96
1790052672.568,research-api-nginx-1,nginx,65.95,19.05
1790052672.568,research-api-orders-service-1,orders-service,78.67,17.46
1790052672.568,research-api-grafana-1,grafana,0.41,45.17
1790052672.568,research-api-products-service-1,products-service,49.76,15.66
1790052672.568,research-api-inventory-service-1,inventory-service,14.27,11.0
1790052672.568,research-api-users-service-1,users-service,45.32,12.09
1790052672.568,research-api-postgres-1,postgres,60.46,117.5
1790052672.568,research-api-prometheus-1,prometheus,0.18,39.37
1790052672.568,research-api-cadvisor-1,cadvisor,0.61,18.96
1790052677.566,research-api-nginx-1,nginx,65.49,18.86
1790052677.566,research-api-orders-service-1,orders-service,79.12,17.36
1790052677.566,research-api-grafana-1,grafana,0.06,45.17
1790052677.566,research-api-products-service-1,products-service,47.67,15.88
1790052677.566,research-api-inventory-service-1,inventory-service,14.82,9.656
1790052677.566,research-api-users-service-1,users-service,46.94,13.11
1790052677.566,research-api-postgres-1,postgres,62.32,117.8
1790052677.566,research-api-prometheus-1,prometheus,0.03,39.45
1790052677.566,research-api-cadvisor-1,cadvisor,0.0,18.96
1790052682.557,research-api-nginx-1,nginx,66.98,19.72
1790052682.557,research-api-orders-service-1,orders-service,92.33,19.2
1790052682.557,research-api-grafana-1,grafana,0.28,45.17
1790052682.557,research-api-products-service-1,products-service,46.67,16.11
1790052682.557,research-api-inventory-service-1,inventory-service,13.09,10.73
1790052682.557,research-api-users-service-1,users-service,50.17,13.21
1790052682.557,research-api-postgres-1,postgres,64.75,117.2
1790052682.557,research-api-prometheus-1,prometheus,0.13,40.12
1790052682.557,research-api-cadvisor-1,cadvisor,0.02,18.96
1790052687.635,research-api-nginx-1,nginx,90.89,19.98
1790052687.635,research-api-orders-service-1,orders-service,105.41,18.85
1790052687.635,research-api-grafana-1,grafana,0.08,45.17
1790052687.635,research-api-products-service-1,products-service,63.02,15.97
1790052687.635,research-api-inventory-service-1,inventory-service,15.65,9.629
1790052687.635,research-api-users-service-1,users-service,61.73,12.34
1790052687.635,research-api-postgres-1,postgres,80.07,117.5
1790052687.635,research-api-prometheus-1,prometheus,0.03,40.13
1790052687.635,research-api-cadvisor-1,cadvisor,0.0,19.71
1790052692.647,research-api-nginx-1,nginx,94.29,20.2
1790052692.647,research-api-orders-service-1,orders-service,122.76,18.87
1790052692.647,research-api-grafana-1,grafana,0.35,45.17
1790052692.647,research-api-products-service-1,products-service,67.52,14.71
1790052692.647,research-api-inventory-service-1,inventory-service,16.92,11.18
1790052692.647,research-api-users-service-1,users-service,65.97,12.51
1790052692.647,research-api-postgres-1,postgres,86.68,118.5
1790052692.647,research-api-prometheus-1,prometheus,0.06,40.17
1790052692.647,research-api-cadvisor-1,cadvisor,0.02,19.71
1790052697.632,research-api-nginx-1,nginx,86.53,20.45
1790052697.632,research-api-orders-service-1,orders-service,223.44,21.49
1790052697.632,research-api-grafana-1,grafana,0.04,45.17
1790052697.632,research-api-products-service-1,products-service,65.8,15.75
1790052697.632,research-api-inventory-service-1,inventory-service,14.57,9.535
1790052697.632,research-api-users-service-1,users-service,56.68,13.59
1790052697.632,research-api-postgres-1,postgres,82.38,124.0
1790052697.632,research-api-prometheus-1,prometheus,0.04,40.17
1790052697.632,research-api-cadvisor-1,cadvisor,0.0,19.71
1790052702.691,research-api-nginx-1,nginx,90.92,20.18
1790052702.691,research-api-orders-service-1,orders-service,273.61,21.55
1790052702.691,research-api-grafana-1,grafana,1.92,45.18
1790052702.691,research-api-products-service-1,products-service,63.74,17.08
1790052702.691,research-api-inventory-service-1,inventory-service,14.74,11.12
1790052702.691,research-api-users-service-1,users-service,59.03,13.54
1790052702.691,research-api-postgres-1,postgres,82.31,126.7
1790052702.691,research-api-prometheus-1,prometheus,0.18,40.22
1790052702.691,research-api-cadvisor-1,cadvisor,3.93,21.0
1790052707.666,research-api-nginx-1,nginx,91.22,20.41
1790052707.666,research-api-orders-service-1,orders-service,284.39,21.76
1790052707.666,research-api-grafana-1,grafana,0.05,45.18
1790052707.666,research-api-products-service-1,products-service,60.65,16.36
1790052707.666,research-api-inventory-service-1,inventory-service,17.77,10.31
1790052707.666,research-api-users-service-1,users-service,57.39,14.11
1790052707.666,research-api-postgres-1,postgres,81.31,127.9
1790052707.666,research-api-prometheus-1,prometheus,0.03,40.34
1790052707.666,research-api-cadvisor-1,cadvisor,0.0,21.4
1790052712.674,research-api-nginx-1,nginx,91.71,19.84
1790052712.674,research-api-orders-service-1,orders-service,210.5,21.07
1790052712.674,research-api-grafana-1,grafana,0.34,45.18
1790052712.674,research-api-products-service-1,products-service,65.88,16.76
1790052712.674,research-api-inventory-service-1,inventory-service,15.24,12.6
1790052712.674,research-api-users-service-1,users-service,57.5,14.61
1790052712.674,research-api-postgres-1,postgres,81.83,128.1
1790052712.674,research-api-prometheus-1,prometheus,0.05,40.34
1790052712.674,research-api-cadvisor-1,cadvisor,0.01,21.4
1790052717.702,research-api-nginx-1,nginx,95.14,20.43
1790052717.702,research-api-orders-service-1,orders-service,114.93,22.47
1790052717.702,research-api-grafana-1,grafana,0.06,45.18
1790052717.702,research-api-products-service-1,products-service,64.75,15.49
1790052717.702,research-api-inventory-service-1,inventory-service,17.87,10.59
1790052717.702,research-api-users-service-1,users-service,63.24,14.09
1790052717.702,research-api-postgres-1,postgres,81.92,128.5
1790052717.702,research-api-prometheus-1,prometheus,0.03,40.36
1790052717.702,research-api-cadvisor-1,cadvisor,0.0,21.42
1790052722.659,research-api-nginx-1,nginx,92.26,20.64
1790052722.659,research-api-orders-service-1,orders-service,108.24,21.49
1790052722.659,research-api-grafana-1,grafana,0.35,45.18
1790052722.659,research-api-products-service-1,products-service,64.85,15.66
1790052722.659,research-api-inventory-service-1,inventory-service,17.57,10.57
1790052722.659,research-api-users-service-1,users-service,61.63,13.96
1790052722.659,research-api-postgres-1,postgres,80.33,129.5
1790052722.659,research-api-prometheus-1,prometheus,0.06,40.36
1790052722.659,research-api-cadvisor-1,cadvisor,0.02,21.42
1790052727.65,research-api-nginx-1,nginx,85.82,20.45
1790052727.65,research-api-orders-service-1,orders-service,104.86,21.95
1790052727.65,research-api-grafana-1,grafana,0.05,45.18
1790052727.65,research-api-products-service-1,products-service,63.19,15.45
1790052727.65,research-api-inventory-service-1,inventory-service,16.9,10.42
1790052727.65,research-api-users-service-1,users-service,63.71,13.84
1790052727.65,research-api-postgres-1,postgres,74.45,128.9
1790052727.65,research-api-prometheus-1,prometheus,0.05,40.36
1790052727.65,research-api-cadvisor-1,cadvisor,0.0,21.42
1790052732.629,research-api-nginx-1,nginx,90.58,20.98
1790052732.629,research-api-orders-service-1,orders-service,110.99,20.07
1790052732.629,research-api-grafana-1,grafana,0.43,45.19
1790052732.629,research-api-products-service-1,products-service,65.18,15.87
1790052732.629,research-api-inventory-service-1,inventory-service,18.39,11.13
1790052732.629,research-api-users-service-1,users-service,62.57,13.16
1790052732.629,research-api-postgres-1,postgres,77.42,128.8
1790052732.629,research-api-prometheus-1,prometheus,0.05,40.36
1790052732.629,research-api-cadvisor-1,cadvisor,0.82,21.43
1790052737.631,research-api-nginx-1,nginx,89.58,20.25
1790052737.631,research-api-orders-service-1,orders-service,116.24,21.11
1790052737.631,research-api-grafana-1,grafana,0.06,45.19
1790052737.631,research-api-products-service-1,products-service,60.39,16.16
1790052737.631,research-api-inventory-service-1,inventory-service,17.88,10.66
1790052737.631,research-api-users-service-1,users-service,62.25,13.89
1790052737.631,research-api-postgres-1,postgres,72.38,128.3
1790052737.631,research-api-prometheus-1,prometheus,0.04,40.37
1790052737.631,research-api-cadvisor-1,cadvisor,0.0,21.43
1790052742.663,research-api-nginx-1,nginx,88.84,20.81
1790052742.663,research-api-orders-service-1,orders-service,114.43,21.4
1790052742.663,research-api-grafana-1,grafana,0.41,45.19
1790052742.663,research-api-products-service-1,products-service,65.03,15.59
1790052742.663,research-api-inventory-service-1,inventory-service,17.24,10.61
1790052742.663,research-api-users-service-1,users-service,62.06,15.08
1790052742.663,research-api-postgres-1,postgres,77.35,129.9
1790052742.663,research-api-prometheus-1,prometheus,0.06,40.37
1790052742.663,research-api-cadvisor-1,cadvisor,0.01,21.43
1790052747.64,research-api-nginx-1,nginx,92.23,20.71
1790052747.64,research-api-orders-service-1,orders-service,103.33,20.76
1790052747.64,research-api-grafana-1,grafana,0.06,45.19
1790052747.64,research-api-products-service-1,products-service,66.78,15.99
1790052747.64,research-api-inventory-service-1,inventory-service,16.61,10.06
1790052747.64,research-api-users-service-1,users-service,64.05,15.02
1790052747.64,research-api-postgres-1,postgres,77.81,130.0
1790052747.64,research-api-prometheus-1,prometheus,0.03,40.37
1790052747.64,research-api-cadvisor-1,cadvisor,0.0,21.83
1790052752.651,research-api-nginx-1,nginx,91.88,20.95
1790052752.651,research-api-orders-service-1,orders-service,112.22,22.21
1790052752.651,research-api-grafana-1,grafana,0.44,45.19
1790052752.651,research-api-products-service-1,products-service,64.43,16.26
1790052752.651,research-api-inventory-service-1,inventory-service,16.83,10.57
1790052752.651,research-api-users-service-1,users-service,66.28,14.1
1790052752.651,research-api-postgres-1,postgres,79.18,130.5
1790052752.651,research-api-prometheus-1,prometheus,0.06,40.37
1790052752.651,research-api-cadvisor-1,cadvisor,0.02,21.83
1790052757.621,research-api-nginx-1,nginx,84.48,20.7
1790052757.621,research-api-orders-service-1,orders-service,111.98,20.46
1790052757.621,research-api-grafana-1,grafana,0.05,45.19
1790052757.621,research-api-products-service-1,products-service,59.27,16.79
1790052757.621,research-api-inventory-service-1,inventory-service,16.88,10.79
1790052757.621,research-api-users-service-1,users-service,66.39,13.98
1790052757.621,research-api-postgres-1,postgres,77.03,131.0
1790052757.621,research-api-prometheus-1,prometheus,0.04,40.37
1790052757.621,research-api-cadvisor-1,cadvisor,0.0,21.67
1790052762.686,research-api-nginx-1,nginx,90.7,20.76
1790052762.686,research-api-orders-service-1,orders-service,112.01,21.14
1790052762.686,research-api-grafana-1,grafana,1.29,45.2
1790052762.686,research-api-products-service-1,products-service,70.02,15.2
1790052762.686,research-api-inventory-service-1,inventory-service,17.3,11.61
1790052762.686,research-api-users-service-1,users-service,58.11,13.77
1790052762.686,research-api-postgres-1,postgres,75.35,130.7
1790052762.686,research-api-prometheus-1,prometheus,0.23,40.38
1790052762.686,research-api-cadvisor-1,cadvisor,3.05,21.67
1790052767.654,research-api-nginx-1,nginx,92.22,20.83
1790052767.654,research-api-orders-service-1,orders-service,223.13,21.09
1790052767.654,research-api-grafana-1,grafana,0.05,45.2
1790052767.654,research-api-products-service-1,products-service,67.2,15.65
1790052767.654,research-api-inventory-service-1,inventory-service,15.28,10.32
1790052767.654,research-api-users-service-1,users-service,58.81,14.34
1790052767.654,research-api-postgres-1,postgres,76.2,131.1
1790052767.654,research-api-prometheus-1,prometheus,0.04,40.38
1790052767.654,research-api-cadvisor-1,cadvisor,0.0,21.68
1790052772.653,research-api-nginx-1,nginx,92.38,20.58
1790052772.653,research-api-orders-service-1,orders-service,273.33,20.8
1790052772.653,research-api-grafana-1,grafana,0.41,45.21
1790052772.653,research-api-products-service-1,products-service,61.54,15.5
1790052772.653,research-api-inventory-service-1,inventory-service,17.5,11.23
1790052772.653,research-api-users-service-1,users-service,61.24,14.64
1790052772.653,research-api-postgres-1,postgres,73.96,131.5
1790052772.653,research-api-prometheus-1,prometheus,0.06,40.38
1790052772.653,research-api-cadvisor-1,cadvisor,0.02,21.68
1790052777.654,research-api-nginx-1,nginx,91.85,20.79
1790052777.654,research-api-orders-service-1,orders-service,262.18,23.5
1790052777.654,research-api-grafana-1,grafana,0.07,45.21
1790052777.654,research-api-products-service-1,products-service,64.36,16.93
1790052777.654,research-api-inventory-service-1,inventory-service,16.08,10.79
1790052777.654,research-api-users-service-1,users-service,58.15,14.53
1790052777.654,research-api-postgres-1,postgres,72.94,131.1
1790052777.654,research-api-prometheus-1,prometheus,0.05,40.38
1790052777.654,research-api-cadvisor-1,cadvisor,0.0,21.75
1790052782.684,research-api-nginx-1,nginx,94.93,20.11
1790052782.684,research-api-orders-service-1,orders-service,290.31,21.98
1790052782.684,research-api-grafana-1,grafana,0.42,45.21
1790052782.684,research-api-products-service-1,products-service,68.91,16.52
1790052782.684,research-api-inventory-service-1,inventory-service,15.18,12.07
1790052782.684,research-api-users-service-1,users-service,64.56,13.99
1790052782.684,research-api-postgres-1,postgres,78.52,132.6
1790052782.684,research-api-prometheus-1,prometheus,0.07,40.38
1790052782.684,research-api-cadvisor-1,cadvisor,0.01,21.75
1790052787.674,research-api-nginx-1,nginx,90.77,20.62
1790052787.674,research-api-orders-service-1,orders-service,109.62,20.98
1790052787.674,research-api-grafana-1,grafana,0.05,45.21
1790052787.674,research-api-products-service-1,products-service,66.11,15.95
1790052787.674,research-api-inventory-service-1,inventory-service,17.35,11.15
1790052787.674,research-api-users-service-1,users-service,58.62,13.62
1790052787.674,research-api-postgres-1,postgres,75.24,132.6
1790052787.674,research-api-prometheus-1,prometheus,0.03,40.38
1790052787.674,research-api-cadvisor-1,cadvisor,0.0,21.95
1790052792.678,research-api-nginx-1,nginx,89.15,20.16
1790052792.678,research-api-orders-service-1,orders-service,105.7,22.04
1790052792.678,research-api-grafana-1,grafana,0.51,45.21
1790052792.678,research-api-products-service-1,products-service,63.24,15.8
1790052792.678,research-api-inventory-service-1,inventory-service,16.01,11.2
1790052792.678,research-api-users-service-1,users-service,60.92,14.32
1790052792.678,research-api-postgres-1,postgres,75.54,132.6
1790052792.678,research-api-prometheus-1,prometheus,0.07,40.38
1790052792.678,research-api-cadvisor-1,cadvisor,1.08,21.96
1790052797.657,research-api-nginx-1,nginx,84.85,20.7
1790052797.657,research-api-orders-service-1,orders-service,104.02,22.87
1790052797.657,research-api-grafana-1,grafana,0.04,45.21
1790052797.657,research-api-products-service-1,products-service,60.38,16.7
1790052797.657,research-api-inventory-service-1,inventory-service,17.53,10.41
1790052797.657,research-api-users-service-1,users-service,59.36,13.23
1790052797.657,research-api-postgres-1,postgres,72.31,132.7
1790052797.657,research-api-prometheus-1,prometheus,0.03,40.38
1790052797.657,research-api-cadvisor-1,cadvisor,0.0,20.86
1790052802.646,research-api-nginx-1,nginx,89.74,20.62
1790052802.646,research-api-orders-service-1,orders-service,115.1,21.2
1790052802.646,research-api-grafana-1,grafana,0.48,45.21
1790052802.646,research-api-products-service-1,products-service,67.15,15.45
1790052802.646,research-api-inventory-service-1,inventory-service,18.39,11.27
1790052802.646,research-api-users-service-1,users-service,66.6,13.52
1790052802.646,research-api-postgres-1,postgres,79.64,133.9
1790052802.646,research-api-prometheus-1,prometheus,0.05,40.38
1790052802.646,research-api-cadvisor-1,cadvisor,0.02,20.86
1790052807.666,research-api-nginx-1,nginx,88.32,20.78
1790052807.666,research-api-orders-service-1,orders-service,105.03,20.5
1790052807.666,research-api-grafana-1,grafana,0.07,45.21
1790052807.666,research-api-products-service-1,products-service,63.11,16.38
1790052807.666,research-api-inventory-service-1,inventory-service,17.5,9.883
1790052807.666,research-api-users-service-1,users-service,58.02,13.95
1790052807.666,research-api-postgres-1,postgres,74.43,133.4
1790052807.666,research-api-prometheus-1,prometheus,0.02,40.38
1790052807.666,research-api-cadvisor-1,cadvisor,0.0,20.88
1790052812.671,research-api-nginx-1,nginx,88.15,20.86
1790052812.671,research-api-orders-service-1,orders-service,107.57,21.77
1790052812.671,research-api-grafana-1,grafana,0.38,45.21
1790052812.671,research-api-products-service-1,products-service,67.48,16.32
1790052812.671,research-api-inventory-service-1,inventory-service,16.81,10.9
1790052812.671,research-api-users-service-1,users-service,61.71,14.53
1790052812.671,research-api-postgres-1,postgres,76.82,134.0
1790052812.671,research-api-prometheus-1,prometheus,0.05,40.4
1790052812.671,research-api-cadvisor-1,cadvisor,0.03,20.88
1790052817.676,research-api-nginx-1,nginx,87.62,21.22
1790052817.676,research-api-orders-service-1,orders-service,111.6,22.48
1790052817.676,research-api-grafana-1,grafana,0.05,45.21
1790052817.676,research-api-products-service-1,products-service,64.65,15.79
1790052817.676,research-api-inventory-service-1,inventory-service,15.73,10.7
1790052817.676,research-api-users-service-1,users-service,58.06,13.23
1790052817.676,research-api-postgres-1,postgres,77.12,134.9
1790052817.676,research-api-prometheus-1,prometheus,0.03,40.4
1790052817.676,research-api-cadvisor-1,cadvisor,0.0,20.89
1790052822.671,research-api-nginx-1,nginx,86.7,20.53
1790052822.671,research-api-orders-service-1,orders-service,101.41,21.21
1790052822.671,research-api-grafana-1,grafana,1.26,45.22
1790052822.671,research-api-products-service-1,products-service,59.86,15.62
1790052822.671,research-api-inventory-service-1,inventory-service,17.3,11.29
1790052822.671,research-api-users-service-1,users-service,59.65,13.71
1790052822.671,research-api-postgres-1,postgres,72.61,134.5
1790052822.671,research-api-prometheus-1,prometheus,0.17,40.41
1790052822.671,research-api-cadvisor-1,cadvisor,3.42,19.97
1790052827.679,research-api-nginx-1,nginx,92.41,20.52
1790052827.679,research-api-orders-service-1,orders-service,154.77,21.79
1790052827.679,research-api-grafana-1,grafana,0.04,45.22
1790052827.679,research-api-products-service-1,products-service,63.23,16.09
1790052827.679,research-api-inventory-service-1,inventory-service,18.78,10.41
1790052827.679,research-api-users-service-1,users-service,63.21,13.06
1790052827.679,research-api-postgres-1,postgres,80.01,134.6
1790052827.679,research-api-prometheus-1,prometheus,0.07,40.18
1790052827.679,research-api-cadvisor-1,cadvisor,0.0,20.61
1790052832.671,research-api-nginx-1,nginx,91.56,20.55
1790052832.671,research-api-orders-service-1,orders-service,158.52,22.33
1790052832.671,research-api-grafana-1,grafana,0.56,45.23
1790052832.671,research-api-products-service-1,products-service,66.08,16.04
1790052832.671,research-api-inventory-service-1,inventory-service,15.96,11.08
1790052832.671,research-api-users-service-1,users-service,63.84,14.34
1790052832.671,research-api-postgres-1,postgres,77.49,135.2
1790052832.671,research-api-prometheus-1,prometheus,0.06,37.46
1790052832.671,research-api-cadvisor-1,cadvisor,0.01,20.61
1790052837.695,research-api-nginx-1,nginx,93.94,19.96
1790052837.695,research-api-orders-service-1,orders-service,267.03,22.19
1790052837.695,research-api-grafana-1,grafana,0.06,45.23
1790052837.695,research-api-products-service-1,products-service,63.49,15.95
1790052837.695,research-api-inventory-service-1,inventory-service,18.13,11.31
1790052837.695,research-api-users-service-1,users-service,57.97,14.14
1790052837.695,research-api-postgres-1,postgres,74.76,135.3
1790052837.695,research-api-prometheus-1,prometheus,0.03,37.45
1790052837.695,research-api-cadvisor-1,cadvisor,0.0,20.61
1790052842.684,research-api-nginx-1,nginx,91.61,19.98
1790052842.684,research-api-orders-service-1,orders-service,256.63,22.6
1790052842.684,research-api-grafana-1,grafana,0.39,45.23
1790052842.684,research-api-products-service-1,products-service,64.0,15.61
1790052842.684,research-api-inventory-service-1,inventory-service,15.82,11.11
1790052842.684,research-api-users-service-1,users-service,54.81,13.75
1790052842.684,research-api-postgres-1,postgres,73.2,135.9
1790052842.684,research-api-prometheus-1,prometheus,0.06,37.45
1790052842.684,research-api-cadvisor-1,cadvisor,0.01,20.61
1790052847.7,research-api-nginx-1,nginx,88.9,20.84
1790052847.7,research-api-orders-service-1,orders-service,224.5,21.77
1790052847.7,research-api-grafana-1,grafana,0.05,45.23
1790052847.7,research-api-products-service-1,products-service,62.75,14.86
1790052847.7,research-api-inventory-service-1,inventory-service,16.56,10.47
1790052847.7,research-api-users-service-1,users-service,59.4,13.86
1790052847.7,research-api-postgres-1,postgres,75.04,136.3
1790052847.7,research-api-prometheus-1,prometheus,0.03,37.45
1790052847.7,research-api-cadvisor-1,cadvisor,0.0,21.25
1790052852.679,research-api-nginx-1,nginx,87.65,19.96
1790052852.679,research-api-orders-service-1,orders-service,111.08,22.0
1790052852.679,research-api-grafana-1,grafana,0.41,45.23
1790052852.679,research-api-products-service-1,products-service,67.08,16.17
1790052852.679,research-api-inventory-service-1,inventory-service,14.88,11.57
1790052852.679,research-api-users-service-1,users-service,56.88,13.22
1790052852.679,research-api-postgres-1,postgres,76.23,136.9
1790052852.679,research-api-prometheus-1,prometheus,0.11,37.46
1790052852.679,research-api-cadvisor-1,cadvisor,0.93,21.25
1790052857.689,research-api-nginx-1,nginx,92.4,20.95
1790052857.689,research-api-orders-service-1,orders-service,103.21,22.27
1790052857.689,research-api-grafana-1,grafana,0.04,45.23
1790052857.689,research-api-products-service-1,products-service,65.97,16.24
1790052857.689,research-api-inventory-service-1,inventory-service,15.56,11.24
1790052857.689,research-api-users-service-1,users-service,60.36,13.73
1790052857.689,research-api-postgres-1,postgres,75.13,136.5
1790052857.689,research-api-prometheus-1,prometheus,0.03,37.46
1790052857.689,research-api-cadvisor-1,cadvisor,0.0,21.89
1790052862.69,research-api-nginx-1,nginx,88.33,20.52
1790052862.69,research-api-orders-service-1,orders-service,114.08,21.67
1790052862.69,research-api-grafana-1,grafana,0.38,45.23
1790052862.69,research-api-products-service-1,products-service,68.04,15.39
1790052862.69,research-api-inventory-service-1,inventory-service,16.98,12.08
1790052862.69,research-api-users-service-1,users-service,59.61,14.44
1790052862.69,research-api-postgres-1,postgres,76.83,137.3
1790052862.69,research-api-prometheus-1,prometheus,0.04,37.47
1790052862.69,research-api-cadvisor-1,cadvisor,0.03,21.89
1790052867.736,research-api-nginx-1,nginx,92.11,20.47
1790052867.736,research-api-orders-service-1,orders-service,111.34,20.83
1790052867.736,research-api-grafana-1,grafana,0.11,45.23
1790052867.736,research-api-products-service-1,products-service,61.47,16.63
1790052867.736,research-api-inventory-service-1,inventory-service,16.79,11.44
1790052867.736,research-api-users-service-1,users-service,58.6,14.68
1790052867.736,research-api-postgres-1,postgres,74.9,137.6
1790052867.736,research-api-prometheus-1,prometheus,0.04,37.47
1790052867.736,research-api-cadvisor-1,cadvisor,0.0,21.9
1790052872.692,research-api-nginx-1,nginx,91.77,20.95
1790052872.692,research-api-orders-service-1,orders-service,152.85,21.23
1790052872.692,research-api-grafana-1,grafana,0.35,45.23
1790052872.692,research-api-products-service-1,products-service,68.12,16.93
1790052872.692,research-api-inventory-service-1,inventory-service,17.43,11.82
1790052872.692,research-api-users-service-1,users-service,59.68,13.56
1790052872.692,research-api-postgres-1,postgres,78.88,137.6
1790052872.692,research-api-prometheus-1,prometheus,0.05,37.47
1790052872.692,research-api-cadvisor-1,cadvisor,0.02,21.9
1790052877.677,research-api-nginx-1,nginx,83.85,20.84
1790052877.677,research-api-orders-service-1,orders-service,101.65,21.9
1790052877.677,research-api-grafana-1,grafana,0.05,45.23
1790052877.677,research-api-products-service-1,products-service,60.03,15.6
1790052877.677,research-api-inventory-service-1,inventory-service,18.23,10.81
1790052877.677,research-api-users-service-1,users-service,59.01,13.29
1790052877.677,research-api-postgres-1,postgres,73.1,138.4
1790052877.677,research-api-prometheus-1,prometheus,0.02,37.48
1790052877.677,research-api-cadvisor-1,cadvisor,0.0,21.91
1790052882.686,research-api-nginx-1,nginx,85.96,20.18
1790052882.686,research-api-orders-service-1,orders-service,104.62,21.47
1790052882.686,research-api-grafana-1,grafana,2.69,45.25
1790052882.686,research-api-products-service-1,products-service,62.65,15.68
1790052882.686,research-api-inventory-service-1,inventory-service,14.77,11.38
1790052882.686,research-api-users-service-1,users-service,56.87,13.58
1790052882.686,research-api-postgres-1,postgres,71.9,138.4
1790052882.686,research-api-prometheus-1,prometheus,0.18,37.48
1790052882.686,research-api-cadvisor-1,cadvisor,4.6,22.09
1790052887.689,research-api-nginx-1,nginx,91.36,20.88
1790052887.689,research-api-orders-service-1,orders-service,109.79,22.3
1790052887.689,research-api-grafana-1,grafana,0.05,45.25
1790052887.689,research-api-products-service-1,products-service,64.66,15.98
1790052887.689,research-api-inventory-service-1,inventory-service,16.73,11.42
1790052887.689,research-api-users-service-1,users-service,66.46,13.75
1790052887.689,research-api-postgres-1,postgres,77.07,139.3
1790052887.689,research-api-prometheus-1,prometheus,0.04,37.48
1790052887.689,research-api-cadvisor-1,cadvisor,0.0,21.16
1790052892.681,research-api-nginx-1,nginx,89.61,20.61
1790052892.681,research-api-orders-service-1,orders-service,237.32,21.42
1790052892.681,research-api-grafana-1,grafana,0.39,45.25
1790052892.681,research-api-products-service-1,products-service,64.71,15.53
1790052892.681,research-api-inventory-service-1,inventory-service,17.98,11.47
1790052892.681,research-api-users-service-1,users-service,56.93,13.02
1790052892.681,research-api-postgres-1,postgres,75.97,139.8
1790052892.681,research-api-prometheus-1,prometheus,0.06,37.48
1790052892.681,research-api-cadvisor-1,cadvisor,0.02,21.16
1790052897.7,research-api-nginx-1,nginx,92.28,20.68
1790052897.7,research-api-orders-service-1,orders-service,105.16,22.84
1790052897.7,research-api-grafana-1,grafana,0.06,45.25
1790052897.7,research-api-products-service-1,products-service,64.78,15.39
1790052897.7,research-api-inventory-service-1,inventory-service,18.01,10.12
1790052897.7,research-api-users-service-1,users-service,62.35,12.66
1790052897.7,research-api-postgres-1,postgres,74.16,139.6
1790052897.7,research-api-prometheus-1,prometheus,0.04,37.48
1790052897.7,research-api-cadvisor-1,cadvisor,0.0,21.85
1790052902.702,research-api-nginx-1,nginx,88.32,20.43
1790052902.702,research-api-orders-service-1,orders-service,228.98,22.33
1790052902.702,research-api-grafana-1,grafana,0.34,45.25
1790052902.702,research-api-products-service-1,products-service,62.94,16.16
1790052902.702,research-api-inventory-service-1,inventory-service,17.33,11.3
1790052902.702,research-api-users-service-1,users-service,61.85,12.9
1790052902.702,research-api-postgres-1,postgres,77.4,139.8
1790052902.702,research-api-prometheus-1,prometheus,0.06,37.48
1790052902.702,research-api-cadvisor-1,cadvisor,0.04,21.41
1790052907.702,research-api-nginx-1,nginx,94.09,20.72
1790052907.702,research-api-orders-service-1,orders-service,253.02,21.99
1790052907.702,research-api-grafana-1,grafana,0.06,45.25
1790052907.702,research-api-products-service-1,products-service,64.1,16.31
1790052907.702,research-api-inventory-service-1,inventory-service,16.14,10.48
1790052907.702,research-api-users-service-1,users-service,63.83,13.0
1790052907.702,research-api-postgres-1,postgres,76.81,139.4
1790052907.702,research-api-prometheus-1,prometheus,0.06,37.48
1790052907.702,research-api-cadvisor-1,cadvisor,0.0,21.42
1790052912.713,research-api-nginx-1,nginx,92.11,21.0
1790052912.713,research-api-orders-service-1,orders-service,278.15,22.41
1790052912.713,research-api-grafana-1,grafana,0.38,45.25
1790052912.713,research-api-products-service-1,products-service,62.43,15.21
1790052912.713,research-api-inventory-service-1,inventory-service,16.62,11.04
1790052912.713,research-api-users-service-1,users-service,57.53,13.95
1790052912.713,research-api-postgres-1,postgres,77.31,140.0
1790052912.713,research-api-prometheus-1,prometheus,0.05,37.71
1790052912.713,research-api-cadvisor-1,cadvisor,0.02,21.42
1790052917.713,research-api-nginx-1,nginx,93.93,21.41
1790052917.713,research-api-orders-service-1,orders-service,159.2,22.54
1790052917.713,research-api-grafana-1,grafana,0.06,45.25
1790052917.713,research-api-products-service-1,products-service,66.86,16.71
1790052917.713,research-api-inventory-service-1,inventory-service,15.15,10.75
1790052917.713,research-api-users-service-1,users-service,69.13,13.56
1790052917.713,research-api-postgres-1,postgres,78.29,140.6
1790052917.713,research-api-prometheus-1,prometheus,0.03,37.71
1790052917.713,research-api-cadvisor-1,cadvisor,0.0,21.43
1790052922.7,research-api-nginx-1,nginx,90.3,20.79
1790052922.7,research-api-orders-service-1,orders-service,118.68,22.42
1790052922.7,research-api-grafana-1,grafana,0.46,45.25
1790052922.7,research-api-products-service-1,products-service,62.69,15.83
1790052922.7,research-api-inventory-service-1,inventory-service,18.33,11.18
1790052922.7,research-api-users-service-1,users-service,62.07,13.99
1790052922.7,research-api-postgres-1,postgres,78.0,140.3
1790052922.7,research-api-prometheus-1,prometheus,0.05,37.71
1790052922.7,research-api-cadvisor-1,cadvisor,0.02,21.43
1790052927.718,research-api-nginx-1,nginx,89.48,20.68
1790052927.718,research-api-orders-service-1,orders-service,108.37,21.22
1790052927.718,research-api-grafana-1,grafana,0.06,45.25
1790052927.718,research-api-products-service-1,products-service,62.69,15.72
1790052927.718,research-api-inventory-service-1,inventory-service,16.85,11.08
1790052927.718,research-api-users-service-1,users-service,60.98,13.28
1790052927.718,research-api-postgres-1,postgres,76.86,141.3
1790052927.718,research-api-prometheus-1,prometheus,0.03,37.71
1790052927.718,research-api-cadvisor-1,cadvisor,0.0,21.61
1790052932.684,research-api-nginx-1,nginx,86.83,20.53
1790052932.684,research-api-orders-service-1,orders-service,104.61,22.11
1790052932.684,research-api-grafana-1,grafana,0.46,45.25
1790052932.684,research-api-products-service-1,products-service,65.24,16.6
1790052932.684,research-api-inventory-service-1,inventory-service,14.75,11.94
1790052932.684,research-api-users-service-1,users-service,62.44,13.64
1790052932.684,research-api-postgres-1,postgres,86.64,141.1
1790052932.684,research-api-prometheus-1,prometheus,0.06,37.74
1790052932.684,research-api-cadvisor-1,cadvisor,0.01,21.61
1790052937.68,research-api-nginx-1,nginx,90.64,20.51
1790052937.68,research-api-orders-service-1,orders-service,142.65,20.73
1790052937.68,research-api-grafana-1,grafana,0.05,45.25
1790052937.68,research-api-products-service-1,products-service,64.14,16.32
1790052937.68,research-api-inventory-service-1,inventory-service,17.46,10.87
1790052937.68,research-api-users-service-1,users-service,63.83,13.62
1790052937.68,research-api-postgres-1,postgres,75.68,141.1
1790052937.68,research-api-prometheus-1,prometheus,0.03,37.75
1790052937.68,research-api-cadvisor-1,cadvisor,0.31,21.88
1790052942.699,research-api-nginx-1,nginx,89.24,21.04
1790052942.699,research-api-orders-service-1,orders-service,111.52,21.54
1790052942.699,research-api-grafana-1,grafana,1.25,45.25
1790052942.699,research-api-products-service-1,products-service,64.23,16.29
1790052942.699,research-api-inventory-service-1,inventory-service,16.15,12.03
1790052942.699,research-api-users-service-1,users-service,61.41,13.79
1790052942.699,research-api-postgres-1,postgres,79.83,141.9
1790052942.699,research-api-prometheus-1,prometheus,0.34,38.61
1790052942.699,research-api-cadvisor-1,cadvisor,2.93,20.65
1790052947.709,research-api-nginx-1,nginx,92.5,20.51
1790052947.709,research-api-orders-service-1,orders-service,107.32,20.79
1790052947.709,research-api-grafana-1,grafana,0.05,45.25
1790052947.709,research-api-products-service-1,products-service,65.95,16.32
1790052947.709,research-api-inventory-service-1,inventory-service,18.85,10.57
1790052947.709,research-api-users-service-1,users-service,61.88,14.91
1790052947.709,research-api-postgres-1,postgres,76.85,142.4
1790052947.709,research-api-prometheus-1,prometheus,0.03,38.68
1790052947.709,research-api-cadvisor-1,cadvisor,0.0,21.28
1790052952.714,research-api-nginx-1,nginx,88.54,20.76
1790052952.714,research-api-orders-service-1,orders-service,109.47,22.43
1790052952.714,research-api-grafana-1,grafana,0.07,45.25
1790052952.714,research-api-products-service-1,products-service,59.78,15.87
1790052952.714,research-api-inventory-service-1,inventory-service,18.15,12.08
1790052952.714,research-api-users-service-1,users-service,62.91,14.04
1790052952.714,research-api-postgres-1,postgres,75.11,143.5
1790052952.714,research-api-prometheus-1,prometheus,0.07,38.68
1790052952.714,research-api-cadvisor-1,cadvisor,0.03,21.28
1790052957.719,research-api-nginx-1,nginx,95.12,20.72
1790052957.719,research-api-orders-service-1,orders-service,122.28,22.08
1790052957.719,research-api-grafana-1,grafana,0.08,45.25
1790052957.719,research-api-products-service-1,products-service,69.89,16.07
1790052957.719,research-api-inventory-service-1,inventory-service,15.39,10.58
1790052957.719,research-api-users-service-1,users-service,60.89,14.19
1790052957.719,research-api-postgres-1,postgres,76.31,143.3
1790052957.719,research-api-prometheus-1,prometheus,0.04,38.69
1790052957.719,research-api-cadvisor-1,cadvisor,0.0,20.22
1790052962.7,research-api-nginx-1,nginx,94.55,20.12
1790052962.7,research-api-orders-service-1,orders-service,175.6,22.03
1790052962.7,research-api-grafana-1,grafana,0.43,45.25
1790052962.7,research-api-products-service-1,products-service,65.22,16.32
1790052962.7,research-api-inventory-service-1,inventory-service,17.38,10.97
1790052962.7,research-api-users-service-1,users-service,65.6,13.88
1790052962.7,research-api-postgres-1,postgres,80.6,143.7
1790052962.7,research-api-prometheus-1,prometheus,0.07,38.69
1790052962.7,research-api-cadvisor-1,cadvisor,0.03,20.22
1790052967.782,research-api-nginx-1,nginx,98.85,21.41
1790052967.782,research-api-orders-service-1,orders-service,173.74,22.32
1790052967.782,research-api-grafana-1,grafana,0.04,45.25
1790052967.782,research-api-products-service-1,products-service,66.24,15.66
1790052967.782,research-api-inventory-service-1,inventory-service,18.81,11.0
1790052967.782,research-api-users-service-1,users-service,62.76,14.28
1790052967.782,research-api-postgres-1,postgres,80.64,144.0
1790052967.782,research-api-prometheus-1,prometheus,0.04,38.69
1790052967.782,research-api-cadvisor-1,cadvisor,0.0,20.79
1790052972.883,research-api-nginx-1,nginx,108.84,21.79
1790052972.883,research-api-orders-service-1,orders-service,262.46,22.96
1790052972.883,research-api-grafana-1,grafana,0.51,45.25
1790052972.883,research-api-products-service-1,products-service,82.81,16.88
1790052972.883,research-api-inventory-service-1,inventory-service,19.57,12.51
1790052972.883,research-api-users-service-1,users-service,64.71,14.44
1790052972.883,research-api-postgres-1,postgres,94.22,143.7
1790052972.883,research-api-prometheus-1,prometheus,0.26,38.94
1790052972.883,research-api-cadvisor-1,cadvisor,2.19,20.86
1790052977.798,research-api-nginx-1,nginx,116.25,21.88
1790052977.798,research-api-orders-service-1,orders-service,313.34,25.58
1790052977.798,research-api-grafana-1,grafana,0.04,45.25
1790052977.798,research-api-products-service-1,products-service,78.15,16.54
1790052977.798,research-api-inventory-service-1,inventory-service,21.18,11.73
1790052977.798,research-api-users-service-1,users-service,65.27,14.81
1790052977.798,research-api-postgres-1,postgres,118.9,149.4
1790052977.798,research-api-prometheus-1,prometheus,0.04,38.69
1790052977.798,research-api-cadvisor-1,cadvisor,0.0,20.82
1790052982.848,research-api-nginx-1,nginx,128.26,21.85
1790052982.848,research-api-orders-service-1,orders-service,333.02,26.09
1790052982.848,research-api-grafana-1,grafana,0.3,45.25
1790052982.848,research-api-products-service-1,products-service,84.54,17.07
1790052982.848,research-api-inventory-service-1,inventory-service,22.72,11.79
1790052982.848,research-api-users-service-1,users-service,78.92,15.04
1790052982.848,research-api-postgres-1,postgres,123.42,149.6
1790052982.848,research-api-prometheus-1,prometheus,0.27,39.57
1790052982.848,research-api-cadvisor-1,cadvisor,1.03,20.88
1790052987.882,research-api-nginx-1,nginx,150.02,22.35
1790052987.882,research-api-orders-service-1,orders-service,176.28,28.62
1790052987.882,research-api-grafana-1,grafana,0.07,45.25
1790052987.882,research-api-products-service-1,products-service,88.44,18.37
1790052987.882,research-api-inventory-service-1,inventory-service,26.59,12.04
1790052987.882,research-api-users-service-1,users-service,87.85,16.07
1790052987.882,research-api-postgres-1,postgres,139.61,153.4
1790052987.882,research-api-prometheus-1,prometheus,0.0,39.34
1790052987.882,research-api-cadvisor-1,cadvisor,0.25,20.96
1790052992.939,research-api-nginx-1,nginx,148.03,24.88
1790052992.939,research-api-orders-service-1,orders-service,233.29,31.42
1790052992.939,research-api-grafana-1,grafana,0.29,45.25
1790052992.939,research-api-products-service-1,products-service,91.59,18.81
1790052992.939,research-api-inventory-service-1,inventory-service,25.62,12.41
1790052992.939,research-api-users-service-1,users-service,90.11,16.0
1790052992.939,research-api-postgres-1,postgres,139.82,155.6
1790052992.939,research-api-prometheus-1,prometheus,0.22,39.59
1790052992.939,research-api-cadvisor-1,cadvisor,2.16,21.16
1790052997.913,research-api-nginx-1,nginx,112.45,24.68
1790052997.913,research-api-orders-service-1,orders-service,394.08,36.29
1790052997.913,research-api-grafana-1,grafana,0.05,45.25
1790052997.913,research-api-products-service-1,products-service,82.71,18.88
1790052997.913,research-api-inventory-service-1,inventory-service,22.96,11.91
1790052997.913,research-api-users-service-1,users-service,75.99,16.51
1790052997.913,research-api-postgres-1,postgres,124.38,158.1
1790052997.913,research-api-prometheus-1,prometheus,0.0,39.34
1790052997.913,research-api-cadvisor-1,cadvisor,0.47,21.19
1790053002.912,research-api-nginx-1,nginx,120.44,24.02
1790053002.912,research-api-orders-service-1,orders-service,383.15,33.73
1790053002.912,research-api-grafana-1,grafana,1.3,45.27
1790053002.912,research-api-products-service-1,products-service,85.87,18.8
1790053002.912,research-api-inventory-service-1,inventory-service,25.39,13.06
1790053002.912,research-api-users-service-1,users-service,74.74,16.89
1790053002.912,research-api-postgres-1,postgres,123.64,160.4
1790053002.912,research-api-prometheus-1,prometheus,0.31,39.38
1790053002.912,research-api-cadvisor-1,cadvisor,4.39,21.55
1790053007.913,research-api-nginx-1,nginx,145.68,22.49
1790053007.913,research-api-orders-service-1,orders-service,245.61,30.23
1790053007.913,research-api-grafana-1,grafana,0.05,44.96
1790053007.913,research-api-products-service-1,products-service,102.19,18.41
1790053007.913,research-api-inventory-service-1,inventory-service,25.84,13.46
1790053007.913,research-api-users-service-1,users-service,84.6,16.51
1790053007.913,research-api-postgres-1,postgres,145.13,160.7
1790053007.913,research-api-prometheus-1,prometheus,0.0,39.38
1790053007.913,research-api-cadvisor-1,cadvisor,0.0,21.55
1790053012.963,research-api-nginx-1,nginx,165.58,23.95
1790053012.963,research-api-orders-service-1,orders-service,193.44,31.03
1790053012.963,research-api-grafana-1,grafana,0.3,44.96
1790053012.963,research-api-products-service-1,products-service,100.57,18.73
1790053012.963,research-api-inventory-service-1,inventory-service,29.65,14.69
1790053012.963,research-api-users-service-1,users-service,96.22,17.14
1790053012.963,research-api-postgres-1,postgres,146.76,162.1
1790053012.963,research-api-prometheus-1,prometheus,0.23,39.4
1790053012.963,research-api-cadvisor-1,cadvisor,0.97,21.56
1790053017.946,research-api-nginx-1,nginx,136.08,23.4
1790053017.946,research-api-orders-service-1,orders-service,306.46,36.03
1790053017.946,research-api-grafana-1,grafana,0.05,44.96
1790053017.946,research-api-products-service-1,products-service,91.67,18.7
1790053017.946,research-api-inventory-service-1,inventory-service,27.68,13.17
1790053017.946,research-api-users-service-1,users-service,80.67,17.42
1790053017.946,research-api-postgres-1,postgres,122.7,161.6
1790053017.946,research-api-prometheus-1,prometheus,0.0,39.39
1790053017.946,research-api-cadvisor-1,cadvisor,0.0,21.57
1790053022.999,research-api-nginx-1,nginx,94.85,26.92
1790053022.999,research-api-orders-service-1,orders-service,462.62,39.41
1790053022.999,research-api-grafana-1,grafana,0.04,44.96
1790053022.999,research-api-products-service-1,products-service,61.95,19.2
1790053022.999,research-api-inventory-service-1,inventory-service,17.93,13.43
1790053022.999,research-api-users-service-1,users-service,48.32,15.83
1790053022.999,research-api-postgres-1,postgres,77.78,162.5
1790053022.999,research-api-prometheus-1,prometheus,0.23,39.4
1790053022.999,research-api-cadvisor-1,cadvisor,1.54,21.71
1790053027.999,research-api-nginx-1,nginx,89.79,23.23
1790053027.999,research-api-orders-service-1,orders-service,528.38,44.78
1790053027.999,research-api-grafana-1,grafana,0.04,44.96
1790053027.999,research-api-products-service-1,products-service,55.58,18.88
1790053027.999,research-api-inventory-service-1,inventory-service,17.06,12.79
1790053027.999,research-api-users-service-1,users-service,51.72,16.21
1790053027.999,research-api-postgres-1,postgres,77.18,163.1
1790053027.999,research-api-prometheus-1,prometheus,0.0,39.4
1790053027.999,research-api-cadvisor-1,cadvisor,0.0,21.7
1790053032.986,research-api-nginx-1,nginx,141.79,24.67
1790053032.986,research-api-orders-service-1,orders-service,264.38,40.4
1790053032.986,research-api-grafana-1,grafana,0.81,44.96
1790053032.986,research-api-products-service-1,products-service,97.95,19.71
1790053032.986,research-api-inventory-service-1,inventory-service,23.61,14.23
1790053032.986,research-api-users-service-1,users-service,84.84,17.26
1790053032.986,research-api-postgres-1,postgres,131.13,163.1
1790053032.986,research-api-prometheus-1,prometheus,0.31,39.57
1790053032.986,research-api-cadvisor-1,cadvisor,1.04,22.34
1790053038.004,research-api-nginx-1,nginx,119.53,24.39
1790053038.004,research-api-orders-service-1,orders-service,413.35,45.6
1790053038.004,research-api-grafana-1,grafana,0.03,44.96
1790053038.004,research-api-products-service-1,products-service,83.22,19.68
1790053038.004,research-api-inventory-service-1,inventory-service,23.99,12.77
1790053038.004,research-api-users-service-1,users-service,78.98,16.95
1790053038.004,research-api-postgres-1,postgres,155.96,164.2
1790053038.004,research-api-prometheus-1,prometheus,0.0,39.57
1790053038.004,research-api-cadvisor-1,cadvisor,0.0,22.34
1790053043.033,research-api-nginx-1,nginx,124.61,24.48
1790053043.033,research-api-orders-service-1,orders-service,421.65,41.27
1790053043.033,research-api-grafana-1,grafana,0.59,44.96
1790053043.033,research-api-products-service-1,products-service,87.13,18.5
1790053043.033,research-api-inventory-service-1,inventory-service,24.2,13.99
1790053043.033,research-api-users-service-1,users-service,72.79,17.21
1790053043.033,research-api-postgres-1,postgres,120.41,163.8
1790053043.033,research-api-prometheus-1,prometheus,0.26,40.21
1790053043.033,research-api-cadvisor-1,cadvisor,2.4,23.0
1790053047.994,research-api-nginx-1,nginx,88.26,25.18
1790053047.994,research-api-orders-service-1,orders-service,596.27,48.87
1790053047.994,research-api-grafana-1,grafana,0.08,44.96
1790053047.994,research-api-products-service-1,products-service,58.44,18.74
1790053047.994,research-api-inventory-service-1,inventory-service,15.77,12.84
1790053047.994,research-api-users-service-1,users-service,41.87,17.88
1790053047.994,research-api-postgres-1,postgres,75.74,163.9
1790053047.994,research-api-prometheus-1,prometheus,0.0,40.21
1790053047.994,research-api-cadvisor-1,cadvisor,0.0,23.0
1790053053.032,research-api-nginx-1,nginx,106.96,25.6
1790053053.032,research-api-orders-service-1,orders-service,281.79,37.23
1790053053.032,research-api-grafana-1,grafana,0.69,44.96
1790053053.032,research-api-products-service-1,products-service,99.76,18.47
1790053053.032,research-api-inventory-service-1,inventory-service,26.58,13.6
1790053053.032,research-api-users-service-1,users-service,85.27,17.11
1790053053.032,research-api-postgres-1,postgres,140.63,164.5
1790053053.032,research-api-prometheus-1,prometheus,0.27,40.22
1790053053.032,research-api-cadvisor-1,cadvisor,1.02,23.0
1790053057.973,research-api-nginx-1,nginx,165.24,22.04
1790053057.973,research-api-orders-service-1,orders-service,176.67,36.92
1790053057.973,research-api-grafana-1,grafana,0.04,44.96
1790053057.973,research-api-products-service-1,products-service,102.37,17.81
1790053057.973,research-api-inventory-service-1,inventory-service,28.4,12.26
1790053057.973,research-api-users-service-1,users-service,91.73,15.36
1790053057.973,research-api-postgres-1,postgres,149.4,164.7
1790053057.973,research-api-prometheus-1,prometheus,0.0,40.21
1790053057.973,research-api-cadvisor-1,cadvisor,0.0,23.0
1790053063.029,research-api-nginx-1,nginx,163.0,23.32
1790053063.029,research-api-orders-service-1,orders-service,288.98,38.38
1790053063.029,research-api-grafana-1,grafana,1.84,44.96
1790053063.029,research-api-products-service-1,products-service,90.58,19.32
1790053063.029,research-api-inventory-service-1,inventory-service,26.28,13.0
1790053063.029,research-api-users-service-1,users-service,82.17,16.14
1790053063.029,research-api-postgres-1,postgres,127.63,166.0
1790053063.029,research-api-prometheus-1,prometheus,0.28,40.45
1790053063.029,research-api-cadvisor-1,cadvisor,1.98,24.59
1790053068.052,research-api-nginx-1,nginx,123.4,24.43
1790053068.052,research-api-orders-service-1,orders-service,382.28,44.6
1790053068.052,research-api-grafana-1,grafana,0.04,44.96
1790053068.052,research-api-products-service-1,products-service,84.19,18.75
1790053068.052,research-api-inventory-service-1,inventory-service,23.95,12.14
1790053068.052,research-api-users-service-1,users-service,76.08,17.0
1790053068.052,research-api-postgres-1,postgres,116.13,165.9
1790053068.052,research-api-prometheus-1,prometheus,0.0,40.6
1790053068.052,research-api-cadvisor-1,cadvisor,0.0,24.59
1790053073.121,research-api-nginx-1,nginx,163.37,22.32
1790053073.121,research-api-orders-service-1,orders-service,296.82,36.55
1790053073.121,research-api-grafana-1,grafana,0.39,44.96
1790053073.121,research-api-products-service-1,products-service,106.04,17.91
1790053073.121,research-api-inventory-service-1,inventory-service,29.5,14.19
1790053073.121,research-api-users-service-1,users-service,73.5,15.91
1790053073.121,research-api-postgres-1,postgres,143.58,167.5
1790053073.121,research-api-prometheus-1,prometheus,0.33,40.64
1790053073.121,research-api-cadvisor-1,cadvisor,1.33,24.73
1790053078.143,research-api-nginx-1,nginx,161.0,21.82
1790053078.143,research-api-orders-service-1,orders-service,166.73,36.38
1790053078.143,research-api-grafana-1,grafana,0.06,44.96
1790053078.143,research-api-products-service-1,products-service,99.81,19.17
1790053078.143,research-api-inventory-service-1,inventory-service,31.44,12.78
1790053078.143,research-api-users-service-1,users-service,89.68,15.55
1790053078.143,research-api-postgres-1,postgres,151.03,167.8
1790053078.143,research-api-prometheus-1,prometheus,0.0,40.64
1790053078.143,research-api-cadvisor-1,cadvisor,0.0,24.73
1790053083.061,research-api-nginx-1,nginx,160.47,22.73
1790053083.061,research-api-orders-service-1,orders-service,229.81,36.5
1790053083.061,research-api-grafana-1,grafana,0.35,44.96
1790053083.061,research-api-products-service-1,products-service,109.74,18.11
1790053083.061,research-api-inventory-service-1,inventory-service,30.06,13.36
1790053083.061,research-api-users-service-1,users-service,91.4,15.46
1790053083.061,research-api-postgres-1,postgres,139.29,167.8
1790053083.061,research-api-prometheus-1,prometheus,0.24,40.65
1790053083.061,research-api-cadvisor-1,cadvisor,1.64,21.89
1790053088.132,research-api-nginx-1,nginx,105.37,24.71
1790053088.132,research-api-orders-service-1,orders-service,525.46,44.53
1790053088.132,research-api-grafana-1,grafana,0.06,44.96
1790053088.132,research-api-products-service-1,products-service,66.03,17.34
1790053088.132,research-api-inventory-service-1,inventory-service,20.38,12.8
1790053088.132,research-api-users-service-1,users-service,52.35,14.95
1790053088.132,research-api-postgres-1,postgres,84.8,167.8
1790053088.132,research-api-prometheus-1,prometheus,0.0,40.64
1790053088.132,research-api-cadvisor-1,cadvisor,0.29,21.89
1790053093.101,research-api-nginx-1,nginx,89.18,26.42
1790053093.101,research-api-orders-service-1,orders-service,726.83,55.09
1790053093.101,research-api-grafana-1,grafana,0.56,44.96
1790053093.101,research-api-products-service-1,products-service,46.3,19.17
1790053093.101,research-api-inventory-service-1,inventory-service,16.16,13.93
1790053093.101,research-api-users-service-1,users-service,37.81,14.63
1790053093.101,research-api-postgres-1,postgres,48.99,168.3
1790053093.101,research-api-prometheus-1,prometheus,0.28,40.65
1790053093.101,research-api-cadvisor-1,cadvisor,1.03,21.89
1790053098.097,research-api-nginx-1,nginx,128.07,22.6
1790053098.097,research-api-orders-service-1,orders-service,293.01,37.6
1790053098.097,research-api-grafana-1,grafana,0.04,44.96
1790053098.097,research-api-products-service-1,products-service,84.68,18.07
1790053098.097,research-api-inventory-service-1,inventory-service,23.12,12.86
1790053098.097,research-api-users-service-1,users-service,81.18,16.56
1790053098.097,research-api-postgres-1,postgres,137.41,169.4
1790053098.097,research-api-prometheus-1,prometheus,0.0,40.64
1790053098.097,research-api-cadvisor-1,cadvisor,0.25,21.89
1790053103.12,research-api-nginx-1,nginx,138.2,24.0
1790053103.12,research-api-orders-service-1,orders-service,310.15,42.13
1790053103.12,research-api-grafana-1,grafana,0.76,44.96
1790053103.12,research-api-products-service-1,products-service,91.39,19.04
1790053103.12,research-api-inventory-service-1,inventory-service,26.46,13.89
1790053103.12,research-api-users-service-1,users-service,79.03,16.47
1790053103.12,research-api-postgres-1,postgres,137.55,168.9
1790053103.12,research-api-prometheus-1,prometheus,0.25,40.65
1790053103.12,research-api-cadvisor-1,cadvisor,1.74,21.97
1790053108.179,research-api-nginx-1,nginx,163.89,23.25
1790053108.179,research-api-orders-service-1,orders-service,439.78,44.77
1790053108.179,research-api-grafana-1,grafana,0.06,44.96
1790053108.179,research-api-products-service-1,products-service,79.84,19.14
1790053108.179,research-api-inventory-service-1,inventory-service,22.73,12.73
1790053108.179,research-api-users-service-1,users-service,73.25,17.36
1790053108.179,research-api-postgres-1,postgres,124.33,169.9
1790053108.179,research-api-prometheus-1,prometheus,0.0,40.64
1790053108.179,research-api-cadvisor-1,cadvisor,0.0,21.97
1790053113.162,research-api-nginx-1,nginx,100.96,26.4
1790053113.162,research-api-orders-service-1,orders-service,576.9,45.97
1790053113.162,research-api-grafana-1,grafana,0.36,44.96
1790053113.162,research-api-products-service-1,products-service,71.64,17.4
1790053113.162,research-api-inventory-service-1,inventory-service,18.3,13.27
1790053113.162,research-api-users-service-1,users-service,55.86,16.08
1790053113.162,research-api-postgres-1,postgres,102.0,170.1
1790053113.162,research-api-prometheus-1,prometheus,0.24,40.65
1790053113.162,research-api-cadvisor-1,cadvisor,1.15,22.78
1790053118.131,research-api-nginx-1,nginx,107.05,23.7
1790053118.131,research-api-orders-service-1,orders-service,474.12,44.91
1790053118.131,research-api-grafana-1,grafana,0.03,44.96
1790053118.131,research-api-products-service-1,products-service,78.39,20.58
1790053118.131,research-api-inventory-service-1,inventory-service,17.34,13.05
1790053118.131,research-api-users-service-1,users-service,68.58,18.02
1790053118.131,research-api-postgres-1,postgres,106.84,171.6
1790053118.131,research-api-prometheus-1,prometheus,0.0,40.64
1790053118.131,research-api-cadvisor-1,cadvisor,0.0,22.77
1790053123.152,research-api-nginx-1,nginx,157.44,21.83
1790053123.152,research-api-orders-service-1,orders-service,176.69,36.32
1790053123.152,research-api-grafana-1,grafana,1.2,44.98
1790053123.152,research-api-products-service-1,products-service,102.13,20.3
1790053123.152,research-api-inventory-service-1,inventory-service,22.32,13.91
1790053123.152,research-api-users-service-1,users-service,87.59,15.97
1790053123.152,research-api-postgres-1,postgres,141.96,171.1
1790053123.152,research-api-prometheus-1,prometheus,0.29,40.65
1790053123.152,research-api-cadvisor-1,cadvisor,2.21,20.05
1790053128.143,research-api-nginx-1,nginx,156.73,22.61
1790053128.143,research-api-orders-service-1,orders-service,211.4,38.46
1790053128.143,research-api-grafana-1,grafana,0.03,44.98
1790053128.143,research-api-products-service-1,products-service,105.96,17.97
1790053128.143,research-api-inventory-service-1,inventory-service,29.14,13.4
1790053128.143,research-api-users-service-1,users-service,92.67,16.73
1790053128.143,research-api-postgres-1,postgres,144.19,171.2
1790053128.143,research-api-prometheus-1,prometheus,0.0,40.65
1790053128.143,research-api-cadvisor-1,cadvisor,0.0,20.05
1790053133.054,research-api-nginx-1,nginx,124.42,24.5
1790053133.054,research-api-orders-service-1,orders-service,445.74,42.35
1790053133.054,research-api-grafana-1,grafana,0.32,44.98
1790053133.054,research-api-products-service-1,products-service,89.2,18.37
1790053133.054,research-api-inventory-service-1,inventory-service,21.55,14.0
1790053133.054,research-api-users-service-1,users-service,74.91,16.9
1790053133.054,research-api-postgres-1,postgres,129.29,172.5
1790053133.054,research-api-prometheus-1,prometheus,0.29,40.66
1790053133.054,research-api-cadvisor-1,cadvisor,1.09,20.68
1790053138.09,research-api-nginx-1,nginx,112.55,25.0
1790053138.09,research-api-orders-service-1,orders-service,455.84,42.35
1790053138.09,research-api-grafana-1,grafana,0.08,44.98
1790053138.09,research-api-products-service-1,products-service,74.0,19.51
1790053138.09,research-api-inventory-service-1,inventory-service,21.87,12.87
1790053138.09,research-api-users-service-1,users-service,69.29,17.99
1790053138.09,research-api-postgres-1,postgres,106.45,171.7
1790053138.09,research-api-prometheus-1,prometheus,0.0,40.65
1790053138.09,research-api-cadvisor-1,cadvisor,0.0,20.68
1790053143.086,research-api-nginx-1,nginx,133.24,25.29
1790053143.086,research-api-orders-service-1,orders-service,248.35,37.3
1790053143.086,research-api-grafana-1,grafana,0.47,44.98
1790053143.086,research-api-products-service-1,products-service,93.06,19.04
1790053143.086,research-api-inventory-service-1,inventory-service,25.79,13.85
1790053143.086,research-api-users-service-1,users-service,85.94,17.34
1790053143.086,research-api-postgres-1,postgres,145.15,172.8
1790053143.086,research-api-prometheus-1,prometheus,0.24,40.66
1790053143.086,research-api-cadvisor-1,cadvisor,2.15,21.61
1790053148.089,research-api-nginx-1,nginx,139.54,25.46
1790053148.089,research-api-orders-service-1,orders-service,269.7,41.79
1790053148.089,research-api-grafana-1,grafana,0.05,44.98
1790053148.089,research-api-products-service-1,products-service,93.37,18.92
1790053148.089,research-api-inventory-service-1,inventory-service,25.99,12.57
1790053148.089,research-api-users-service-1,users-service,92.89,18.4
1790053148.089,research-api-postgres-1,postgres,121.24,174.2
1790053148.089,research-api-prometheus-1,prometheus,0.0,40.66
1790053148.089,research-api-cadvisor-1,cadvisor,0.0,21.61
1790053153.117,research-api-nginx-1,nginx,104.36,24.44
1790053153.117,research-api-orders-service-1,orders-service,459.97,40.86
1790053153.117,research-api-grafana-1,grafana,0.49,44.98
1790053153.117,research-api-products-service-1,products-service,72.08,18.79
1790053153.117,research-api-inventory-service-1,inventory-service,18.71,13.54
1790053153.117,research-api-users-service-1,users-service,69.03,17.57
1790053153.117,research-api-postgres-1,postgres,112.46,173.8
1790053153.117,research-api-prometheus-1,prometheus,0.3,40.66
1790053153.117,research-api-cadvisor-1,cadvisor,1.13,22.34
1790053158.115,research-api-nginx-1,nginx,84.67,26.95
1790053158.115,research-api-orders-service-1,orders-service,712.46,50.28
1790053158.115,research-api-grafana-1,grafana,0.03,44.98
1790053158.115,research-api-products-service-1,products-service,48.13,17.96
1790053158.115,research-api-inventory-service-1,inventory-service,17.37,13.11
1790053158.115,research-api-users-service-1,users-service,36.32,17.15
1790053158.115,research-api-postgres-1,postgres,44.81,173.8
1790053158.115,research-api-prometheus-1,prometheus,0.02,40.66
1790053158.115,research-api-cadvisor-1,cadvisor,0.0,22.34
1790053163.205,research-api-nginx-1,nginx,104.3,22.56
1790053163.205,research-api-orders-service-1,orders-service,540.78,44.71
1790053163.205,research-api-grafana-1,grafana,0.5,44.98
1790053163.205,research-api-products-service-1,products-service,67.85,17.75
1790053163.205,research-api-inventory-service-1,inventory-service,19.68,14.36
1790053163.205,research-api-users-service-1,users-service,65.18,18.11
1790053163.205,research-api-postgres-1,postgres,108.8,174.3
1790053163.205,research-api-prometheus-1,prometheus,0.32,40.67
1790053163.205,research-api-cadvisor-1,cadvisor,2.99,23.37
1790053168.186,research-api-nginx-1,nginx,149.28,22.84
1790053168.186,research-api-orders-service-1,orders-service,208.57,40.66
1790053168.186,research-api-grafana-1,grafana,0.05,44.98
1790053168.186,research-api-products-service-1,products-service,67.82,18.58
1790053168.186,research-api-inventory-service-1,inventory-service,25.89,12.93
1790053168.186,research-api-users-service-1,users-service,80.02,16.91
1790053168.186,research-api-postgres-1,postgres,147.51,175.6
1790053168.186,research-api-prometheus-1,prometheus,0.0,40.66
1790053168.186,research-api-cadvisor-1,cadvisor,0.0,23.37
1790053173.183,research-api-nginx-1,nginx,125.72,24.19
1790053173.183,research-api-orders-service-1,orders-service,384.98,44.39
1790053173.183,research-api-grafana-1,grafana,0.34,44.98
1790053173.183,research-api-products-service-1,products-service,86.22,17.37
1790053173.183,research-api-inventory-service-1,inventory-service,22.16,13.67
1790053173.183,research-api-users-service-1,users-service,75.19,16.16
1790053173.183,research-api-postgres-1,postgres,121.08,175.1
1790053173.183,research-api-prometheus-1,prometheus,0.26,40.67
1790053173.183,research-api-cadvisor-1,cadvisor,0.93,23.39
1790053178.243,research-api-nginx-1,nginx,112.33,24.87
1790053178.243,research-api-orders-service-1,orders-service,436.16,46.31
1790053178.243,research-api-grafana-1,grafana,0.04,44.98
1790053178.243,research-api-products-service-1,products-service,72.07,17.58
1790053178.243,research-api-inventory-service-1,inventory-service,21.76,12.95
1790053178.243,research-api-users-service-1,users-service,70.53,15.48
1790053178.243,research-api-postgres-1,postgres,112.47,176.1
1790053178.243,research-api-prometheus-1,prometheus,0.02,40.67
1790053178.243,research-api-cadvisor-1,cadvisor,0.0,23.39
1790053183.232,research-api-nginx-1,nginx,116.37,25.45
1790053183.232,research-api-orders-service-1,orders-service,560.42,47.67
1790053183.232,research-api-grafana-1,grafana,1.49,44.98
1790053183.232,research-api-products-service-1,products-service,82.33,18.59
1790053183.232,research-api-inventory-service-1,inventory-service,22.12,13.8
1790053183.232,research-api-users-service-1,users-service,62.41,17.41
1790053183.232,research-api-postgres-1,postgres,95.19,176.1
1790053183.232,research-api-prometheus-1,prometheus,0.28,40.69
1790053183.232,research-api-cadvisor-1,cadvisor,1.89,22.01
1790053188.275,research-api-nginx-1,nginx,138.93,22.16
1790053188.275,research-api-orders-service-1,orders-service,245.31,39.49
1790053188.275,research-api-grafana-1,grafana,0.07,44.98
1790053188.275,research-api-products-service-1,products-service,97.93,18.38
1790053188.275,research-api-inventory-service-1,inventory-service,23.63,13.68
1790053188.275,research-api-users-service-1,users-service,82.45,16.51
1790053188.275,research-api-postgres-1,postgres,141.96,176.6
1790053188.275,research-api-prometheus-1,prometheus,0.0,40.69
1790053188.275,research-api-cadvisor-1,cadvisor,0.0,20.6
1790053193.204,research-api-nginx-1,nginx,162.05,22.16
1790053193.204,research-api-orders-service-1,orders-service,174.34,37.5
1790053193.204,research-api-grafana-1,grafana,0.65,44.98
1790053193.204,research-api-products-service-1,products-service,105.85,18.71
1790053193.204,research-api-inventory-service-1,inventory-service,27.82,14.25
1790053193.204,research-api-users-service-1,users-service,89.69,16.03
1790053193.204,research-api-postgres-1,postgres,149.61,177.1
1790053193.204,research-api-prometheus-1,prometheus,0.25,36.96
1790053193.204,research-api-cadvisor-1,cadvisor,0.81,20.6
1790053198.208,research-api-nginx-1,nginx,134.95,24.04
1790053198.208,research-api-orders-service-1,orders-service,364.59,46.37
1790053198.208,research-api-grafana-1,grafana,0.05,44.98
1790053198.208,research-api-products-service-1,products-service,89.53,17.72
1790053198.208,research-api-inventory-service-1,inventory-service,27.68,13.24
1790053198.208,research-api-users-service-1,users-service,83.23,16.86
1790053198.208,research-api-postgres-1,postgres,115.9,177.7
1790053198.208,research-api-prometheus-1,prometheus,0.0,36.95
1790053198.208,research-api-cadvisor-1,cadvisor,0.0,20.6
1790053203.15,research-api-nginx-1,nginx,134.09,23.62
1790053203.15,research-api-orders-service-1,orders-service,411.42,43.15
1790053203.15,research-api-grafana-1,grafana,0.38,44.98
1790053203.15,research-api-products-service-1,products-service,91.82,18.45
1790053203.15,research-api-inventory-service-1,inventory-service,21.45,14.78
1790053203.15,research-api-users-service-1,users-service,82.3,16.59
1790053203.15,research-api-postgres-1,postgres,124.17,178.5
1790053203.15,research-api-prometheus-1,prometheus,0.25,36.96
1790053203.15,research-api-cadvisor-1,cadvisor,2.15,21.24
1790053208.265,research-api-nginx-1,nginx,130.46,21.79
1790053208.265,research-api-orders-service-1,orders-service,319.14,39.27
1790053208.265,research-api-grafana-1,grafana,0.03,44.98
1790053208.265,research-api-products-service-1,products-service,86.44,19.25
1790053208.265,research-api-inventory-service-1,inventory-service,22.98,12.96
1790053208.265,research-api-users-service-1,users-service,73.81,16.87
1790053208.265,research-api-postgres-1,postgres,131.24,178.5
1790053208.265,research-api-prometheus-1,prometheus,0.0,36.95
1790053208.265,research-api-cadvisor-1,cadvisor,0.0,21.24
1790053213.271,research-api-nginx-1,nginx,152.43,22.8
1790053213.271,research-api-orders-service-1,orders-service,290.36,37.78
1790053213.271,research-api-grafana-1,grafana,0.07,44.98
1790053213.271,research-api-products-service-1,products-service,95.21,19.63
1790053213.271,research-api-inventory-service-1,inventory-service,30.24,13.21
1790053213.271,research-api-users-service-1,users-service,84.92,17.88
1790053213.271,research-api-postgres-1,postgres,141.14,183.0
1790053213.271,research-api-prometheus-1,prometheus,0.28,37.82
1790053213.271,research-api-cadvisor-1,cadvisor,0.94,21.88
1790053218.26,research-api-nginx-1,nginx,151.25,23.81
1790053218.26,research-api-orders-service-1,orders-service,398.36,44.8
1790053218.26,research-api-grafana-1,grafana,0.03,44.98
1790053218.26,research-api-products-service-1,products-service,107.31,18.52
1790053218.26,research-api-inventory-service-1,inventory-service,27.82,12.76
1790053218.26,research-api-users-service-1,users-service,78.4,16.82
1790053218.26,research-api-postgres-1,postgres,140.36,179.6
1790053218.26,research-api-prometheus-1,prometheus,0.0,37.82
1790053218.26,research-api-cadvisor-1,cadvisor,0.0,21.88
1790053223.22,research-api-nginx-1,nginx,126.11,24.98
1790053223.22,research-api-orders-service-1,orders-service,617.35,47.88
1790053223.22,research-api-grafana-1,grafana,0.07,44.98
1790053223.22,research-api-products-service-1,products-service,62.28,16.84
1790053223.22,research-api-inventory-service-1,inventory-service,17.35,13.48
1790053223.22,research-api-users-service-1,users-service,76.12,16.7
1790053223.22,research-api-postgres-1,postgres,81.68,180.2
1790053223.22,research-api-prometheus-1,prometheus,0.27,38.7
1790053223.22,research-api-cadvisor-1,cadvisor,2.92,22.1
1790053228.177,research-api-nginx-1,nginx,79.95,27.08
1790053228.177,research-api-orders-service-1,orders-service,725.02,50.11
1790053228.177,research-api-grafana-1,grafana,0.06,44.98
1790053228.177,research-api-products-service-1,products-service,44.95,18.27
1790053228.177,research-api-inventory-service-1,inventory-service,14.26,13.49
1790053228.177,research-api-users-service-1,users-service,33.15,17.35
1790053228.177,research-api-postgres-1,postgres,49.94,179.4
1790053228.177,research-api-prometheus-1,prometheus,0.0,38.7
1790053228.177,research-api-cadvisor-1,cadvisor,0.0,22.1
1790053233.232,research-api-nginx-1,nginx,129.43,21.63
1790053233.232,research-api-orders-service-1,orders-service,305.45,40.61
1790053233.232,research-api-grafana-1,grafana,0.34,44.98
1790053233.232,research-api-products-service-1,products-service,86.2,18.4
1790053233.232,research-api-inventory-service-1,inventory-service,22.19,13.62
1790053233.232,research-api-users-service-1,users-service,75.93,17.29
1790053233.232,research-api-postgres-1,postgres,131.05,181.4
1790053233.232,research-api-prometheus-1,prometheus,0.26,38.7
1790053233.232,research-api-cadvisor-1,cadvisor,1.02,22.4
1790053238.262,research-api-nginx-1,nginx,138.32,24.43
1790053238.262,research-api-orders-service-1,orders-service,225.03,43.56
1790053238.262,research-api-grafana-1,grafana,0.03,44.98
1790053238.262,research-api-products-service-1,products-service,90.68,18.71
1790053238.262,research-api-inventory-service-1,inventory-service,27.99,13.42
1790053238.262,research-api-users-service-1,users-service,78.12,16.85
1790053238.262,research-api-postgres-1,postgres,117.66,180.8
1790053238.262,research-api-prometheus-1,prometheus,0.0,38.7
1790053238.262,research-api-cadvisor-1,cadvisor,0.0,22.4
1790053243.23,research-api-nginx-1,nginx,125.4,24.68
1790053243.23,research-api-orders-service-1,orders-service,419.57,45.4
1790053243.23,research-api-grafana-1,grafana,1.0,44.98
1790053243.23,research-api-products-service-1,products-service,82.5,19.6
1790053243.23,research-api-inventory-service-1,inventory-service,25.8,14.0
1790053243.23,research-api-users-service-1,users-service,88.01,16.9
1790053243.23,research-api-postgres-1,postgres,115.52,181.8
1790053243.23,research-api-prometheus-1,prometheus,0.25,38.7
1790053243.23,research-api-cadvisor-1,cadvisor,1.73,20.6
1790053248.153,research-api-nginx-1,nginx,117.78,25.02
1790053248.153,research-api-orders-service-1,orders-service,448.95,46.0
1790053248.153,research-api-grafana-1,grafana,0.03,44.98
1790053248.153,research-api-products-service-1,products-service,83.3,18.2
1790053248.153,research-api-inventory-service-1,inventory-service,22.85,13.05
1790053248.153,research-api-users-service-1,users-service,74.65,17.86
1790053248.153,research-api-postgres-1,postgres,111.74,182.3
1790053248.153,research-api-prometheus-1,prometheus,0.0,38.7
1790053248.153,research-api-cadvisor-1,cadvisor,0.0,20.6
1790053253.281,research-api-nginx-1,nginx,106.04,22.93
1790053253.281,research-api-orders-service-1,orders-service,455.32,45.84
1790053253.281,research-api-grafana-1,grafana,0.46,44.98
1790053253.281,research-api-products-service-1,products-service,72.54,17.46
1790053253.281,research-api-inventory-service-1,inventory-service,17.96,13.79
1790053253.281,research-api-users-service-1,users-service,60.69,15.93
1790053253.281,research-api-postgres-1,postgres,106.49,183.0
1790053253.281,research-api-prometheus-1,prometheus,0.25,38.7
1790053253.281,research-api-cadvisor-1,cadvisor,1.55,21.22
1790053258.239,research-api-nginx-1,nginx,161.5,21.58
1790053258.239,research-api-orders-service-1,orders-service,172.94,39.73
1790053258.239,research-api-grafana-1,grafana,0.05,44.98
1790053258.239,research-api-products-service-1,products-service,103.49,18.68
1790053258.239,research-api-inventory-service-1,inventory-service,20.89,13.48
1790053258.239,research-api-users-service-1,users-service,87.55,16.81
1790053258.239,research-api-postgres-1,postgres,150.63,183.4
1790053258.239,research-api-prometheus-1,prometheus,0.0,38.7
1790053258.239,research-api-cadvisor-1,cadvisor,0.0,21.22
1790053263.257,research-api-nginx-1,nginx,152.25,24.16
1790053263.257,research-api-orders-service-1,orders-service,239.92,40.58
1790053263.257,research-api-grafana-1,grafana,0.25,44.99
1790053263.257,research-api-products-service-1,products-service,99.05,19.5
1790053263.257,research-api-inventory-service-1,inventory-service,27.28,13.52
1790053263.257,research-api-users-service-1,users-service,82.58,16.62
1790053263.257,research-api-postgres-1,postgres,133.08,183.8
1790053263.257,research-api-prometheus-1,prometheus,0.25,38.7
1790053263.257,research-api-cadvisor-1,cadvisor,2.04,21.02
1790053268.305,research-api-nginx-1,nginx,121.25,22.4
1790053268.305,research-api-orders-service-1,orders-service,214.46,39.38
1790053268.305,research-api-grafana-1,grafana,0.02,44.99
1790053268.305,research-api-products-service-1,products-service,89.9,18.59
1790053268.305,research-api-inventory-service-1,inventory-service,23.57,12.88
1790053268.305,research-api-users-service-1,users-service,74.51,16.44
1790053268.305,research-api-postgres-1,postgres,117.07,183.8
1790053268.305,research-api-prometheus-1,prometheus,0.0,38.7
1790053268.305,research-api-cadvisor-1,cadvisor,0.0,21.02
1790053273.231,research-api-nginx-1,nginx,118.94,25.14
1790053273.231,research-api-orders-service-1,orders-service,490.54,45.3
1790053273.231,research-api-grafana-1,grafana,0.34,44.99
1790053273.231,research-api-products-service-1,products-service,80.85,20.47
1790053273.231,research-api-inventory-service-1,inventory-service,21.41,14.14
1790053273.231,research-api-users-service-1,users-service,70.76,16.42
1790053273.231,research-api-postgres-1,postgres,116.58,186.1
1790053273.231,research-api-prometheus-1,prometheus,0.26,38.7
1790053273.231,research-api-cadvisor-1,cadvisor,0.97,21.03
1790053278.279,research-api-nginx-1,nginx,139.84,21.27
1790053278.279,research-api-orders-service-1,orders-service,239.97,40.57
1790053278.279,research-api-grafana-1,grafana,0.06,44.99
1790053278.279,research-api-products-service-1,products-service,96.6,18.18
1790053278.279,research-api-inventory-service-1,inventory-service,24.14,12.36
1790053278.279,research-api-users-service-1,users-service,81.16,16.32
1790053278.279,research-api-postgres-1,postgres,143.01,185.9
1790053278.279,research-api-prometheus-1,prometheus,0.02,38.7
1790053278.279,research-api-cadvisor-1,cadvisor,0.0,21.11
1790053283.271,research-api-nginx-1,nginx,146.3,23.93
1790053283.271,research-api-orders-service-1,orders-service,292.46,41.91
1790053283.271,research-api-grafana-1,grafana,0.06,44.99
1790053283.271,research-api-products-service-1,products-service,100.87,18.09
1790053283.271,research-api-inventory-service-1,inventory-service,25.04,13.21
1790053283.271,research-api-users-service-1,users-service,75.87,17.47
1790053283.271,research-api-postgres-1,postgres,126.92,185.6
1790053283.271,research-api-prometheus-1,prometheus,0.27,38.7
1790053283.271,research-api-cadvisor-1,cadvisor,0.95,21.91
1790053288.306,research-api-nginx-1,nginx,101.3,26.21
1790053288.306,research-api-orders-service-1,orders-service,554.94,47.43
1790053288.306,research-api-grafana-1,grafana,0.04,44.99
1790053288.306,research-api-products-service-1,products-service,64.35,18.28
1790053288.306,research-api-inventory-service-1,inventory-service,19.56,12.12
1790053288.306,research-api-users-service-1,users-service,56.22,17.53
1790053288.306,research-api-postgres-1,postgres,83.51,186.4
1790053288.306,research-api-prometheus-1,prometheus,0.0,38.7
1790053288.306,research-api-cadvisor-1,cadvisor,0.0,21.91
1790053293.218,research-api-nginx-1,nginx,103.29,26.59
1790053293.218,research-api-orders-service-1,orders-service,628.47,48.04
1790053293.218,research-api-grafana-1,grafana,0.3,44.99
1790053293.218,research-api-products-service-1,products-service,63.61,19.12
1790053293.218,research-api-inventory-service-1,inventory-service,18.22,13.8
1790053293.218,research-api-users-service-1,users-service,53.88,15.98
1790053293.218,research-api-postgres-1,postgres,76.41,187.2
1790053293.218,research-api-prometheus-1,prometheus,0.28,38.7
1790053293.218,research-api-cadvisor-1,cadvisor,2.67,23.3
1790053298.287,research-api-nginx-1,nginx,75.97,24.28
1790053298.287,research-api-orders-service-1,orders-service,545.31,52.37
1790053298.287,research-api-grafana-1,grafana,0.03,44.99
1790053298.287,research-api-products-service-1,products-service,51.64,18.27
1790053298.287,research-api-inventory-service-1,inventory-service,12.9,12.14
1790053298.287,research-api-users-service-1,users-service,49.27,17.48
1790053298.287,research-api-postgres-1,postgres,79.84,187.4
1790053298.287,research-api-prometheus-1,prometheus,0.0,38.7
1790053298.287,research-api-cadvisor-1,cadvisor,0.0,23.3
1790053303.285,research-api-nginx-1,nginx,153.76,20.85
1790053303.285,research-api-orders-service-1,orders-service,158.27,38.76
1790053303.285,research-api-grafana-1,grafana,0.44,44.99
1790053303.285,research-api-products-service-1,products-service,96.72,17.48
1790053303.285,research-api-inventory-service-1,inventory-service,26.25,13.32
1790053303.285,research-api-users-service-1,users-service,84.56,16.55
1790053303.285,research-api-postgres-1,postgres,132.11,188.1
1790053303.285,research-api-prometheus-1,prometheus,0.24,38.71
1790053303.285,research-api-cadvisor-1,cadvisor,1.01,24.11
1790053308.208,research-api-nginx-1,nginx,140.97,21.86
1790053308.208,research-api-orders-service-1,orders-service,141.32,36.12
1790053308.208,research-api-grafana-1,grafana,0.04,44.99
1790053308.208,research-api-products-service-1,products-service,86.57,18.03
1790053308.208,research-api-inventory-service-1,inventory-service,22.53,12.39
1790053308.208,research-api-users-service-1,users-service,79.47,15.54
1790053308.208,research-api-postgres-1,postgres,106.27,188.4
1790053308.208,research-api-prometheus-1,prometheus,0.0,38.71
1790053308.208,research-api-cadvisor-1,cadvisor,0.0,24.12
1790053313.164,research-api-nginx-1,nginx,114.66,21.24
1790053313.164,research-api-orders-service-1,orders-service,190.39,35.52
1790053313.164,research-api-grafana-1,grafana,0.45,44.99
1790053313.164,research-api-products-service-1,products-service,72.35,17.16
1790053313.164,research-api-inventory-service-1,inventory-service,24.52,12.81
1790053313.164,research-api-users-service-1,users-service,64.07,14.8
1790053313.164,research-api-postgres-1,postgres,83.75,188.1
1790053313.164,research-api-prometheus-1,prometheus,0.23,39.57
1790053313.164,research-api-cadvisor-1,cadvisor,1.39,24.39
1790053318.117,research-api-nginx-1,nginx,70.75,21.25
1790053318.117,research-api-orders-service-1,orders-service,75.42,35.57
1790053318.117,research-api-grafana-1,grafana,0.13,44.99
1790053318.117,research-api-products-service-1,products-service,51.91,16.62
1790053318.117,research-api-inventory-service-1,inventory-service,14.06,13.13
1790053318.117,research-api-users-service-1,users-service,50.09,15.08
1790053318.117,research-api-postgres-1,postgres,56.64,188.2
1790053318.117,research-api-prometheus-1,prometheus,0.0,39.57
1790053318.117,research-api-cadvisor-1,cadvisor,0.0,24.39
1790053323.024,research-api-nginx-1,nginx,26.17,21.83
1790053323.024,research-api-orders-service-1,orders-service,32.6,33.4
1790053323.024,research-api-grafana-1,grafana,0.33,44.99
1790053323.024,research-api-products-service-1,products-service,19.96,16.38
1790053323.024,research-api-inventory-service-1,inventory-service,5.23,13.33
1790053323.024,research-api-users-service-1,users-service,22.02,15.52
1790053323.024,research-api-postgres-1,postgres,26.28,188.8
1790053323.024,research-api-prometheus-1,prometheus,0.36,39.63
1790053323.024,research-api-cadvisor-1,cadvisor,2.44,22.08
1790053328.042,research-api-nginx-1,nginx,0.0,16.49
1790053328.042,research-api-orders-service-1,orders-service,0.0,33.09
1790053328.042,research-api-grafana-1,grafana,0.04,44.99
1790053328.042,research-api-products-service-1,products-service,0.0,15.34
1790053328.042,research-api-inventory-service-1,inventory-service,0.02,12.33
1790053328.042,research-api-users-service-1,users-service,0.0,14.24
1790053328.042,research-api-postgres-1,postgres,4.44,187.8
1790053328.042,research-api-prometheus-1,prometheus,0.0,39.63
1790053328.042,research-api-cadvisor-1,cadvisor,0.32,21.85
