timestamp,container,service,cpu_percent,memory_mb
1789454695.042,research-api-nginx-1,nginx,2.19,13.13
1789454695.042,research-api-users-service-1,users-service,0.74,7.18
1789454695.042,research-api-grafana-1,grafana,0.04,53.82
1789454695.042,research-api-monolith-partial-1,monolith-partial,3.41,6.641
1789454695.042,research-api-products-service-1,products-service,1.19,7.246
1789454695.042,research-api-postgres-1,postgres,2.99,31.94
1789454695.042,research-api-prometheus-1,prometheus,0.0,31.0
1789454695.042,research-api-cadvisor-1,cadvisor,0.0,15.0
1789454700.043,research-api-nginx-1,nginx,7.79,13.48
1789454700.043,research-api-users-service-1,users-service,3.97,8.031
1789454700.043,research-api-grafana-1,grafana,0.17,53.83
1789454700.043,research-api-monolith-partial-1,monolith-partial,8.49,9.543
1789454700.043,research-api-products-service-1,products-service,4.59,7.977
1789454700.043,research-api-postgres-1,postgres,7.06,40.48
1789454700.043,research-api-prometheus-1,prometheus,1.45,31.73
1789454700.043,research-api-cadvisor-1,cadvisor,1.02,16.13
1789454705.041,research-api-nginx-1,nginx,12.98,13.84
1789454705.041,research-api-users-service-1,users-service,7.03,10.19
1789454705.041,research-api-grafana-1,grafana,0.08,53.83
1789454705.041,research-api-monolith-partial-1,monolith-partial,12.75,9.539
1789454705.041,research-api-products-service-1,products-service,8.12,9.73
1789454705.041,research-api-postgres-1,postgres,11.65,42.15
1789454705.041,research-api-prometheus-1,prometheus,0.0,31.62
1789454705.041,research-api-cadvisor-1,cadvisor,0.0,15.56
1789454710.052,research-api-nginx-1,nginx,14.51,15.11
1789454710.052,research-api-users-service-1,users-service,8.05,8.977
1789454710.052,research-api-grafana-1,grafana,0.15,53.89
1789454710.052,research-api-monolith-partial-1,monolith-partial,16.51,10.69
1789454710.052,research-api-products-service-1,products-service,8.67,10.47
1789454710.052,research-api-postgres-1,postgres,16.56,47.0
1789454710.052,research-api-prometheus-1,prometheus,3.56,33.17
1789454710.052,research-api-cadvisor-1,cadvisor,2.09,16.89
1789454715.05,research-api-nginx-1,nginx,16.09,14.88
1789454715.05,research-api-users-service-1,users-service,8.21,10.61
1789454715.05,research-api-grafana-1,grafana,0.04,53.89
1789454715.05,research-api-monolith-partial-1,monolith-partial,17.54,10.42
1789454715.05,research-api-products-service-1,products-service,12.03,9.48
1789454715.05,research-api-postgres-1,postgres,18.06,51.74
1789454715.05,research-api-prometheus-1,prometheus,0.0,33.18
1789454715.05,research-api-cadvisor-1,cadvisor,0.0,16.62
1789454720.039,research-api-nginx-1,nginx,18.97,14.24
1789454720.039,research-api-users-service-1,users-service,10.3,11.28
1789454720.039,research-api-grafana-1,grafana,0.17,53.89
1789454720.039,research-api-monolith-partial-1,monolith-partial,23.3,10.55
1789454720.039,research-api-products-service-1,products-service,13.16,10.03
1789454720.039,research-api-postgres-1,postgres,21.73,68.4
1789454720.039,research-api-prometheus-1,prometheus,1.11,33.28
1789454720.039,research-api-cadvisor-1,cadvisor,1.95,17.02
1789454725.033,research-api-nginx-1,nginx,20.81,14.19
1789454725.033,research-api-users-service-1,users-service,12.46,10.21
1789454725.033,research-api-grafana-1,grafana,0.04,53.89
1789454725.033,research-api-monolith-partial-1,monolith-partial,22.5,12.2
1789454725.033,research-api-products-service-1,products-service,15.35,11.03
1789454725.033,research-api-postgres-1,postgres,23.74,68.91
1789454725.033,research-api-prometheus-1,prometheus,0.0,33.31
1789454725.033,research-api-cadvisor-1,cadvisor,0.0,17.02
1789454730.043,research-api-nginx-1,nginx,20.64,14.85
1789454730.043,research-api-users-service-1,users-service,9.92,10.04
1789454730.043,research-api-grafana-1,grafana,0.15,53.81
1789454730.043,research-api-monolith-partial-1,monolith-partial,24.96,13.98
1789454730.043,research-api-products-service-1,products-service,14.47,11.11
1789454730.043,research-api-postgres-1,postgres,22.36,69.38
1789454730.043,research-api-prometheus-1,prometheus,1.4,33.38
1789454730.043,research-api-cadvisor-1,cadvisor,2.09,17.54
1789454735.037,research-api-nginx-1,nginx,25.94,14.95
1789454735.037,research-api-users-service-1,users-service,13.99,11.01
1789454735.037,research-api-grafana-1,grafana,0.05,53.81
1789454735.037,research-api-monolith-partial-1,monolith-partial,24.46,13.57
1789454735.037,research-api-products-service-1,products-service,19.37,10.29
1789454735.037,research-api-postgres-1,postgres,28.02,70.61
1789454735.037,research-api-prometheus-1,prometheus,0.0,33.38
1789454735.037,research-api-cadvisor-1,cadvisor,0.0,17.29
1789454740.041,research-api-nginx-1,nginx,27.38,14.69
1789454740.041,research-api-users-service-1,users-service,14.65,11.7
1789454740.041,research-api-grafana-1,grafana,0.19,53.97
1789454740.041,research-api-monolith-partial-1,monolith-partial,30.65,13.8
1789454740.041,research-api-products-service-1,products-service,18.39,11.08
1789454740.041,research-api-postgres-1,postgres,34.26,71.14
1789454740.041,research-api-prometheus-1,prometheus,1.27,33.46
1789454740.041,research-api-cadvisor-1,cadvisor,2.62,17.48
1789454745.04,research-api-nginx-1,nginx,29.64,14.56
1789454745.04,research-api-users-service-1,users-service,15.57,11.05
1789454745.04,research-api-grafana-1,grafana,0.05,53.97
1789454745.04,research-api-monolith-partial-1,monolith-partial,26.01,14.87
1789454745.04,research-api-products-service-1,products-service,20.07,11.41
1789454745.04,research-api-postgres-1,postgres,38.33,71.16
1789454745.04,research-api-prometheus-1,prometheus,0.0,33.45
1789454745.04,research-api-cadvisor-1,cadvisor,0.0,17.47
1789454750.037,research-api-nginx-1,nginx,29.03,15.59
1789454750.037,research-api-users-service-1,users-service,15.52,12.34
1789454750.037,research-api-grafana-1,grafana,0.26,54.47
1789454750.037,research-api-monolith-partial-1,monolith-partial,28.64,14.39
1789454750.037,research-api-products-service-1,products-service,18.31,12.8
1789454750.037,research-api-postgres-1,postgres,35.18,72.86
1789454750.037,research-api-prometheus-1,prometheus,1.35,34.01
1789454750.037,research-api-cadvisor-1,cadvisor,2.91,18.16
1789454755.063,research-api-nginx-1,nginx,28.38,16.0
1789454755.063,research-api-users-service-1,users-service,16.8,10.26
1789454755.063,research-api-grafana-1,grafana,0.04,53.98
1789454755.063,research-api-monolith-partial-1,monolith-partial,27.95,14.52
1789454755.063,research-api-products-service-1,products-service,19.93,12.54
1789454755.063,research-api-postgres-1,postgres,25.42,73.07
1789454755.063,research-api-prometheus-1,prometheus,0.0,34.01
1789454755.063,research-api-cadvisor-1,cadvisor,0.01,18.16
1789454760.079,research-api-nginx-1,nginx,26.38,16.67
1789454760.079,research-api-users-service-1,users-service,17.3,10.88
1789454760.079,research-api-grafana-1,grafana,0.17,54.23
1789454760.079,research-api-monolith-partial-1,monolith-partial,29.98,14.75
1789454760.079,research-api-products-service-1,products-service,16.95,12.12
1789454760.079,research-api-postgres-1,postgres,36.91,78.78
1789454760.079,research-api-prometheus-1,prometheus,1.19,34.04
1789454760.079,research-api-cadvisor-1,cadvisor,1.44,18.18
1789454765.065,research-api-nginx-1,nginx,24.75,15.57
1789454765.065,research-api-users-service-1,users-service,15.04,10.11
1789454765.065,research-api-grafana-1,grafana,0.06,53.98
1789454765.065,research-api-monolith-partial-1,monolith-partial,25.84,14.52
1789454765.065,research-api-products-service-1,products-service,14.91,11.85
1789454765.065,research-api-postgres-1,postgres,30.03,79.21
1789454765.065,research-api-prometheus-1,prometheus,0.0,34.04
1789454765.065,research-api-cadvisor-1,cadvisor,0.0,18.18
1789454770.08,research-api-nginx-1,nginx,26.25,15.73
1789454770.08,research-api-users-service-1,users-service,13.73,11.42
1789454770.08,research-api-grafana-1,grafana,0.16,54.02
1789454770.08,research-api-monolith-partial-1,monolith-partial,30.5,14.52
1789454770.08,research-api-products-service-1,products-service,17.74,12.58
1789454770.08,research-api-postgres-1,postgres,35.51,79.63
1789454770.08,research-api-prometheus-1,prometheus,1.4,34.1
1789454770.08,research-api-cadvisor-1,cadvisor,2.32,18.6
1789454775.091,research-api-nginx-1,nginx,25.2,15.93
1789454775.091,research-api-users-service-1,users-service,13.61,10.73
1789454775.091,research-api-grafana-1,grafana,0.04,54.02
1789454775.091,research-api-monolith-partial-1,monolith-partial,27.5,15.71
1789454775.091,research-api-products-service-1,products-service,16.45,13.12
1789454775.091,research-api-postgres-1,postgres,30.56,78.96
1789454775.091,research-api-prometheus-1,prometheus,0.0,34.09
1789454775.091,research-api-cadvisor-1,cadvisor,0.0,18.66
1789454780.066,research-api-nginx-1,nginx,25.56,16.19
1789454780.066,research-api-users-service-1,users-service,13.64,11.05
1789454780.066,research-api-grafana-1,grafana,0.21,54.35
1789454780.066,research-api-monolith-partial-1,monolith-partial,30.4,14.44
1789454780.066,research-api-products-service-1,products-service,18.96,13.41
1789454780.066,research-api-postgres-1,postgres,35.7,81.92
1789454780.066,research-api-prometheus-1,prometheus,1.34,34.77
1789454780.066,research-api-cadvisor-1,cadvisor,1.11,18.79
1789454785.082,research-api-nginx-1,nginx,27.91,16.5
1789454785.082,research-api-users-service-1,users-service,15.07,10.44
1789454785.082,research-api-grafana-1,grafana,0.04,54.1
1789454785.082,research-api-monolith-partial-1,monolith-partial,29.63,14.99
1789454785.082,research-api-products-service-1,products-service,17.75,12.75
1789454785.082,research-api-postgres-1,postgres,33.66,80.22
1789454785.082,research-api-prometheus-1,prometheus,0.0,34.76
1789454785.082,research-api-cadvisor-1,cadvisor,0.0,18.79
1789454790.083,research-api-nginx-1,nginx,25.48,16.64
1789454790.083,research-api-users-service-1,users-service,13.93,12.07
1789454790.083,research-api-grafana-1,grafana,0.16,54.56
1789454790.083,research-api-monolith-partial-1,monolith-partial,30.98,14.42
1789454790.083,research-api-products-service-1,products-service,17.53,14.45
1789454790.083,research-api-postgres-1,postgres,29.7,81.46
1789454790.083,research-api-prometheus-1,prometheus,1.25,35.05
1789454790.083,research-api-cadvisor-1,cadvisor,1.04,17.76
1789454795.057,research-api-nginx-1,nginx,26.82,16.68
1789454795.057,research-api-users-service-1,users-service,15.35,11.3
1789454795.057,research-api-grafana-1,grafana,0.08,54.56
1789454795.057,research-api-monolith-partial-1,monolith-partial,24.08,15.3
1789454795.057,research-api-products-service-1,products-service,17.05,13.05
1789454795.057,research-api-postgres-1,postgres,30.9,81.04
1789454795.057,research-api-prometheus-1,prometheus,0.0,35.05
1789454795.057,research-api-cadvisor-1,cadvisor,0.0,17.76
1789454800.058,research-api-nginx-1,nginx,27.54,15.59
1789454800.058,research-api-users-service-1,users-service,14.82,11.17
1789454800.058,research-api-grafana-1,grafana,0.2,54.83
1789454800.058,research-api-monolith-partial-1,monolith-partial,30.14,15.88
1789454800.058,research-api-products-service-1,products-service,18.05,12.73
1789454800.058,research-api-postgres-1,postgres,32.49,81.43
1789454800.058,research-api-prometheus-1,prometheus,1.4,35.11
1789454800.058,research-api-cadvisor-1,cadvisor,2.13,18.07
1789454805.052,research-api-nginx-1,nginx,28.9,16.18
1789454805.052,research-api-users-service-1,users-service,15.87,11.16
1789454805.052,research-api-grafana-1,grafana,0.05,54.61
1789454805.052,research-api-monolith-partial-1,monolith-partial,30.98,14.87
1789454805.052,research-api-products-service-1,products-service,17.65,13.2
1789454805.052,research-api-postgres-1,postgres,36.12,81.78
1789454805.052,research-api-prometheus-1,prometheus,0.0,35.11
1789454805.052,research-api-cadvisor-1,cadvisor,0.0,18.08
1789454810.041,research-api-nginx-1,nginx,26.77,16.18
1789454810.041,research-api-users-service-1,users-service,13.51,11.89
1789454810.041,research-api-grafana-1,grafana,0.19,54.62
1789454810.041,research-api-monolith-partial-1,monolith-partial,32.49,14.57
1789454810.041,research-api-products-service-1,products-service,19.14,12.92
1789454810.041,research-api-postgres-1,postgres,38.27,86.35
1789454810.041,research-api-prometheus-1,prometheus,1.64,35.14
1789454810.041,research-api-cadvisor-1,cadvisor,2.8,17.69
1789454815.052,research-api-nginx-1,nginx,24.83,15.62
1789454815.052,research-api-users-service-1,users-service,12.73,11.79
1789454815.052,research-api-grafana-1,grafana,0.04,54.62
1789454815.052,research-api-monolith-partial-1,monolith-partial,27.83,14.52
1789454815.052,research-api-products-service-1,products-service,19.17,13.38
1789454815.052,research-api-postgres-1,postgres,26.95,85.28
1789454815.052,research-api-prometheus-1,prometheus,0.0,35.14
1789454815.052,research-api-cadvisor-1,cadvisor,0.0,17.69
1789454820.105,research-api-nginx-1,nginx,28.09,16.14
1789454820.105,research-api-users-service-1,users-service,15.29,11.47
1789454820.105,research-api-grafana-1,grafana,0.16,54.66
1789454820.105,research-api-monolith-partial-1,monolith-partial,30.43,15.84
1789454820.105,research-api-products-service-1,products-service,19.18,12.75
1789454820.105,research-api-postgres-1,postgres,30.72,85.63
1789454820.105,research-api-prometheus-1,prometheus,0.16,35.14
1789454820.105,research-api-cadvisor-1,cadvisor,1.22,18.14
1789454825.07,research-api-nginx-1,nginx,29.55,16.0
1789454825.07,research-api-users-service-1,users-service,16.28,10.96
1789454825.07,research-api-grafana-1,grafana,0.08,54.66
1789454825.07,research-api-monolith-partial-1,monolith-partial,30.34,16.61
1789454825.07,research-api-products-service-1,products-service,20.9,14.8
1789454825.07,research-api-postgres-1,postgres,29.23,85.81
1789454825.07,research-api-prometheus-1,prometheus,0.0,35.16
1789454825.07,research-api-cadvisor-1,cadvisor,0.0,17.78
1789454830.083,research-api-nginx-1,nginx,29.73,15.62
1789454830.083,research-api-users-service-1,users-service,16.35,11.71
1789454830.083,research-api-grafana-1,grafana,0.17,54.68
1789454830.083,research-api-monolith-partial-1,monolith-partial,27.39,16.46
1789454830.083,research-api-products-service-1,products-service,17.72,12.42
1789454830.083,research-api-postgres-1,postgres,31.72,87.86
1789454830.083,research-api-prometheus-1,prometheus,0.15,35.16
1789454830.083,research-api-cadvisor-1,cadvisor,0.0,17.78
1789454835.055,research-api-nginx-1,nginx,30.36,15.69
1789454835.055,research-api-users-service-1,users-service,11.44,10.57
1789454835.055,research-api-grafana-1,grafana,0.04,54.69
1789454835.055,research-api-monolith-partial-1,monolith-partial,23.32,14.96
1789454835.055,research-api-products-service-1,products-service,19.71,13.21
1789454835.055,research-api-postgres-1,postgres,31.55,87.8
1789454835.055,research-api-prometheus-1,prometheus,0.0,35.3
1789454835.055,research-api-cadvisor-1,cadvisor,0.0,18.31
1789454840.1,research-api-nginx-1,nginx,28.76,16.23
1789454840.1,research-api-users-service-1,users-service,15.41,11.31
1789454840.1,research-api-grafana-1,grafana,0.18,54.71
1789454840.1,research-api-monolith-partial-1,monolith-partial,35.26,17.14
1789454840.1,research-api-products-service-1,products-service,18.84,13.51
1789454840.1,research-api-postgres-1,postgres,32.19,87.92
1789454840.1,research-api-prometheus-1,prometheus,1.7,35.34
1789454840.1,research-api-cadvisor-1,cadvisor,2.5,17.73
1789454845.089,research-api-nginx-1,nginx,29.27,16.11
1789454845.089,research-api-users-service-1,users-service,14.74,11.35
1789454845.089,research-api-grafana-1,grafana,0.06,54.71
1789454845.089,research-api-monolith-partial-1,monolith-partial,32.39,16.36
1789454845.089,research-api-products-service-1,products-service,19.66,12.79
1789454845.089,research-api-postgres-1,postgres,29.99,88.01
1789454845.089,research-api-prometheus-1,prometheus,0.0,35.33
1789454845.089,research-api-cadvisor-1,cadvisor,0.0,17.73
1789454850.109,research-api-nginx-1,nginx,28.66,16.49
1789454850.109,research-api-users-service-1,users-service,15.39,11.36
1789454850.109,research-api-grafana-1,grafana,0.16,54.87
1789454850.109,research-api-monolith-partial-1,monolith-partial,31.87,16.63
1789454850.109,research-api-products-service-1,products-service,19.06,13.07
1789454850.109,research-api-postgres-1,postgres,30.3,88.04
1789454850.109,research-api-prometheus-1,prometheus,1.74,35.34
1789454850.109,research-api-cadvisor-1,cadvisor,2.42,16.85
1789454855.096,research-api-nginx-1,nginx,24.32,16.57
1789454855.096,research-api-users-service-1,users-service,12.61,11.89
1789454855.096,research-api-grafana-1,grafana,0.06,54.87
1789454855.096,research-api-monolith-partial-1,monolith-partial,27.5,15.79
1789454855.096,research-api-products-service-1,products-service,17.91,11.92
1789454855.096,research-api-postgres-1,postgres,26.83,89.36
1789454855.096,research-api-prometheus-1,prometheus,0.0,35.33
1789454855.096,research-api-cadvisor-1,cadvisor,0.0,16.85
1789454860.102,research-api-nginx-1,nginx,30.71,16.04
1789454860.102,research-api-users-service-1,users-service,15.2,12.27
1789454860.102,research-api-grafana-1,grafana,0.15,54.88
1789454860.102,research-api-monolith-partial-1,monolith-partial,30.86,16.0
1789454860.102,research-api-products-service-1,products-service,23.12,14.02
1789454860.102,research-api-postgres-1,postgres,28.92,88.42
1789454860.102,research-api-prometheus-1,prometheus,1.4,35.36
1789454860.102,research-api-cadvisor-1,cadvisor,1.66,16.86
1789454865.085,research-api-nginx-1,nginx,31.05,15.95
1789454865.085,research-api-users-service-1,users-service,12.92,10.54
1789454865.085,research-api-grafana-1,grafana,0.04,54.88
1789454865.085,research-api-monolith-partial-1,monolith-partial,33.59,16.79
1789454865.085,research-api-products-service-1,products-service,20.08,11.43
1789454865.085,research-api-postgres-1,postgres,30.23,89.29
1789454865.085,research-api-prometheus-1,prometheus,0.0,35.35
1789454865.085,research-api-cadvisor-1,cadvisor,0.01,16.86
1789454870.066,research-api-nginx-1,nginx,25.88,15.41
1789454870.066,research-api-users-service-1,users-service,14.44,11.82
1789454870.066,research-api-grafana-1,grafana,0.21,54.89
1789454870.066,research-api-monolith-partial-1,monolith-partial,34.27,16.93
1789454870.066,research-api-products-service-1,products-service,21.71,12.79
1789454870.066,research-api-postgres-1,postgres,33.19,88.87
1789454870.066,research-api-prometheus-1,prometheus,0.13,35.36
1789454870.066,research-api-cadvisor-1,cadvisor,2.3,17.02
1789454875.107,research-api-nginx-1,nginx,28.88,16.45
1789454875.107,research-api-users-service-1,users-service,15.71,12.64
1789454875.107,research-api-grafana-1,grafana,0.04,54.89
1789454875.107,research-api-monolith-partial-1,monolith-partial,30.28,16.05
1789454875.107,research-api-products-service-1,products-service,22.08,13.49
1789454875.107,research-api-postgres-1,postgres,30.65,89.64
1789454875.107,research-api-prometheus-1,prometheus,0.0,35.39
1789454875.107,research-api-cadvisor-1,cadvisor,0.0,17.02
1789454880.097,research-api-nginx-1,nginx,27.89,16.3
1789454880.097,research-api-users-service-1,users-service,15.66,12.02
1789454880.097,research-api-grafana-1,grafana,0.16,54.9
1789454880.097,research-api-monolith-partial-1,monolith-partial,26.72,16.95
1789454880.097,research-api-products-service-1,products-service,17.78,13.05
1789454880.097,research-api-postgres-1,postgres,30.45,91.12
1789454880.097,research-api-prometheus-1,prometheus,1.37,35.43
1789454880.097,research-api-cadvisor-1,cadvisor,2.23,17.66
1789454885.097,research-api-nginx-1,nginx,28.55,15.97
1789454885.097,research-api-users-service-1,users-service,16.2,10.88
1789454885.097,research-api-grafana-1,grafana,0.1,54.9
1789454885.097,research-api-monolith-partial-1,monolith-partial,32.33,17.15
1789454885.097,research-api-products-service-1,products-service,20.95,12.95
1789454885.097,research-api-postgres-1,postgres,28.51,90.96
1789454885.097,research-api-prometheus-1,prometheus,0.0,35.43
1789454885.097,research-api-cadvisor-1,cadvisor,0.0,17.66
1789454890.1,research-api-nginx-1,nginx,26.68,16.66
1789454890.1,research-api-users-service-1,users-service,16.54,12.29
1789454890.1,research-api-grafana-1,grafana,0.54,54.9
1789454890.1,research-api-monolith-partial-1,monolith-partial,25.82,16.4
1789454890.1,research-api-products-service-1,products-service,18.87,13.69
1789454890.1,research-api-postgres-1,postgres,26.41,91.11
1789454890.1,research-api-prometheus-1,prometheus,1.18,35.46
1789454890.1,research-api-cadvisor-1,cadvisor,0.0,17.66
1789454895.106,research-api-nginx-1,nginx,27.34,16.16
1789454895.106,research-api-users-service-1,users-service,15.25,11.78
1789454895.106,research-api-grafana-1,grafana,0.05,54.9
1789454895.106,research-api-monolith-partial-1,monolith-partial,32.84,16.88
1789454895.106,research-api-products-service-1,products-service,19.3,13.53
1789454895.106,research-api-postgres-1,postgres,32.75,91.85
1789454895.106,research-api-prometheus-1,prometheus,0.0,35.48
1789454895.106,research-api-cadvisor-1,cadvisor,0.0,18.59
1789454900.117,research-api-nginx-1,nginx,27.36,16.24
1789454900.117,research-api-users-service-1,users-service,16.61,12.21
1789454900.117,research-api-grafana-1,grafana,0.21,54.91
1789454900.117,research-api-monolith-partial-1,monolith-partial,27.28,16.65
1789454900.117,research-api-products-service-1,products-service,19.47,12.91
1789454900.117,research-api-postgres-1,postgres,29.53,91.84
1789454900.117,research-api-prometheus-1,prometheus,0.14,35.48
1789454900.117,research-api-cadvisor-1,cadvisor,1.93,19.01
1789454905.124,research-api-nginx-1,nginx,31.18,16.22
1789454905.124,research-api-users-service-1,users-service,12.99,11.41
1789454905.124,research-api-grafana-1,grafana,0.05,54.91
1789454905.124,research-api-monolith-partial-1,monolith-partial,33.15,17.27
1789454905.124,research-api-products-service-1,products-service,21.93,14.1
1789454905.124,research-api-postgres-1,postgres,32.11,91.8
1789454905.124,research-api-prometheus-1,prometheus,0.0,35.49
1789454905.124,research-api-cadvisor-1,cadvisor,0.0,18.79
1789454910.106,research-api-nginx-1,nginx,24.69,16.62
1789454910.106,research-api-users-service-1,users-service,15.48,11.68
1789454910.106,research-api-grafana-1,grafana,0.5,48.64
1789454910.106,research-api-monolith-partial-1,monolith-partial,22.85,18.06
1789454910.106,research-api-products-service-1,products-service,19.19,13.08
1789454910.106,research-api-postgres-1,postgres,23.93,91.78
1789454910.106,research-api-prometheus-1,prometheus,1.2,35.57
1789454910.106,research-api-cadvisor-1,cadvisor,2.46,17.06
1789454915.119,research-api-nginx-1,nginx,30.92,16.36
1789454915.119,research-api-users-service-1,users-service,14.98,11.11
1789454915.119,research-api-grafana-1,grafana,0.07,48.64
1789454915.119,research-api-monolith-partial-1,monolith-partial,36.77,17.24
1789454915.119,research-api-products-service-1,products-service,20.08,13.37
1789454915.119,research-api-postgres-1,postgres,34.96,91.87
1789454915.119,research-api-prometheus-1,prometheus,0.0,35.56
1789454915.119,research-api-cadvisor-1,cadvisor,0.0,17.08
1789454920.104,research-api-nginx-1,nginx,26.09,16.35
1789454920.104,research-api-users-service-1,users-service,13.76,11.92
1789454920.104,research-api-grafana-1,grafana,0.14,48.64
1789454920.104,research-api-monolith-partial-1,monolith-partial,21.2,17.8
1789454920.104,research-api-products-service-1,products-service,19.5,13.16
1789454920.104,research-api-postgres-1,postgres,22.25,92.32
1789454920.104,research-api-prometheus-1,prometheus,1.18,35.57
1789454920.104,research-api-cadvisor-1,cadvisor,1.55,17.1
1789454925.093,research-api-nginx-1,nginx,28.44,16.86
1789454925.093,research-api-users-service-1,users-service,13.62,11.05
1789454925.093,research-api-grafana-1,grafana,0.06,48.64
1789454925.093,research-api-monolith-partial-1,monolith-partial,30.97,16.83
1789454925.093,research-api-products-service-1,products-service,18.94,13.02
1789454925.093,research-api-postgres-1,postgres,27.87,95.65
1789454925.093,research-api-prometheus-1,prometheus,0.0,35.57
1789454925.093,research-api-cadvisor-1,cadvisor,0.0,17.09
1789454930.08,research-api-nginx-1,nginx,24.9,16.53
1789454930.08,research-api-users-service-1,users-service,12.76,12.11
1789454930.08,research-api-grafana-1,grafana,0.2,48.64
1789454930.08,research-api-monolith-partial-1,monolith-partial,23.3,17.07
1789454930.08,research-api-products-service-1,products-service,18.42,13.02
1789454930.08,research-api-postgres-1,postgres,23.43,95.44
1789454930.08,research-api-prometheus-1,prometheus,1.41,35.58
1789454930.08,research-api-cadvisor-1,cadvisor,1.7,18.44
1789454935.069,research-api-nginx-1,nginx,28.48,16.35
1789454935.069,research-api-users-service-1,users-service,15.08,11.68
1789454935.069,research-api-grafana-1,grafana,0.04,48.64
1789454935.069,research-api-monolith-partial-1,monolith-partial,31.54,18.21
1789454935.069,research-api-products-service-1,products-service,18.56,13.26
1789454935.069,research-api-postgres-1,postgres,30.01,95.6
1789454935.069,research-api-prometheus-1,prometheus,0.0,35.57
1789454935.069,research-api-cadvisor-1,cadvisor,0.0,18.44
1789454940.071,research-api-nginx-1,nginx,27.94,16.5
1789454940.071,research-api-users-service-1,users-service,15.3,11.82
1789454940.071,research-api-grafana-1,grafana,0.18,48.64
1789454940.071,research-api-monolith-partial-1,monolith-partial,30.38,16.51
1789454940.071,research-api-products-service-1,products-service,20.34,13.54
1789454940.071,research-api-postgres-1,postgres,31.51,95.52
1789454940.071,research-api-prometheus-1,prometheus,1.27,35.61
1789454940.071,research-api-cadvisor-1,cadvisor,1.16,19.34
1789454945.064,research-api-nginx-1,nginx,27.26,16.49
1789454945.064,research-api-users-service-1,users-service,17.25,11.98
1789454945.064,research-api-grafana-1,grafana,0.07,48.64
1789454945.064,research-api-monolith-partial-1,monolith-partial,26.02,18.2
1789454945.064,research-api-products-service-1,products-service,17.38,13.26
1789454945.064,research-api-postgres-1,postgres,26.83,95.61
1789454945.064,research-api-prometheus-1,prometheus,0.0,35.61
1789454945.064,research-api-cadvisor-1,cadvisor,0.0,19.34
1789454950.077,research-api-nginx-1,nginx,26.87,15.56
1789454950.077,research-api-users-service-1,users-service,14.23,11.91
1789454950.077,research-api-grafana-1,grafana,0.16,48.64
1789454950.077,research-api-monolith-partial-1,monolith-partial,26.16,17.39
1789454950.077,research-api-products-service-1,products-service,18.34,13.34
1789454950.077,research-api-postgres-1,postgres,27.96,95.51
1789454950.077,research-api-prometheus-1,prometheus,3.62,35.96
1789454950.077,research-api-cadvisor-1,cadvisor,2.91,19.46
1789454955.076,research-api-nginx-1,nginx,29.87,16.62
1789454955.076,research-api-users-service-1,users-service,16.54,11.43
1789454955.076,research-api-grafana-1,grafana,0.04,48.64
1789454955.076,research-api-monolith-partial-1,monolith-partial,24.82,17.66
1789454955.076,research-api-products-service-1,products-service,19.16,12.99
1789454955.076,research-api-postgres-1,postgres,32.58,96.04
1789454955.076,research-api-prometheus-1,prometheus,0.0,35.75
1789454955.076,research-api-cadvisor-1,cadvisor,0.0,19.21
1789454960.077,research-api-nginx-1,nginx,29.74,15.93
1789454960.077,research-api-users-service-1,users-service,16.24,11.61
1789454960.077,research-api-grafana-1,grafana,0.18,48.64
1789454960.077,research-api-monolith-partial-1,monolith-partial,32.3,17.46
1789454960.077,research-api-products-service-1,products-service,21.83,13.04
1789454960.077,research-api-postgres-1,postgres,31.15,96.26
1789454960.077,research-api-prometheus-1,prometheus,1.57,35.75
1789454960.077,research-api-cadvisor-1,cadvisor,1.42,19.22
1789454965.068,research-api-nginx-1,nginx,25.87,16.52
1789454965.068,research-api-users-service-1,users-service,14.13,12.02
1789454965.068,research-api-grafana-1,grafana,0.04,48.64
1789454965.068,research-api-monolith-partial-1,monolith-partial,29.25,17.12
1789454965.068,research-api-products-service-1,products-service,17.41,13.29
1789454965.068,research-api-postgres-1,postgres,27.74,95.77
1789454965.068,research-api-prometheus-1,prometheus,0.0,35.75
1789454965.068,research-api-cadvisor-1,cadvisor,0.0,19.23
1789454970.07,research-api-nginx-1,nginx,29.69,16.36
1789454970.07,research-api-users-service-1,users-service,17.3,12.52
1789454970.07,research-api-grafana-1,grafana,0.16,48.64
1789454970.07,research-api-monolith-partial-1,monolith-partial,28.22,17.28
1789454970.07,research-api-products-service-1,products-service,18.95,13.42
1789454970.07,research-api-postgres-1,postgres,29.2,96.33
1789454970.07,research-api-prometheus-1,prometheus,1.52,35.75
1789454970.07,research-api-cadvisor-1,cadvisor,2.57,19.45
1789454975.075,research-api-nginx-1,nginx,31.93,16.12
1789454975.075,research-api-users-service-1,users-service,17.35,11.84
1789454975.075,research-api-grafana-1,grafana,0.04,48.64
1789454975.075,research-api-monolith-partial-1,monolith-partial,32.43,17.58
1789454975.075,research-api-products-service-1,products-service,21.29,12.16
1789454975.075,research-api-postgres-1,postgres,33.08,95.68
1789454975.075,research-api-prometheus-1,prometheus,0.0,35.75
1789454975.075,research-api-cadvisor-1,cadvisor,0.0,19.45
1789454980.114,research-api-nginx-1,nginx,25.89,16.12
1789454980.114,research-api-users-service-1,users-service,14.72,12.32
1789454980.114,research-api-grafana-1,grafana,0.14,48.64
1789454980.114,research-api-monolith-partial-1,monolith-partial,26.24,17.61
1789454980.114,research-api-products-service-1,products-service,16.91,13.57
1789454980.114,research-api-postgres-1,postgres,26.24,95.78
1789454980.114,research-api-prometheus-1,prometheus,1.38,35.79
1789454980.114,research-api-cadvisor-1,cadvisor,2.48,17.97
1789454985.106,research-api-nginx-1,nginx,30.48,15.88
1789454985.106,research-api-users-service-1,users-service,17.6,11.52
1789454985.106,research-api-grafana-1,grafana,0.04,48.64
1789454985.106,research-api-monolith-partial-1,monolith-partial,25.39,17.05
1789454985.106,research-api-products-service-1,products-service,20.46,13.58
1789454985.106,research-api-postgres-1,postgres,31.56,96.11
1789454985.106,research-api-prometheus-1,prometheus,0.0,35.78
1789454985.106,research-api-cadvisor-1,cadvisor,0.0,17.97
1789454990.124,research-api-nginx-1,nginx,25.09,15.42
1789454990.124,research-api-users-service-1,users-service,14.28,12.75
1789454990.124,research-api-grafana-1,grafana,0.2,48.64
1789454990.124,research-api-monolith-partial-1,monolith-partial,27.96,17.04
1789454990.124,research-api-products-service-1,products-service,17.09,13.55
1789454990.124,research-api-postgres-1,postgres,25.98,96.16
1789454990.124,research-api-prometheus-1,prometheus,1.53,35.78
1789454990.124,research-api-cadvisor-1,cadvisor,2.25,17.89
1789454995.079,research-api-nginx-1,nginx,28.93,15.7
1789454995.079,research-api-users-service-1,users-service,15.65,11.28
1789454995.079,research-api-grafana-1,grafana,0.06,48.64
1789454995.079,research-api-monolith-partial-1,monolith-partial,28.43,17.98
1789454995.079,research-api-products-service-1,products-service,20.71,13.34
1789454995.079,research-api-postgres-1,postgres,26.95,95.82
1789454995.079,research-api-prometheus-1,prometheus,0.0,35.78
1789454995.079,research-api-cadvisor-1,cadvisor,0.0,17.69
1789455000.099,research-api-nginx-1,nginx,25.7,16.14
1789455000.099,research-api-users-service-1,users-service,14.91,11.83
1789455000.099,research-api-grafana-1,grafana,0.62,48.65
1789455000.099,research-api-monolith-partial-1,monolith-partial,26.94,17.7
1789455000.099,research-api-products-service-1,products-service,20.16,12.89
1789455000.099,research-api-postgres-1,postgres,36.15,95.75
1789455000.099,research-api-prometheus-1,prometheus,0.86,35.79
1789455000.099,research-api-cadvisor-1,cadvisor,0.83,17.69
1789455005.105,research-api-nginx-1,nginx,28.41,16.3
1789455005.105,research-api-users-service-1,users-service,14.67,11.64
1789455005.105,research-api-grafana-1,grafana,0.08,48.65
1789455005.105,research-api-monolith-partial-1,monolith-partial,29.7,17.52
1789455005.105,research-api-products-service-1,products-service,21.34,13.55
1789455005.105,research-api-postgres-1,postgres,32.24,96.48
1789455005.105,research-api-prometheus-1,prometheus,0.0,35.81
1789455005.105,research-api-cadvisor-1,cadvisor,0.0,17.88
1789455010.098,research-api-nginx-1,nginx,28.88,16.42
1789455010.098,research-api-users-service-1,users-service,15.79,11.68
1789455010.098,research-api-grafana-1,grafana,0.21,48.65
1789455010.098,research-api-monolith-partial-1,monolith-partial,20.32,17.56
1789455010.098,research-api-products-service-1,products-service,12.46,13.54
1789455010.098,research-api-postgres-1,postgres,33.33,97.8
1789455010.098,research-api-prometheus-1,prometheus,0.13,35.81
1789455010.098,research-api-cadvisor-1,cadvisor,0.0,17.88
1789455015.063,research-api-nginx-1,nginx,28.79,16.06
1789455015.063,research-api-users-service-1,users-service,17.24,10.93
1789455015.063,research-api-grafana-1,grafana,0.07,48.65
1789455015.063,research-api-monolith-partial-1,monolith-partial,30.35,17.88
1789455015.063,research-api-products-service-1,products-service,19.5,13.9
1789455015.063,research-api-postgres-1,postgres,27.92,98.15
1789455015.063,research-api-prometheus-1,prometheus,0.0,35.81
1789455015.063,research-api-cadvisor-1,cadvisor,0.0,18.07
1789455020.093,research-api-nginx-1,nginx,28.9,17.11
1789455020.093,research-api-users-service-1,users-service,15.43,11.95
1789455020.093,research-api-grafana-1,grafana,0.34,48.65
1789455020.093,research-api-monolith-partial-1,monolith-partial,28.61,17.62
1789455020.093,research-api-products-service-1,products-service,22.54,13.84
1789455020.093,research-api-postgres-1,postgres,29.8,98.51
1789455020.093,research-api-prometheus-1,prometheus,1.46,35.82
1789455020.093,research-api-cadvisor-1,cadvisor,2.33,18.14
1789455025.101,research-api-nginx-1,nginx,28.45,15.75
1789455025.101,research-api-users-service-1,users-service,14.46,11.26
1789455025.101,research-api-grafana-1,grafana,0.04,48.65
1789455025.101,research-api-monolith-partial-1,monolith-partial,25.58,16.98
1789455025.101,research-api-products-service-1,products-service,19.33,12.95
1789455025.101,research-api-postgres-1,postgres,28.51,98.17
1789455025.101,research-api-prometheus-1,prometheus,0.0,35.82
1789455025.101,research-api-cadvisor-1,cadvisor,0.0,18.15
1789455030.083,research-api-nginx-1,nginx,29.89,16.33
1789455030.083,research-api-users-service-1,users-service,17.48,12.38
1789455030.083,research-api-grafana-1,grafana,4.88,48.45
1789455030.083,research-api-monolith-partial-1,monolith-partial,28.19,16.88
1789455030.083,research-api-products-service-1,products-service,20.88,14.58
1789455030.083,research-api-postgres-1,postgres,29.46,98.4
1789455030.083,research-api-prometheus-1,prometheus,0.93,35.84
1789455030.083,research-api-cadvisor-1,cadvisor,1.64,18.52
1789455035.081,research-api-nginx-1,nginx,39.03,16.71
1789455035.081,research-api-users-service-1,users-service,20.53,11.71
1789455035.081,research-api-grafana-1,grafana,0.06,48.45
1789455035.081,research-api-monolith-partial-1,monolith-partial,39.31,17.64
1789455035.081,research-api-products-service-1,products-service,25.31,14.95
1789455035.081,research-api-postgres-1,postgres,38.58,98.5
1789455035.081,research-api-prometheus-1,prometheus,0.0,35.84
1789455035.081,research-api-cadvisor-1,cadvisor,0.0,18.52
1789455040.064,research-api-nginx-1,nginx,47.53,17.08
1789455040.064,research-api-users-service-1,users-service,25.33,10.48
1789455040.064,research-api-grafana-1,grafana,0.14,48.45
1789455040.064,research-api-monolith-partial-1,monolith-partial,44.98,17.68
1789455040.064,research-api-products-service-1,products-service,30.29,14.25
1789455040.064,research-api-postgres-1,postgres,45.6,98.41
1789455040.064,research-api-prometheus-1,prometheus,0.99,35.84
1789455040.064,research-api-cadvisor-1,cadvisor,0.91,18.61
1789455045.076,research-api-nginx-1,nginx,53.75,16.94
1789455045.076,research-api-users-service-1,users-service,24.79,11.85
1789455045.076,research-api-grafana-1,grafana,0.03,48.45
1789455045.076,research-api-monolith-partial-1,monolith-partial,52.81,17.4
1789455045.076,research-api-products-service-1,products-service,35.57,14.32
1789455045.076,research-api-postgres-1,postgres,52.96,98.95
1789455045.076,research-api-prometheus-1,prometheus,0.0,35.84
1789455045.076,research-api-cadvisor-1,cadvisor,0.0,18.61
1789455050.088,research-api-nginx-1,nginx,61.03,17.77
1789455050.088,research-api-users-service-1,users-service,31.06,11.54
1789455050.088,research-api-grafana-1,grafana,0.13,48.45
1789455050.088,research-api-monolith-partial-1,monolith-partial,60.51,17.44
1789455050.088,research-api-products-service-1,products-service,34.45,14.77
1789455050.088,research-api-postgres-1,postgres,64.71,99.79
1789455050.088,research-api-prometheus-1,prometheus,0.87,35.86
1789455050.088,research-api-cadvisor-1,cadvisor,1.64,19.21
1789455055.068,research-api-nginx-1,nginx,63.75,17.86
1789455055.068,research-api-users-service-1,users-service,33.27,12.54
1789455055.068,research-api-grafana-1,grafana,0.03,48.45
1789455055.068,research-api-monolith-partial-1,monolith-partial,60.61,17.16
1789455055.068,research-api-products-service-1,products-service,36.67,15.79
1789455055.068,research-api-postgres-1,postgres,62.8,99.08
1789455055.068,research-api-prometheus-1,prometheus,0.0,35.85
1789455055.068,research-api-cadvisor-1,cadvisor,0.0,19.21
1789455060.086,research-api-nginx-1,nginx,63.01,18.36
1789455060.086,research-api-users-service-1,users-service,31.15,12.32
1789455060.086,research-api-grafana-1,grafana,0.12,48.45
1789455060.086,research-api-monolith-partial-1,monolith-partial,58.74,16.78
1789455060.086,research-api-products-service-1,products-service,37.02,13.78
1789455060.086,research-api-postgres-1,postgres,67.74,99.77
1789455060.086,research-api-prometheus-1,prometheus,1.24,36.54
1789455060.086,research-api-cadvisor-1,cadvisor,1.05,19.89
1789455065.065,research-api-nginx-1,nginx,63.1,18.45
1789455065.065,research-api-users-service-1,users-service,30.34,10.91
1789455065.065,research-api-grafana-1,grafana,0.07,48.45
1789455065.065,research-api-monolith-partial-1,monolith-partial,56.68,17.21
1789455065.065,research-api-products-service-1,products-service,40.96,14.48
1789455065.065,research-api-postgres-1,postgres,61.02,99.96
1789455065.065,research-api-prometheus-1,prometheus,0.0,36.54
1789455065.065,research-api-cadvisor-1,cadvisor,0.0,19.89
1789455070.07,research-api-nginx-1,nginx,62.75,18.45
1789455070.07,research-api-users-service-1,users-service,31.41,11.11
1789455070.07,research-api-grafana-1,grafana,0.13,48.7
1789455070.07,research-api-monolith-partial-1,monolith-partial,56.95,16.9
1789455070.07,research-api-products-service-1,products-service,39.72,15.09
1789455070.07,research-api-postgres-1,postgres,60.7,100.4
1789455070.07,research-api-prometheus-1,prometheus,0.83,36.54
1789455070.07,research-api-cadvisor-1,cadvisor,1.47,19.53
1789455075.068,research-api-nginx-1,nginx,63.36,19.28
1789455075.068,research-api-users-service-1,users-service,30.85,11.25
1789455075.068,research-api-grafana-1,grafana,0.04,48.45
1789455075.068,research-api-monolith-partial-1,monolith-partial,55.29,17.72
1789455075.068,research-api-products-service-1,products-service,39.2,14.12
1789455075.068,research-api-postgres-1,postgres,60.24,101.1
1789455075.068,research-api-prometheus-1,prometheus,0.0,36.57
1789455075.068,research-api-cadvisor-1,cadvisor,0.0,19.53
1789455080.085,research-api-nginx-1,nginx,66.34,19.07
1789455080.085,research-api-users-service-1,users-service,34.73,11.74
1789455080.085,research-api-grafana-1,grafana,0.14,48.45
1789455080.085,research-api-monolith-partial-1,monolith-partial,63.24,17.3
1789455080.085,research-api-products-service-1,products-service,42.75,14.53
1789455080.085,research-api-postgres-1,postgres,62.64,101.6
1789455080.085,research-api-prometheus-1,prometheus,0.93,36.63
1789455080.085,research-api-cadvisor-1,cadvisor,0.72,19.53
1789455085.088,research-api-nginx-1,nginx,65.87,18.59
1789455085.088,research-api-users-service-1,users-service,31.69,11.6
1789455085.088,research-api-grafana-1,grafana,0.04,48.45
1789455085.088,research-api-monolith-partial-1,monolith-partial,60.53,17.24
1789455085.088,research-api-products-service-1,products-service,41.51,14.8
1789455085.088,research-api-postgres-1,postgres,60.85,101.4
1789455085.088,research-api-prometheus-1,prometheus,0.0,36.62
1789455085.088,research-api-cadvisor-1,cadvisor,0.01,19.53
1789455090.086,research-api-nginx-1,nginx,64.47,18.96
1789455090.086,research-api-users-service-1,users-service,30.75,12.78
1789455090.086,research-api-grafana-1,grafana,0.13,48.46
1789455090.086,research-api-monolith-partial-1,monolith-partial,59.51,17.84
1789455090.086,research-api-products-service-1,products-service,39.66,14.81
1789455090.086,research-api-postgres-1,postgres,62.07,101.7
1789455090.086,research-api-prometheus-1,prometheus,0.75,36.64
1789455090.086,research-api-cadvisor-1,cadvisor,0.67,18.88
1789455095.085,research-api-nginx-1,nginx,66.85,18.93
1789455095.085,research-api-users-service-1,users-service,32.5,11.66
1789455095.085,research-api-grafana-1,grafana,0.06,48.46
1789455095.085,research-api-monolith-partial-1,monolith-partial,61.65,16.21
1789455095.085,research-api-products-service-1,products-service,43.49,15.04
1789455095.085,research-api-postgres-1,postgres,61.4,101.7
1789455095.085,research-api-prometheus-1,prometheus,0.0,36.63
1789455095.085,research-api-cadvisor-1,cadvisor,0.0,17.7
1789455100.076,research-api-nginx-1,nginx,62.38,19.48
1789455100.076,research-api-users-service-1,users-service,31.22,12.16
1789455100.076,research-api-grafana-1,grafana,0.15,48.46
1789455100.076,research-api-monolith-partial-1,monolith-partial,63.9,17.55
1789455100.076,research-api-products-service-1,products-service,35.79,15.15
1789455100.076,research-api-postgres-1,postgres,70.4,102.4
1789455100.076,research-api-prometheus-1,prometheus,0.83,36.64
1789455100.076,research-api-cadvisor-1,cadvisor,0.76,18.34
1789455105.076,research-api-nginx-1,nginx,66.3,18.95
1789455105.076,research-api-users-service-1,users-service,32.98,12.67
1789455105.076,research-api-grafana-1,grafana,0.04,48.46
1789455105.076,research-api-monolith-partial-1,monolith-partial,57.25,17.19
1789455105.076,research-api-products-service-1,products-service,41.9,13.99
1789455105.076,research-api-postgres-1,postgres,62.88,102.3
1789455105.076,research-api-prometheus-1,prometheus,0.0,36.64
1789455105.076,research-api-cadvisor-1,cadvisor,0.61,18.34
1789455110.084,research-api-nginx-1,nginx,64.81,19.21
1789455110.084,research-api-users-service-1,users-service,33.79,11.55
1789455110.084,research-api-grafana-1,grafana,0.25,48.46
1789455110.084,research-api-monolith-partial-1,monolith-partial,58.28,17.25
1789455110.084,research-api-products-service-1,products-service,41.95,14.87
1789455110.084,research-api-postgres-1,postgres,64.2,102.9
1789455110.084,research-api-prometheus-1,prometheus,0.74,37.4
1789455110.084,research-api-cadvisor-1,cadvisor,1.79,18.5
1789455115.108,research-api-nginx-1,nginx,69.02,19.33
1789455115.108,research-api-users-service-1,users-service,36.1,12.26
1789455115.108,research-api-grafana-1,grafana,0.06,48.46
1789455115.108,research-api-monolith-partial-1,monolith-partial,61.28,17.57
1789455115.108,research-api-products-service-1,products-service,41.55,15.11
1789455115.108,research-api-postgres-1,postgres,69.86,102.9
1789455115.108,research-api-prometheus-1,prometheus,0.0,37.4
1789455115.108,research-api-cadvisor-1,cadvisor,0.0,18.5
1789455120.109,research-api-nginx-1,nginx,72.2,18.94
1789455120.109,research-api-users-service-1,users-service,34.68,10.71
1789455120.109,research-api-grafana-1,grafana,0.13,48.46
1789455120.109,research-api-monolith-partial-1,monolith-partial,67.71,18.04
1789455120.109,research-api-products-service-1,products-service,45.25,14.9
1789455120.109,research-api-postgres-1,postgres,87.09,103.9
1789455120.109,research-api-prometheus-1,prometheus,1.0,38.04
1789455120.109,research-api-cadvisor-1,cadvisor,0.9,18.77
1789455125.1,research-api-nginx-1,nginx,69.03,19.41
1789455125.1,research-api-users-service-1,users-service,32.85,12.38
1789455125.1,research-api-grafana-1,grafana,0.05,48.46
1789455125.1,research-api-monolith-partial-1,monolith-partial,64.15,17.47
1789455125.1,research-api-products-service-1,products-service,42.97,14.66
1789455125.1,research-api-postgres-1,postgres,72.01,103.8
1789455125.1,research-api-prometheus-1,prometheus,0.0,38.04
1789455125.1,research-api-cadvisor-1,cadvisor,0.29,18.53
1789455130.108,research-api-nginx-1,nginx,70.73,19.12
1789455130.108,research-api-users-service-1,users-service,34.02,11.77
1789455130.108,research-api-grafana-1,grafana,0.11,48.46
1789455130.108,research-api-monolith-partial-1,monolith-partial,61.82,17.64
1789455130.108,research-api-products-service-1,products-service,42.83,14.75
1789455130.108,research-api-postgres-1,postgres,66.62,105.3
1789455130.108,research-api-prometheus-1,prometheus,0.81,38.07
1789455130.108,research-api-cadvisor-1,cadvisor,1.98,18.74
1789455135.106,research-api-nginx-1,nginx,69.1,19.52
1789455135.106,research-api-users-service-1,users-service,34.53,12.32
1789455135.106,research-api-grafana-1,grafana,0.06,48.46
1789455135.106,research-api-monolith-partial-1,monolith-partial,62.05,17.16
1789455135.106,research-api-products-service-1,products-service,40.06,14.72
1789455135.106,research-api-postgres-1,postgres,68.13,106.1
1789455135.106,research-api-prometheus-1,prometheus,0.0,38.07
1789455135.106,research-api-cadvisor-1,cadvisor,0.0,18.74
1789455140.105,research-api-nginx-1,nginx,69.83,19.46
1789455140.105,research-api-users-service-1,users-service,33.23,12.04
1789455140.105,research-api-grafana-1,grafana,0.13,48.46
1789455140.105,research-api-monolith-partial-1,monolith-partial,63.58,17.59
1789455140.105,research-api-products-service-1,products-service,43.05,15.24
1789455140.105,research-api-postgres-1,postgres,69.62,107.1
1789455140.105,research-api-prometheus-1,prometheus,1.04,38.74
1789455140.105,research-api-cadvisor-1,cadvisor,0.88,18.91
1789455145.103,research-api-nginx-1,nginx,71.83,18.86
1789455145.103,research-api-users-service-1,users-service,37.37,12.33
1789455145.103,research-api-grafana-1,grafana,0.04,48.46
1789455145.103,research-api-monolith-partial-1,monolith-partial,63.44,16.68
1789455145.103,research-api-products-service-1,products-service,45.89,14.75
1789455145.103,research-api-postgres-1,postgres,67.62,107.0
1789455145.103,research-api-prometheus-1,prometheus,0.0,38.73
1789455145.103,research-api-cadvisor-1,cadvisor,0.0,18.92
1789455150.108,research-api-nginx-1,nginx,68.79,19.22
1789455150.108,research-api-users-service-1,users-service,34.44,12.0
1789455150.108,research-api-grafana-1,grafana,0.14,48.49
1789455150.108,research-api-monolith-partial-1,monolith-partial,68.2,17.64
1789455150.108,research-api-products-service-1,products-service,39.72,15.66
1789455150.108,research-api-postgres-1,postgres,70.02,107.2
1789455150.108,research-api-prometheus-1,prometheus,0.92,38.76
1789455150.108,research-api-cadvisor-1,cadvisor,0.93,18.93
1789455155.112,research-api-nginx-1,nginx,71.2,19.42
1789455155.112,research-api-users-service-1,users-service,32.93,11.86
1789455155.112,research-api-grafana-1,grafana,0.07,48.49
1789455155.112,research-api-monolith-partial-1,monolith-partial,65.49,18.31
1789455155.112,research-api-products-service-1,products-service,43.93,15.26
1789455155.112,research-api-postgres-1,postgres,71.63,107.2
1789455155.112,research-api-prometheus-1,prometheus,0.0,38.75
1789455155.112,research-api-cadvisor-1,cadvisor,0.31,18.93
1789455160.102,research-api-nginx-1,nginx,68.79,19.08
1789455160.102,research-api-users-service-1,users-service,36.7,11.83
1789455160.102,research-api-grafana-1,grafana,0.13,48.5
1789455160.102,research-api-monolith-partial-1,monolith-partial,59.27,18.22
1789455160.102,research-api-products-service-1,products-service,42.67,15.1
1789455160.102,research-api-postgres-1,postgres,66.47,107.4
1789455160.102,research-api-prometheus-1,prometheus,0.9,38.76
1789455160.102,research-api-cadvisor-1,cadvisor,1.36,18.96
1789455165.105,research-api-nginx-1,nginx,67.38,18.78
1789455165.105,research-api-users-service-1,users-service,33.7,12.75
1789455165.105,research-api-grafana-1,grafana,0.03,48.5
1789455165.105,research-api-monolith-partial-1,monolith-partial,62.36,17.93
1789455165.105,research-api-products-service-1,products-service,40.37,14.45
1789455165.105,research-api-postgres-1,postgres,67.8,108.5
1789455165.105,research-api-prometheus-1,prometheus,0.0,38.75
1789455165.105,research-api-cadvisor-1,cadvisor,0.0,18.96
1789455170.112,research-api-nginx-1,nginx,70.4,19.37
1789455170.112,research-api-users-service-1,users-service,36.41,12.05
1789455170.112,research-api-grafana-1,grafana,0.14,48.5
1789455170.112,research-api-monolith-partial-1,monolith-partial,63.18,16.89
1789455170.112,research-api-products-service-1,products-service,43.2,14.87
1789455170.112,research-api-postgres-1,postgres,64.96,107.7
1789455170.112,research-api-prometheus-1,prometheus,1.04,38.77
1789455170.112,research-api-cadvisor-1,cadvisor,0.0,18.96
1789455175.102,research-api-nginx-1,nginx,68.61,19.06
1789455175.102,research-api-users-service-1,users-service,35.24,12.21
1789455175.102,research-api-grafana-1,grafana,0.03,48.5
1789455175.102,research-api-monolith-partial-1,monolith-partial,63.0,17.49
1789455175.102,research-api-products-service-1,products-service,43.16,15.04
1789455175.102,research-api-postgres-1,postgres,72.56,108.8
1789455175.102,research-api-prometheus-1,prometheus,0.0,38.76
1789455175.102,research-api-cadvisor-1,cadvisor,0.0,18.99
1789455180.114,research-api-nginx-1,nginx,68.62,18.86
1789455180.114,research-api-users-service-1,users-service,35.95,12.33
1789455180.114,research-api-grafana-1,grafana,0.14,48.5
1789455180.114,research-api-monolith-partial-1,monolith-partial,64.51,17.72
1789455180.114,research-api-products-service-1,products-service,46.02,15.0
1789455180.114,research-api-postgres-1,postgres,87.42,112.5
1789455180.114,research-api-prometheus-1,prometheus,0.98,38.92
1789455180.114,research-api-cadvisor-1,cadvisor,1.3,18.84
1789455185.106,research-api-nginx-1,nginx,70.33,19.24
1789455185.106,research-api-users-service-1,users-service,34.54,11.9
1789455185.106,research-api-grafana-1,grafana,0.05,48.5
1789455185.106,research-api-monolith-partial-1,monolith-partial,63.92,17.89
1789455185.106,research-api-products-service-1,products-service,46.64,15.5
1789455185.106,research-api-postgres-1,postgres,71.65,112.5
1789455185.106,research-api-prometheus-1,prometheus,0.0,38.91
1789455185.106,research-api-cadvisor-1,cadvisor,0.0,18.84
1789455190.108,research-api-nginx-1,nginx,70.43,19.38
1789455190.108,research-api-users-service-1,users-service,35.32,12.11
1789455190.108,research-api-grafana-1,grafana,0.13,48.5
1789455190.108,research-api-monolith-partial-1,monolith-partial,59.03,17.34
1789455190.108,research-api-products-service-1,products-service,41.32,14.62
1789455190.108,research-api-postgres-1,postgres,70.1,112.8
1789455190.108,research-api-prometheus-1,prometheus,0.93,38.93
1789455190.108,research-api-cadvisor-1,cadvisor,1.21,19.5
1789455195.104,research-api-nginx-1,nginx,67.56,19.4
1789455195.104,research-api-users-service-1,users-service,34.75,11.7
1789455195.104,research-api-grafana-1,grafana,0.06,48.5
1789455195.104,research-api-monolith-partial-1,monolith-partial,64.45,17.49
1789455195.104,research-api-products-service-1,products-service,42.26,14.27
1789455195.104,research-api-postgres-1,postgres,66.89,113.5
1789455195.104,research-api-prometheus-1,prometheus,0.0,38.93
1789455195.104,research-api-cadvisor-1,cadvisor,0.3,19.5
1789455200.112,research-api-nginx-1,nginx,73.52,19.73
1789455200.112,research-api-users-service-1,users-service,36.91,11.41
1789455200.112,research-api-grafana-1,grafana,0.15,48.5
1789455200.112,research-api-monolith-partial-1,monolith-partial,63.98,18.31
1789455200.112,research-api-products-service-1,products-service,45.24,14.46
1789455200.112,research-api-postgres-1,postgres,67.36,113.5
1789455200.112,research-api-prometheus-1,prometheus,0.79,38.94
1789455200.112,research-api-cadvisor-1,cadvisor,0.54,19.51
1789455205.111,research-api-nginx-1,nginx,64.97,18.86
1789455205.111,research-api-users-service-1,users-service,32.93,11.93
1789455205.111,research-api-grafana-1,grafana,0.03,48.5
1789455205.111,research-api-monolith-partial-1,monolith-partial,58.25,17.95
1789455205.111,research-api-products-service-1,products-service,42.31,14.81
1789455205.111,research-api-postgres-1,postgres,61.68,113.1
1789455205.111,research-api-prometheus-1,prometheus,0.0,38.94
1789455205.111,research-api-cadvisor-1,cadvisor,0.0,19.51
1789455210.099,research-api-nginx-1,nginx,71.8,19.35
1789455210.099,research-api-users-service-1,users-service,34.48,12.45
1789455210.099,research-api-grafana-1,grafana,0.12,48.5
1789455210.099,research-api-monolith-partial-1,monolith-partial,70.66,17.71
1789455210.099,research-api-products-service-1,products-service,42.03,14.67
1789455210.099,research-api-postgres-1,postgres,72.56,114.3
1789455210.099,research-api-prometheus-1,prometheus,0.93,38.95
1789455210.099,research-api-cadvisor-1,cadvisor,0.77,19.48
1789455215.112,research-api-nginx-1,nginx,67.24,19.54
1789455215.112,research-api-users-service-1,users-service,33.02,12.52
1789455215.112,research-api-grafana-1,grafana,0.05,48.5
1789455215.112,research-api-monolith-partial-1,monolith-partial,59.84,17.54
1789455215.112,research-api-products-service-1,products-service,41.46,15.45
1789455215.112,research-api-postgres-1,postgres,63.93,115.1
1789455215.112,research-api-prometheus-1,prometheus,0.0,38.95
1789455215.112,research-api-cadvisor-1,cadvisor,0.0,19.48
1789455220.119,research-api-nginx-1,nginx,68.72,19.19
1789455220.119,research-api-users-service-1,users-service,35.12,11.62
1789455220.119,research-api-grafana-1,grafana,0.12,48.5
1789455220.119,research-api-monolith-partial-1,monolith-partial,58.75,18.02
1789455220.119,research-api-products-service-1,products-service,41.01,14.92
1789455220.119,research-api-postgres-1,postgres,64.17,115.4
1789455220.119,research-api-prometheus-1,prometheus,0.85,38.96
1789455220.119,research-api-cadvisor-1,cadvisor,1.44,19.38
1789455225.11,research-api-nginx-1,nginx,68.23,19.15
1789455225.11,research-api-users-service-1,users-service,31.4,11.63
1789455225.11,research-api-grafana-1,grafana,0.03,48.5
1789455225.11,research-api-monolith-partial-1,monolith-partial,63.42,18.28
1789455225.11,research-api-products-service-1,products-service,42.64,15.16
1789455225.11,research-api-postgres-1,postgres,66.01,115.9
1789455225.11,research-api-prometheus-1,prometheus,0.0,38.95
1789455225.11,research-api-cadvisor-1,cadvisor,0.0,19.38
1789455230.107,research-api-nginx-1,nginx,70.86,19.02
1789455230.107,research-api-users-service-1,users-service,38.29,12.59
1789455230.107,research-api-grafana-1,grafana,0.15,48.5
1789455230.107,research-api-monolith-partial-1,monolith-partial,66.56,17.09
1789455230.107,research-api-products-service-1,products-service,44.98,14.42
1789455230.107,research-api-postgres-1,postgres,66.97,115.9
1789455230.107,research-api-prometheus-1,prometheus,0.73,38.96
1789455230.107,research-api-cadvisor-1,cadvisor,0.83,19.66
1789455235.111,research-api-nginx-1,nginx,71.38,18.93
1789455235.111,research-api-users-service-1,users-service,38.42,11.99
1789455235.111,research-api-grafana-1,grafana,0.04,48.5
1789455235.111,research-api-monolith-partial-1,monolith-partial,68.39,17.38
1789455235.111,research-api-products-service-1,products-service,42.39,15.36
1789455235.111,research-api-postgres-1,postgres,68.61,116.2
1789455235.111,research-api-prometheus-1,prometheus,0.0,38.95
1789455235.111,research-api-cadvisor-1,cadvisor,0.0,19.66
1789455240.112,research-api-nginx-1,nginx,67.96,19.66
1789455240.112,research-api-users-service-1,users-service,33.77,12.66
1789455240.112,research-api-grafana-1,grafana,0.13,48.51
1789455240.112,research-api-monolith-partial-1,monolith-partial,61.29,17.22
1789455240.112,research-api-products-service-1,products-service,43.62,15.47
1789455240.112,research-api-postgres-1,postgres,84.76,116.9
1789455240.112,research-api-prometheus-1,prometheus,0.88,38.96
1789455240.112,research-api-cadvisor-1,cadvisor,1.27,19.4
1789455245.128,research-api-nginx-1,nginx,68.95,18.73
1789455245.128,research-api-users-service-1,users-service,35.61,12.29
1789455245.128,research-api-grafana-1,grafana,0.09,48.51
1789455245.128,research-api-monolith-partial-1,monolith-partial,60.68,18.04
1789455245.128,research-api-products-service-1,products-service,44.02,14.8
1789455245.128,research-api-postgres-1,postgres,64.37,117.1
1789455245.128,research-api-prometheus-1,prometheus,0.0,38.95
1789455245.128,research-api-cadvisor-1,cadvisor,0.0,19.4
1789455250.105,research-api-nginx-1,nginx,67.97,18.64
1789455250.105,research-api-users-service-1,users-service,31.44,12.67
1789455250.105,research-api-grafana-1,grafana,0.12,48.52
1789455250.105,research-api-monolith-partial-1,monolith-partial,61.7,18.32
1789455250.105,research-api-products-service-1,products-service,43.63,14.23
1789455250.105,research-api-postgres-1,postgres,66.45,117.1
1789455250.105,research-api-prometheus-1,prometheus,0.89,38.96
1789455250.105,research-api-cadvisor-1,cadvisor,1.25,19.45
1789455255.115,research-api-nginx-1,nginx,71.53,18.89
1789455255.115,research-api-users-service-1,users-service,34.23,12.08
1789455255.115,research-api-grafana-1,grafana,0.03,48.52
1789455255.115,research-api-monolith-partial-1,monolith-partial,65.96,17.29
1789455255.115,research-api-products-service-1,products-service,43.04,14.84
1789455255.115,research-api-postgres-1,postgres,66.69,117.5
1789455255.115,research-api-prometheus-1,prometheus,0.0,38.95
1789455255.115,research-api-cadvisor-1,cadvisor,0.0,19.45
1789455260.096,research-api-nginx-1,nginx,69.73,19.4
1789455260.096,research-api-users-service-1,users-service,34.01,12.05
1789455260.096,research-api-grafana-1,grafana,0.16,48.52
1789455260.096,research-api-monolith-partial-1,monolith-partial,61.87,17.63
1789455260.096,research-api-products-service-1,products-service,46.03,14.91
1789455260.096,research-api-postgres-1,postgres,68.48,116.9
1789455260.096,research-api-prometheus-1,prometheus,0.85,38.96
1789455260.096,research-api-cadvisor-1,cadvisor,0.66,19.45
1789455265.127,research-api-nginx-1,nginx,69.01,19.36
1789455265.127,research-api-users-service-1,users-service,33.81,12.3
1789455265.127,research-api-grafana-1,grafana,0.03,48.52
1789455265.127,research-api-monolith-partial-1,monolith-partial,64.36,17.76
1789455265.127,research-api-products-service-1,products-service,44.94,15.59
1789455265.127,research-api-postgres-1,postgres,65.43,117.8
1789455265.127,research-api-prometheus-1,prometheus,0.0,38.96
1789455265.127,research-api-cadvisor-1,cadvisor,0.0,19.45
1789455270.12,research-api-nginx-1,nginx,70.62,19.23
1789455270.12,research-api-users-service-1,users-service,37.84,12.61
1789455270.12,research-api-grafana-1,grafana,0.17,48.26
1789455270.12,research-api-monolith-partial-1,monolith-partial,64.59,17.25
1789455270.12,research-api-products-service-1,products-service,43.64,14.63
1789455270.12,research-api-postgres-1,postgres,68.15,118.7
1789455270.12,research-api-prometheus-1,prometheus,0.1,39.14
1789455270.12,research-api-cadvisor-1,cadvisor,1.29,18.32
1789455275.121,research-api-nginx-1,nginx,70.14,18.56
1789455275.121,research-api-users-service-1,users-service,37.37,12.96
1789455275.121,research-api-grafana-1,grafana,0.06,48.26
1789455275.121,research-api-monolith-partial-1,monolith-partial,63.05,16.47
1789455275.121,research-api-products-service-1,products-service,41.74,15.34
1789455275.121,research-api-postgres-1,postgres,64.79,118.0
1789455275.121,research-api-prometheus-1,prometheus,0.0,39.14
1789455275.121,research-api-cadvisor-1,cadvisor,0.0,18.32
1789455280.131,research-api-nginx-1,nginx,71.15,18.82
1789455280.131,research-api-users-service-1,users-service,35.48,13.54
1789455280.131,research-api-grafana-1,grafana,0.13,48.26
1789455280.131,research-api-monolith-partial-1,monolith-partial,61.9,17.97
1789455280.131,research-api-products-service-1,products-service,44.62,15.15
1789455280.131,research-api-postgres-1,postgres,64.05,118.8
1789455280.131,research-api-prometheus-1,prometheus,0.91,39.15
1789455280.131,research-api-cadvisor-1,cadvisor,0.82,18.96
1789455285.128,research-api-nginx-1,nginx,68.31,19.39
1789455285.128,research-api-users-service-1,users-service,32.73,12.89
1789455285.128,research-api-grafana-1,grafana,0.05,48.26
1789455285.128,research-api-monolith-partial-1,monolith-partial,64.69,18.23
1789455285.128,research-api-products-service-1,products-service,40.94,14.75
1789455285.128,research-api-postgres-1,postgres,69.17,118.9
1789455285.128,research-api-prometheus-1,prometheus,0.0,39.14
1789455285.128,research-api-cadvisor-1,cadvisor,0.0,18.96
1789455290.124,research-api-nginx-1,nginx,67.97,19.29
1789455290.124,research-api-users-service-1,users-service,32.01,12.64
1789455290.124,research-api-grafana-1,grafana,0.24,48.27
1789455290.124,research-api-monolith-partial-1,monolith-partial,63.25,17.3
1789455290.124,research-api-products-service-1,products-service,42.02,16.03
1789455290.124,research-api-postgres-1,postgres,65.48,118.6
1789455290.124,research-api-prometheus-1,prometheus,0.88,39.15
1789455290.124,research-api-cadvisor-1,cadvisor,1.3,19.55
1789455295.12,research-api-nginx-1,nginx,69.63,19.32
1789455295.12,research-api-users-service-1,users-service,34.53,12.12
1789455295.12,research-api-grafana-1,grafana,0.04,48.27
1789455295.12,research-api-monolith-partial-1,monolith-partial,63.42,17.73
1789455295.12,research-api-products-service-1,products-service,44.17,15.6
1789455295.12,research-api-postgres-1,postgres,67.2,119.5
1789455295.12,research-api-prometheus-1,prometheus,0.0,39.15
1789455295.12,research-api-cadvisor-1,cadvisor,0.0,19.55
1789455300.116,research-api-nginx-1,nginx,71.39,19.66
1789455300.116,research-api-users-service-1,users-service,35.74,11.68
1789455300.116,research-api-grafana-1,grafana,0.14,48.27
1789455300.116,research-api-monolith-partial-1,monolith-partial,68.1,17.36
1789455300.116,research-api-products-service-1,products-service,45.78,15.36
1789455300.116,research-api-postgres-1,postgres,92.66,120.4
1789455300.116,research-api-prometheus-1,prometheus,0.1,39.15
1789455300.116,research-api-cadvisor-1,cadvisor,1.91,20.2
1789455305.115,research-api-nginx-1,nginx,68.25,19.24
1789455305.115,research-api-users-service-1,users-service,36.01,12.14
1789455305.115,research-api-grafana-1,grafana,0.05,48.27
1789455305.115,research-api-monolith-partial-1,monolith-partial,63.85,17.55
1789455305.115,research-api-products-service-1,products-service,42.68,15.56
1789455305.115,research-api-postgres-1,postgres,67.36,121.1
1789455305.115,research-api-prometheus-1,prometheus,0.0,39.15
1789455305.115,research-api-cadvisor-1,cadvisor,0.0,20.2
1789455310.122,research-api-nginx-1,nginx,66.82,19.37
1789455310.122,research-api-users-service-1,users-service,31.73,12.78
1789455310.122,research-api-grafana-1,grafana,0.33,48.27
1789455310.122,research-api-monolith-partial-1,monolith-partial,65.63,17.93
1789455310.122,research-api-products-service-1,products-service,43.18,15.82
1789455310.122,research-api-postgres-1,postgres,68.77,120.6
1789455310.122,research-api-prometheus-1,prometheus,0.89,39.16
1789455310.122,research-api-cadvisor-1,cadvisor,0.96,20.2
1789455315.111,research-api-nginx-1,nginx,68.69,19.18
1789455315.111,research-api-users-service-1,users-service,33.61,12.29
1789455315.111,research-api-grafana-1,grafana,0.05,48.27
1789455315.111,research-api-monolith-partial-1,monolith-partial,61.19,17.66
1789455315.111,research-api-products-service-1,products-service,42.4,16.92
1789455315.111,research-api-postgres-1,postgres,66.17,121.5
1789455315.111,research-api-prometheus-1,prometheus,0.0,36.97
1789455315.111,research-api-cadvisor-1,cadvisor,0.0,20.2
1789455320.132,research-api-nginx-1,nginx,69.22,18.86
1789455320.132,research-api-users-service-1,users-service,35.46,12.04
1789455320.132,research-api-grafana-1,grafana,0.14,48.27
1789455320.132,research-api-monolith-partial-1,monolith-partial,61.48,17.64
1789455320.132,research-api-products-service-1,products-service,42.35,16.25
1789455320.132,research-api-postgres-1,postgres,67.38,121.5
1789455320.132,research-api-prometheus-1,prometheus,0.83,36.98
1789455320.132,research-api-cadvisor-1,cadvisor,0.72,20.2
1789455325.113,research-api-nginx-1,nginx,65.1,19.86
1789455325.113,research-api-users-service-1,users-service,32.34,11.77
1789455325.113,research-api-grafana-1,grafana,0.03,48.27
1789455325.113,research-api-monolith-partial-1,monolith-partial,61.54,17.62
1789455325.113,research-api-products-service-1,products-service,40.43,16.87
1789455325.113,research-api-postgres-1,postgres,66.63,121.6
1789455325.113,research-api-prometheus-1,prometheus,0.0,36.97
1789455325.113,research-api-cadvisor-1,cadvisor,0.0,20.2
1789455330.136,research-api-nginx-1,nginx,71.39,19.3
1789455330.136,research-api-users-service-1,users-service,36.66,13.32
1789455330.136,research-api-grafana-1,grafana,0.16,48.28
1789455330.136,research-api-monolith-partial-1,monolith-partial,63.68,17.79
1789455330.136,research-api-products-service-1,products-service,43.14,15.61
1789455330.136,research-api-postgres-1,postgres,68.78,122.6
1789455330.136,research-api-prometheus-1,prometheus,0.78,36.98
1789455330.136,research-api-cadvisor-1,cadvisor,0.8,20.3
1789455335.126,research-api-nginx-1,nginx,74.95,19.14
1789455335.126,research-api-users-service-1,users-service,34.98,12.29
1789455335.126,research-api-grafana-1,grafana,0.07,48.28
1789455335.126,research-api-monolith-partial-1,monolith-partial,66.64,17.52
1789455335.126,research-api-products-service-1,products-service,43.21,15.5
1789455335.126,research-api-postgres-1,postgres,71.9,124.0
1789455335.126,research-api-prometheus-1,prometheus,0.0,36.97
1789455335.126,research-api-cadvisor-1,cadvisor,0.0,20.3
1789455340.132,research-api-nginx-1,nginx,67.34,19.41
1789455340.132,research-api-users-service-1,users-service,33.86,13.68
1789455340.132,research-api-grafana-1,grafana,0.13,48.28
1789455340.132,research-api-monolith-partial-1,monolith-partial,69.56,17.26
1789455340.132,research-api-products-service-1,products-service,42.28,15.27
1789455340.132,research-api-postgres-1,postgres,66.45,124.3
1789455340.132,research-api-prometheus-1,prometheus,0.93,36.98
1789455340.132,research-api-cadvisor-1,cadvisor,1.23,21.05
1789455345.131,research-api-nginx-1,nginx,69.96,19.84
1789455345.131,research-api-users-service-1,users-service,34.03,12.35
1789455345.131,research-api-grafana-1,grafana,0.03,48.28
1789455345.131,research-api-monolith-partial-1,monolith-partial,65.54,17.54
1789455345.131,research-api-products-service-1,products-service,41.11,16.15
1789455345.131,research-api-postgres-1,postgres,67.33,125.0
1789455345.131,research-api-prometheus-1,prometheus,0.0,36.97
1789455345.131,research-api-cadvisor-1,cadvisor,0.0,21.05
1789455350.114,research-api-nginx-1,nginx,68.2,18.48
1789455350.114,research-api-users-service-1,users-service,33.03,13.65
1789455350.114,research-api-grafana-1,grafana,0.13,48.28
1789455350.114,research-api-monolith-partial-1,monolith-partial,63.31,17.71
1789455350.114,research-api-products-service-1,products-service,42.89,16.57
1789455350.114,research-api-postgres-1,postgres,68.31,125.2
1789455350.114,research-api-prometheus-1,prometheus,0.93,36.98
1789455350.114,research-api-cadvisor-1,cadvisor,0.79,21.12
1789455355.134,research-api-nginx-1,nginx,75.63,19.25
1789455355.134,research-api-users-service-1,users-service,38.59,12.39
1789455355.134,research-api-grafana-1,grafana,0.03,48.28
1789455355.134,research-api-monolith-partial-1,monolith-partial,70.69,17.07
1789455355.134,research-api-products-service-1,products-service,45.28,17.07
1789455355.134,research-api-postgres-1,postgres,72.85,125.3
1789455355.134,research-api-prometheus-1,prometheus,0.0,36.97
1789455355.134,research-api-cadvisor-1,cadvisor,0.0,21.12
1789455360.156,research-api-nginx-1,nginx,98.51,18.95
1789455360.156,research-api-users-service-1,users-service,51.24,13.77
1789455360.156,research-api-grafana-1,grafana,0.14,48.28
1789455360.156,research-api-monolith-partial-1,monolith-partial,98.67,18.71
1789455360.156,research-api-products-service-1,products-service,71.03,15.83
1789455360.156,research-api-postgres-1,postgres,121.36,133.3
1789455360.156,research-api-prometheus-1,prometheus,0.96,36.98
1789455360.156,research-api-cadvisor-1,cadvisor,1.97,21.16
1789455365.215,research-api-nginx-1,nginx,139.0,20.07
1789455365.215,research-api-users-service-1,users-service,63.34,14.94
1789455365.215,research-api-grafana-1,grafana,0.07,48.28
1789455365.215,research-api-monolith-partial-1,monolith-partial,112.35,18.75
1789455365.215,research-api-products-service-1,products-service,77.02,16.18
1789455365.215,research-api-postgres-1,postgres,120.69,133.4
1789455365.215,research-api-prometheus-1,prometheus,0.0,36.97
1789455365.215,research-api-cadvisor-1,cadvisor,0.0,21.16
1789455370.243,research-api-nginx-1,nginx,151.5,19.9
1789455370.243,research-api-users-service-1,users-service,68.38,13.75
1789455370.243,research-api-grafana-1,grafana,0.14,48.28
1789455370.243,research-api-monolith-partial-1,monolith-partial,128.08,19.42
1789455370.243,research-api-products-service-1,products-service,81.2,17.0
1789455370.243,research-api-postgres-1,postgres,141.34,132.9
1789455370.243,research-api-prometheus-1,prometheus,0.23,36.98
1789455370.243,research-api-cadvisor-1,cadvisor,1.07,21.16
1789455375.261,research-api-nginx-1,nginx,163.69,20.89
1789455375.261,research-api-users-service-1,users-service,67.38,14.72
1789455375.261,research-api-grafana-1,grafana,0.04,48.28
1789455375.261,research-api-monolith-partial-1,monolith-partial,148.7,21.24
1789455375.261,research-api-products-service-1,products-service,90.57,18.17
1789455375.261,research-api-postgres-1,postgres,148.07,134.0
1789455375.261,research-api-prometheus-1,prometheus,0.0,36.97
1789455375.261,research-api-cadvisor-1,cadvisor,0.0,21.16
1789455380.344,research-api-nginx-1,nginx,167.91,21.36
1789455380.344,research-api-users-service-1,users-service,67.09,14.67
1789455380.344,research-api-grafana-1,grafana,0.17,48.29
1789455380.344,research-api-monolith-partial-1,monolith-partial,153.21,20.09
1789455380.344,research-api-products-service-1,products-service,90.33,16.71
1789455380.344,research-api-postgres-1,postgres,169.68,134.8
1789455380.344,research-api-prometheus-1,prometheus,0.23,36.97
1789455380.344,research-api-cadvisor-1,cadvisor,0.0,21.16
1789455385.299,research-api-nginx-1,nginx,174.38,22.01
1789455385.299,research-api-users-service-1,users-service,80.35,15.27
1789455385.299,research-api-grafana-1,grafana,0.03,48.29
1789455385.299,research-api-monolith-partial-1,monolith-partial,132.77,21.53
1789455385.299,research-api-products-service-1,products-service,90.05,17.49
1789455385.299,research-api-postgres-1,postgres,166.85,136.4
1789455385.299,research-api-prometheus-1,prometheus,0.0,36.97
1789455385.299,research-api-cadvisor-1,cadvisor,0.0,21.16
1789455390.273,research-api-nginx-1,nginx,168.85,22.09
1789455390.273,research-api-users-service-1,users-service,70.75,14.86
1789455390.273,research-api-grafana-1,grafana,0.15,47.93
1789455390.273,research-api-monolith-partial-1,monolith-partial,144.27,21.15
1789455390.273,research-api-products-service-1,products-service,87.85,18.34
1789455390.273,research-api-postgres-1,postgres,171.49,136.7
1789455390.273,research-api-prometheus-1,prometheus,0.24,36.97
1789455390.273,research-api-cadvisor-1,cadvisor,1.08,21.31
1789455395.294,research-api-nginx-1,nginx,173.35,21.13
1789455395.294,research-api-users-service-1,users-service,70.4,14.37
1789455395.294,research-api-grafana-1,grafana,0.05,47.93
1789455395.294,research-api-monolith-partial-1,monolith-partial,142.69,20.53
1789455395.294,research-api-products-service-1,products-service,93.31,16.93
1789455395.294,research-api-postgres-1,postgres,165.19,136.9
1789455395.294,research-api-prometheus-1,prometheus,0.0,36.97
1789455395.294,research-api-cadvisor-1,cadvisor,0.0,21.31
1789455400.364,research-api-nginx-1,nginx,169.05,22.2
1789455400.364,research-api-users-service-1,users-service,72.31,14.9
1789455400.364,research-api-grafana-1,grafana,0.12,47.93
1789455400.364,research-api-monolith-partial-1,monolith-partial,141.53,19.66
1789455400.364,research-api-products-service-1,products-service,90.72,17.49
1789455400.364,research-api-postgres-1,postgres,164.45,138.2
1789455400.364,research-api-prometheus-1,prometheus,0.24,36.99
1789455400.364,research-api-cadvisor-1,cadvisor,0.9,21.31
1789455405.314,research-api-nginx-1,nginx,159.42,22.11
1789455405.314,research-api-users-service-1,users-service,66.8,15.3
1789455405.314,research-api-grafana-1,grafana,0.03,47.93
1789455405.314,research-api-monolith-partial-1,monolith-partial,132.74,22.41
1789455405.314,research-api-products-service-1,products-service,94.32,18.33
1789455405.314,research-api-postgres-1,postgres,166.7,139.1
1789455405.314,research-api-prometheus-1,prometheus,0.0,36.98
1789455405.314,research-api-cadvisor-1,cadvisor,0.0,19.14
1789455410.312,research-api-nginx-1,nginx,170.45,21.96
1789455410.312,research-api-users-service-1,users-service,78.87,15.69
1789455410.312,research-api-grafana-1,grafana,0.16,47.93
1789455410.312,research-api-monolith-partial-1,monolith-partial,142.5,22.11
1789455410.312,research-api-products-service-1,products-service,90.09,16.63
1789455410.312,research-api-postgres-1,postgres,172.74,139.0
1789455410.312,research-api-prometheus-1,prometheus,0.25,36.99
1789455410.312,research-api-cadvisor-1,cadvisor,0.98,19.78
1789455415.385,research-api-nginx-1,nginx,165.5,21.18
1789455415.385,research-api-users-service-1,users-service,75.16,15.65
1789455415.385,research-api-grafana-1,grafana,0.04,47.93
1789455415.385,research-api-monolith-partial-1,monolith-partial,135.14,21.59
1789455415.385,research-api-products-service-1,products-service,85.54,17.59
1789455415.385,research-api-postgres-1,postgres,163.67,139.7
1789455415.385,research-api-prometheus-1,prometheus,0.0,36.98
1789455415.385,research-api-cadvisor-1,cadvisor,0.28,19.78
1789455420.294,research-api-nginx-1,nginx,161.47,21.82
1789455420.294,research-api-users-service-1,users-service,68.58,14.8
1789455420.294,research-api-grafana-1,grafana,0.1,47.93
1789455420.294,research-api-monolith-partial-1,monolith-partial,142.81,22.16
1789455420.294,research-api-products-service-1,products-service,84.28,18.17
1789455420.294,research-api-postgres-1,postgres,206.33,140.3
1789455420.294,research-api-prometheus-1,prometheus,0.25,36.99
1789455420.294,research-api-cadvisor-1,cadvisor,1.55,19.78
1789455425.331,research-api-nginx-1,nginx,168.42,21.86
1789455425.331,research-api-users-service-1,users-service,76.36,14.99
1789455425.331,research-api-grafana-1,grafana,0.07,47.93
1789455425.331,research-api-monolith-partial-1,monolith-partial,140.04,21.3
1789455425.331,research-api-products-service-1,products-service,88.15,18.62
1789455425.331,research-api-postgres-1,postgres,166.5,141.0
1789455425.331,research-api-prometheus-1,prometheus,0.0,36.98
1789455425.331,research-api-cadvisor-1,cadvisor,0.0,19.78
1789455430.343,research-api-nginx-1,nginx,155.91,21.25
1789455430.343,research-api-users-service-1,users-service,75.54,15.35
1789455430.343,research-api-grafana-1,grafana,0.12,47.93
1789455430.343,research-api-monolith-partial-1,monolith-partial,143.42,20.9
1789455430.343,research-api-products-service-1,products-service,91.4,17.46
1789455430.343,research-api-postgres-1,postgres,163.99,142.3
1789455430.343,research-api-prometheus-1,prometheus,0.24,36.99
1789455430.343,research-api-cadvisor-1,cadvisor,0.97,19.8
1789455435.317,research-api-nginx-1,nginx,172.05,22.25
1789455435.317,research-api-users-service-1,users-service,72.75,15.19
1789455435.317,research-api-grafana-1,grafana,0.04,47.93
1789455435.317,research-api-monolith-partial-1,monolith-partial,146.11,21.2
1789455435.317,research-api-products-service-1,products-service,91.23,18.19
1789455435.317,research-api-postgres-1,postgres,175.5,142.4
1789455435.317,research-api-prometheus-1,prometheus,0.0,36.98
1789455435.317,research-api-cadvisor-1,cadvisor,0.0,19.8
1789455440.346,research-api-nginx-1,nginx,162.84,21.19
1789455440.346,research-api-users-service-1,users-service,68.41,14.99
1789455440.346,research-api-grafana-1,grafana,0.15,47.93
1789455440.346,research-api-monolith-partial-1,monolith-partial,144.72,21.72
1789455440.346,research-api-products-service-1,products-service,92.17,17.77
1789455440.346,research-api-postgres-1,postgres,168.61,143.4
1789455440.346,research-api-prometheus-1,prometheus,0.24,36.99
1789455440.346,research-api-cadvisor-1,cadvisor,1.63,19.81
1789455445.311,research-api-nginx-1,nginx,170.8,21.68
1789455445.311,research-api-users-service-1,users-service,71.34,15.18
1789455445.311,research-api-grafana-1,grafana,0.03,47.93
1789455445.311,research-api-monolith-partial-1,monolith-partial,134.85,20.47
1789455445.311,research-api-products-service-1,products-service,96.03,18.09
1789455445.311,research-api-postgres-1,postgres,168.27,143.8
1789455445.311,research-api-prometheus-1,prometheus,0.0,36.98
1789455445.311,research-api-cadvisor-1,cadvisor,0.0,19.81
1789455450.349,research-api-nginx-1,nginx,165.64,21.62
1789455450.349,research-api-users-service-1,users-service,65.18,14.92
1789455450.349,research-api-grafana-1,grafana,0.14,47.93
1789455450.349,research-api-monolith-partial-1,monolith-partial,144.7,22.52
1789455450.349,research-api-products-service-1,products-service,86.87,16.89
1789455450.349,research-api-postgres-1,postgres,179.24,144.0
1789455450.349,research-api-prometheus-1,prometheus,0.25,36.99
1789455450.349,research-api-cadvisor-1,cadvisor,1.15,19.67
1789455455.353,research-api-nginx-1,nginx,156.42,21.28
1789455455.353,research-api-users-service-1,users-service,73.91,15.59
1789455455.353,research-api-grafana-1,grafana,0.05,47.93
1789455455.353,research-api-monolith-partial-1,monolith-partial,136.4,21.92
1789455455.353,research-api-products-service-1,products-service,92.56,17.61
1789455455.353,research-api-postgres-1,postgres,173.08,145.3
1789455455.353,research-api-prometheus-1,prometheus,0.0,37.01
1789455455.353,research-api-cadvisor-1,cadvisor,0.0,19.67
1789455460.418,research-api-nginx-1,nginx,166.06,21.05
1789455460.418,research-api-users-service-1,users-service,70.75,15.46
1789455460.418,research-api-grafana-1,grafana,0.15,47.93
1789455460.418,research-api-monolith-partial-1,monolith-partial,138.66,21.54
1789455460.418,research-api-products-service-1,products-service,79.04,18.5
1789455460.418,research-api-postgres-1,postgres,167.19,145.2
1789455460.418,research-api-prometheus-1,prometheus,1.0,37.02
1789455460.418,research-api-cadvisor-1,cadvisor,0.0,19.67
1789455465.385,research-api-nginx-1,nginx,156.28,21.83
1789455465.385,research-api-users-service-1,users-service,70.74,16.88
1789455465.385,research-api-grafana-1,grafana,0.04,47.93
1789455465.385,research-api-monolith-partial-1,monolith-partial,136.83,21.19
1789455465.385,research-api-products-service-1,products-service,85.28,18.59
1789455465.385,research-api-postgres-1,postgres,176.69,146.2
1789455465.385,research-api-prometheus-1,prometheus,0.0,37.02
1789455465.385,research-api-cadvisor-1,cadvisor,0.0,20.84
1789455470.399,research-api-nginx-1,nginx,178.04,21.2
1789455470.399,research-api-users-service-1,users-service,79.28,15.22
1789455470.399,research-api-grafana-1,grafana,0.17,47.93
1789455470.399,research-api-monolith-partial-1,monolith-partial,144.77,21.25
1789455470.399,research-api-products-service-1,products-service,104.03,17.64
1789455470.399,research-api-postgres-1,postgres,166.27,146.9
1789455470.399,research-api-prometheus-1,prometheus,0.25,37.02
1789455470.399,research-api-cadvisor-1,cadvisor,0.99,21.64
1789455475.385,research-api-nginx-1,nginx,167.73,21.44
1789455475.385,research-api-users-service-1,users-service,71.22,16.01
1789455475.385,research-api-grafana-1,grafana,0.04,47.93
1789455475.385,research-api-monolith-partial-1,monolith-partial,136.74,21.32
1789455475.385,research-api-products-service-1,products-service,87.18,18.42
1789455475.385,research-api-postgres-1,postgres,170.73,148.0
1789455475.385,research-api-prometheus-1,prometheus,0.0,37.02
1789455475.385,research-api-cadvisor-1,cadvisor,0.0,21.64
1789455480.364,research-api-nginx-1,nginx,170.05,22.61
1789455480.364,research-api-users-service-1,users-service,70.53,16.43
1789455480.364,research-api-grafana-1,grafana,0.14,47.93
1789455480.364,research-api-monolith-partial-1,monolith-partial,136.24,22.0
1789455480.364,research-api-products-service-1,products-service,93.01,17.64
1789455480.364,research-api-postgres-1,postgres,201.69,149.3
1789455480.364,research-api-prometheus-1,prometheus,0.23,37.66
1789455480.364,research-api-cadvisor-1,cadvisor,1.49,20.58
1789455485.386,research-api-nginx-1,nginx,169.79,20.97
1789455485.386,research-api-users-service-1,users-service,74.95,16.32
1789455485.386,research-api-grafana-1,grafana,0.07,47.93
1789455485.386,research-api-monolith-partial-1,monolith-partial,148.81,21.33
1789455485.386,research-api-products-service-1,products-service,94.01,17.23
1789455485.386,research-api-postgres-1,postgres,169.36,149.1
1789455485.386,research-api-prometheus-1,prometheus,0.0,37.66
1789455485.386,research-api-cadvisor-1,cadvisor,0.0,20.58
1789455490.357,research-api-nginx-1,nginx,176.27,21.89
1789455490.357,research-api-users-service-1,users-service,73.86,15.16
1789455490.357,research-api-grafana-1,grafana,0.13,47.93
1789455490.357,research-api-monolith-partial-1,monolith-partial,137.51,21.99
1789455490.357,research-api-products-service-1,products-service,95.89,17.88
1789455490.357,research-api-postgres-1,postgres,163.95,149.2
1789455490.357,research-api-prometheus-1,prometheus,0.21,37.68
1789455490.357,research-api-cadvisor-1,cadvisor,0.82,20.59
1789455495.4,research-api-nginx-1,nginx,167.48,20.98
1789455495.4,research-api-users-service-1,users-service,70.27,15.46
1789455495.4,research-api-grafana-1,grafana,0.05,47.93
1789455495.4,research-api-monolith-partial-1,monolith-partial,146.25,21.85
1789455495.4,research-api-products-service-1,products-service,84.91,18.67
1789455495.4,research-api-postgres-1,postgres,168.97,149.9
1789455495.4,research-api-prometheus-1,prometheus,0.0,37.67
1789455495.4,research-api-cadvisor-1,cadvisor,0.0,20.59
1789455500.453,research-api-nginx-1,nginx,166.26,21.62
1789455500.453,research-api-users-service-1,users-service,69.48,16.05
1789455500.453,research-api-grafana-1,grafana,0.17,47.93
1789455500.453,research-api-monolith-partial-1,monolith-partial,142.75,22.17
1789455500.453,research-api-products-service-1,products-service,93.69,17.59
1789455500.453,research-api-postgres-1,postgres,175.56,150.8
1789455500.453,research-api-prometheus-1,prometheus,0.25,38.32
1789455500.453,research-api-cadvisor-1,cadvisor,1.59,21.52
1789455505.412,research-api-nginx-1,nginx,171.6,21.78
1789455505.412,research-api-users-service-1,users-service,66.27,15.57
1789455505.412,research-api-grafana-1,grafana,0.05,47.93
1789455505.412,research-api-monolith-partial-1,monolith-partial,132.83,21.86
1789455505.412,research-api-products-service-1,products-service,91.29,18.12
1789455505.412,research-api-postgres-1,postgres,160.86,151.6
1789455505.412,research-api-prometheus-1,prometheus,0.0,38.31
1789455505.412,research-api-cadvisor-1,cadvisor,0.0,21.52
1789455510.392,research-api-nginx-1,nginx,166.83,21.63
1789455510.392,research-api-users-service-1,users-service,72.31,14.98
1789455510.392,research-api-grafana-1,grafana,0.15,47.93
1789455510.392,research-api-monolith-partial-1,monolith-partial,159.02,23.27
1789455510.392,research-api-products-service-1,products-service,90.61,18.73
1789455510.392,research-api-postgres-1,postgres,172.66,151.6
1789455510.392,research-api-prometheus-1,prometheus,0.2,38.32
1789455510.392,research-api-cadvisor-1,cadvisor,0.87,21.57
1789455515.376,research-api-nginx-1,nginx,163.51,22.69
1789455515.376,research-api-users-service-1,users-service,77.85,15.54
1789455515.376,research-api-grafana-1,grafana,0.07,47.93
1789455515.376,research-api-monolith-partial-1,monolith-partial,143.18,21.82
1789455515.376,research-api-products-service-1,products-service,83.57,18.76
1789455515.376,research-api-postgres-1,postgres,158.07,152.9
1789455515.376,research-api-prometheus-1,prometheus,0.0,38.32
1789455515.376,research-api-cadvisor-1,cadvisor,0.0,21.57
1789455520.411,research-api-nginx-1,nginx,176.75,22.0
1789455520.411,research-api-users-service-1,users-service,68.93,15.23
1789455520.411,research-api-grafana-1,grafana,0.13,47.93
1789455520.411,research-api-monolith-partial-1,monolith-partial,149.54,21.99
1789455520.411,research-api-products-service-1,products-service,91.19,17.19
1789455520.411,research-api-postgres-1,postgres,176.35,153.9
1789455520.411,research-api-prometheus-1,prometheus,0.22,38.32
1789455520.411,research-api-cadvisor-1,cadvisor,1.46,20.74
1789455525.408,research-api-nginx-1,nginx,171.12,21.3
1789455525.408,research-api-users-service-1,users-service,68.06,15.34
1789455525.408,research-api-grafana-1,grafana,0.03,47.93
1789455525.408,research-api-monolith-partial-1,monolith-partial,143.19,22.04
1789455525.408,research-api-products-service-1,products-service,89.44,17.89
1789455525.408,research-api-postgres-1,postgres,165.88,154.4
1789455525.408,research-api-prometheus-1,prometheus,0.0,38.32
1789455525.408,research-api-cadvisor-1,cadvisor,0.0,20.74
1789455530.412,research-api-nginx-1,nginx,167.6,22.16
1789455530.412,research-api-users-service-1,users-service,73.86,16.02
1789455530.412,research-api-grafana-1,grafana,0.13,47.93
1789455530.412,research-api-monolith-partial-1,monolith-partial,147.22,22.34
1789455530.412,research-api-products-service-1,products-service,94.3,18.02
1789455530.412,research-api-postgres-1,postgres,171.48,154.3
1789455530.412,research-api-prometheus-1,prometheus,0.24,38.32
1789455530.412,research-api-cadvisor-1,cadvisor,1.0,21.38
1789455535.432,research-api-nginx-1,nginx,166.07,22.23
1789455535.432,research-api-users-service-1,users-service,74.38,16.38
1789455535.432,research-api-grafana-1,grafana,0.05,47.93
1789455535.432,research-api-monolith-partial-1,monolith-partial,143.47,20.86
1789455535.432,research-api-products-service-1,products-service,92.51,18.41
1789455535.432,research-api-postgres-1,postgres,168.27,154.6
1789455535.432,research-api-prometheus-1,prometheus,0.0,38.32
1789455535.432,research-api-cadvisor-1,cadvisor,0.0,21.38
1789455540.481,research-api-nginx-1,nginx,162.4,22.87
1789455540.481,research-api-users-service-1,users-service,72.23,15.97
1789455540.481,research-api-grafana-1,grafana,0.12,47.93
1789455540.481,research-api-monolith-partial-1,monolith-partial,127.37,21.29
1789455540.481,research-api-products-service-1,products-service,94.6,17.6
1789455540.481,research-api-postgres-1,postgres,172.46,155.9
1789455540.481,research-api-prometheus-1,prometheus,0.23,38.32
1789455540.481,research-api-cadvisor-1,cadvisor,1.64,21.24
1789455545.419,research-api-nginx-1,nginx,170.96,21.68
1789455545.419,research-api-users-service-1,users-service,74.06,14.98
1789455545.419,research-api-grafana-1,grafana,0.05,47.93
1789455545.419,research-api-monolith-partial-1,monolith-partial,150.67,21.02
1789455545.419,research-api-products-service-1,products-service,89.26,18.41
1789455545.419,research-api-postgres-1,postgres,173.72,156.8
1789455545.419,research-api-prometheus-1,prometheus,0.0,38.32
1789455545.419,research-api-cadvisor-1,cadvisor,0.0,21.24
1789455550.421,research-api-nginx-1,nginx,168.22,20.91
1789455550.421,research-api-users-service-1,users-service,79.0,14.91
1789455550.421,research-api-grafana-1,grafana,0.17,47.93
1789455550.421,research-api-monolith-partial-1,monolith-partial,146.5,21.87
1789455550.421,research-api-products-service-1,products-service,90.27,18.05
1789455550.421,research-api-postgres-1,postgres,165.82,157.5
1789455550.421,research-api-prometheus-1,prometheus,0.25,38.33
1789455550.421,research-api-cadvisor-1,cadvisor,0.82,21.24
1789455555.387,research-api-nginx-1,nginx,161.38,20.78
1789455555.387,research-api-users-service-1,users-service,76.52,16.16
1789455555.387,research-api-grafana-1,grafana,0.05,47.93
1789455555.387,research-api-monolith-partial-1,monolith-partial,139.92,20.73
1789455555.387,research-api-products-service-1,products-service,91.06,17.18
1789455555.387,research-api-postgres-1,postgres,159.33,157.4
1789455555.387,research-api-prometheus-1,prometheus,0.0,38.33
1789455555.387,research-api-cadvisor-1,cadvisor,0.0,21.24
1789455560.428,research-api-nginx-1,nginx,167.77,22.02
1789455560.428,research-api-users-service-1,users-service,71.98,14.85
1789455560.428,research-api-grafana-1,grafana,0.17,47.93
1789455560.428,research-api-monolith-partial-1,monolith-partial,138.0,22.82
1789455560.428,research-api-products-service-1,products-service,88.97,17.04
1789455560.428,research-api-postgres-1,postgres,162.86,158.3
1789455560.428,research-api-prometheus-1,prometheus,0.26,38.34
1789455560.428,research-api-cadvisor-1,cadvisor,0.96,21.24
1789455565.439,research-api-nginx-1,nginx,176.32,21.58
1789455565.439,research-api-users-service-1,users-service,72.14,15.46
1789455565.439,research-api-grafana-1,grafana,0.03,47.93
1789455565.439,research-api-monolith-partial-1,monolith-partial,155.15,22.41
1789455565.439,research-api-products-service-1,products-service,102.58,18.46
1789455565.439,research-api-postgres-1,postgres,176.83,159.0
1789455565.439,research-api-prometheus-1,prometheus,0.0,38.34
1789455565.439,research-api-cadvisor-1,cadvisor,0.0,21.36
1789455570.437,research-api-nginx-1,nginx,164.79,22.55
1789455570.437,research-api-users-service-1,users-service,68.84,14.83
1789455570.437,research-api-grafana-1,grafana,0.13,47.93
1789455570.437,research-api-monolith-partial-1,monolith-partial,140.62,21.87
1789455570.437,research-api-products-service-1,products-service,87.88,18.11
1789455570.437,research-api-postgres-1,postgres,166.28,160.1
1789455570.437,research-api-prometheus-1,prometheus,0.24,38.35
1789455570.437,research-api-cadvisor-1,cadvisor,3.09,19.34
1789455575.442,research-api-nginx-1,nginx,167.77,21.96
1789455575.442,research-api-users-service-1,users-service,72.38,14.8
1789455575.442,research-api-grafana-1,grafana,0.06,47.93
1789455575.442,research-api-monolith-partial-1,monolith-partial,147.08,21.29
1789455575.442,research-api-products-service-1,products-service,97.67,17.67
1789455575.442,research-api-postgres-1,postgres,167.46,160.6
1789455575.442,research-api-prometheus-1,prometheus,0.0,38.35
1789455575.442,research-api-cadvisor-1,cadvisor,0.0,19.34
1789455580.402,research-api-nginx-1,nginx,172.04,21.77
1789455580.402,research-api-users-service-1,users-service,73.38,15.65
1789455580.402,research-api-grafana-1,grafana,0.14,47.93
1789455580.402,research-api-monolith-partial-1,monolith-partial,138.84,22.22
1789455580.402,research-api-products-service-1,products-service,86.65,17.22
1789455580.402,research-api-postgres-1,postgres,169.35,161.1
1789455580.402,research-api-prometheus-1,prometheus,0.28,38.36
1789455580.402,research-api-cadvisor-1,cadvisor,0.99,19.34
1789455585.548,research-api-nginx-1,nginx,159.25,20.98
1789455585.548,research-api-users-service-1,users-service,69.42,14.63
1789455585.548,research-api-grafana-1,grafana,0.07,47.93
1789455585.548,research-api-monolith-partial-1,monolith-partial,140.24,21.77
1789455585.548,research-api-products-service-1,products-service,86.1,17.51
1789455585.548,research-api-postgres-1,postgres,170.05,161.6
1789455585.548,research-api-prometheus-1,prometheus,0.0,38.35
1789455585.548,research-api-cadvisor-1,cadvisor,0.78,18.76
1789455590.512,research-api-nginx-1,nginx,177.18,22.73
1789455590.512,research-api-users-service-1,users-service,75.36,15.15
1789455590.512,research-api-grafana-1,grafana,0.16,47.93
1789455590.512,research-api-monolith-partial-1,monolith-partial,143.84,21.53
1789455590.512,research-api-products-service-1,products-service,95.75,17.35
1789455590.512,research-api-postgres-1,postgres,175.01,162.9
1789455590.512,research-api-prometheus-1,prometheus,0.27,38.59
1789455590.512,research-api-cadvisor-1,cadvisor,0.89,18.84
1789455595.562,research-api-nginx-1,nginx,156.03,21.45
1789455595.562,research-api-users-service-1,users-service,68.7,15.07
1789455595.562,research-api-grafana-1,grafana,0.06,47.93
1789455595.562,research-api-monolith-partial-1,monolith-partial,141.65,22.3
1789455595.562,research-api-products-service-1,products-service,84.63,18.4
1789455595.562,research-api-postgres-1,postgres,171.97,163.4
1789455595.562,research-api-prometheus-1,prometheus,0.0,38.59
1789455595.562,research-api-cadvisor-1,cadvisor,0.0,18.84
1789455600.47,research-api-nginx-1,nginx,155.86,21.55
1789455600.47,research-api-users-service-1,users-service,70.83,15.41
1789455600.47,research-api-grafana-1,grafana,0.15,47.93
1789455600.47,research-api-monolith-partial-1,monolith-partial,137.43,21.86
1789455600.47,research-api-products-service-1,products-service,86.61,17.64
1789455600.47,research-api-postgres-1,postgres,221.43,164.4
1789455600.47,research-api-prometheus-1,prometheus,0.25,38.59
1789455600.47,research-api-cadvisor-1,cadvisor,3.81,19.33
1789455605.485,research-api-nginx-1,nginx,169.44,20.45
1789455605.485,research-api-users-service-1,users-service,74.46,14.89
1789455605.485,research-api-grafana-1,grafana,0.06,47.93
1789455605.485,research-api-monolith-partial-1,monolith-partial,146.32,20.88
1789455605.485,research-api-products-service-1,products-service,88.47,17.09
1789455605.485,research-api-postgres-1,postgres,166.27,165.1
1789455605.485,research-api-prometheus-1,prometheus,0.0,38.59
1789455605.485,research-api-cadvisor-1,cadvisor,0.52,19.34
1789455610.499,research-api-nginx-1,nginx,166.05,22.39
1789455610.499,research-api-users-service-1,users-service,68.39,15.34
1789455610.499,research-api-grafana-1,grafana,0.14,47.93
1789455610.499,research-api-monolith-partial-1,monolith-partial,138.74,20.71
1789455610.499,research-api-products-service-1,products-service,90.94,17.12
1789455610.499,research-api-postgres-1,postgres,164.66,165.7
1789455610.499,research-api-prometheus-1,prometheus,0.29,38.59
1789455610.499,research-api-cadvisor-1,cadvisor,1.05,19.35
1789455615.411,research-api-nginx-1,nginx,178.16,20.99
1789455615.411,research-api-users-service-1,users-service,73.97,15.09
1789455615.411,research-api-grafana-1,grafana,0.04,47.93
1789455615.411,research-api-monolith-partial-1,monolith-partial,145.36,21.29
1789455615.411,research-api-products-service-1,products-service,98.97,17.52
1789455615.411,research-api-postgres-1,postgres,165.48,166.5
1789455615.411,research-api-prometheus-1,prometheus,0.0,38.59
1789455615.411,research-api-cadvisor-1,cadvisor,0.0,19.35
1789455620.463,research-api-nginx-1,nginx,164.4,21.38
1789455620.463,research-api-users-service-1,users-service,66.76,15.46
1789455620.463,research-api-grafana-1,grafana,0.15,47.93
1789455620.463,research-api-monolith-partial-1,monolith-partial,137.73,21.46
1789455620.463,research-api-products-service-1,products-service,91.51,17.86
1789455620.463,research-api-postgres-1,postgres,162.27,166.9
1789455620.463,research-api-prometheus-1,prometheus,0.22,38.59
1789455620.463,research-api-cadvisor-1,cadvisor,1.63,19.77
1789455625.492,research-api-nginx-1,nginx,159.66,22.12
1789455625.492,research-api-users-service-1,users-service,72.72,16.28
1789455625.492,research-api-grafana-1,grafana,0.04,47.93
1789455625.492,research-api-monolith-partial-1,monolith-partial,133.88,22.53
1789455625.492,research-api-products-service-1,products-service,85.21,17.73
1789455625.492,research-api-postgres-1,postgres,162.95,168.2
1789455625.492,research-api-prometheus-1,prometheus,0.0,38.59
1789455625.492,research-api-cadvisor-1,cadvisor,0.0,19.77
1789455630.466,research-api-nginx-1,nginx,166.75,23.03
1789455630.466,research-api-users-service-1,users-service,71.16,15.03
1789455630.466,research-api-grafana-1,grafana,0.17,47.94
1789455630.466,research-api-monolith-partial-1,monolith-partial,133.27,22.88
1789455630.466,research-api-products-service-1,products-service,93.09,18.03
1789455630.466,research-api-postgres-1,postgres,169.42,168.6
1789455630.466,research-api-prometheus-1,prometheus,0.22,38.83
1789455630.466,research-api-cadvisor-1,cadvisor,1.55,20.01
1789455635.483,research-api-nginx-1,nginx,162.13,21.34
1789455635.483,research-api-users-service-1,users-service,70.26,15.34
1789455635.483,research-api-grafana-1,grafana,0.06,47.94
1789455635.483,research-api-monolith-partial-1,monolith-partial,131.47,21.25
1789455635.483,research-api-products-service-1,products-service,88.66,18.14
1789455635.483,research-api-postgres-1,postgres,167.81,169.2
1789455635.483,research-api-prometheus-1,prometheus,0.0,38.83
1789455635.483,research-api-cadvisor-1,cadvisor,0.0,20.04
1789455640.541,research-api-nginx-1,nginx,170.04,21.64
1789455640.541,research-api-users-service-1,users-service,68.72,14.5
1789455640.541,research-api-grafana-1,grafana,0.17,47.94
1789455640.541,research-api-monolith-partial-1,monolith-partial,140.76,21.21
1789455640.541,research-api-products-service-1,products-service,90.19,18.35
1789455640.541,research-api-postgres-1,postgres,173.09,169.4
1789455640.541,research-api-prometheus-1,prometheus,0.22,38.83
1789455640.541,research-api-cadvisor-1,cadvisor,2.57,20.82
1789455645.491,research-api-nginx-1,nginx,164.2,22.49
1789455645.491,research-api-users-service-1,users-service,69.84,15.23
1789455645.491,research-api-grafana-1,grafana,0.04,47.94
1789455645.491,research-api-monolith-partial-1,monolith-partial,127.52,21.34
1789455645.491,research-api-products-service-1,products-service,92.26,16.93
1789455645.491,research-api-postgres-1,postgres,163.11,170.3
1789455645.491,research-api-prometheus-1,prometheus,0.0,38.83
1789455645.491,research-api-cadvisor-1,cadvisor,0.0,20.82
1789455650.505,research-api-nginx-1,nginx,178.65,21.57
1789455650.505,research-api-users-service-1,users-service,69.71,15.49
1789455650.505,research-api-grafana-1,grafana,0.17,47.94
1789455650.505,research-api-monolith-partial-1,monolith-partial,148.87,22.29
1789455650.505,research-api-products-service-1,products-service,92.58,18.73
1789455650.505,research-api-postgres-1,postgres,179.75,171.0
1789455650.505,research-api-prometheus-1,prometheus,0.23,38.83
1789455650.505,research-api-cadvisor-1,cadvisor,0.88,21.12
1789455655.498,research-api-nginx-1,nginx,165.99,20.38
1789455655.498,research-api-users-service-1,users-service,65.58,14.39
1789455655.498,research-api-grafana-1,grafana,0.04,47.94
1789455655.498,research-api-monolith-partial-1,monolith-partial,127.0,21.89
1789455655.498,research-api-products-service-1,products-service,97.89,18.67
1789455655.498,research-api-postgres-1,postgres,165.13,173.2
1789455655.498,research-api-prometheus-1,prometheus,0.0,38.83
1789455655.498,research-api-cadvisor-1,cadvisor,0.01,18.95
1789455660.517,research-api-nginx-1,nginx,158.33,20.96
1789455660.517,research-api-users-service-1,users-service,72.66,16.03
1789455660.517,research-api-grafana-1,grafana,0.14,47.94
1789455660.517,research-api-monolith-partial-1,monolith-partial,131.43,22.25
1789455660.517,research-api-products-service-1,products-service,87.97,19.04
1789455660.517,research-api-postgres-1,postgres,182.01,172.5
1789455660.517,research-api-prometheus-1,prometheus,0.29,38.83
1789455660.517,research-api-cadvisor-1,cadvisor,1.89,18.95
1789455665.462,research-api-nginx-1,nginx,171.15,22.45
1789455665.462,research-api-users-service-1,users-service,70.62,15.27
1789455665.462,research-api-grafana-1,grafana,0.06,47.94
1789455665.462,research-api-monolith-partial-1,monolith-partial,137.26,21.34
1789455665.462,research-api-products-service-1,products-service,92.39,18.44
1789455665.462,research-api-postgres-1,postgres,168.28,172.8
1789455665.462,research-api-prometheus-1,prometheus,0.0,38.83
1789455665.462,research-api-cadvisor-1,cadvisor,0.0,18.95
1789455670.511,research-api-nginx-1,nginx,178.73,21.63
1789455670.511,research-api-users-service-1,users-service,75.78,15.18
1789455670.511,research-api-grafana-1,grafana,0.14,47.94
1789455670.511,research-api-monolith-partial-1,monolith-partial,134.53,20.8
1789455670.511,research-api-products-service-1,products-service,97.98,18.36
1789455670.511,research-api-postgres-1,postgres,166.82,173.8
1789455670.511,research-api-prometheus-1,prometheus,0.25,38.84
1789455670.511,research-api-cadvisor-1,cadvisor,1.41,18.96
1789455675.539,research-api-nginx-1,nginx,172.03,21.64
1789455675.539,research-api-users-service-1,users-service,70.04,15.35
1789455675.539,research-api-grafana-1,grafana,0.04,47.94
1789455675.539,research-api-monolith-partial-1,monolith-partial,142.23,21.99
1789455675.539,research-api-products-service-1,products-service,84.31,18.44
1789455675.539,research-api-postgres-1,postgres,170.06,174.7
1789455675.539,research-api-prometheus-1,prometheus,0.0,38.84
1789455675.539,research-api-cadvisor-1,cadvisor,0.0,18.96
1789455680.56,research-api-nginx-1,nginx,171.52,21.66
1789455680.56,research-api-users-service-1,users-service,70.36,14.44
1789455680.56,research-api-grafana-1,grafana,0.15,47.94
1789455680.56,research-api-monolith-partial-1,monolith-partial,150.57,21.99
1789455680.56,research-api-products-service-1,products-service,95.42,17.16
1789455680.56,research-api-postgres-1,postgres,173.2,175.4
1789455680.56,research-api-prometheus-1,prometheus,0.25,37.98
1789455680.56,research-api-cadvisor-1,cadvisor,1.08,19.49
1789455685.521,research-api-nginx-1,nginx,166.04,20.75
1789455685.521,research-api-users-service-1,users-service,67.12,15.53
1789455685.521,research-api-grafana-1,grafana,0.07,47.94
1789455685.521,research-api-monolith-partial-1,monolith-partial,134.75,20.82
1789455685.521,research-api-products-service-1,products-service,83.18,17.7
1789455685.521,research-api-postgres-1,postgres,154.89,176.2
1789455685.521,research-api-prometheus-1,prometheus,0.0,37.98
1789455685.521,research-api-cadvisor-1,cadvisor,0.0,19.49
1789455690.508,research-api-nginx-1,nginx,151.44,20.79
1789455690.508,research-api-users-service-1,users-service,69.77,15.4
1789455690.508,research-api-grafana-1,grafana,0.13,47.95
1789455690.508,research-api-monolith-partial-1,monolith-partial,123.33,20.67
1789455690.508,research-api-products-service-1,products-service,84.39,17.08
1789455690.508,research-api-postgres-1,postgres,145.99,176.7
1789455690.508,research-api-prometheus-1,prometheus,0.29,37.99
1789455690.508,research-api-cadvisor-1,cadvisor,2.17,19.5
1789455695.505,research-api-nginx-1,nginx,138.47,20.83
1789455695.505,research-api-users-service-1,users-service,60.4,13.79
1789455695.505,research-api-grafana-1,grafana,0.06,47.95
1789455695.505,research-api-monolith-partial-1,monolith-partial,115.17,19.62
1789455695.505,research-api-products-service-1,products-service,76.93,17.93
1789455695.505,research-api-postgres-1,postgres,120.52,177.2
1789455695.505,research-api-prometheus-1,prometheus,0.0,37.98
1789455695.505,research-api-cadvisor-1,cadvisor,0.0,19.5
1789455700.447,research-api-nginx-1,nginx,105.24,21.42
1789455700.447,research-api-users-service-1,users-service,49.97,13.46
1789455700.447,research-api-grafana-1,grafana,0.16,47.95
1789455700.447,research-api-monolith-partial-1,monolith-partial,90.16,19.33
1789455700.447,research-api-products-service-1,products-service,57.24,17.23
1789455700.447,research-api-postgres-1,postgres,89.35,178.1
1789455700.447,research-api-prometheus-1,prometheus,0.2,37.98
1789455700.447,research-api-cadvisor-1,cadvisor,0.79,17.79
1789455705.372,research-api-nginx-1,nginx,47.68,20.73
1789455705.372,research-api-users-service-1,users-service,23.06,13.41
1789455705.372,research-api-grafana-1,grafana,0.05,47.95
1789455705.372,research-api-monolith-partial-1,monolith-partial,44.23,19.5
1789455705.372,research-api-products-service-1,products-service,29.24,17.68
1789455705.372,research-api-postgres-1,postgres,45.0,177.0
1789455705.372,research-api-prometheus-1,prometheus,0.0,37.98
1789455705.372,research-api-cadvisor-1,cadvisor,0.0,17.79
1789455710.392,research-api-nginx-1,nginx,25.86,20.85
1789455710.392,research-api-users-service-1,users-service,12.49,14.95
1789455710.392,research-api-grafana-1,grafana,0.17,47.95
1789455710.392,research-api-monolith-partial-1,monolith-partial,25.71,18.75
1789455710.392,research-api-products-service-1,products-service,16.64,16.65
1789455710.392,research-api-postgres-1,postgres,24.22,177.4
1789455710.392,research-api-prometheus-1,prometheus,0.2,37.98
1789455710.392,research-api-cadvisor-1,cadvisor,1.38,17.73
1789455715.383,research-api-nginx-1,nginx,3.55,17.27
1789455715.383,research-api-users-service-1,users-service,0.0,13.59
1789455715.383,research-api-grafana-1,grafana,0.07,47.95
1789455715.383,research-api-monolith-partial-1,monolith-partial,0.0,19.18
1789455715.383,research-api-products-service-1,products-service,0.0,16.18
1789455715.383,research-api-postgres-1,postgres,0.19,176.6
1789455715.383,research-api-prometheus-1,prometheus,0.0,37.98
1789455715.383,research-api-cadvisor-1,cadvisor,0.0,17.73
