timestamp,container,service,cpu_percent,memory_mb
1790051241.845,research-api-nginx-1,nginx,2.25,12.54
1790051241.845,research-api-orders-service-1,orders-service,2.1,6.91
1790051241.845,research-api-inventory-service-1,inventory-service,0.45,5.523
1790051241.845,research-api-grafana-1,grafana,0.04,47.96
1790051241.845,research-api-users-service-1,users-service,1.21,6.508
1790051241.845,research-api-products-service-1,products-service,2.24,6.312
1790051241.845,research-api-postgres-1,postgres,6.09,33.26
1790051241.845,research-api-prometheus-1,prometheus,0.19,27.17
1790051241.845,research-api-cadvisor-1,cadvisor,0.0,15.32
1790051246.838,research-api-nginx-1,nginx,7.6,14.4
1790051246.838,research-api-orders-service-1,orders-service,9.11,8.91
1790051246.838,research-api-inventory-service-1,inventory-service,1.39,5.973
1790051246.838,research-api-grafana-1,grafana,0.49,48.01
1790051246.838,research-api-users-service-1,users-service,6.95,9.004
1790051246.838,research-api-products-service-1,products-service,6.84,8.297
1790051246.838,research-api-postgres-1,postgres,11.11,41.43
1790051246.838,research-api-prometheus-1,prometheus,0.24,27.41
1790051246.838,research-api-cadvisor-1,cadvisor,1.34,15.9
1790051251.84,research-api-nginx-1,nginx,11.67,14.06
1790051251.84,research-api-orders-service-1,orders-service,14.64,9.797
1790051251.84,research-api-inventory-service-1,inventory-service,2.1,7.668
1790051251.84,research-api-grafana-1,grafana,0.04,48.05
1790051251.84,research-api-users-service-1,users-service,8.24,9.059
1790051251.84,research-api-products-service-1,products-service,11.56,9.785
1790051251.84,research-api-postgres-1,postgres,14.07,45.23
1790051251.84,research-api-prometheus-1,prometheus,0.18,27.47
1790051251.84,research-api-cadvisor-1,cadvisor,0.0,15.77
1790051256.844,research-api-nginx-1,nginx,14.29,14.71
1790051256.844,research-api-orders-service-1,orders-service,17.04,10.47
1790051256.844,research-api-inventory-service-1,inventory-service,3.28,8.168
1790051256.844,research-api-grafana-1,grafana,0.52,48.14
1790051256.844,research-api-users-service-1,users-service,12.38,10.27
1790051256.844,research-api-products-service-1,products-service,11.28,9.445
1790051256.844,research-api-postgres-1,postgres,16.13,50.43
1790051256.844,research-api-prometheus-1,prometheus,0.21,27.47
1790051256.844,research-api-cadvisor-1,cadvisor,0.01,16.46
1790051261.825,research-api-nginx-1,nginx,17.51,14.41
1790051261.825,research-api-orders-service-1,orders-service,24.51,10.61
1790051261.825,research-api-inventory-service-1,inventory-service,4.07,9.141
1790051261.825,research-api-grafana-1,grafana,0.07,48.14
1790051261.825,research-api-users-service-1,users-service,14.49,9.777
1790051261.825,research-api-products-service-1,products-service,15.25,11.19
1790051261.825,research-api-postgres-1,postgres,21.89,53.33
1790051261.825,research-api-prometheus-1,prometheus,0.15,27.97
1790051261.825,research-api-cadvisor-1,cadvisor,0.0,16.46
1790051266.807,research-api-nginx-1,nginx,19.9,14.7
1790051266.807,research-api-orders-service-1,orders-service,29.58,10.95
1790051266.807,research-api-inventory-service-1,inventory-service,4.48,8.555
1790051266.807,research-api-grafana-1,grafana,0.48,48.21
1790051266.807,research-api-users-service-1,users-service,17.2,11.52
1790051266.807,research-api-products-service-1,products-service,15.9,9.434
1790051266.807,research-api-postgres-1,postgres,25.03,63.09
1790051266.807,research-api-prometheus-1,prometheus,0.15,28.0
1790051266.807,research-api-cadvisor-1,cadvisor,0.01,17.27
1790051271.848,research-api-nginx-1,nginx,19.58,15.32
1790051271.848,research-api-orders-service-1,orders-service,29.07,12.16
1790051271.848,research-api-inventory-service-1,inventory-service,4.29,9.621
1790051271.848,research-api-grafana-1,grafana,0.04,48.21
1790051271.848,research-api-users-service-1,users-service,15.94,9.844
1790051271.848,research-api-products-service-1,products-service,16.8,11.61
1790051271.848,research-api-postgres-1,postgres,23.12,73.11
1790051271.848,research-api-prometheus-1,prometheus,0.13,28.91
1790051271.848,research-api-cadvisor-1,cadvisor,0.0,17.27
1790051276.827,research-api-nginx-1,nginx,22.04,15.4
1790051276.827,research-api-orders-service-1,orders-service,35.43,12.4
1790051276.827,research-api-inventory-service-1,inventory-service,3.79,8.242
1790051276.827,research-api-grafana-1,grafana,2.12,48.79
1790051276.827,research-api-users-service-1,users-service,19.39,11.54
1790051276.827,research-api-products-service-1,products-service,19.47,10.64
1790051276.827,research-api-postgres-1,postgres,21.76,75.05
1790051276.827,research-api-prometheus-1,prometheus,0.26,29.17
1790051276.827,research-api-cadvisor-1,cadvisor,3.3,17.79
1790051281.806,research-api-nginx-1,nginx,19.75,14.74
1790051281.806,research-api-orders-service-1,orders-service,27.35,11.73
1790051281.806,research-api-inventory-service-1,inventory-service,4.87,9.004
1790051281.806,research-api-grafana-1,grafana,0.05,48.95
1790051281.806,research-api-users-service-1,users-service,14.88,10.86
1790051281.806,research-api-products-service-1,products-service,18.13,11.38
1790051281.806,research-api-postgres-1,postgres,20.82,75.45
1790051281.806,research-api-prometheus-1,prometheus,0.18,29.28
1790051281.806,research-api-cadvisor-1,cadvisor,0.0,17.79
1790051286.868,research-api-nginx-1,nginx,22.95,15.63
1790051286.868,research-api-orders-service-1,orders-service,35.21,12.86
1790051286.868,research-api-inventory-service-1,inventory-service,4.19,8.492
1790051286.868,research-api-grafana-1,grafana,0.32,49.06
1790051286.868,research-api-users-service-1,users-service,19.43,11.23
1790051286.868,research-api-products-service-1,products-service,18.81,11.95
1790051286.868,research-api-postgres-1,postgres,22.36,81.14
1790051286.868,research-api-prometheus-1,prometheus,0.19,29.52
1790051286.868,research-api-cadvisor-1,cadvisor,0.02,17.81
1790051291.83,research-api-nginx-1,nginx,24.42,14.46
1790051291.83,research-api-orders-service-1,orders-service,31.05,12.57
1790051291.83,research-api-inventory-service-1,inventory-service,4.12,9.5
1790051291.83,research-api-grafana-1,grafana,0.07,49.07
1790051291.83,research-api-users-service-1,users-service,21.71,11.15
1790051291.83,research-api-products-service-1,products-service,20.57,11.91
1790051291.83,research-api-postgres-1,postgres,25.65,84.21
1790051291.83,research-api-prometheus-1,prometheus,0.19,29.73
1790051291.83,research-api-cadvisor-1,cadvisor,0.0,17.81
1790051296.842,research-api-nginx-1,nginx,26.72,15.42
1790051296.842,research-api-orders-service-1,orders-service,44.53,13.84
1790051296.842,research-api-inventory-service-1,inventory-service,5.0,8.574
1790051296.842,research-api-grafana-1,grafana,0.45,49.15
1790051296.842,research-api-users-service-1,users-service,21.4,11.98
1790051296.842,research-api-products-service-1,products-service,21.29,11.3
1790051296.842,research-api-postgres-1,postgres,27.46,83.45
1790051296.842,research-api-prometheus-1,prometheus,0.22,29.75
1790051296.842,research-api-cadvisor-1,cadvisor,0.02,17.74
1790051301.865,research-api-nginx-1,nginx,21.88,16.06
1790051301.865,research-api-orders-service-1,orders-service,30.93,15.3
1790051301.865,research-api-inventory-service-1,inventory-service,5.14,8.527
1790051301.865,research-api-grafana-1,grafana,0.04,49.16
1790051301.865,research-api-users-service-1,users-service,18.1,10.5
1790051301.865,research-api-products-service-1,products-service,22.25,13.26
1790051301.865,research-api-postgres-1,postgres,22.94,84.34
1790051301.865,research-api-prometheus-1,prometheus,0.16,30.16
1790051301.865,research-api-cadvisor-1,cadvisor,0.0,17.75
1790051306.858,research-api-nginx-1,nginx,22.33,16.5
1790051306.858,research-api-orders-service-1,orders-service,33.88,14.68
1790051306.858,research-api-inventory-service-1,inventory-service,4.96,8.633
1790051306.858,research-api-grafana-1,grafana,0.85,49.22
1790051306.858,research-api-users-service-1,users-service,18.63,11.93
1790051306.858,research-api-products-service-1,products-service,17.27,12.16
1790051306.858,research-api-postgres-1,postgres,23.52,83.27
1790051306.858,research-api-prometheus-1,prometheus,0.17,30.16
1790051306.858,research-api-cadvisor-1,cadvisor,0.7,18.0
1790051311.853,research-api-nginx-1,nginx,23.22,16.17
1790051311.853,research-api-orders-service-1,orders-service,35.22,14.91
1790051311.853,research-api-inventory-service-1,inventory-service,4.53,9.129
1790051311.853,research-api-grafana-1,grafana,0.06,49.22
1790051311.853,research-api-users-service-1,users-service,19.27,10.83
1790051311.853,research-api-products-service-1,products-service,18.31,13.17
1790051311.853,research-api-postgres-1,postgres,21.09,84.52
1790051311.853,research-api-prometheus-1,prometheus,0.17,31.48
1790051311.853,research-api-cadvisor-1,cadvisor,0.0,18.0
1790051316.856,research-api-nginx-1,nginx,23.22,16.22
1790051316.856,research-api-orders-service-1,orders-service,39.41,14.3
1790051316.856,research-api-inventory-service-1,inventory-service,4.3,9.914
1790051316.856,research-api-grafana-1,grafana,0.56,49.29
1790051316.856,research-api-users-service-1,users-service,21.56,12.18
1790051316.856,research-api-products-service-1,products-service,18.17,11.61
1790051316.856,research-api-postgres-1,postgres,23.36,85.87
1790051316.856,research-api-prometheus-1,prometheus,0.19,31.5
1790051316.856,research-api-cadvisor-1,cadvisor,0.01,18.03
1790051321.867,research-api-nginx-1,nginx,22.44,16.08
1790051321.867,research-api-orders-service-1,orders-service,27.38,15.3
1790051321.867,research-api-inventory-service-1,inventory-service,4.88,9.582
1790051321.867,research-api-grafana-1,grafana,0.09,49.3
1790051321.867,research-api-users-service-1,users-service,18.73,10.74
1790051321.867,research-api-products-service-1,products-service,20.3,13.28
1790051321.867,research-api-postgres-1,postgres,20.01,86.52
1790051321.867,research-api-prometheus-1,prometheus,0.16,31.59
1790051321.867,research-api-cadvisor-1,cadvisor,0.0,18.03
1790051326.864,research-api-nginx-1,nginx,23.42,15.7
1790051326.864,research-api-orders-service-1,orders-service,31.94,14.44
1790051326.864,research-api-inventory-service-1,inventory-service,5.02,9.359
1790051326.864,research-api-grafana-1,grafana,0.76,49.55
1790051326.864,research-api-users-service-1,users-service,21.51,12.02
1790051326.864,research-api-products-service-1,products-service,20.77,12.18
1790051326.864,research-api-postgres-1,postgres,22.08,86.24
1790051326.864,research-api-prometheus-1,prometheus,0.2,31.59
1790051326.864,research-api-cadvisor-1,cadvisor,0.02,18.09
1790051331.855,research-api-nginx-1,nginx,21.9,16.37
1790051331.855,research-api-orders-service-1,orders-service,35.92,14.72
1790051331.855,research-api-inventory-service-1,inventory-service,5.08,9.957
1790051331.855,research-api-grafana-1,grafana,0.06,49.4
1790051331.855,research-api-users-service-1,users-service,19.26,10.89
1790051331.855,research-api-products-service-1,products-service,19.7,12.8
1790051331.855,research-api-postgres-1,postgres,20.92,86.64
1790051331.855,research-api-prometheus-1,prometheus,0.16,31.64
1790051331.855,research-api-cadvisor-1,cadvisor,0.0,18.09
1790051336.846,research-api-nginx-1,nginx,21.68,16.25
1790051336.846,research-api-orders-service-1,orders-service,28.74,14.31
1790051336.846,research-api-inventory-service-1,inventory-service,4.85,8.953
1790051336.846,research-api-grafana-1,grafana,3.91,50.99
1790051336.846,research-api-users-service-1,users-service,18.24,11.95
1790051336.846,research-api-products-service-1,products-service,19.15,11.92
1790051336.846,research-api-postgres-1,postgres,20.85,86.7
1790051336.846,research-api-prometheus-1,prometheus,0.36,31.64
1790051336.846,research-api-cadvisor-1,cadvisor,2.14,18.52
1790051341.845,research-api-nginx-1,nginx,24.57,16.08
1790051341.845,research-api-orders-service-1,orders-service,32.08,15.32
1790051341.845,research-api-inventory-service-1,inventory-service,5.53,10.69
1790051341.845,research-api-grafana-1,grafana,0.07,50.24
1790051341.845,research-api-users-service-1,users-service,18.3,11.41
1790051341.845,research-api-products-service-1,products-service,22.17,13.3
1790051341.845,research-api-postgres-1,postgres,21.81,86.45
1790051341.845,research-api-prometheus-1,prometheus,0.19,31.7
1790051341.845,research-api-cadvisor-1,cadvisor,0.0,16.85
1790051346.869,research-api-nginx-1,nginx,26.79,16.48
1790051346.869,research-api-orders-service-1,orders-service,39.34,15.06
1790051346.869,research-api-inventory-service-1,inventory-service,4.99,9.137
1790051346.869,research-api-grafana-1,grafana,0.65,50.24
1790051346.869,research-api-users-service-1,users-service,21.91,12.43
1790051346.869,research-api-products-service-1,products-service,23.63,12.92
1790051346.869,research-api-postgres-1,postgres,20.13,88.06
1790051346.869,research-api-prometheus-1,prometheus,0.2,31.84
1790051346.869,research-api-cadvisor-1,cadvisor,0.02,17.09
1790051351.854,research-api-nginx-1,nginx,18.14,16.09
1790051351.854,research-api-orders-service-1,orders-service,27.36,14.87
1790051351.854,research-api-inventory-service-1,inventory-service,3.64,9.527
1790051351.854,research-api-grafana-1,grafana,0.08,50.24
1790051351.854,research-api-users-service-1,users-service,15.31,11.7
1790051351.854,research-api-products-service-1,products-service,16.72,12.69
1790051351.854,research-api-postgres-1,postgres,19.29,88.21
1790051351.854,research-api-prometheus-1,prometheus,0.13,31.88
1790051351.854,research-api-cadvisor-1,cadvisor,0.0,17.09
1790051356.845,research-api-nginx-1,nginx,22.57,16.47
1790051356.845,research-api-orders-service-1,orders-service,33.96,14.38
1790051356.845,research-api-inventory-service-1,inventory-service,4.11,9.465
1790051356.845,research-api-grafana-1,grafana,0.03,50.24
1790051356.845,research-api-users-service-1,users-service,19.48,11.75
1790051356.845,research-api-products-service-1,products-service,18.13,12.38
1790051356.845,research-api-postgres-1,postgres,20.06,88.28
1790051356.845,research-api-prometheus-1,prometheus,0.19,31.88
1790051356.845,research-api-cadvisor-1,cadvisor,0.03,17.1
1790051361.835,research-api-nginx-1,nginx,20.37,16.48
1790051361.835,research-api-orders-service-1,orders-service,26.83,14.9
1790051361.835,research-api-inventory-service-1,inventory-service,5.5,9.414
1790051361.835,research-api-grafana-1,grafana,0.04,50.25
1790051361.835,research-api-users-service-1,users-service,15.63,11.2
1790051361.835,research-api-products-service-1,products-service,16.16,13.73
1790051361.835,research-api-postgres-1,postgres,18.73,87.97
1790051361.835,research-api-prometheus-1,prometheus,0.31,31.93
1790051361.835,research-api-cadvisor-1,cadvisor,0.29,17.1
1790051366.833,research-api-nginx-1,nginx,21.61,16.37
1790051366.833,research-api-orders-service-1,orders-service,32.4,14.7
1790051366.833,research-api-inventory-service-1,inventory-service,3.95,9.457
1790051366.833,research-api-grafana-1,grafana,0.46,50.27
1790051366.833,research-api-users-service-1,users-service,17.75,11.55
1790051366.833,research-api-products-service-1,products-service,17.88,11.65
1790051366.833,research-api-postgres-1,postgres,21.68,88.16
1790051366.833,research-api-prometheus-1,prometheus,0.21,31.93
1790051366.833,research-api-cadvisor-1,cadvisor,1.02,17.41
1790051371.844,research-api-nginx-1,nginx,24.58,15.52
1790051371.844,research-api-orders-service-1,orders-service,33.37,15.74
1790051371.844,research-api-inventory-service-1,inventory-service,5.29,10.06
1790051371.844,research-api-grafana-1,grafana,0.06,50.27
1790051371.844,research-api-users-service-1,users-service,18.61,12.32
1790051371.844,research-api-products-service-1,products-service,22.85,13.76
1790051371.844,research-api-postgres-1,postgres,22.46,88.82
1790051371.844,research-api-prometheus-1,prometheus,0.18,32.55
1790051371.844,research-api-cadvisor-1,cadvisor,0.0,17.41
1790051376.838,research-api-nginx-1,nginx,28.05,16.61
1790051376.838,research-api-orders-service-1,orders-service,36.0,15.44
1790051376.838,research-api-inventory-service-1,inventory-service,6.39,9.855
1790051376.838,research-api-grafana-1,grafana,0.46,50.29
1790051376.838,research-api-users-service-1,users-service,23.72,12.28
1790051376.838,research-api-products-service-1,products-service,21.71,12.41
1790051376.838,research-api-postgres-1,postgres,24.28,88.32
1790051376.838,research-api-prometheus-1,prometheus,0.31,32.75
1790051376.838,research-api-cadvisor-1,cadvisor,0.02,18.07
1790051381.843,research-api-nginx-1,nginx,26.01,15.36
1790051381.843,research-api-orders-service-1,orders-service,34.57,14.12
1790051381.843,research-api-inventory-service-1,inventory-service,6.92,9.441
1790051381.843,research-api-grafana-1,grafana,0.06,50.29
1790051381.843,research-api-users-service-1,users-service,19.91,12.19
1790051381.843,research-api-products-service-1,products-service,22.85,12.95
1790051381.843,research-api-postgres-1,postgres,23.22,88.84
1790051381.843,research-api-prometheus-1,prometheus,0.28,33.51
1790051381.843,research-api-cadvisor-1,cadvisor,0.0,18.07
1790051386.841,research-api-nginx-1,nginx,25.59,15.5
1790051386.841,research-api-orders-service-1,orders-service,28.69,13.86
1790051386.841,research-api-inventory-service-1,inventory-service,4.61,9.754
1790051386.841,research-api-grafana-1,grafana,0.51,50.32
1790051386.841,research-api-users-service-1,users-service,20.18,11.72
1790051386.841,research-api-products-service-1,products-service,20.61,12.5
1790051386.841,research-api-postgres-1,postgres,22.08,88.31
1790051386.841,research-api-prometheus-1,prometheus,0.16,33.61
1790051386.841,research-api-cadvisor-1,cadvisor,0.02,17.81
1790051391.894,research-api-nginx-1,nginx,27.81,17.32
1790051391.894,research-api-orders-service-1,orders-service,34.13,14.21
1790051391.894,research-api-inventory-service-1,inventory-service,6.48,10.19
1790051391.894,research-api-grafana-1,grafana,0.05,50.32
1790051391.894,research-api-users-service-1,users-service,22.43,12.17
1790051391.894,research-api-products-service-1,products-service,22.28,13.4
1790051391.894,research-api-postgres-1,postgres,22.31,88.88
1790051391.894,research-api-prometheus-1,prometheus,0.17,33.69
1790051391.894,research-api-cadvisor-1,cadvisor,0.0,17.82
1790051396.864,research-api-nginx-1,nginx,22.97,17.12
1790051396.864,research-api-orders-service-1,orders-service,34.87,13.42
1790051396.864,research-api-inventory-service-1,inventory-service,6.09,10.05
1790051396.864,research-api-grafana-1,grafana,1.47,50.43
1790051396.864,research-api-users-service-1,users-service,20.08,11.7
1790051396.864,research-api-products-service-1,products-service,17.41,12.08
1790051396.864,research-api-postgres-1,postgres,20.71,89.69
1790051396.864,research-api-prometheus-1,prometheus,0.3,33.67
1790051396.864,research-api-cadvisor-1,cadvisor,0.0,16.98
1790051401.859,research-api-nginx-1,nginx,21.66,16.27
1790051401.859,research-api-orders-service-1,orders-service,28.98,15.51
1790051401.859,research-api-inventory-service-1,inventory-service,4.07,10.4
1790051401.859,research-api-grafana-1,grafana,0.04,50.43
1790051401.859,research-api-users-service-1,users-service,16.72,12.5
1790051401.859,research-api-products-service-1,products-service,16.92,12.96
1790051401.859,research-api-postgres-1,postgres,18.95,89.71
1790051401.859,research-api-prometheus-1,prometheus,0.17,34.45
1790051401.859,research-api-cadvisor-1,cadvisor,0.0,16.59
1790051406.837,research-api-nginx-1,nginx,19.7,15.5
1790051406.837,research-api-orders-service-1,orders-service,27.24,14.07
1790051406.837,research-api-inventory-service-1,inventory-service,4.37,10.43
1790051406.837,research-api-grafana-1,grafana,0.41,50.43
1790051406.837,research-api-users-service-1,users-service,17.07,12.39
1790051406.837,research-api-products-service-1,products-service,18.92,12.63
1790051406.837,research-api-postgres-1,postgres,19.6,89.52
1790051406.837,research-api-prometheus-1,prometheus,0.17,34.46
1790051406.837,research-api-cadvisor-1,cadvisor,0.01,16.59
1790051411.837,research-api-nginx-1,nginx,25.42,15.89
1790051411.837,research-api-orders-service-1,orders-service,35.78,15.84
1790051411.837,research-api-inventory-service-1,inventory-service,4.66,9.969
1790051411.837,research-api-grafana-1,grafana,0.06,50.43
1790051411.837,research-api-users-service-1,users-service,21.78,11.11
1790051411.837,research-api-products-service-1,products-service,21.61,13.25
1790051411.837,research-api-postgres-1,postgres,18.19,89.01
1790051411.837,research-api-prometheus-1,prometheus,0.16,34.59
1790051411.837,research-api-cadvisor-1,cadvisor,0.01,16.59
1790051416.839,research-api-nginx-1,nginx,25.71,16.26
1790051416.839,research-api-orders-service-1,orders-service,40.92,14.7
1790051416.839,research-api-inventory-service-1,inventory-service,5.86,10.77
1790051416.839,research-api-grafana-1,grafana,0.43,50.43
1790051416.839,research-api-users-service-1,users-service,19.72,12.43
1790051416.839,research-api-products-service-1,products-service,21.06,13.17
1790051416.839,research-api-postgres-1,postgres,25.17,89.41
1790051416.839,research-api-prometheus-1,prometheus,0.18,34.61
1790051416.839,research-api-cadvisor-1,cadvisor,0.02,16.61
1790051421.845,research-api-nginx-1,nginx,21.54,16.01
1790051421.845,research-api-orders-service-1,orders-service,34.58,14.76
1790051421.845,research-api-inventory-service-1,inventory-service,3.42,9.578
1790051421.845,research-api-grafana-1,grafana,0.05,50.43
1790051421.845,research-api-users-service-1,users-service,20.26,11.04
1790051421.845,research-api-products-service-1,products-service,19.09,14.01
1790051421.845,research-api-postgres-1,postgres,21.85,89.55
1790051421.845,research-api-prometheus-1,prometheus,0.16,34.75
1790051421.845,research-api-cadvisor-1,cadvisor,0.0,16.61
1790051426.875,research-api-nginx-1,nginx,20.23,16.87
1790051426.875,research-api-orders-service-1,orders-service,25.62,15.05
1790051426.875,research-api-inventory-service-1,inventory-service,5.06,9.598
1790051426.875,research-api-grafana-1,grafana,0.48,50.43
1790051426.875,research-api-users-service-1,users-service,18.3,12.04
1790051426.875,research-api-products-service-1,products-service,18.24,12.15
1790051426.875,research-api-postgres-1,postgres,20.26,89.53
1790051426.875,research-api-prometheus-1,prometheus,0.16,34.76
1790051426.875,research-api-cadvisor-1,cadvisor,0.93,16.85
1790051431.89,research-api-nginx-1,nginx,19.77,16.73
1790051431.89,research-api-orders-service-1,orders-service,40.37,14.96
1790051431.89,research-api-inventory-service-1,inventory-service,4.86,10.02
1790051431.89,research-api-grafana-1,grafana,0.06,50.43
1790051431.89,research-api-users-service-1,users-service,19.47,11.91
1790051431.89,research-api-products-service-1,products-service,24.82,13.03
1790051431.89,research-api-postgres-1,postgres,24.25,89.99
1790051431.89,research-api-prometheus-1,prometheus,0.19,35.22
1790051431.89,research-api-cadvisor-1,cadvisor,0.0,16.84
1790051436.883,research-api-nginx-1,nginx,24.54,15.46
1790051436.883,research-api-orders-service-1,orders-service,33.82,14.61
1790051436.883,research-api-inventory-service-1,inventory-service,7.15,10.51
1790051436.883,research-api-grafana-1,grafana,0.69,50.43
1790051436.883,research-api-users-service-1,users-service,20.54,11.07
1790051436.883,research-api-products-service-1,products-service,22.33,12.32
1790051436.883,research-api-postgres-1,postgres,24.4,90.17
1790051436.883,research-api-prometheus-1,prometheus,0.15,35.23
1790051436.883,research-api-cadvisor-1,cadvisor,0.47,17.11
1790051441.86,research-api-nginx-1,nginx,20.89,16.91
1790051441.86,research-api-orders-service-1,orders-service,30.01,15.52
1790051441.86,research-api-inventory-service-1,inventory-service,4.85,10.82
1790051441.86,research-api-grafana-1,grafana,0.11,50.44
1790051441.86,research-api-users-service-1,users-service,18.52,11.27
1790051441.86,research-api-products-service-1,products-service,18.34,14.09
1790051441.86,research-api-postgres-1,postgres,20.82,90.19
1790051441.86,research-api-prometheus-1,prometheus,0.17,35.25
1790051441.86,research-api-cadvisor-1,cadvisor,0.0,17.1
1790051446.851,research-api-nginx-1,nginx,24.17,16.74
1790051446.851,research-api-orders-service-1,orders-service,34.63,14.96
1790051446.851,research-api-inventory-service-1,inventory-service,4.93,10.64
1790051446.851,research-api-grafana-1,grafana,0.37,50.44
1790051446.851,research-api-users-service-1,users-service,18.22,10.83
1790051446.851,research-api-products-service-1,products-service,19.34,13.26
1790051446.851,research-api-postgres-1,postgres,22.59,89.98
1790051446.851,research-api-prometheus-1,prometheus,0.23,35.25
1790051446.851,research-api-cadvisor-1,cadvisor,0.03,17.75
1790051451.852,research-api-nginx-1,nginx,23.37,16.33
1790051451.852,research-api-orders-service-1,orders-service,35.74,16.15
1790051451.852,research-api-inventory-service-1,inventory-service,5.55,10.43
1790051451.852,research-api-grafana-1,grafana,0.04,50.44
1790051451.852,research-api-users-service-1,users-service,19.37,11.21
1790051451.852,research-api-products-service-1,products-service,21.33,13.7
1790051451.852,research-api-postgres-1,postgres,23.17,89.61
1790051451.852,research-api-prometheus-1,prometheus,0.17,35.26
1790051451.852,research-api-cadvisor-1,cadvisor,0.0,17.75
1790051456.88,research-api-nginx-1,nginx,25.28,15.13
1790051456.88,research-api-orders-service-1,orders-service,37.55,14.32
1790051456.88,research-api-inventory-service-1,inventory-service,5.36,11.33
1790051456.88,research-api-grafana-1,grafana,1.28,50.47
1790051456.88,research-api-users-service-1,users-service,20.32,11.92
1790051456.88,research-api-products-service-1,products-service,22.13,13.05
1790051456.88,research-api-postgres-1,postgres,24.91,89.12
1790051456.88,research-api-prometheus-1,prometheus,0.28,35.27
1790051456.88,research-api-cadvisor-1,cadvisor,4.34,18.03
1790051461.885,research-api-nginx-1,nginx,24.02,16.78
1790051461.885,research-api-orders-service-1,orders-service,32.27,15.68
1790051461.885,research-api-inventory-service-1,inventory-service,4.54,9.734
1790051461.885,research-api-grafana-1,grafana,0.05,43.72
1790051461.885,research-api-users-service-1,users-service,16.5,11.71
1790051461.885,research-api-products-service-1,products-service,19.75,13.99
1790051461.885,research-api-postgres-1,postgres,17.99,91.15
1790051461.885,research-api-prometheus-1,prometheus,0.15,35.27
1790051461.885,research-api-cadvisor-1,cadvisor,0.0,18.02
1790051466.863,research-api-nginx-1,nginx,27.38,16.25
1790051466.863,research-api-orders-service-1,orders-service,35.85,15.41
1790051466.863,research-api-inventory-service-1,inventory-service,4.79,9.5
1790051466.863,research-api-grafana-1,grafana,0.41,43.72
1790051466.863,research-api-users-service-1,users-service,22.34,13.05
1790051466.863,research-api-products-service-1,products-service,17.94,12.1
1790051466.863,research-api-postgres-1,postgres,19.01,90.21
1790051466.863,research-api-prometheus-1,prometheus,0.13,35.27
1790051466.863,research-api-cadvisor-1,cadvisor,0.02,18.03
1790051471.877,research-api-nginx-1,nginx,23.06,16.77
1790051471.877,research-api-orders-service-1,orders-service,27.98,14.47
1790051471.877,research-api-inventory-service-1,inventory-service,5.11,9.418
1790051471.877,research-api-grafana-1,grafana,0.1,43.72
1790051471.877,research-api-users-service-1,users-service,19.64,12.18
1790051471.877,research-api-products-service-1,products-service,19.14,13.48
1790051471.877,research-api-postgres-1,postgres,20.69,90.06
1790051471.877,research-api-prometheus-1,prometheus,0.17,35.3
1790051471.877,research-api-cadvisor-1,cadvisor,0.0,18.03
1790051476.873,research-api-nginx-1,nginx,21.99,16.9
1790051476.873,research-api-orders-service-1,orders-service,32.88,15.65
1790051476.873,research-api-inventory-service-1,inventory-service,3.68,10.19
1790051476.873,research-api-grafana-1,grafana,0.73,43.73
1790051476.873,research-api-users-service-1,users-service,17.76,12.47
1790051476.873,research-api-products-service-1,products-service,18.54,13.46
1790051476.873,research-api-postgres-1,postgres,21.12,90.5
1790051476.873,research-api-prometheus-1,prometheus,0.19,35.3
1790051476.873,research-api-cadvisor-1,cadvisor,0.02,17.92
1790051481.86,research-api-nginx-1,nginx,20.19,16.37
1790051481.86,research-api-orders-service-1,orders-service,27.87,14.63
1790051481.86,research-api-inventory-service-1,inventory-service,4.39,10.02
1790051481.86,research-api-grafana-1,grafana,0.05,43.72
1790051481.86,research-api-users-service-1,users-service,17.21,11.68
1790051481.86,research-api-products-service-1,products-service,17.33,14.39
1790051481.86,research-api-postgres-1,postgres,19.62,91.39
1790051481.86,research-api-prometheus-1,prometheus,0.14,35.32
1790051481.86,research-api-cadvisor-1,cadvisor,0.0,17.92
1790051486.873,research-api-nginx-1,nginx,22.01,16.2
1790051486.873,research-api-orders-service-1,orders-service,38.5,15.9
1790051486.873,research-api-inventory-service-1,inventory-service,4.88,10.36
1790051486.873,research-api-grafana-1,grafana,0.06,43.72
1790051486.873,research-api-users-service-1,users-service,23.66,12.7
1790051486.873,research-api-products-service-1,products-service,18.61,12.73
1790051486.873,research-api-postgres-1,postgres,24.16,91.17
1790051486.873,research-api-prometheus-1,prometheus,0.16,35.32
1790051486.873,research-api-cadvisor-1,cadvisor,0.72,17.93
1790051491.875,research-api-nginx-1,nginx,22.59,16.97
1790051491.875,research-api-orders-service-1,orders-service,35.59,15.49
1790051491.875,research-api-inventory-service-1,inventory-service,5.09,10.49
1790051491.875,research-api-grafana-1,grafana,0.04,43.73
1790051491.875,research-api-users-service-1,users-service,16.84,12.33
1790051491.875,research-api-products-service-1,products-service,17.02,13.91
1790051491.875,research-api-postgres-1,postgres,23.0,90.83
1790051491.875,research-api-prometheus-1,prometheus,0.18,35.34
1790051491.875,research-api-cadvisor-1,cadvisor,0.0,17.94
1790051496.865,research-api-nginx-1,nginx,20.79,16.9
1790051496.865,research-api-orders-service-1,orders-service,28.85,14.73
1790051496.865,research-api-inventory-service-1,inventory-service,4.45,10.01
1790051496.865,research-api-grafana-1,grafana,0.07,43.73
1790051496.865,research-api-users-service-1,users-service,18.85,12.5
1790051496.865,research-api-products-service-1,products-service,19.53,13.17
1790051496.865,research-api-postgres-1,postgres,20.83,91.24
1790051496.865,research-api-prometheus-1,prometheus,0.17,35.36
1790051496.865,research-api-cadvisor-1,cadvisor,0.02,18.04
1790051501.862,research-api-nginx-1,nginx,21.05,16.47
1790051501.862,research-api-orders-service-1,orders-service,31.04,15.1
1790051501.862,research-api-inventory-service-1,inventory-service,4.68,9.738
1790051501.862,research-api-grafana-1,grafana,0.05,43.73
1790051501.862,research-api-users-service-1,users-service,17.46,13.14
1790051501.862,research-api-products-service-1,products-service,20.58,13.65
1790051501.862,research-api-postgres-1,postgres,21.28,91.5
1790051501.862,research-api-prometheus-1,prometheus,0.13,35.39
1790051501.862,research-api-cadvisor-1,cadvisor,0.0,18.04
1790051506.864,research-api-nginx-1,nginx,20.52,16.41
1790051506.864,research-api-orders-service-1,orders-service,26.68,14.5
1790051506.864,research-api-inventory-service-1,inventory-service,4.7,10.78
1790051506.864,research-api-grafana-1,grafana,0.37,43.73
1790051506.864,research-api-users-service-1,users-service,17.46,12.37
1790051506.864,research-api-products-service-1,products-service,16.33,12.81
1790051506.864,research-api-postgres-1,postgres,19.61,90.66
1790051506.864,research-api-prometheus-1,prometheus,0.17,35.39
1790051506.864,research-api-cadvisor-1,cadvisor,0.88,18.55
1790051511.875,research-api-nginx-1,nginx,21.72,16.08
1790051511.875,research-api-orders-service-1,orders-service,30.47,13.92
1790051511.875,research-api-inventory-service-1,inventory-service,4.7,10.8
1790051511.875,research-api-grafana-1,grafana,0.05,43.73
1790051511.875,research-api-users-service-1,users-service,16.59,11.38
1790051511.875,research-api-products-service-1,products-service,22.33,13.76
1790051511.875,research-api-postgres-1,postgres,20.82,90.62
1790051511.875,research-api-prometheus-1,prometheus,0.18,35.4
1790051511.875,research-api-cadvisor-1,cadvisor,0.0,18.55
1790051516.9,research-api-nginx-1,nginx,23.86,16.43
1790051516.9,research-api-orders-service-1,orders-service,36.18,14.2
1790051516.9,research-api-inventory-service-1,inventory-service,5.13,10.85
1790051516.9,research-api-grafana-1,grafana,1.4,43.73
1790051516.9,research-api-users-service-1,users-service,18.84,12.48
1790051516.9,research-api-products-service-1,products-service,20.4,12.7
1790051516.9,research-api-postgres-1,postgres,22.38,89.96
1790051516.9,research-api-prometheus-1,prometheus,0.25,35.4
1790051516.9,research-api-cadvisor-1,cadvisor,4.49,17.79
1790051521.887,research-api-nginx-1,nginx,27.21,15.83
1790051521.887,research-api-orders-service-1,orders-service,39.14,14.79
1790051521.887,research-api-inventory-service-1,inventory-service,5.41,9.41
1790051521.887,research-api-grafana-1,grafana,0.08,43.73
1790051521.887,research-api-users-service-1,users-service,20.58,11.36
1790051521.887,research-api-products-service-1,products-service,24.47,13.24
1790051521.887,research-api-postgres-1,postgres,25.56,90.88
1790051521.887,research-api-prometheus-1,prometheus,0.18,35.41
1790051521.887,research-api-cadvisor-1,cadvisor,0.0,17.79
1790051526.903,research-api-nginx-1,nginx,22.32,16.86
1790051526.903,research-api-orders-service-1,orders-service,39.88,13.15
1790051526.903,research-api-inventory-service-1,inventory-service,5.9,9.527
1790051526.903,research-api-grafana-1,grafana,0.5,43.73
1790051526.903,research-api-users-service-1,users-service,20.78,12.55
1790051526.903,research-api-products-service-1,products-service,19.67,12.54
1790051526.903,research-api-postgres-1,postgres,23.79,91.09
1790051526.903,research-api-prometheus-1,prometheus,0.15,35.41
1790051526.903,research-api-cadvisor-1,cadvisor,0.02,17.45
1790051531.9,research-api-nginx-1,nginx,22.23,16.09
1790051531.9,research-api-orders-service-1,orders-service,33.65,15.73
1790051531.9,research-api-inventory-service-1,inventory-service,3.68,9.934
1790051531.9,research-api-grafana-1,grafana,0.14,43.73
1790051531.9,research-api-users-service-1,users-service,15.8,11.83
1790051531.9,research-api-products-service-1,products-service,19.57,13.11
1790051531.9,research-api-postgres-1,postgres,20.78,91.27
1790051531.9,research-api-prometheus-1,prometheus,0.18,35.43
1790051531.9,research-api-cadvisor-1,cadvisor,0.35,17.45
1790051536.9,research-api-nginx-1,nginx,27.22,16.55
1790051536.9,research-api-orders-service-1,orders-service,36.88,14.2
1790051536.9,research-api-inventory-service-1,inventory-service,6.87,10.43
1790051536.9,research-api-grafana-1,grafana,0.65,43.73
1790051536.9,research-api-users-service-1,users-service,21.63,12.97
1790051536.9,research-api-products-service-1,products-service,21.89,13.69
1790051536.9,research-api-postgres-1,postgres,24.73,91.38
1790051536.9,research-api-prometheus-1,prometheus,0.14,35.48
1790051536.9,research-api-cadvisor-1,cadvisor,0.02,18.17
1790051541.909,research-api-nginx-1,nginx,23.43,16.48
1790051541.909,research-api-orders-service-1,orders-service,36.38,15.51
1790051541.909,research-api-inventory-service-1,inventory-service,4.49,10.62
1790051541.909,research-api-grafana-1,grafana,0.05,43.73
1790051541.909,research-api-users-service-1,users-service,18.26,12.18
1790051541.909,research-api-products-service-1,products-service,23.42,14.84
1790051541.909,research-api-postgres-1,postgres,25.54,91.76
1790051541.909,research-api-prometheus-1,prometheus,0.16,35.51
1790051541.909,research-api-cadvisor-1,cadvisor,0.0,18.17
1790051546.9,research-api-nginx-1,nginx,21.91,16.37
1790051546.9,research-api-orders-service-1,orders-service,36.83,15.5
1790051546.9,research-api-inventory-service-1,inventory-service,4.75,10.96
1790051546.9,research-api-grafana-1,grafana,0.75,43.73
1790051546.9,research-api-users-service-1,users-service,18.64,12.02
1790051546.9,research-api-products-service-1,products-service,19.14,13.47
1790051546.9,research-api-postgres-1,postgres,23.83,91.61
1790051546.9,research-api-prometheus-1,prometheus,0.15,35.52
1790051546.9,research-api-cadvisor-1,cadvisor,0.95,18.25
1790051551.905,research-api-nginx-1,nginx,18.64,16.41
1790051551.905,research-api-orders-service-1,orders-service,31.14,14.9
1790051551.905,research-api-inventory-service-1,inventory-service,5.78,10.05
1790051551.905,research-api-grafana-1,grafana,0.05,43.73
1790051551.905,research-api-users-service-1,users-service,19.59,11.91
1790051551.905,research-api-products-service-1,products-service,19.4,14.7
1790051551.905,research-api-postgres-1,postgres,21.74,91.81
1790051551.905,research-api-prometheus-1,prometheus,0.24,35.52
1790051551.905,research-api-cadvisor-1,cadvisor,0.0,18.25
1790051556.903,research-api-nginx-1,nginx,25.86,16.86
1790051556.903,research-api-orders-service-1,orders-service,28.46,15.85
1790051556.903,research-api-inventory-service-1,inventory-service,4.28,10.39
1790051556.903,research-api-grafana-1,grafana,0.66,43.73
1790051556.903,research-api-users-service-1,users-service,23.21,11.76
1790051556.903,research-api-products-service-1,products-service,21.62,13.45
1790051556.903,research-api-postgres-1,postgres,23.66,92.1
1790051556.903,research-api-prometheus-1,prometheus,0.2,35.52
1790051556.903,research-api-cadvisor-1,cadvisor,0.02,18.16
1790051561.908,research-api-nginx-1,nginx,23.98,16.67
1790051561.908,research-api-orders-service-1,orders-service,24.81,15.16
1790051561.908,research-api-inventory-service-1,inventory-service,4.55,10.69
1790051561.908,research-api-grafana-1,grafana,0.07,43.71
1790051561.908,research-api-users-service-1,users-service,18.38,12.06
1790051561.908,research-api-products-service-1,products-service,20.36,14.88
1790051561.908,research-api-postgres-1,postgres,21.17,91.55
1790051561.908,research-api-prometheus-1,prometheus,0.21,35.53
1790051561.908,research-api-cadvisor-1,cadvisor,0.01,18.16
1790051566.898,research-api-nginx-1,nginx,21.57,16.53
1790051566.898,research-api-orders-service-1,orders-service,32.64,14.95
1790051566.898,research-api-inventory-service-1,inventory-service,4.32,10.31
1790051566.898,research-api-grafana-1,grafana,0.43,43.71
1790051566.898,research-api-users-service-1,users-service,17.23,12.63
1790051566.898,research-api-products-service-1,products-service,19.82,14.21
1790051566.898,research-api-postgres-1,postgres,21.1,92.1
1790051566.898,research-api-prometheus-1,prometheus,0.14,35.53
1790051566.898,research-api-cadvisor-1,cadvisor,0.02,18.16
1790051571.878,research-api-nginx-1,nginx,23.18,16.14
1790051571.878,research-api-orders-service-1,orders-service,34.14,14.9
1790051571.878,research-api-inventory-service-1,inventory-service,5.12,10.15
1790051571.878,research-api-grafana-1,grafana,0.03,43.71
1790051571.878,research-api-users-service-1,users-service,18.41,11.2
1790051571.878,research-api-products-service-1,products-service,20.7,14.54
1790051571.878,research-api-postgres-1,postgres,23.03,92.23
1790051571.878,research-api-prometheus-1,prometheus,0.0,35.53
1790051571.878,research-api-cadvisor-1,cadvisor,0.0,18.16
1790051576.855,research-api-nginx-1,nginx,35.4,16.62
1790051576.855,research-api-orders-service-1,orders-service,53.28,15.78
1790051576.855,research-api-inventory-service-1,inventory-service,5.02,9.355
1790051576.855,research-api-grafana-1,grafana,1.67,43.71
1790051576.855,research-api-users-service-1,users-service,25.72,13.24
1790051576.855,research-api-products-service-1,products-service,29.83,12.9
1790051576.855,research-api-postgres-1,postgres,31.87,93.62
1790051576.855,research-api-prometheus-1,prometheus,0.31,35.53
1790051576.855,research-api-cadvisor-1,cadvisor,3.37,19.08
1790051581.876,research-api-nginx-1,nginx,41.55,15.37
1790051581.876,research-api-orders-service-1,orders-service,58.88,15.0
1790051581.876,research-api-inventory-service-1,inventory-service,8.09,10.91
1790051581.876,research-api-grafana-1,grafana,0.05,43.71
1790051581.876,research-api-users-service-1,users-service,33.07,11.09
1790051581.876,research-api-products-service-1,products-service,32.54,14.09
1790051581.876,research-api-postgres-1,postgres,40.17,92.69
1790051581.876,research-api-prometheus-1,prometheus,0.18,35.55
1790051581.876,research-api-cadvisor-1,cadvisor,0.0,19.08
1790051586.892,research-api-nginx-1,nginx,47.78,17.6
1790051586.892,research-api-orders-service-1,orders-service,60.11,14.84
1790051586.892,research-api-inventory-service-1,inventory-service,9.85,9.859
1790051586.892,research-api-grafana-1,grafana,0.37,43.71
1790051586.892,research-api-users-service-1,users-service,33.81,13.05
1790051586.892,research-api-products-service-1,products-service,36.41,14.09
1790051586.892,research-api-postgres-1,postgres,46.39,93.57
1790051586.892,research-api-prometheus-1,prometheus,0.11,35.55
1790051586.892,research-api-cadvisor-1,cadvisor,0.0,18.17
1790051591.85,research-api-nginx-1,nginx,54.48,17.23
1790051591.85,research-api-orders-service-1,orders-service,70.55,16.0
1790051591.85,research-api-inventory-service-1,inventory-service,11.13,10.3
1790051591.85,research-api-grafana-1,grafana,0.05,43.71
1790051591.85,research-api-users-service-1,users-service,39.05,12.61
1790051591.85,research-api-products-service-1,products-service,40.79,13.7
1790051591.85,research-api-postgres-1,postgres,50.18,94.39
1790051591.85,research-api-prometheus-1,prometheus,0.1,35.55
1790051591.85,research-api-cadvisor-1,cadvisor,0.0,18.17
1790051596.872,research-api-nginx-1,nginx,61.48,18.1
1790051596.872,research-api-orders-service-1,orders-service,77.73,16.93
1790051596.872,research-api-inventory-service-1,inventory-service,13.08,9.805
1790051596.872,research-api-grafana-1,grafana,0.34,43.72
1790051596.872,research-api-users-service-1,users-service,46.68,12.87
1790051596.872,research-api-products-service-1,products-service,48.95,11.85
1790051596.872,research-api-postgres-1,postgres,57.95,94.41
1790051596.872,research-api-prometheus-1,prometheus,0.12,35.55
1790051596.872,research-api-cadvisor-1,cadvisor,0.02,18.86
1790051601.876,research-api-nginx-1,nginx,62.04,18.98
1790051601.876,research-api-orders-service-1,orders-service,77.8,17.03
1790051601.876,research-api-inventory-service-1,inventory-service,11.4,10.5
1790051601.876,research-api-grafana-1,grafana,0.04,43.72
1790051601.876,research-api-users-service-1,users-service,44.51,12.54
1790051601.876,research-api-products-service-1,products-service,46.79,14.62
1790051601.876,research-api-postgres-1,postgres,60.89,96.87
1790051601.876,research-api-prometheus-1,prometheus,0.11,35.57
1790051601.876,research-api-cadvisor-1,cadvisor,0.0,18.87
1790051606.873,research-api-nginx-1,nginx,67.66,18.29
1790051606.873,research-api-orders-service-1,orders-service,89.01,16.64
1790051606.873,research-api-inventory-service-1,inventory-service,14.36,9.898
1790051606.873,research-api-grafana-1,grafana,0.39,43.72
1790051606.873,research-api-users-service-1,users-service,47.6,11.83
1790051606.873,research-api-products-service-1,products-service,48.86,13.99
1790051606.873,research-api-postgres-1,postgres,63.7,100.4
1790051606.873,research-api-prometheus-1,prometheus,0.15,35.57
1790051606.873,research-api-cadvisor-1,cadvisor,0.61,17.9
1790051611.875,research-api-nginx-1,nginx,66.88,18.34
1790051611.875,research-api-orders-service-1,orders-service,82.5,17.66
1790051611.875,research-api-inventory-service-1,inventory-service,12.99,11.05
1790051611.875,research-api-grafana-1,grafana,0.03,43.72
1790051611.875,research-api-users-service-1,users-service,46.7,12.39
1790051611.875,research-api-products-service-1,products-service,49.0,14.7
1790051611.875,research-api-postgres-1,postgres,62.31,100.9
1790051611.875,research-api-prometheus-1,prometheus,0.12,35.58
1790051611.875,research-api-cadvisor-1,cadvisor,0.0,17.9
1790051616.867,research-api-nginx-1,nginx,65.07,18.88
1790051616.867,research-api-orders-service-1,orders-service,89.78,16.87
1790051616.867,research-api-inventory-service-1,inventory-service,11.96,10.55
1790051616.867,research-api-grafana-1,grafana,0.35,43.72
1790051616.867,research-api-users-service-1,users-service,49.44,12.89
1790051616.867,research-api-products-service-1,products-service,47.11,13.01
1790051616.867,research-api-postgres-1,postgres,64.22,101.8
1790051616.867,research-api-prometheus-1,prometheus,0.11,35.58
1790051616.867,research-api-cadvisor-1,cadvisor,0.02,18.04
1790051621.883,research-api-nginx-1,nginx,84.81,19.52
1790051621.883,research-api-orders-service-1,orders-service,106.73,18.41
1790051621.883,research-api-inventory-service-1,inventory-service,16.18,10.9
1790051621.883,research-api-grafana-1,grafana,0.08,43.72
1790051621.883,research-api-users-service-1,users-service,61.07,11.95
1790051621.883,research-api-products-service-1,products-service,65.14,15.44
1790051621.883,research-api-postgres-1,postgres,77.79,101.8
1790051621.883,research-api-prometheus-1,prometheus,0.12,35.59
1790051621.883,research-api-cadvisor-1,cadvisor,0.0,18.04
1790051626.977,research-api-nginx-1,nginx,93.11,19.46
1790051626.977,research-api-orders-service-1,orders-service,111.07,18.19
1790051626.977,research-api-inventory-service-1,inventory-service,16.64,9.992
1790051626.977,research-api-grafana-1,grafana,0.43,43.72
1790051626.977,research-api-users-service-1,users-service,64.94,13.64
1790051626.977,research-api-products-service-1,products-service,68.92,15.03
1790051626.977,research-api-postgres-1,postgres,81.72,110.1
1790051626.977,research-api-prometheus-1,prometheus,0.12,35.59
1790051626.977,research-api-cadvisor-1,cadvisor,0.02,18.11
1790051631.966,research-api-nginx-1,nginx,89.56,19.63
1790051631.966,research-api-orders-service-1,orders-service,112.69,19.62
1790051631.966,research-api-inventory-service-1,inventory-service,18.64,10.18
1790051631.966,research-api-grafana-1,grafana,0.06,43.72
1790051631.966,research-api-users-service-1,users-service,62.71,13.42
1790051631.966,research-api-products-service-1,products-service,62.85,15.66
1790051631.966,research-api-postgres-1,postgres,81.49,116.5
1790051631.966,research-api-prometheus-1,prometheus,0.11,35.59
1790051631.966,research-api-cadvisor-1,cadvisor,0.0,18.11
1790051637.012,research-api-nginx-1,nginx,95.84,19.93
1790051637.012,research-api-orders-service-1,orders-service,195.27,20.37
1790051637.012,research-api-inventory-service-1,inventory-service,16.46,10.3
1790051637.012,research-api-grafana-1,grafana,1.19,43.72
1790051637.012,research-api-users-service-1,users-service,58.34,14.89
1790051637.012,research-api-products-service-1,products-service,64.35,15.41
1790051637.012,research-api-postgres-1,postgres,78.09,116.6
1790051637.012,research-api-prometheus-1,prometheus,0.3,35.59
1790051637.012,research-api-cadvisor-1,cadvisor,2.66,18.32
1790051641.973,research-api-nginx-1,nginx,91.98,19.05
1790051641.973,research-api-orders-service-1,orders-service,141.82,21.16
1790051641.973,research-api-inventory-service-1,inventory-service,19.34,11.41
1790051641.973,research-api-grafana-1,grafana,0.12,43.72
1790051641.973,research-api-users-service-1,users-service,64.01,13.71
1790051641.973,research-api-products-service-1,products-service,64.34,15.26
1790051641.973,research-api-postgres-1,postgres,81.31,117.3
1790051641.973,research-api-prometheus-1,prometheus,0.0,35.59
1790051641.973,research-api-cadvisor-1,cadvisor,0.0,18.32
1790051646.973,research-api-nginx-1,nginx,99.02,19.31
1790051646.973,research-api-orders-service-1,orders-service,257.11,20.03
1790051646.973,research-api-inventory-service-1,inventory-service,17.37,10.54
1790051646.973,research-api-grafana-1,grafana,0.42,43.72
1790051646.973,research-api-users-service-1,users-service,63.59,14.4
1790051646.973,research-api-products-service-1,products-service,69.77,14.75
1790051646.973,research-api-postgres-1,postgres,83.95,117.2
1790051646.973,research-api-prometheus-1,prometheus,0.16,35.59
1790051646.973,research-api-cadvisor-1,cadvisor,0.01,18.67
1790051651.959,research-api-nginx-1,nginx,91.52,19.8
1790051651.959,research-api-orders-service-1,orders-service,146.74,20.78
1790051651.959,research-api-inventory-service-1,inventory-service,18.87,10.2
1790051651.959,research-api-grafana-1,grafana,0.05,43.72
1790051651.959,research-api-users-service-1,users-service,60.92,14.2
1790051651.959,research-api-products-service-1,products-service,65.88,15.88
1790051651.959,research-api-postgres-1,postgres,77.23,117.5
1790051651.959,research-api-prometheus-1,prometheus,0.16,35.6
1790051651.959,research-api-cadvisor-1,cadvisor,0.0,18.67
1790051656.966,research-api-nginx-1,nginx,91.55,20.42
1790051656.966,research-api-orders-service-1,orders-service,112.42,20.04
1790051656.966,research-api-inventory-service-1,inventory-service,16.34,9.965
1790051656.966,research-api-grafana-1,grafana,0.47,43.72
1790051656.966,research-api-users-service-1,users-service,64.43,14.04
1790051656.966,research-api-products-service-1,products-service,65.63,15.14
1790051656.966,research-api-postgres-1,postgres,84.36,117.6
1790051656.966,research-api-prometheus-1,prometheus,0.15,35.6
1790051656.966,research-api-cadvisor-1,cadvisor,0.02,18.7
1790051661.958,research-api-nginx-1,nginx,91.11,19.91
1790051661.958,research-api-orders-service-1,orders-service,112.15,20.73
1790051661.958,research-api-inventory-service-1,inventory-service,17.15,9.922
1790051661.958,research-api-grafana-1,grafana,0.06,43.72
1790051661.958,research-api-users-service-1,users-service,64.33,13.02
1790051661.958,research-api-products-service-1,products-service,66.02,16.35
1790051661.958,research-api-postgres-1,postgres,79.35,118.0
1790051661.958,research-api-prometheus-1,prometheus,0.15,35.63
1790051661.958,research-api-cadvisor-1,cadvisor,0.0,18.7
1790051666.937,research-api-nginx-1,nginx,87.99,19.71
1790051666.937,research-api-orders-service-1,orders-service,113.59,20.44
1790051666.937,research-api-inventory-service-1,inventory-service,15.88,10.05
1790051666.937,research-api-grafana-1,grafana,0.43,43.73
1790051666.937,research-api-users-service-1,users-service,61.48,15.3
1790051666.937,research-api-products-service-1,products-service,61.2,15.39
1790051666.937,research-api-postgres-1,postgres,77.94,118.4
1790051666.937,research-api-prometheus-1,prometheus,0.21,35.63
1790051666.937,research-api-cadvisor-1,cadvisor,0.82,18.17
1790051671.968,research-api-nginx-1,nginx,85.36,20.29
1790051671.968,research-api-orders-service-1,orders-service,112.5,19.06
1790051671.968,research-api-inventory-service-1,inventory-service,17.38,10.57
1790051671.968,research-api-grafana-1,grafana,0.04,43.73
1790051671.968,research-api-users-service-1,users-service,55.67,12.72
1790051671.968,research-api-products-service-1,products-service,66.44,16.34
1790051671.968,research-api-postgres-1,postgres,75.37,118.6
1790051671.968,research-api-prometheus-1,prometheus,0.0,35.64
1790051671.968,research-api-cadvisor-1,cadvisor,0.0,18.17
1790051676.952,research-api-nginx-1,nginx,88.99,20.13
1790051676.952,research-api-orders-service-1,orders-service,116.35,21.01
1790051676.952,research-api-inventory-service-1,inventory-service,17.24,10.28
1790051676.952,research-api-grafana-1,grafana,0.3,43.73
1790051676.952,research-api-users-service-1,users-service,64.28,14.97
1790051676.952,research-api-products-service-1,products-service,64.68,15.77
1790051676.952,research-api-postgres-1,postgres,79.88,119.7
1790051676.952,research-api-prometheus-1,prometheus,0.17,34.05
1790051676.952,research-api-cadvisor-1,cadvisor,0.02,18.8
1790051681.947,research-api-nginx-1,nginx,91.75,20.02
1790051681.947,research-api-orders-service-1,orders-service,108.92,20.43
1790051681.947,research-api-inventory-service-1,inventory-service,15.21,10.96
1790051681.947,research-api-grafana-1,grafana,0.07,43.73
1790051681.947,research-api-users-service-1,users-service,61.4,14.06
1790051681.947,research-api-products-service-1,products-service,67.88,16.41
1790051681.947,research-api-postgres-1,postgres,76.13,120.0
1790051681.947,research-api-prometheus-1,prometheus,0.14,34.06
1790051681.947,research-api-cadvisor-1,cadvisor,0.78,18.8
1790051686.97,research-api-nginx-1,nginx,92.24,20.2
1790051686.97,research-api-orders-service-1,orders-service,111.56,20.4
1790051686.97,research-api-inventory-service-1,inventory-service,15.36,10.23
1790051686.97,research-api-grafana-1,grafana,0.35,43.74
1790051686.97,research-api-users-service-1,users-service,59.54,13.82
1790051686.97,research-api-products-service-1,products-service,64.28,16.27
1790051686.97,research-api-postgres-1,postgres,76.88,120.5
1790051686.97,research-api-prometheus-1,prometheus,0.21,34.06
1790051686.97,research-api-cadvisor-1,cadvisor,0.01,19.44
1790051691.945,research-api-nginx-1,nginx,87.92,20.34
1790051691.945,research-api-orders-service-1,orders-service,109.24,21.61
1790051691.945,research-api-inventory-service-1,inventory-service,15.06,9.57
1790051691.945,research-api-grafana-1,grafana,0.04,43.74
1790051691.945,research-api-users-service-1,users-service,60.36,14.43
1790051691.945,research-api-products-service-1,products-service,66.53,15.77
1790051691.945,research-api-postgres-1,postgres,75.5,121.1
1790051691.945,research-api-prometheus-1,prometheus,0.12,34.06
1790051691.945,research-api-cadvisor-1,cadvisor,0.0,19.44
1790051697.04,research-api-nginx-1,nginx,95.94,18.86
1790051697.04,research-api-orders-service-1,orders-service,159.33,21.66
1790051697.04,research-api-inventory-service-1,inventory-service,18.34,10.81
1790051697.04,research-api-grafana-1,grafana,1.16,43.74
1790051697.04,research-api-users-service-1,users-service,56.12,13.27
1790051697.04,research-api-products-service-1,products-service,62.84,15.5
1790051697.04,research-api-postgres-1,postgres,75.4,121.1
1790051697.04,research-api-prometheus-1,prometheus,0.3,34.06
1790051697.04,research-api-cadvisor-1,cadvisor,3.45,18.25
1790051701.995,research-api-nginx-1,nginx,90.96,19.85
1790051701.995,research-api-orders-service-1,orders-service,119.43,21.14
1790051701.995,research-api-inventory-service-1,inventory-service,20.97,10.26
1790051701.995,research-api-grafana-1,grafana,0.04,43.75
1790051701.995,research-api-users-service-1,users-service,61.23,13.31
1790051701.995,research-api-products-service-1,products-service,65.63,16.92
1790051701.995,research-api-postgres-1,postgres,77.8,125.0
1790051701.995,research-api-prometheus-1,prometheus,0.13,34.07
1790051701.995,research-api-cadvisor-1,cadvisor,0.0,18.25
1790051706.978,research-api-nginx-1,nginx,90.64,19.48
1790051706.978,research-api-orders-service-1,orders-service,214.23,21.82
1790051706.978,research-api-inventory-service-1,inventory-service,17.29,10.53
1790051706.978,research-api-grafana-1,grafana,0.39,43.74
1790051706.978,research-api-users-service-1,users-service,64.15,14.39
1790051706.978,research-api-products-service-1,products-service,60.56,15.96
1790051706.978,research-api-postgres-1,postgres,75.82,125.2
1790051706.978,research-api-prometheus-1,prometheus,0.22,34.07
1790051706.978,research-api-cadvisor-1,cadvisor,0.02,18.26
1790051711.982,research-api-nginx-1,nginx,86.2,19.63
1790051711.982,research-api-orders-service-1,orders-service,230.75,22.43
1790051711.982,research-api-inventory-service-1,inventory-service,17.18,10.32
1790051711.982,research-api-grafana-1,grafana,0.11,43.74
1790051711.982,research-api-users-service-1,users-service,61.08,14.15
1790051711.982,research-api-products-service-1,products-service,62.52,16.56
1790051711.982,research-api-postgres-1,postgres,76.12,125.3
1790051711.982,research-api-prometheus-1,prometheus,0.15,34.09
1790051711.982,research-api-cadvisor-1,cadvisor,0.0,18.26
1790051716.984,research-api-nginx-1,nginx,86.43,19.81
1790051716.984,research-api-orders-service-1,orders-service,200.41,21.51
1790051716.984,research-api-inventory-service-1,inventory-service,16.95,10.36
1790051716.984,research-api-grafana-1,grafana,0.32,43.74
1790051716.984,research-api-users-service-1,users-service,55.97,14.59
1790051716.984,research-api-products-service-1,products-service,58.7,15.35
1790051716.984,research-api-postgres-1,postgres,72.35,125.6
1790051716.984,research-api-prometheus-1,prometheus,0.13,34.09
1790051716.984,research-api-cadvisor-1,cadvisor,0.02,18.89
1790051721.997,research-api-nginx-1,nginx,94.71,19.92
1790051721.997,research-api-orders-service-1,orders-service,115.51,21.11
1790051721.997,research-api-inventory-service-1,inventory-service,19.13,10.33
1790051721.997,research-api-grafana-1,grafana,0.18,43.74
1790051721.997,research-api-users-service-1,users-service,62.54,13.99
1790051721.997,research-api-products-service-1,products-service,69.19,17.18
1790051721.997,research-api-postgres-1,postgres,79.5,126.7
1790051721.997,research-api-prometheus-1,prometheus,0.14,34.09
1790051721.997,research-api-cadvisor-1,cadvisor,0.0,18.89
1790051726.975,research-api-nginx-1,nginx,81.55,20.18
1790051726.975,research-api-orders-service-1,orders-service,99.08,21.91
1790051726.975,research-api-inventory-service-1,inventory-service,14.88,10.04
1790051726.975,research-api-grafana-1,grafana,0.31,43.74
1790051726.975,research-api-users-service-1,users-service,58.43,14.15
1790051726.975,research-api-products-service-1,products-service,58.06,16.32
1790051726.975,research-api-postgres-1,postgres,72.58,126.9
1790051726.975,research-api-prometheus-1,prometheus,0.18,34.1
1790051726.975,research-api-cadvisor-1,cadvisor,0.85,19.31
1790051731.956,research-api-nginx-1,nginx,88.67,20.63
1790051731.956,research-api-orders-service-1,orders-service,106.1,21.73
1790051731.956,research-api-inventory-service-1,inventory-service,15.42,10.61
1790051731.956,research-api-grafana-1,grafana,0.05,43.74
1790051731.956,research-api-users-service-1,users-service,60.29,14.32
1790051731.956,research-api-products-service-1,products-service,64.96,16.74
1790051731.956,research-api-postgres-1,postgres,75.31,127.0
1790051731.956,research-api-prometheus-1,prometheus,0.16,34.09
1790051731.956,research-api-cadvisor-1,cadvisor,0.0,19.31
1790051736.961,research-api-nginx-1,nginx,87.87,19.77
1790051736.961,research-api-orders-service-1,orders-service,114.68,22.41
1790051736.961,research-api-inventory-service-1,inventory-service,17.56,10.17
1790051736.961,research-api-grafana-1,grafana,0.38,43.74
1790051736.961,research-api-users-service-1,users-service,60.85,14.17
1790051736.961,research-api-products-service-1,products-service,64.39,16.21
1790051736.961,research-api-postgres-1,postgres,79.24,127.6
1790051736.961,research-api-prometheus-1,prometheus,0.16,34.1
1790051736.961,research-api-cadvisor-1,cadvisor,0.02,19.56
1790051741.983,research-api-nginx-1,nginx,88.16,19.73
1790051741.983,research-api-orders-service-1,orders-service,106.39,20.81
1790051741.983,research-api-inventory-service-1,inventory-service,16.85,10.71
1790051741.983,research-api-grafana-1,grafana,0.07,43.74
1790051741.983,research-api-users-service-1,users-service,60.24,13.14
1790051741.983,research-api-products-service-1,products-service,66.07,16.74
1790051741.983,research-api-postgres-1,postgres,74.28,127.3
1790051741.983,research-api-prometheus-1,prometheus,0.12,34.11
1790051741.983,research-api-cadvisor-1,cadvisor,0.0,19.56
1790051746.992,research-api-nginx-1,nginx,85.99,20.11
1790051746.992,research-api-orders-service-1,orders-service,109.14,20.48
1790051746.992,research-api-inventory-service-1,inventory-service,16.57,10.4
1790051746.992,research-api-grafana-1,grafana,0.37,43.74
1790051746.992,research-api-users-service-1,users-service,60.51,14.76
1790051746.992,research-api-products-service-1,products-service,62.92,15.55
1790051746.992,research-api-postgres-1,postgres,77.48,127.2
1790051746.992,research-api-prometheus-1,prometheus,0.15,34.11
1790051746.992,research-api-cadvisor-1,cadvisor,0.02,19.64
1790051751.967,research-api-nginx-1,nginx,87.3,20.43
1790051751.967,research-api-orders-service-1,orders-service,109.46,21.95
1790051751.967,research-api-inventory-service-1,inventory-service,16.87,9.848
1790051751.967,research-api-grafana-1,grafana,0.04,43.74
1790051751.967,research-api-users-service-1,users-service,59.0,13.26
1790051751.967,research-api-products-service-1,products-service,65.03,16.52
1790051751.967,research-api-postgres-1,postgres,77.46,127.5
1790051751.967,research-api-prometheus-1,prometheus,0.12,34.11
1790051751.967,research-api-cadvisor-1,cadvisor,0.0,19.64
1790051756.971,research-api-nginx-1,nginx,88.96,20.46
1790051756.971,research-api-orders-service-1,orders-service,111.53,20.43
1790051756.971,research-api-inventory-service-1,inventory-service,18.5,10.75
1790051756.971,research-api-grafana-1,grafana,1.14,43.74
1790051756.971,research-api-users-service-1,users-service,61.21,14.4
1790051756.971,research-api-products-service-1,products-service,62.17,15.17
1790051756.971,research-api-postgres-1,postgres,76.59,128.1
1790051756.971,research-api-prometheus-1,prometheus,0.35,34.11
1790051756.971,research-api-cadvisor-1,cadvisor,3.02,19.38
1790051762.02,research-api-nginx-1,nginx,91.95,19.43
1790051762.02,research-api-orders-service-1,orders-service,239.17,20.82
1790051762.02,research-api-inventory-service-1,inventory-service,17.56,11.08
1790051762.02,research-api-grafana-1,grafana,0.04,43.74
1790051762.02,research-api-users-service-1,users-service,58.62,13.11
1790051762.02,research-api-products-service-1,products-service,63.38,16.86
1790051762.02,research-api-postgres-1,postgres,76.59,128.3
1790051762.02,research-api-prometheus-1,prometheus,0.14,34.75
1790051762.02,research-api-cadvisor-1,cadvisor,0.0,19.38
1790051767.028,research-api-nginx-1,nginx,90.35,19.96
1790051767.028,research-api-orders-service-1,orders-service,107.95,21.97
1790051767.028,research-api-inventory-service-1,inventory-service,17.87,9.934
1790051767.028,research-api-grafana-1,grafana,0.33,43.74
1790051767.028,research-api-users-service-1,users-service,64.74,15.59
1790051767.028,research-api-products-service-1,products-service,63.15,14.82
1790051767.028,research-api-postgres-1,postgres,76.44,128.5
1790051767.028,research-api-prometheus-1,prometheus,0.15,34.98
1790051767.028,research-api-cadvisor-1,cadvisor,0.01,19.78
1790051772.012,research-api-nginx-1,nginx,91.33,20.35
1790051772.012,research-api-orders-service-1,orders-service,136.22,21.32
1790051772.012,research-api-inventory-service-1,inventory-service,16.85,11.41
1790051772.012,research-api-grafana-1,grafana,0.06,43.74
1790051772.012,research-api-users-service-1,users-service,59.54,13.05
1790051772.012,research-api-products-service-1,products-service,64.93,17.96
1790051772.012,research-api-postgres-1,postgres,75.72,128.8
1790051772.012,research-api-prometheus-1,prometheus,0.13,34.99
1790051772.012,research-api-cadvisor-1,cadvisor,0.0,19.78
1790051776.981,research-api-nginx-1,nginx,94.02,19.83
1790051776.981,research-api-orders-service-1,orders-service,136.82,21.8
1790051776.981,research-api-inventory-service-1,inventory-service,17.78,10.28
1790051776.981,research-api-grafana-1,grafana,0.36,43.74
1790051776.981,research-api-users-service-1,users-service,60.36,15.25
1790051776.981,research-api-products-service-1,products-service,60.9,16.5
1790051776.981,research-api-postgres-1,postgres,76.73,129.7
1790051776.981,research-api-prometheus-1,prometheus,0.12,35.0
1790051776.981,research-api-cadvisor-1,cadvisor,0.02,20.18
1790051782.022,research-api-nginx-1,nginx,92.64,20.7
1790051782.022,research-api-orders-service-1,orders-service,277.67,21.48
1790051782.022,research-api-inventory-service-1,inventory-service,18.01,10.31
1790051782.022,research-api-grafana-1,grafana,0.05,43.74
1790051782.022,research-api-users-service-1,users-service,62.32,14.81
1790051782.022,research-api-products-service-1,products-service,63.29,17.23
1790051782.022,research-api-postgres-1,postgres,78.45,129.4
1790051782.022,research-api-prometheus-1,prometheus,0.16,35.0
1790051782.022,research-api-cadvisor-1,cadvisor,0.0,20.18
1790051787.011,research-api-nginx-1,nginx,88.35,20.11
1790051787.011,research-api-orders-service-1,orders-service,165.82,20.21
1790051787.011,research-api-inventory-service-1,inventory-service,15.96,10.65
1790051787.011,research-api-grafana-1,grafana,0.49,43.74
1790051787.011,research-api-users-service-1,users-service,57.66,14.81
1790051787.011,research-api-products-service-1,products-service,64.89,15.44
1790051787.011,research-api-postgres-1,postgres,74.82,129.7
1790051787.011,research-api-prometheus-1,prometheus,0.18,35.23
1790051787.011,research-api-cadvisor-1,cadvisor,0.87,20.46
1790051791.994,research-api-nginx-1,nginx,89.02,20.46
1790051791.994,research-api-orders-service-1,orders-service,112.18,20.82
1790051791.994,research-api-inventory-service-1,inventory-service,16.05,11.55
1790051791.994,research-api-grafana-1,grafana,0.05,43.74
1790051791.994,research-api-users-service-1,users-service,58.68,13.72
1790051791.994,research-api-products-service-1,products-service,66.61,17.02
1790051791.994,research-api-postgres-1,postgres,75.77,129.9
1790051791.994,research-api-prometheus-1,prometheus,1.56,35.27
1790051791.994,research-api-cadvisor-1,cadvisor,0.0,20.22
1790051796.978,research-api-nginx-1,nginx,95.42,19.91
1790051796.978,research-api-orders-service-1,orders-service,109.4,21.73
1790051796.978,research-api-inventory-service-1,inventory-service,18.0,10.83
1790051796.978,research-api-grafana-1,grafana,0.42,43.74
1790051796.978,research-api-users-service-1,users-service,62.72,14.17
1790051796.978,research-api-products-service-1,products-service,66.12,16.32
1790051796.978,research-api-postgres-1,postgres,76.8,130.7
1790051796.978,research-api-prometheus-1,prometheus,0.18,35.28
1790051796.978,research-api-cadvisor-1,cadvisor,0.03,19.3
1790051802.005,research-api-nginx-1,nginx,86.97,19.91
1790051802.005,research-api-orders-service-1,orders-service,105.24,22.12
1790051802.005,research-api-inventory-service-1,inventory-service,16.31,10.55
1790051802.005,research-api-grafana-1,grafana,0.09,43.74
1790051802.005,research-api-users-service-1,users-service,60.07,13.43
1790051802.005,research-api-products-service-1,products-service,63.74,16.93
1790051802.005,research-api-postgres-1,postgres,73.35,130.7
1790051802.005,research-api-prometheus-1,prometheus,0.11,35.3
1790051802.005,research-api-cadvisor-1,cadvisor,0.0,19.3
1790051806.996,research-api-nginx-1,nginx,88.47,19.97
1790051806.996,research-api-orders-service-1,orders-service,111.71,20.82
1790051806.996,research-api-inventory-service-1,inventory-service,17.42,10.22
1790051806.996,research-api-grafana-1,grafana,0.45,43.74
1790051806.996,research-api-users-service-1,users-service,65.28,14.48
1790051806.996,research-api-products-service-1,products-service,60.01,16.29
1790051806.996,research-api-postgres-1,postgres,77.3,131.9
1790051806.996,research-api-prometheus-1,prometheus,0.15,35.32
1790051806.996,research-api-cadvisor-1,cadvisor,0.02,19.61
1790051812.009,research-api-nginx-1,nginx,89.55,20.34
1790051812.009,research-api-orders-service-1,orders-service,114.43,21.65
1790051812.009,research-api-inventory-service-1,inventory-service,17.45,10.69
1790051812.009,research-api-grafana-1,grafana,0.05,43.74
1790051812.009,research-api-users-service-1,users-service,57.05,13.34
1790051812.009,research-api-products-service-1,products-service,63.69,15.86
1790051812.009,research-api-postgres-1,postgres,74.44,132.0
1790051812.009,research-api-prometheus-1,prometheus,0.14,35.32
1790051812.009,research-api-cadvisor-1,cadvisor,0.0,19.61
1790051817.001,research-api-nginx-1,nginx,93.49,20.15
1790051817.001,research-api-orders-service-1,orders-service,113.58,22.48
1790051817.001,research-api-inventory-service-1,inventory-service,18.62,10.13
1790051817.001,research-api-grafana-1,grafana,6.17,43.55
1790051817.001,research-api-users-service-1,users-service,64.84,14.89
1790051817.001,research-api-products-service-1,products-service,64.73,15.45
1790051817.001,research-api-postgres-1,postgres,76.51,131.9
1790051817.001,research-api-prometheus-1,prometheus,0.3,35.32
1790051817.001,research-api-cadvisor-1,cadvisor,4.54,18.57
1790051822.009,research-api-nginx-1,nginx,88.35,20.02
1790051822.009,research-api-orders-service-1,orders-service,113.65,21.62
1790051822.009,research-api-inventory-service-1,inventory-service,15.05,10.92
1790051822.009,research-api-grafana-1,grafana,0.07,43.55
1790051822.009,research-api-users-service-1,users-service,61.58,14.34
1790051822.009,research-api-products-service-1,products-service,65.78,16.93
1790051822.009,research-api-postgres-1,postgres,77.72,132.7
1790051822.009,research-api-prometheus-1,prometheus,0.15,35.34
1790051822.009,research-api-cadvisor-1,cadvisor,0.0,18.25
1790051826.988,research-api-nginx-1,nginx,89.69,20.0
1790051826.988,research-api-orders-service-1,orders-service,247.14,23.55
1790051826.988,research-api-inventory-service-1,inventory-service,15.01,9.938
1790051826.988,research-api-grafana-1,grafana,0.32,43.55
1790051826.988,research-api-users-service-1,users-service,56.1,14.62
1790051826.988,research-api-products-service-1,products-service,60.29,16.07
1790051826.988,research-api-postgres-1,postgres,72.6,132.8
1790051826.988,research-api-prometheus-1,prometheus,0.17,35.34
1790051826.988,research-api-cadvisor-1,cadvisor,0.02,18.27
1790051832.044,research-api-nginx-1,nginx,93.9,20.01
1790051832.044,research-api-orders-service-1,orders-service,203.24,21.96
1790051832.044,research-api-inventory-service-1,inventory-service,19.06,10.79
1790051832.044,research-api-grafana-1,grafana,0.08,43.55
1790051832.044,research-api-users-service-1,users-service,62.03,13.5
1790051832.044,research-api-products-service-1,products-service,63.75,17.99
1790051832.044,research-api-postgres-1,postgres,81.06,133.1
1790051832.044,research-api-prometheus-1,prometheus,0.2,35.35
1790051832.044,research-api-cadvisor-1,cadvisor,0.0,18.27
1790051837.055,research-api-nginx-1,nginx,87.22,20.79
1790051837.055,research-api-orders-service-1,orders-service,110.55,22.62
1790051837.055,research-api-inventory-service-1,inventory-service,17.31,9.863
1790051837.055,research-api-grafana-1,grafana,0.42,43.55
1790051837.055,research-api-users-service-1,users-service,62.1,13.91
1790051837.055,research-api-products-service-1,products-service,61.19,15.55
1790051837.055,research-api-postgres-1,postgres,76.99,133.8
1790051837.055,research-api-prometheus-1,prometheus,0.23,35.38
1790051837.055,research-api-cadvisor-1,cadvisor,0.02,18.27
1790051842.041,research-api-nginx-1,nginx,89.51,20.45
1790051842.041,research-api-orders-service-1,orders-service,103.8,21.61
1790051842.041,research-api-inventory-service-1,inventory-service,16.3,11.72
1790051842.041,research-api-grafana-1,grafana,0.05,43.55
1790051842.041,research-api-users-service-1,users-service,60.69,14.18
1790051842.041,research-api-products-service-1,products-service,63.71,17.38
1790051842.041,research-api-postgres-1,postgres,73.08,134.4
1790051842.041,research-api-prometheus-1,prometheus,0.22,35.38
1790051842.041,research-api-cadvisor-1,cadvisor,0.0,18.28
1790051846.991,research-api-nginx-1,nginx,91.1,20.27
1790051846.991,research-api-orders-service-1,orders-service,227.66,21.73
1790051846.991,research-api-inventory-service-1,inventory-service,17.18,10.27
1790051846.991,research-api-grafana-1,grafana,0.37,43.55
1790051846.991,research-api-users-service-1,users-service,61.2,14.45
1790051846.991,research-api-products-service-1,products-service,59.86,16.24
1790051846.991,research-api-postgres-1,postgres,75.21,134.3
1790051846.991,research-api-prometheus-1,prometheus,0.18,35.38
1790051846.991,research-api-cadvisor-1,cadvisor,0.01,17.92
1790051852.021,research-api-nginx-1,nginx,91.04,19.81
1790051852.021,research-api-orders-service-1,orders-service,110.82,20.52
1790051852.021,research-api-inventory-service-1,inventory-service,18.02,10.79
1790051852.021,research-api-grafana-1,grafana,0.05,43.55
1790051852.021,research-api-users-service-1,users-service,61.02,13.22
1790051852.021,research-api-products-service-1,products-service,67.39,16.13
1790051852.021,research-api-postgres-1,postgres,82.15,133.8
1790051852.021,research-api-prometheus-1,prometheus,0.14,35.39
1790051852.021,research-api-cadvisor-1,cadvisor,0.36,17.92
1790051857.005,research-api-nginx-1,nginx,90.65,19.5
1790051857.005,research-api-orders-service-1,orders-service,134.49,21.57
1790051857.005,research-api-inventory-service-1,inventory-service,15.35,10.59
1790051857.005,research-api-grafana-1,grafana,0.41,43.55
1790051857.005,research-api-users-service-1,users-service,62.04,15.03
1790051857.005,research-api-products-service-1,products-service,60.85,15.99
1790051857.005,research-api-postgres-1,postgres,76.54,134.2
1790051857.005,research-api-prometheus-1,prometheus,0.19,35.38
1790051857.005,research-api-cadvisor-1,cadvisor,0.02,18.55
1790051862.039,research-api-nginx-1,nginx,87.65,19.46
1790051862.039,research-api-orders-service-1,orders-service,110.24,21.0
1790051862.039,research-api-inventory-service-1,inventory-service,15.58,9.562
1790051862.039,research-api-grafana-1,grafana,0.06,43.55
1790051862.039,research-api-users-service-1,users-service,62.71,14.29
1790051862.039,research-api-products-service-1,products-service,62.76,17.51
1790051862.039,research-api-postgres-1,postgres,74.86,134.8
1790051862.039,research-api-prometheus-1,prometheus,0.16,35.39
1790051862.039,research-api-cadvisor-1,cadvisor,0.0,18.55
1790051867.002,research-api-nginx-1,nginx,83.76,20.5
1790051867.002,research-api-orders-service-1,orders-service,106.26,22.09
1790051867.002,research-api-inventory-service-1,inventory-service,16.67,9.816
1790051867.002,research-api-grafana-1,grafana,0.43,43.55
1790051867.002,research-api-users-service-1,users-service,57.1,15.2
1790051867.002,research-api-products-service-1,products-service,61.98,15.57
1790051867.002,research-api-postgres-1,postgres,75.55,135.2
1790051867.002,research-api-prometheus-1,prometheus,0.15,35.39
1790051867.002,research-api-cadvisor-1,cadvisor,0.02,18.07
1790051872.007,research-api-nginx-1,nginx,86.75,19.45
1790051872.007,research-api-orders-service-1,orders-service,107.59,22.63
1790051872.007,research-api-inventory-service-1,inventory-service,15.96,10.88
1790051872.007,research-api-grafana-1,grafana,0.04,43.55
1790051872.007,research-api-users-service-1,users-service,59.15,13.21
1790051872.007,research-api-products-service-1,products-service,60.93,17.52
1790051872.007,research-api-postgres-1,postgres,75.81,135.3
1790051872.007,research-api-prometheus-1,prometheus,0.12,35.39
1790051872.007,research-api-cadvisor-1,cadvisor,0.0,18.07
1790051876.995,research-api-nginx-1,nginx,87.11,20.36
1790051876.995,research-api-orders-service-1,orders-service,113.19,21.16
1790051876.995,research-api-inventory-service-1,inventory-service,19.39,10.36
1790051876.995,research-api-grafana-1,grafana,1.48,43.56
1790051876.995,research-api-users-service-1,users-service,60.53,15.42
1790051876.995,research-api-products-service-1,products-service,63.0,16.99
1790051876.995,research-api-postgres-1,postgres,74.03,136.4
1790051876.995,research-api-prometheus-1,prometheus,0.54,35.39
1790051876.995,research-api-cadvisor-1,cadvisor,2.6,18.79
1790051882.037,research-api-nginx-1,nginx,85.11,19.61
1790051882.037,research-api-orders-service-1,orders-service,96.97,22.33
1790051882.037,research-api-inventory-service-1,inventory-service,16.53,11.32
1790051882.037,research-api-grafana-1,grafana,0.04,43.56
1790051882.037,research-api-users-service-1,users-service,59.53,13.66
1790051882.037,research-api-products-service-1,products-service,64.49,17.05
1790051882.037,research-api-postgres-1,postgres,71.82,136.4
1790051882.037,research-api-prometheus-1,prometheus,0.13,35.4
1790051882.037,research-api-cadvisor-1,cadvisor,0.0,18.79
1790051886.996,research-api-nginx-1,nginx,92.67,20.19
1790051886.996,research-api-orders-service-1,orders-service,114.92,21.83
1790051886.996,research-api-inventory-service-1,inventory-service,17.14,11.43
1790051886.996,research-api-grafana-1,grafana,0.34,43.56
1790051886.996,research-api-users-service-1,users-service,65.25,13.65
1790051886.996,research-api-products-service-1,products-service,65.7,16.69
1790051886.996,research-api-postgres-1,postgres,78.7,136.4
1790051886.996,research-api-prometheus-1,prometheus,0.15,35.4
1790051886.996,research-api-cadvisor-1,cadvisor,0.02,18.82
1790051892.034,research-api-nginx-1,nginx,92.94,19.35
1790051892.034,research-api-orders-service-1,orders-service,243.81,21.21
1790051892.034,research-api-inventory-service-1,inventory-service,17.73,10.54
1790051892.034,research-api-grafana-1,grafana,0.09,43.56
1790051892.034,research-api-users-service-1,users-service,57.58,13.76
1790051892.034,research-api-products-service-1,products-service,67.21,17.16
1790051892.034,research-api-postgres-1,postgres,75.52,136.4
1790051892.034,research-api-prometheus-1,prometheus,0.13,35.4
1790051892.034,research-api-cadvisor-1,cadvisor,0.0,18.82
1790051897.028,research-api-nginx-1,nginx,92.98,20.51
1790051897.028,research-api-orders-service-1,orders-service,254.91,22.59
1790051897.028,research-api-inventory-service-1,inventory-service,18.37,10.22
1790051897.028,research-api-grafana-1,grafana,0.35,43.56
1790051897.028,research-api-users-service-1,users-service,59.06,14.89
1790051897.028,research-api-products-service-1,products-service,64.96,16.61
1790051897.028,research-api-postgres-1,postgres,75.93,137.7
1790051897.028,research-api-prometheus-1,prometheus,0.17,35.4
1790051897.028,research-api-cadvisor-1,cadvisor,0.02,18.94
1790051902.074,research-api-nginx-1,nginx,101.36,19.82
1790051902.074,research-api-orders-service-1,orders-service,138.01,21.07
1790051902.074,research-api-inventory-service-1,inventory-service,19.76,10.31
1790051902.074,research-api-grafana-1,grafana,0.12,43.56
1790051902.074,research-api-users-service-1,users-service,67.45,14.25
1790051902.074,research-api-products-service-1,products-service,69.05,15.4
1790051902.074,research-api-postgres-1,postgres,80.57,137.7
1790051902.074,research-api-prometheus-1,prometheus,0.19,35.41
1790051902.074,research-api-cadvisor-1,cadvisor,0.0,18.94
1790051907.163,research-api-nginx-1,nginx,120.21,20.23
1790051907.163,research-api-orders-service-1,orders-service,151.74,22.31
1790051907.163,research-api-inventory-service-1,inventory-service,21.17,10.87
1790051907.163,research-api-grafana-1,grafana,0.59,43.56
1790051907.163,research-api-users-service-1,users-service,75.4,13.32
1790051907.163,research-api-products-service-1,products-service,80.16,16.69
1790051907.163,research-api-postgres-1,postgres,105.14,138.7
1790051907.163,research-api-prometheus-1,prometheus,0.16,35.42
1790051907.163,research-api-cadvisor-1,cadvisor,1.39,19.16
1790051912.202,research-api-nginx-1,nginx,117.66,21.52
1790051912.202,research-api-orders-service-1,orders-service,312.68,24.39
1790051912.202,research-api-inventory-service-1,inventory-service,19.59,10.71
1790051912.202,research-api-grafana-1,grafana,0.05,43.56
1790051912.202,research-api-users-service-1,users-service,67.05,15.24
1790051912.202,research-api-products-service-1,products-service,79.03,17.19
1790051912.202,research-api-postgres-1,postgres,102.22,147.9
1790051912.202,research-api-prometheus-1,prometheus,0.11,35.59
1790051912.202,research-api-cadvisor-1,cadvisor,0.0,19.09
1790051917.151,research-api-nginx-1,nginx,123.75,20.56
1790051917.151,research-api-orders-service-1,orders-service,202.11,24.51
1790051917.151,research-api-inventory-service-1,inventory-service,19.93,11.02
1790051917.151,research-api-grafana-1,grafana,0.43,43.56
1790051917.151,research-api-users-service-1,users-service,77.06,15.23
1790051917.151,research-api-products-service-1,products-service,75.61,16.93
1790051917.151,research-api-postgres-1,postgres,111.46,149.3
1790051917.151,research-api-prometheus-1,prometheus,0.01,35.59
1790051917.151,research-api-cadvisor-1,cadvisor,0.01,19.09
1790051922.211,research-api-nginx-1,nginx,129.29,21.36
1790051922.211,research-api-orders-service-1,orders-service,240.86,26.62
1790051922.211,research-api-inventory-service-1,inventory-service,22.99,11.91
1790051922.211,research-api-grafana-1,grafana,0.06,43.56
1790051922.211,research-api-users-service-1,users-service,75.47,15.81
1790051922.211,research-api-products-service-1,products-service,93.84,18.01
1790051922.211,research-api-postgres-1,postgres,124.86,149.0
1790051922.211,research-api-prometheus-1,prometheus,0.15,35.59
1790051922.211,research-api-cadvisor-1,cadvisor,0.0,19.09
1790051927.285,research-api-nginx-1,nginx,144.43,22.16
1790051927.285,research-api-orders-service-1,orders-service,277.42,28.22
1790051927.285,research-api-inventory-service-1,inventory-service,26.4,11.59
1790051927.285,research-api-grafana-1,grafana,0.35,43.56
1790051927.285,research-api-users-service-1,users-service,88.16,15.65
1790051927.285,research-api-products-service-1,products-service,97.21,17.92
1790051927.285,research-api-postgres-1,postgres,142.08,156.5
1790051927.285,research-api-prometheus-1,prometheus,0.8,35.85
1790051927.285,research-api-cadvisor-1,cadvisor,0.0,19.23
1790051932.272,research-api-nginx-1,nginx,141.9,23.72
1790051932.272,research-api-orders-service-1,orders-service,240.95,33.34
1790051932.272,research-api-inventory-service-1,inventory-service,26.9,12.09
1790051932.272,research-api-grafana-1,grafana,0.05,43.56
1790051932.272,research-api-users-service-1,users-service,85.04,15.58
1790051932.272,research-api-products-service-1,products-service,88.29,18.91
1790051932.272,research-api-postgres-1,postgres,132.46,156.5
1790051932.272,research-api-prometheus-1,prometheus,0.12,35.59
1790051932.272,research-api-cadvisor-1,cadvisor,0.0,19.23
1790051937.281,research-api-nginx-1,nginx,127.64,25.25
1790051937.281,research-api-orders-service-1,orders-service,361.27,33.1
1790051937.281,research-api-inventory-service-1,inventory-service,24.29,12.5
1790051937.281,research-api-grafana-1,grafana,1.32,43.56
1790051937.281,research-api-users-service-1,users-service,82.01,17.97
1790051937.281,research-api-products-service-1,products-service,101.6,18.43
1790051937.281,research-api-postgres-1,postgres,130.74,157.0
1790051937.281,research-api-prometheus-1,prometheus,0.0,35.59
1790051937.281,research-api-cadvisor-1,cadvisor,2.14,19.56
1790051942.199,research-api-nginx-1,nginx,131.82,23.68
1790051942.199,research-api-orders-service-1,orders-service,353.63,33.17
1790051942.199,research-api-inventory-service-1,inventory-service,23.21,12.95
1790051942.199,research-api-grafana-1,grafana,0.03,43.34
1790051942.199,research-api-users-service-1,users-service,74.49,16.43
1790051942.199,research-api-products-service-1,products-service,90.22,19.25
1790051942.199,research-api-postgres-1,postgres,126.24,157.3
1790051942.199,research-api-prometheus-1,prometheus,0.11,35.59
1790051942.199,research-api-cadvisor-1,cadvisor,0.0,19.25
1790051947.203,research-api-nginx-1,nginx,145.1,20.75
1790051947.203,research-api-orders-service-1,orders-service,200.84,31.29
1790051947.203,research-api-inventory-service-1,inventory-service,26.66,13.14
1790051947.203,research-api-grafana-1,grafana,0.45,43.34
1790051947.203,research-api-users-service-1,users-service,86.54,15.78
1790051947.203,research-api-products-service-1,products-service,100.21,16.68
1790051947.203,research-api-postgres-1,postgres,143.01,159.2
1790051947.203,research-api-prometheus-1,prometheus,0.0,35.59
1790051947.203,research-api-cadvisor-1,cadvisor,0.0,19.56
1790051952.236,research-api-nginx-1,nginx,152.85,22.78
1790051952.236,research-api-orders-service-1,orders-service,203.72,32.81
1790051952.236,research-api-inventory-service-1,inventory-service,30.95,13.91
1790051952.236,research-api-grafana-1,grafana,0.05,43.34
1790051952.236,research-api-users-service-1,users-service,99.36,16.56
1790051952.236,research-api-products-service-1,products-service,105.59,19.02
1790051952.236,research-api-postgres-1,postgres,140.83,159.2
1790051952.236,research-api-prometheus-1,prometheus,0.12,35.59
1790051952.236,research-api-cadvisor-1,cadvisor,0.0,19.56
1790051957.205,research-api-nginx-1,nginx,109.7,25.01
1790051957.205,research-api-orders-service-1,orders-service,600.78,51.68
1790051957.205,research-api-inventory-service-1,inventory-service,20.35,13.14
1790051957.205,research-api-grafana-1,grafana,0.41,43.34
1790051957.205,research-api-users-service-1,users-service,51.05,16.61
1790051957.205,research-api-products-service-1,products-service,59.64,18.82
1790051957.205,research-api-postgres-1,postgres,71.49,159.2
1790051957.205,research-api-prometheus-1,prometheus,0.0,35.59
1790051957.205,research-api-cadvisor-1,cadvisor,0.0,20.13
1790051962.259,research-api-nginx-1,nginx,79.82,26.32
1790051962.259,research-api-orders-service-1,orders-service,757.9,47.32
1790051962.259,research-api-inventory-service-1,inventory-service,14.95,13.51
1790051962.259,research-api-grafana-1,grafana,0.06,43.34
1790051962.259,research-api-users-service-1,users-service,33.2,14.88
1790051962.259,research-api-products-service-1,products-service,39.34,17.62
1790051962.259,research-api-postgres-1,postgres,38.71,159.7
1790051962.259,research-api-prometheus-1,prometheus,0.12,35.6
1790051962.259,research-api-cadvisor-1,cadvisor,0.0,20.13
1790051967.225,research-api-nginx-1,nginx,100.15,21.75
1790051967.225,research-api-orders-service-1,orders-service,510.14,40.94
1790051967.225,research-api-inventory-service-1,inventory-service,18.73,12.96
1790051967.225,research-api-grafana-1,grafana,0.41,43.34
1790051967.225,research-api-users-service-1,users-service,61.01,19.07
1790051967.225,research-api-products-service-1,products-service,67.61,18.03
1790051967.225,research-api-postgres-1,postgres,101.9,160.4
1790051967.225,research-api-prometheus-1,prometheus,0.0,35.6
1790051967.225,research-api-cadvisor-1,cadvisor,0.26,20.14
1790051972.162,research-api-nginx-1,nginx,162.96,23.52
1790051972.162,research-api-orders-service-1,orders-service,225.9,40.46
1790051972.162,research-api-inventory-service-1,inventory-service,25.92,13.72
1790051972.162,research-api-grafana-1,grafana,0.04,43.34
1790051972.162,research-api-users-service-1,users-service,88.35,17.29
1790051972.162,research-api-products-service-1,products-service,101.21,17.84
1790051972.162,research-api-postgres-1,postgres,149.97,160.6
1790051972.162,research-api-prometheus-1,prometheus,0.11,35.6
1790051972.162,research-api-cadvisor-1,cadvisor,0.0,20.14
1790051977.24,research-api-nginx-1,nginx,132.35,22.59
1790051977.24,research-api-orders-service-1,orders-service,397.58,40.59
1790051977.24,research-api-inventory-service-1,inventory-service,25.14,13.36
1790051977.24,research-api-grafana-1,grafana,0.37,43.34
1790051977.24,research-api-users-service-1,users-service,81.84,17.43
1790051977.24,research-api-products-service-1,products-service,88.3,19.18
1790051977.24,research-api-postgres-1,postgres,133.14,161.4
1790051977.24,research-api-prometheus-1,prometheus,0.0,35.61
1790051977.24,research-api-cadvisor-1,cadvisor,0.0,20.16
1790051982.224,research-api-nginx-1,nginx,123.83,23.73
1790051982.224,research-api-orders-service-1,orders-service,416.87,43.25
1790051982.224,research-api-inventory-service-1,inventory-service,23.07,13.81
1790051982.224,research-api-grafana-1,grafana,0.07,43.34
1790051982.224,research-api-users-service-1,users-service,73.28,16.72
1790051982.224,research-api-products-service-1,products-service,96.52,18.27
1790051982.224,research-api-postgres-1,postgres,120.3,160.9
1790051982.224,research-api-prometheus-1,prometheus,0.12,35.61
1790051982.224,research-api-cadvisor-1,cadvisor,0.0,20.16
1790051987.243,research-api-nginx-1,nginx,112.32,24.3
1790051987.243,research-api-orders-service-1,orders-service,531.21,42.71
1790051987.243,research-api-inventory-service-1,inventory-service,20.15,12.71
1790051987.243,research-api-grafana-1,grafana,0.43,43.34
1790051987.243,research-api-users-service-1,users-service,60.93,17.63
1790051987.243,research-api-products-service-1,products-service,76.73,18.44
1790051987.243,research-api-postgres-1,postgres,98.3,161.2
1790051987.243,research-api-prometheus-1,prometheus,0.0,35.6
1790051987.243,research-api-cadvisor-1,cadvisor,0.0,20.16
1790051992.354,research-api-nginx-1,nginx,154.07,22.14
1790051992.354,research-api-orders-service-1,orders-service,170.56,38.16
1790051992.354,research-api-inventory-service-1,inventory-service,29.84,13.45
1790051992.354,research-api-grafana-1,grafana,0.03,43.34
1790051992.354,research-api-users-service-1,users-service,62.49,16.29
1790051992.354,research-api-products-service-1,products-service,102.04,19.21
1790051992.354,research-api-postgres-1,postgres,155.99,162.6
1790051992.354,research-api-prometheus-1,prometheus,0.14,35.6
1790051992.354,research-api-cadvisor-1,cadvisor,0.0,20.16
1790051997.361,research-api-nginx-1,nginx,162.97,21.94
1790051997.361,research-api-orders-service-1,orders-service,175.77,36.8
1790051997.361,research-api-inventory-service-1,inventory-service,28.41,13.23
1790051997.361,research-api-grafana-1,grafana,0.99,43.34
1790051997.361,research-api-users-service-1,users-service,95.55,16.36
1790051997.361,research-api-products-service-1,products-service,111.41,18.78
1790051997.361,research-api-postgres-1,postgres,143.59,162.8
1790051997.361,research-api-prometheus-1,prometheus,0.8,35.62
1790051997.361,research-api-cadvisor-1,cadvisor,0.17,20.73
1790052002.256,research-api-nginx-1,nginx,144.16,22.12
1790052002.256,research-api-orders-service-1,orders-service,310.69,39.23
1790052002.256,research-api-inventory-service-1,inventory-service,29.46,14.92
1790052002.256,research-api-grafana-1,grafana,0.04,43.35
1790052002.256,research-api-users-service-1,users-service,84.11,16.71
1790052002.256,research-api-products-service-1,products-service,90.38,19.06
1790052002.256,research-api-postgres-1,postgres,134.76,162.6
1790052002.256,research-api-prometheus-1,prometheus,0.11,35.61
1790052002.256,research-api-cadvisor-1,cadvisor,0.0,20.74
1790052007.271,research-api-nginx-1,nginx,122.49,23.66
1790052007.271,research-api-orders-service-1,orders-service,354.93,42.66
1790052007.271,research-api-inventory-service-1,inventory-service,22.98,12.29
1790052007.271,research-api-grafana-1,grafana,0.34,43.35
1790052007.271,research-api-users-service-1,users-service,81.14,16.29
1790052007.271,research-api-products-service-1,products-service,81.02,19.09
1790052007.271,research-api-postgres-1,postgres,117.91,163.4
1790052007.271,research-api-prometheus-1,prometheus,0.0,35.68
1790052007.271,research-api-cadvisor-1,cadvisor,0.0,21.39
1790052012.266,research-api-nginx-1,nginx,146.4,21.13
1790052012.266,research-api-orders-service-1,orders-service,275.98,38.51
1790052012.266,research-api-inventory-service-1,inventory-service,26.57,12.08
1790052012.266,research-api-grafana-1,grafana,0.04,43.35
1790052012.266,research-api-users-service-1,users-service,76.06,15.86
1790052012.266,research-api-products-service-1,products-service,98.03,17.92
1790052012.266,research-api-postgres-1,postgres,132.84,164.1
1790052012.266,research-api-prometheus-1,prometheus,0.13,35.69
1790052012.266,research-api-cadvisor-1,cadvisor,0.0,21.4
1790052017.321,research-api-nginx-1,nginx,153.02,22.93
1790052017.321,research-api-orders-service-1,orders-service,246.8,40.18
1790052017.321,research-api-inventory-service-1,inventory-service,27.97,12.21
1790052017.321,research-api-grafana-1,grafana,0.35,43.35
1790052017.321,research-api-users-service-1,users-service,88.38,16.41
1790052017.321,research-api-products-service-1,products-service,95.38,18.3
1790052017.321,research-api-postgres-1,postgres,141.01,165.0
1790052017.321,research-api-prometheus-1,prometheus,0.61,35.7
1790052017.321,research-api-cadvisor-1,cadvisor,0.0,21.12
1790052022.302,research-api-nginx-1,nginx,108.69,23.96
1790052022.302,research-api-orders-service-1,orders-service,517.47,42.66
1790052022.302,research-api-inventory-service-1,inventory-service,19.31,13.45
1790052022.302,research-api-grafana-1,grafana,0.04,43.35
1790052022.302,research-api-users-service-1,users-service,63.08,16.0
1790052022.302,research-api-products-service-1,products-service,64.42,18.43
1790052022.302,research-api-postgres-1,postgres,92.76,165.9
1790052022.302,research-api-prometheus-1,prometheus,0.13,35.7
1790052022.302,research-api-cadvisor-1,cadvisor,0.0,21.12
1790052027.291,research-api-nginx-1,nginx,99.4,25.4
1790052027.291,research-api-orders-service-1,orders-service,710.14,48.12
1790052027.291,research-api-inventory-service-1,inventory-service,18.76,12.43
1790052027.291,research-api-grafana-1,grafana,0.4,43.35
1790052027.291,research-api-users-service-1,users-service,41.09,16.48
1790052027.291,research-api-products-service-1,products-service,78.58,17.91
1790052027.291,research-api-postgres-1,postgres,49.35,164.9
1790052027.291,research-api-prometheus-1,prometheus,0.0,35.7
1790052027.291,research-api-cadvisor-1,cadvisor,0.0,21.12
1790052032.298,research-api-nginx-1,nginx,75.59,25.84
1790052032.298,research-api-orders-service-1,orders-service,729.49,52.04
1790052032.298,research-api-inventory-service-1,inventory-service,13.09,13.82
1790052032.298,research-api-grafana-1,grafana,0.04,43.35
1790052032.298,research-api-users-service-1,users-service,39.8,17.22
1790052032.298,research-api-products-service-1,products-service,45.81,18.44
1790052032.298,research-api-postgres-1,postgres,51.65,166.2
1790052032.298,research-api-prometheus-1,prometheus,2.33,33.91
1790052032.298,research-api-cadvisor-1,cadvisor,0.0,21.12
1790052037.355,research-api-nginx-1,nginx,139.01,21.75
1790052037.355,research-api-orders-service-1,orders-service,207.3,42.04
1790052037.355,research-api-inventory-service-1,inventory-service,24.13,12.3
1790052037.355,research-api-grafana-1,grafana,0.35,43.35
1790052037.355,research-api-users-service-1,users-service,84.87,17.67
1790052037.355,research-api-products-service-1,products-service,107.96,18.38
1790052037.355,research-api-postgres-1,postgres,155.87,166.1
1790052037.355,research-api-prometheus-1,prometheus,0.74,33.92
1790052037.355,research-api-cadvisor-1,cadvisor,0.0,21.12
1790052042.339,research-api-nginx-1,nginx,130.93,21.84
1790052042.339,research-api-orders-service-1,orders-service,296.25,40.16
1790052042.339,research-api-inventory-service-1,inventory-service,24.82,13.37
1790052042.339,research-api-grafana-1,grafana,0.05,43.35
1790052042.339,research-api-users-service-1,users-service,73.63,17.05
1790052042.339,research-api-products-service-1,products-service,85.88,20.56
1790052042.339,research-api-postgres-1,postgres,142.43,166.4
1790052042.339,research-api-prometheus-1,prometheus,0.11,33.91
1790052042.339,research-api-cadvisor-1,cadvisor,0.0,21.12
1790052047.257,research-api-nginx-1,nginx,154.34,22.08
1790052047.257,research-api-orders-service-1,orders-service,300.56,42.57
1790052047.257,research-api-inventory-service-1,inventory-service,27.06,12.36
1790052047.257,research-api-grafana-1,grafana,0.32,43.35
1790052047.257,research-api-users-service-1,users-service,82.29,15.92
1790052047.257,research-api-products-service-1,products-service,99.78,18.42
1790052047.257,research-api-postgres-1,postgres,126.08,168.6
1790052047.257,research-api-prometheus-1,prometheus,0.67,34.41
1790052047.257,research-api-cadvisor-1,cadvisor,0.0,21.3
1790052052.234,research-api-nginx-1,nginx,112.18,23.38
1790052052.234,research-api-orders-service-1,orders-service,432.99,45.37
1790052052.234,research-api-inventory-service-1,inventory-service,21.11,12.6
1790052052.234,research-api-grafana-1,grafana,0.03,43.35
1790052052.234,research-api-users-service-1,users-service,79.23,15.88
1790052052.234,research-api-products-service-1,products-service,82.86,18.49
1790052052.234,research-api-postgres-1,postgres,118.56,167.1
1790052052.234,research-api-prometheus-1,prometheus,0.12,34.03
1790052052.234,research-api-cadvisor-1,cadvisor,0.0,21.3
1790052057.381,research-api-nginx-1,nginx,134.96,21.75
1790052057.381,research-api-orders-service-1,orders-service,379.99,38.07
1790052057.381,research-api-inventory-service-1,inventory-service,27.39,12.73
1790052057.381,research-api-grafana-1,grafana,3.8,43.85
1790052057.381,research-api-users-service-1,users-service,72.73,16.95
1790052057.381,research-api-products-service-1,products-service,96.23,18.3
1790052057.381,research-api-postgres-1,postgres,125.93,167.6
1790052057.381,research-api-prometheus-1,prometheus,1.11,34.03
1790052057.381,research-api-cadvisor-1,cadvisor,1.47,21.3
1790052062.35,research-api-nginx-1,nginx,154.25,21.78
1790052062.35,research-api-orders-service-1,orders-service,160.48,38.37
1790052062.35,research-api-inventory-service-1,inventory-service,29.01,14.41
1790052062.35,research-api-grafana-1,grafana,0.03,43.35
1790052062.35,research-api-users-service-1,users-service,90.93,15.57
1790052062.35,research-api-products-service-1,products-service,100.33,18.41
1790052062.35,research-api-postgres-1,postgres,141.02,168.8
1790052062.35,research-api-prometheus-1,prometheus,0.11,34.03
1790052062.35,research-api-cadvisor-1,cadvisor,0.0,21.3
1790052067.325,research-api-nginx-1,nginx,156.63,22.62
1790052067.325,research-api-orders-service-1,orders-service,202.35,36.62
1790052067.325,research-api-inventory-service-1,inventory-service,30.49,13.74
1790052067.325,research-api-grafana-1,grafana,0.37,43.35
1790052067.325,research-api-users-service-1,users-service,91.4,15.91
1790052067.325,research-api-products-service-1,products-service,100.09,18.11
1790052067.325,research-api-postgres-1,postgres,139.88,168.8
1790052067.325,research-api-prometheus-1,prometheus,0.8,34.03
1790052067.325,research-api-cadvisor-1,cadvisor,0.0,20.85
1790052072.293,research-api-nginx-1,nginx,128.72,22.8
1790052072.293,research-api-orders-service-1,orders-service,371.74,41.29
1790052072.293,research-api-inventory-service-1,inventory-service,23.67,14.05
1790052072.293,research-api-grafana-1,grafana,0.06,43.35
1790052072.293,research-api-users-service-1,users-service,77.77,15.89
1790052072.293,research-api-products-service-1,products-service,89.98,18.47
1790052072.293,research-api-postgres-1,postgres,125.59,169.3
1790052072.293,research-api-prometheus-1,prometheus,0.11,34.03
1790052072.293,research-api-cadvisor-1,cadvisor,0.0,20.85
1790052077.28,research-api-nginx-1,nginx,122.0,23.84
1790052077.28,research-api-orders-service-1,orders-service,427.31,44.47
1790052077.28,research-api-inventory-service-1,inventory-service,25.07,14.11
1790052077.28,research-api-grafana-1,grafana,0.33,43.35
1790052077.28,research-api-users-service-1,users-service,76.33,15.89
1790052077.28,research-api-products-service-1,products-service,85.01,18.8
1790052077.28,research-api-postgres-1,postgres,120.67,170.3
1790052077.28,research-api-prometheus-1,prometheus,1.01,34.54
1790052077.28,research-api-cadvisor-1,cadvisor,0.0,21.48
1790052082.369,research-api-nginx-1,nginx,144.97,21.76
1790052082.369,research-api-orders-service-1,orders-service,277.27,40.35
1790052082.369,research-api-inventory-service-1,inventory-service,27.5,13.15
1790052082.369,research-api-grafana-1,grafana,0.03,43.35
1790052082.369,research-api-users-service-1,users-service,83.25,17.54
1790052082.369,research-api-products-service-1,products-service,96.94,18.45
1790052082.369,research-api-postgres-1,postgres,137.05,170.6
1790052082.369,research-api-prometheus-1,prometheus,0.12,34.03
1790052082.369,research-api-cadvisor-1,cadvisor,0.0,21.48
1790052087.303,research-api-nginx-1,nginx,135.4,22.25
1790052087.303,research-api-orders-service-1,orders-service,414.74,43.06
1790052087.303,research-api-inventory-service-1,inventory-service,27.39,12.47
1790052087.303,research-api-grafana-1,grafana,0.39,43.35
1790052087.303,research-api-users-service-1,users-service,78.62,16.82
1790052087.303,research-api-products-service-1,products-service,95.45,17.73
1790052087.303,research-api-postgres-1,postgres,130.42,170.7
1790052087.303,research-api-prometheus-1,prometheus,1.03,34.04
1790052087.303,research-api-cadvisor-1,cadvisor,0.0,21.89
1790052092.29,research-api-nginx-1,nginx,91.82,25.32
1790052092.29,research-api-orders-service-1,orders-service,597.46,51.62
1790052092.29,research-api-inventory-service-1,inventory-service,16.62,14.74
1790052092.29,research-api-grafana-1,grafana,0.04,43.35
1790052092.29,research-api-users-service-1,users-service,52.96,16.8
1790052092.29,research-api-products-service-1,products-service,56.2,21.63
1790052092.29,research-api-postgres-1,postgres,76.78,171.0
1790052092.29,research-api-prometheus-1,prometheus,0.16,34.04
1790052092.29,research-api-cadvisor-1,cadvisor,0.0,21.89
1790052097.335,research-api-nginx-1,nginx,85.09,25.9
1790052097.335,research-api-orders-service-1,orders-service,739.49,54.7
1790052097.335,research-api-inventory-service-1,inventory-service,16.11,13.23
1790052097.335,research-api-grafana-1,grafana,0.48,43.36
1790052097.335,research-api-users-service-1,users-service,36.2,16.34
1790052097.335,research-api-products-service-1,products-service,49.46,18.29
1790052097.335,research-api-postgres-1,postgres,42.57,171.2
1790052097.335,research-api-prometheus-1,prometheus,1.05,34.79
1790052097.335,research-api-cadvisor-1,cadvisor,0.17,21.95
1790052102.341,research-api-nginx-1,nginx,120.24,22.99
1790052102.341,research-api-orders-service-1,orders-service,454.9,44.74
1790052102.341,research-api-inventory-service-1,inventory-service,21.17,13.54
1790052102.341,research-api-grafana-1,grafana,0.07,43.36
1790052102.341,research-api-users-service-1,users-service,62.21,18.36
1790052102.341,research-api-products-service-1,products-service,81.95,19.41
1790052102.341,research-api-postgres-1,postgres,99.19,171.9
1790052102.341,research-api-prometheus-1,prometheus,0.12,34.68
1790052102.341,research-api-cadvisor-1,cadvisor,0.0,21.95
1790052107.379,research-api-nginx-1,nginx,150.29,23.14
1790052107.379,research-api-orders-service-1,orders-service,160.79,42.11
1790052107.379,research-api-inventory-service-1,inventory-service,29.54,12.55
1790052107.379,research-api-grafana-1,grafana,0.41,43.36
1790052107.379,research-api-users-service-1,users-service,50.86,18.74
1790052107.379,research-api-products-service-1,products-service,104.44,19.12
1790052107.379,research-api-postgres-1,postgres,139.81,172.4
1790052107.379,research-api-prometheus-1,prometheus,0.62,34.92
1790052107.379,research-api-cadvisor-1,cadvisor,0.0,21.71
1790052112.309,research-api-nginx-1,nginx,158.16,23.12
1790052112.309,research-api-orders-service-1,orders-service,219.22,44.25
1790052112.309,research-api-inventory-service-1,inventory-service,27.63,13.41
1790052112.309,research-api-grafana-1,grafana,0.04,43.36
1790052112.309,research-api-users-service-1,users-service,91.55,16.37
1790052112.309,research-api-products-service-1,products-service,101.95,19.22
1790052112.309,research-api-postgres-1,postgres,138.4,172.7
1790052112.309,research-api-prometheus-1,prometheus,0.11,34.91
1790052112.309,research-api-cadvisor-1,cadvisor,0.0,21.71
1790052117.313,research-api-nginx-1,nginx,121.03,23.71
1790052117.313,research-api-orders-service-1,orders-service,373.37,44.41
1790052117.313,research-api-inventory-service-1,inventory-service,23.43,13.77
1790052117.313,research-api-grafana-1,grafana,1.25,43.36
1790052117.313,research-api-users-service-1,users-service,73.4,16.34
1790052117.313,research-api-products-service-1,products-service,90.0,18.9
1790052117.313,research-api-postgres-1,postgres,117.93,173.5
1790052117.313,research-api-prometheus-1,prometheus,0.62,35.18
1790052117.313,research-api-cadvisor-1,cadvisor,3.07,21.64
1790052122.307,research-api-nginx-1,nginx,131.77,24.75
1790052122.307,research-api-orders-service-1,orders-service,432.08,42.33
1790052122.307,research-api-inventory-service-1,inventory-service,23.15,12.99
1790052122.307,research-api-grafana-1,grafana,0.04,43.36
1790052122.307,research-api-users-service-1,users-service,70.56,17.79
1790052122.307,research-api-products-service-1,products-service,87.92,18.49
1790052122.307,research-api-postgres-1,postgres,109.64,173.3
1790052122.307,research-api-prometheus-1,prometheus,0.11,34.92
1790052122.307,research-api-cadvisor-1,cadvisor,0.0,21.64
1790052127.415,research-api-nginx-1,nginx,150.87,21.36
1790052127.415,research-api-orders-service-1,orders-service,219.23,37.1
1790052127.415,research-api-inventory-service-1,inventory-service,27.28,13.99
1790052127.415,research-api-grafana-1,grafana,0.39,43.36
1790052127.415,research-api-users-service-1,users-service,88.48,16.85
1790052127.415,research-api-products-service-1,products-service,101.17,18.73
1790052127.415,research-api-postgres-1,postgres,145.79,174.5
1790052127.415,research-api-prometheus-1,prometheus,0.8,35.55
1790052127.415,research-api-cadvisor-1,cadvisor,0.0,22.29
1790052132.346,research-api-nginx-1,nginx,160.89,21.05
1790052132.346,research-api-orders-service-1,orders-service,169.27,37.93
1790052132.346,research-api-inventory-service-1,inventory-service,30.68,13.12
1790052132.346,research-api-grafana-1,grafana,0.03,43.36
1790052132.346,research-api-users-service-1,users-service,92.82,16.07
1790052132.346,research-api-products-service-1,products-service,108.4,18.65
1790052132.346,research-api-postgres-1,postgres,152.38,174.2
1790052132.346,research-api-prometheus-1,prometheus,0.11,35.55
1790052132.346,research-api-cadvisor-1,cadvisor,0.0,22.29
1790052137.302,research-api-nginx-1,nginx,125.88,22.26
1790052137.302,research-api-orders-service-1,orders-service,370.36,43.02
1790052137.302,research-api-inventory-service-1,inventory-service,22.24,12.89
1790052137.302,research-api-grafana-1,grafana,0.35,43.36
1790052137.302,research-api-users-service-1,users-service,74.48,16.05
1790052137.302,research-api-products-service-1,products-service,96.06,19.52
1790052137.302,research-api-postgres-1,postgres,136.1,175.6
1790052137.302,research-api-prometheus-1,prometheus,0.98,35.81
1790052137.302,research-api-cadvisor-1,cadvisor,0.0,20.69
1790052142.427,research-api-nginx-1,nginx,129.67,24.04
1790052142.427,research-api-orders-service-1,orders-service,362.08,42.91
1790052142.427,research-api-inventory-service-1,inventory-service,22.36,14.49
1790052142.427,research-api-grafana-1,grafana,0.03,43.36
1790052142.427,research-api-users-service-1,users-service,76.4,16.66
1790052142.427,research-api-products-service-1,products-service,96.95,18.6
1790052142.427,research-api-postgres-1,postgres,122.77,175.9
1790052142.427,research-api-prometheus-1,prometheus,0.02,35.8
1790052142.427,research-api-cadvisor-1,cadvisor,0.0,20.69
1790052147.272,research-api-nginx-1,nginx,126.29,21.31
1790052147.272,research-api-orders-service-1,orders-service,341.28,37.59
1790052147.272,research-api-inventory-service-1,inventory-service,20.55,13.14
1790052147.272,research-api-grafana-1,grafana,0.39,43.36
1790052147.272,research-api-users-service-1,users-service,74.4,16.68
1790052147.272,research-api-products-service-1,products-service,87.46,17.92
1790052147.272,research-api-postgres-1,postgres,135.4,176.2
1790052147.272,research-api-prometheus-1,prometheus,0.0,35.81
1790052147.272,research-api-cadvisor-1,cadvisor,0.0,21.33
1790052152.425,research-api-nginx-1,nginx,152.43,23.14
1790052152.425,research-api-orders-service-1,orders-service,426.51,44.85
1790052152.425,research-api-inventory-service-1,inventory-service,22.53,14.29
1790052152.425,research-api-grafana-1,grafana,0.03,43.36
1790052152.425,research-api-users-service-1,users-service,83.37,17.54
1790052152.425,research-api-products-service-1,products-service,95.05,19.12
1790052152.425,research-api-postgres-1,postgres,136.71,176.7
1790052152.425,research-api-prometheus-1,prometheus,1.71,35.96
1790052152.425,research-api-cadvisor-1,cadvisor,0.0,21.33
1790052157.391,research-api-nginx-1,nginx,121.97,23.89
1790052157.391,research-api-orders-service-1,orders-service,449.66,44.73
1790052157.391,research-api-inventory-service-1,inventory-service,21.87,12.37
1790052157.391,research-api-grafana-1,grafana,0.44,43.37
1790052157.391,research-api-users-service-1,users-service,68.61,15.54
1790052157.391,research-api-products-service-1,products-service,83.07,18.44
1790052157.391,research-api-postgres-1,postgres,101.26,177.1
1790052157.391,research-api-prometheus-1,prometheus,1.19,36.21
1790052157.391,research-api-cadvisor-1,cadvisor,0.0,21.63
1790052162.374,research-api-nginx-1,nginx,73.25,25.39
1790052162.374,research-api-orders-service-1,orders-service,748.31,50.32
1790052162.374,research-api-inventory-service-1,inventory-service,14.79,14.16
1790052162.374,research-api-grafana-1,grafana,0.06,43.37
1790052162.374,research-api-users-service-1,users-service,31.83,15.08
1790052162.374,research-api-products-service-1,products-service,41.07,19.8
1790052162.374,research-api-postgres-1,postgres,43.0,177.2
1790052162.374,research-api-prometheus-1,prometheus,0.02,36.04
1790052162.374,research-api-cadvisor-1,cadvisor,0.0,21.64
1790052167.393,research-api-nginx-1,nginx,78.18,25.78
1790052167.393,research-api-orders-service-1,orders-service,726.6,51.2
1790052167.393,research-api-inventory-service-1,inventory-service,16.06,13.02
1790052167.393,research-api-grafana-1,grafana,0.36,43.36
1790052167.393,research-api-users-service-1,users-service,31.67,16.54
1790052167.393,research-api-products-service-1,products-service,45.21,17.39
1790052167.393,research-api-postgres-1,postgres,43.56,177.5
1790052167.393,research-api-prometheus-1,prometheus,0.94,36.07
1790052167.393,research-api-cadvisor-1,cadvisor,0.0,22.27
1790052172.295,research-api-nginx-1,nginx,134.9,21.47
1790052172.295,research-api-orders-service-1,orders-service,313.71,39.13
1790052172.295,research-api-inventory-service-1,inventory-service,22.7,13.97
1790052172.295,research-api-grafana-1,grafana,0.04,43.36
1790052172.295,research-api-users-service-1,users-service,80.09,16.84
1790052172.295,research-api-products-service-1,products-service,85.06,17.86
1790052172.295,research-api-postgres-1,postgres,129.77,178.7
1790052172.295,research-api-prometheus-1,prometheus,0.12,36.07
1790052172.295,research-api-cadvisor-1,cadvisor,0.0,22.27
1790052177.385,research-api-nginx-1,nginx,171.12,22.49
1790052177.385,research-api-orders-service-1,orders-service,177.62,39.28
1790052177.385,research-api-inventory-service-1,inventory-service,20.72,12.62
1790052177.385,research-api-grafana-1,grafana,1.2,43.36
1790052177.385,research-api-users-service-1,users-service,91.63,16.91
1790052177.385,research-api-products-service-1,products-service,111.0,19.0
1790052177.385,research-api-postgres-1,postgres,151.37,178.8
1790052177.385,research-api-prometheus-1,prometheus,0.9,36.09
1790052177.385,research-api-cadvisor-1,cadvisor,0.0,21.11
1790052182.361,research-api-nginx-1,nginx,134.81,23.95
1790052182.361,research-api-orders-service-1,orders-service,368.39,45.14
1790052182.361,research-api-inventory-service-1,inventory-service,24.94,14.17
1790052182.361,research-api-grafana-1,grafana,0.03,43.36
1790052182.361,research-api-users-service-1,users-service,84.75,16.3
1790052182.361,research-api-products-service-1,products-service,86.89,18.3
1790052182.361,research-api-postgres-1,postgres,117.21,178.9
1790052182.361,research-api-prometheus-1,prometheus,0.13,36.09
1790052182.361,research-api-cadvisor-1,cadvisor,0.0,21.11
1790052187.268,research-api-nginx-1,nginx,123.82,23.88
1790052187.268,research-api-orders-service-1,orders-service,412.25,42.57
1790052187.268,research-api-inventory-service-1,inventory-service,22.69,13.05
1790052187.268,research-api-grafana-1,grafana,0.06,43.36
1790052187.268,research-api-users-service-1,users-service,79.01,16.92
1790052187.268,research-api-products-service-1,products-service,90.11,19.15
1790052187.268,research-api-postgres-1,postgres,116.43,180.2
1790052187.268,research-api-prometheus-1,prometheus,0.82,36.11
1790052187.268,research-api-cadvisor-1,cadvisor,0.0,21.11
1790052192.319,research-api-nginx-1,nginx,123.14,23.14
1790052192.319,research-api-orders-service-1,orders-service,399.11,45.65
1790052192.319,research-api-inventory-service-1,inventory-service,23.92,13.49
1790052192.319,research-api-grafana-1,grafana,0.04,43.36
1790052192.319,research-api-users-service-1,users-service,76.07,16.84
1790052192.319,research-api-products-service-1,products-service,78.96,17.87
1790052192.319,research-api-postgres-1,postgres,119.17,180.7
1790052192.319,research-api-prometheus-1,prometheus,0.12,36.1
1790052192.319,research-api-cadvisor-1,cadvisor,0.0,21.11
1790052197.382,research-api-nginx-1,nginx,159.05,21.68
1790052197.382,research-api-orders-service-1,orders-service,172.32,36.84
1790052197.382,research-api-inventory-service-1,inventory-service,30.51,12.51
1790052197.382,research-api-grafana-1,grafana,0.36,43.36
1790052197.382,research-api-users-service-1,users-service,87.24,16.31
1790052197.382,research-api-products-service-1,products-service,111.18,19.62
1790052197.382,research-api-postgres-1,postgres,148.49,181.5
1790052197.382,research-api-prometheus-1,prometheus,0.69,36.16
1790052197.382,research-api-cadvisor-1,cadvisor,0.2,19.77
1790052202.31,research-api-nginx-1,nginx,149.15,23.39
1790052202.31,research-api-orders-service-1,orders-service,281.65,42.1
1790052202.31,research-api-inventory-service-1,inventory-service,27.17,11.82
1790052202.31,research-api-grafana-1,grafana,0.03,43.36
1790052202.31,research-api-users-service-1,users-service,87.15,17.38
1790052202.31,research-api-products-service-1,products-service,102.21,18.92
1790052202.31,research-api-postgres-1,postgres,135.91,180.4
1790052202.31,research-api-prometheus-1,prometheus,0.13,36.16
1790052202.31,research-api-cadvisor-1,cadvisor,0.0,19.77
1790052207.415,research-api-nginx-1,nginx,139.72,21.87
1790052207.415,research-api-orders-service-1,orders-service,366.54,41.22
1790052207.415,research-api-inventory-service-1,inventory-service,26.4,12.45
1790052207.415,research-api-grafana-1,grafana,0.45,43.36
1790052207.415,research-api-users-service-1,users-service,78.27,16.5
1790052207.415,research-api-products-service-1,products-service,99.38,18.59
1790052207.415,research-api-postgres-1,postgres,126.46,182.2
1790052207.415,research-api-prometheus-1,prometheus,1.01,36.17
1790052207.415,research-api-cadvisor-1,cadvisor,0.0,18.27
1790052212.343,research-api-nginx-1,nginx,125.16,24.11
1790052212.343,research-api-orders-service-1,orders-service,379.52,43.52
1790052212.343,research-api-inventory-service-1,inventory-service,25.1,13.86
1790052212.343,research-api-grafana-1,grafana,0.03,43.36
1790052212.343,research-api-users-service-1,users-service,74.47,16.86
1790052212.343,research-api-products-service-1,products-service,85.31,18.06
1790052212.343,research-api-postgres-1,postgres,120.24,182.7
1790052212.343,research-api-prometheus-1,prometheus,0.03,36.16
1790052212.343,research-api-cadvisor-1,cadvisor,0.21,18.27
1790052217.465,research-api-nginx-1,nginx,149.12,21.84
1790052217.465,research-api-orders-service-1,orders-service,256.5,38.29
1790052217.465,research-api-inventory-service-1,inventory-service,25.04,12.66
1790052217.465,research-api-grafana-1,grafana,0.34,43.37
1790052217.465,research-api-users-service-1,users-service,83.75,16.49
1790052217.465,research-api-products-service-1,products-service,97.93,18.79
1790052217.465,research-api-postgres-1,postgres,144.64,183.5
1790052217.465,research-api-prometheus-1,prometheus,0.85,36.17
1790052217.465,research-api-cadvisor-1,cadvisor,0.0,18.91
1790052222.377,research-api-nginx-1,nginx,127.54,20.9
1790052222.377,research-api-orders-service-1,orders-service,317.25,41.12
1790052222.377,research-api-inventory-service-1,inventory-service,21.63,12.91
1790052222.377,research-api-grafana-1,grafana,0.03,43.37
1790052222.377,research-api-users-service-1,users-service,79.94,16.08
1790052222.377,research-api-products-service-1,products-service,86.42,19.04
1790052222.377,research-api-postgres-1,postgres,132.28,183.4
1790052222.377,research-api-prometheus-1,prometheus,0.03,36.16
1790052222.377,research-api-cadvisor-1,cadvisor,0.0,18.91
1790052227.478,research-api-nginx-1,nginx,105.9,25.24
1790052227.478,research-api-orders-service-1,orders-service,615.42,47.43
1790052227.478,research-api-inventory-service-1,inventory-service,19.38,12.5
1790052227.478,research-api-grafana-1,grafana,0.34,43.37
1790052227.478,research-api-users-service-1,users-service,50.68,16.44
1790052227.478,research-api-products-service-1,products-service,69.21,18.36
1790052227.478,research-api-postgres-1,postgres,77.83,184.0
1790052227.478,research-api-prometheus-1,prometheus,0.87,36.19
1790052227.478,research-api-cadvisor-1,cadvisor,0.0,18.79
1790052232.457,research-api-nginx-1,nginx,94.4,25.05
1790052232.457,research-api-orders-service-1,orders-service,682.47,49.7
1790052232.457,research-api-inventory-service-1,inventory-service,17.4,14.14
1790052232.457,research-api-grafana-1,grafana,0.03,43.37
1790052232.457,research-api-users-service-1,users-service,78.09,16.7
1790052232.457,research-api-products-service-1,products-service,51.27,17.95
1790052232.457,research-api-postgres-1,postgres,54.41,184.1
1790052232.457,research-api-prometheus-1,prometheus,0.09,36.18
1790052232.457,research-api-cadvisor-1,cadvisor,0.0,18.79
1790052237.368,research-api-nginx-1,nginx,90.38,21.67
1790052237.368,research-api-orders-service-1,orders-service,623.29,39.54
1790052237.368,research-api-inventory-service-1,inventory-service,17.36,12.78
1790052237.368,research-api-grafana-1,grafana,0.96,43.38
1790052237.368,research-api-users-service-1,users-service,47.64,19.17
1790052237.368,research-api-products-service-1,products-service,57.88,18.72
1790052237.368,research-api-postgres-1,postgres,73.48,184.8
1790052237.368,research-api-prometheus-1,prometheus,0.72,36.2
1790052237.368,research-api-cadvisor-1,cadvisor,0.01,19.17
1790052242.406,research-api-nginx-1,nginx,135.74,20.53
1790052242.406,research-api-orders-service-1,orders-service,148.39,36.59
1790052242.406,research-api-inventory-service-1,inventory-service,22.13,12.94
1790052242.406,research-api-grafana-1,grafana,0.06,43.38
1790052242.406,research-api-users-service-1,users-service,82.9,15.71
1790052242.406,research-api-products-service-1,products-service,94.13,17.79
1790052242.406,research-api-postgres-1,postgres,109.8,185.5
1790052242.406,research-api-prometheus-1,prometheus,0.12,36.2
1790052242.406,research-api-cadvisor-1,cadvisor,0.0,18.43
1790052247.386,research-api-nginx-1,nginx,106.89,21.33
1790052247.386,research-api-orders-service-1,orders-service,117.69,36.05
1790052247.386,research-api-inventory-service-1,inventory-service,15.59,12.69
1790052247.386,research-api-grafana-1,grafana,0.41,43.38
1790052247.386,research-api-users-service-1,users-service,68.37,15.08
1790052247.386,research-api-products-service-1,products-service,71.81,18.07
1790052247.386,research-api-postgres-1,postgres,88.28,185.9
1790052247.386,research-api-prometheus-1,prometheus,0.87,36.21
1790052247.386,research-api-cadvisor-1,cadvisor,0.0,19.25
1790052252.261,research-api-nginx-1,nginx,71.41,20.79
1790052252.261,research-api-orders-service-1,orders-service,80.43,34.68
1790052252.261,research-api-inventory-service-1,inventory-service,12.2,13.15
1790052252.261,research-api-grafana-1,grafana,0.07,43.38
1790052252.261,research-api-users-service-1,users-service,46.63,14.77
1790052252.261,research-api-products-service-1,products-service,51.66,18.45
1790052252.261,research-api-postgres-1,postgres,59.77,185.8
1790052252.261,research-api-prometheus-1,prometheus,0.13,36.2
1790052252.261,research-api-cadvisor-1,cadvisor,0.0,19.25
1790052257.157,research-api-nginx-1,nginx,29.8,20.53
1790052257.157,research-api-orders-service-1,orders-service,32.58,34.28
1790052257.157,research-api-inventory-service-1,inventory-service,5.95,13.03
1790052257.157,research-api-grafana-1,grafana,0.5,43.38
1790052257.157,research-api-users-service-1,users-service,23.55,14.92
1790052257.157,research-api-products-service-1,products-service,23.08,16.49
1790052257.157,research-api-postgres-1,postgres,26.3,186.2
1790052257.157,research-api-prometheus-1,prometheus,0.0,36.2
1790052257.157,research-api-cadvisor-1,cadvisor,0.0,18.82
1790052262.177,research-api-nginx-1,nginx,0.84,15.6
1790052262.177,research-api-orders-service-1,orders-service,0.0,32.04
1790052262.177,research-api-inventory-service-1,inventory-service,0.0,12.99
1790052262.177,research-api-grafana-1,grafana,0.04,43.38
1790052262.177,research-api-users-service-1,users-service,0.0,13.75
1790052262.177,research-api-products-service-1,products-service,1.64,16.36
1790052262.177,research-api-postgres-1,postgres,4.64,185.5
1790052262.177,research-api-prometheus-1,prometheus,0.18,36.2
1790052262.177,research-api-cadvisor-1,cadvisor,0.0,18.82
