timestamp,container,service,cpu_percent,memory_mb
1789602359.271,research-api-nginx-1,nginx,1.63,12.18
1789602359.271,research-api-orders-service-1,orders-service,1.6,6.297
1789602359.271,research-api-users-service-1,users-service,0.91,6.152
1789602359.271,research-api-grafana-1,grafana,0.04,44.51
1789602359.271,research-api-products-service-1,products-service,2.18,7.934
1789602359.271,research-api-inventory-service-1,inventory-service,1.15,6.801
1789602359.271,research-api-postgres-1,postgres,6.65,32.99
1789602359.271,research-api-prometheus-1,prometheus,0.03,37.67
1789602359.271,research-api-cadvisor-1,cadvisor,0.0,15.15
1789602364.253,research-api-nginx-1,nginx,5.06,13.91
1789602364.253,research-api-orders-service-1,orders-service,15.23,8.914
1789602364.253,research-api-users-service-1,users-service,6.28,8.027
1789602364.253,research-api-grafana-1,grafana,0.59,44.52
1789602364.253,research-api-products-service-1,products-service,5.53,9.098
1789602364.253,research-api-inventory-service-1,inventory-service,0.59,7.742
1789602364.253,research-api-postgres-1,postgres,15.83,42.12
1789602364.253,research-api-prometheus-1,prometheus,0.0,37.88
1789602364.253,research-api-cadvisor-1,cadvisor,0.99,16.07
1789602369.266,research-api-nginx-1,nginx,7.33,14.48
1789602369.266,research-api-orders-service-1,orders-service,15.3,11.51
1789602369.266,research-api-users-service-1,users-service,7.5,9.453
1789602369.266,research-api-grafana-1,grafana,0.04,44.52
1789602369.266,research-api-products-service-1,products-service,7.32,9.508
1789602369.266,research-api-inventory-service-1,inventory-service,1.94,7.977
1789602369.266,research-api-postgres-1,postgres,15.95,48.18
1789602369.266,research-api-prometheus-1,prometheus,0.03,37.93
1789602369.266,research-api-cadvisor-1,cadvisor,0.0,16.07
1789602374.224,research-api-nginx-1,nginx,10.17,14.12
1789602374.224,research-api-orders-service-1,orders-service,18.44,9.961
1789602374.224,research-api-users-service-1,users-service,10.52,9.242
1789602374.224,research-api-grafana-1,grafana,0.76,44.56
1789602374.224,research-api-products-service-1,products-service,10.16,10.18
1789602374.224,research-api-inventory-service-1,inventory-service,3.18,9.016
1789602374.224,research-api-postgres-1,postgres,20.24,51.02
1789602374.224,research-api-prometheus-1,prometheus,0.07,37.96
1789602374.224,research-api-cadvisor-1,cadvisor,0.02,16.8
1789602379.255,research-api-nginx-1,nginx,11.04,13.65
1789602379.255,research-api-orders-service-1,orders-service,22.32,10.39
1789602379.255,research-api-users-service-1,users-service,13.43,10.11
1789602379.255,research-api-grafana-1,grafana,0.07,44.72
1789602379.255,research-api-products-service-1,products-service,12.92,10.26
1789602379.255,research-api-inventory-service-1,inventory-service,2.89,8.883
1789602379.255,research-api-postgres-1,postgres,23.46,61.19
1789602379.255,research-api-prometheus-1,prometheus,0.04,38.97
1789602379.255,research-api-cadvisor-1,cadvisor,0.0,16.82
1789602384.206,research-api-nginx-1,nginx,12.93,13.77
1789602384.206,research-api-orders-service-1,orders-service,30.31,11.5
1789602384.206,research-api-users-service-1,users-service,14.22,10.48
1789602384.206,research-api-grafana-1,grafana,0.04,44.72
1789602384.206,research-api-products-service-1,products-service,15.82,9.535
1789602384.206,research-api-inventory-service-1,inventory-service,3.29,8.547
1789602384.206,research-api-postgres-1,postgres,24.96,62.88
1789602384.206,research-api-prometheus-1,prometheus,0.07,39.0
1789602384.206,research-api-cadvisor-1,cadvisor,0.02,17.33
1789602389.248,research-api-nginx-1,nginx,17.44,14.45
1789602389.248,research-api-orders-service-1,orders-service,40.34,11.73
1789602389.248,research-api-users-service-1,users-service,19.4,10.28
1789602389.248,research-api-grafana-1,grafana,0.04,44.77
1789602389.248,research-api-products-service-1,products-service,18.15,10.45
1789602389.248,research-api-inventory-service-1,inventory-service,5.69,8.672
1789602389.248,research-api-postgres-1,postgres,26.58,63.98
1789602389.248,research-api-prometheus-1,prometheus,0.04,39.32
1789602389.248,research-api-cadvisor-1,cadvisor,0.0,17.33
1789602394.221,research-api-nginx-1,nginx,13.7,15.0
1789602394.221,research-api-orders-service-1,orders-service,27.05,11.96
1789602394.221,research-api-users-service-1,users-service,15.24,11.37
1789602394.221,research-api-grafana-1,grafana,1.84,44.92
1789602394.221,research-api-products-service-1,products-service,14.5,9.711
1789602394.221,research-api-inventory-service-1,inventory-service,4.17,9.488
1789602394.221,research-api-postgres-1,postgres,20.47,65.76
1789602394.221,research-api-prometheus-1,prometheus,0.06,39.45
1789602394.221,research-api-cadvisor-1,cadvisor,2.15,17.41
1789602399.259,research-api-nginx-1,nginx,14.03,14.59
1789602399.259,research-api-orders-service-1,orders-service,28.4,12.72
1789602399.259,research-api-users-service-1,users-service,14.89,11.23
1789602399.259,research-api-grafana-1,grafana,0.04,44.92
1789602399.259,research-api-products-service-1,products-service,14.72,11.17
1789602399.259,research-api-inventory-service-1,inventory-service,3.88,9.02
1789602399.259,research-api-postgres-1,postgres,24.08,68.39
1789602399.259,research-api-prometheus-1,prometheus,0.04,39.89
1789602399.259,research-api-cadvisor-1,cadvisor,0.0,17.41
1789602404.238,research-api-nginx-1,nginx,14.52,14.92
1789602404.238,research-api-orders-service-1,orders-service,34.91,13.19
1789602404.238,research-api-users-service-1,users-service,16.12,11.77
1789602404.238,research-api-grafana-1,grafana,0.44,44.98
1789602404.238,research-api-products-service-1,products-service,16.59,11.34
1789602404.238,research-api-inventory-service-1,inventory-service,4.62,9.66
1789602404.238,research-api-postgres-1,postgres,24.6,67.84
1789602404.238,research-api-prometheus-1,prometheus,0.11,39.91
1789602404.238,research-api-cadvisor-1,cadvisor,0.02,17.32
1789602409.233,research-api-nginx-1,nginx,14.1,14.39
1789602409.233,research-api-orders-service-1,orders-service,33.97,12.9
1789602409.233,research-api-users-service-1,users-service,16.78,10.86
1789602409.233,research-api-grafana-1,grafana,0.06,44.98
1789602409.233,research-api-products-service-1,products-service,15.98,10.47
1789602409.233,research-api-inventory-service-1,inventory-service,4.01,8.93
1789602409.233,research-api-postgres-1,postgres,25.35,70.69
1789602409.233,research-api-prometheus-1,prometheus,0.03,40.29
1789602409.233,research-api-cadvisor-1,cadvisor,0.0,17.36
1789602414.264,research-api-nginx-1,nginx,14.5,14.58
1789602414.264,research-api-orders-service-1,orders-service,31.1,13.61
1789602414.264,research-api-users-service-1,users-service,14.56,12.11
1789602414.264,research-api-grafana-1,grafana,0.41,45.07
1789602414.264,research-api-products-service-1,products-service,16.49,10.79
1789602414.264,research-api-inventory-service-1,inventory-service,3.99,9.73
1789602414.264,research-api-postgres-1,postgres,24.17,75.42
1789602414.264,research-api-prometheus-1,prometheus,0.05,40.31
1789602414.264,research-api-cadvisor-1,cadvisor,0.01,18.18
1789602419.239,research-api-nginx-1,nginx,14.76,14.99
1789602419.239,research-api-orders-service-1,orders-service,31.69,14.23
1789602419.239,research-api-users-service-1,users-service,15.97,10.9
1789602419.239,research-api-grafana-1,grafana,0.04,45.07
1789602419.239,research-api-products-service-1,products-service,16.34,11.52
1789602419.239,research-api-inventory-service-1,inventory-service,4.09,8.828
1789602419.239,research-api-postgres-1,postgres,24.1,82.0
1789602419.239,research-api-prometheus-1,prometheus,0.03,40.66
1789602419.239,research-api-cadvisor-1,cadvisor,0.0,18.18
1789602424.227,research-api-nginx-1,nginx,13.66,14.83
1789602424.227,research-api-orders-service-1,orders-service,25.97,14.24
1789602424.227,research-api-users-service-1,users-service,14.63,12.79
1789602424.227,research-api-grafana-1,grafana,0.51,45.33
1789602424.227,research-api-products-service-1,products-service,15.15,12.41
1789602424.227,research-api-inventory-service-1,inventory-service,3.15,9.18
1789602424.227,research-api-postgres-1,postgres,23.24,83.29
1789602424.227,research-api-prometheus-1,prometheus,0.05,40.7
1789602424.227,research-api-cadvisor-1,cadvisor,0.79,18.3
1789602429.251,research-api-nginx-1,nginx,15.56,14.07
1789602429.251,research-api-orders-service-1,orders-service,33.22,14.33
1789602429.251,research-api-users-service-1,users-service,18.09,11.96
1789602429.251,research-api-grafana-1,grafana,0.05,45.08
1789602429.251,research-api-products-service-1,products-service,16.58,11.68
1789602429.251,research-api-inventory-service-1,inventory-service,3.59,9.223
1789602429.251,research-api-postgres-1,postgres,25.22,82.58
1789602429.251,research-api-prometheus-1,prometheus,0.03,41.06
1789602429.251,research-api-cadvisor-1,cadvisor,0.0,18.3
1789602434.264,research-api-nginx-1,nginx,14.38,15.18
1789602434.264,research-api-orders-service-1,orders-service,37.36,15.89
1789602434.264,research-api-users-service-1,users-service,18.4,11.96
1789602434.264,research-api-grafana-1,grafana,0.74,45.09
1789602434.264,research-api-products-service-1,products-service,16.34,12.17
1789602434.264,research-api-inventory-service-1,inventory-service,3.94,9.559
1789602434.264,research-api-postgres-1,postgres,24.53,83.94
1789602434.264,research-api-prometheus-1,prometheus,0.07,41.07
1789602434.264,research-api-cadvisor-1,cadvisor,0.01,18.36
1789602439.234,research-api-nginx-1,nginx,15.34,14.64
1789602439.234,research-api-orders-service-1,orders-service,35.84,14.78
1789602439.234,research-api-users-service-1,users-service,16.28,12.25
1789602439.234,research-api-grafana-1,grafana,0.06,45.09
1789602439.234,research-api-products-service-1,products-service,17.45,12.55
1789602439.234,research-api-inventory-service-1,inventory-service,3.53,9.332
1789602439.234,research-api-postgres-1,postgres,24.1,85.56
1789602439.234,research-api-prometheus-1,prometheus,0.03,41.46
1789602439.234,research-api-cadvisor-1,cadvisor,0.0,18.37
1789602444.232,research-api-nginx-1,nginx,12.83,13.7
1789602444.232,research-api-orders-service-1,orders-service,27.31,14.34
1789602444.232,research-api-users-service-1,users-service,12.7,12.39
1789602444.232,research-api-grafana-1,grafana,0.51,45.14
1789602444.232,research-api-products-service-1,products-service,14.01,12.3
1789602444.232,research-api-inventory-service-1,inventory-service,3.34,9.309
1789602444.232,research-api-postgres-1,postgres,19.46,83.93
1789602444.232,research-api-prometheus-1,prometheus,0.05,41.49
1789602444.232,research-api-cadvisor-1,cadvisor,0.01,19.01
1789602449.258,research-api-nginx-1,nginx,14.42,14.86
1789602449.258,research-api-orders-service-1,orders-service,35.31,14.63
1789602449.258,research-api-users-service-1,users-service,17.38,12.03
1789602449.258,research-api-grafana-1,grafana,0.05,45.14
1789602449.258,research-api-products-service-1,products-service,13.08,11.86
1789602449.258,research-api-inventory-service-1,inventory-service,4.34,9.066
1789602449.258,research-api-postgres-1,postgres,21.93,84.27
1789602449.258,research-api-prometheus-1,prometheus,0.04,41.86
1789602449.258,research-api-cadvisor-1,cadvisor,0.0,19.01
1789602454.235,research-api-nginx-1,nginx,14.05,14.7
1789602454.235,research-api-orders-service-1,orders-service,28.89,15.82
1789602454.235,research-api-users-service-1,users-service,15.18,12.8
1789602454.235,research-api-grafana-1,grafana,3.93,45.84
1789602454.235,research-api-products-service-1,products-service,14.24,12.29
1789602454.235,research-api-inventory-service-1,inventory-service,3.73,9.555
1789602454.235,research-api-postgres-1,postgres,19.82,89.89
1789602454.235,research-api-prometheus-1,prometheus,0.06,41.87
1789602454.235,research-api-cadvisor-1,cadvisor,3.38,17.45
1789602459.247,research-api-nginx-1,nginx,14.82,13.98
1789602459.247,research-api-orders-service-1,orders-service,31.8,14.71
1789602459.247,research-api-users-service-1,users-service,16.18,11.94
1789602459.247,research-api-grafana-1,grafana,0.06,45.84
1789602459.247,research-api-products-service-1,products-service,19.14,13.89
1789602459.247,research-api-inventory-service-1,inventory-service,4.47,10.66
1789602459.247,research-api-postgres-1,postgres,24.66,88.91
1789602459.247,research-api-prometheus-1,prometheus,0.04,42.25
1789602459.247,research-api-cadvisor-1,cadvisor,0.0,17.44
1789602464.268,research-api-nginx-1,nginx,13.9,14.38
1789602464.268,research-api-orders-service-1,orders-service,31.26,14.84
1789602464.268,research-api-users-service-1,users-service,14.38,12.96
1789602464.268,research-api-grafana-1,grafana,0.41,45.84
1789602464.268,research-api-products-service-1,products-service,14.38,12.91
1789602464.268,research-api-inventory-service-1,inventory-service,3.88,10.02
1789602464.268,research-api-postgres-1,postgres,20.71,89.96
1789602464.268,research-api-prometheus-1,prometheus,0.07,42.71
1789602464.268,research-api-cadvisor-1,cadvisor,0.02,17.48
1789602469.247,research-api-nginx-1,nginx,14.15,14.89
1789602469.247,research-api-orders-service-1,orders-service,34.58,15.27
1789602469.247,research-api-users-service-1,users-service,14.81,12.39
1789602469.247,research-api-grafana-1,grafana,0.14,45.84
1789602469.247,research-api-products-service-1,products-service,15.83,13.27
1789602469.247,research-api-inventory-service-1,inventory-service,3.99,9.535
1789602469.247,research-api-postgres-1,postgres,22.8,89.8
1789602469.247,research-api-prometheus-1,prometheus,0.04,42.8
1789602469.247,research-api-cadvisor-1,cadvisor,0.0,17.48
1789602474.231,research-api-nginx-1,nginx,15.84,14.62
1789602474.231,research-api-orders-service-1,orders-service,37.37,15.45
1789602474.231,research-api-users-service-1,users-service,17.38,13.88
1789602474.231,research-api-grafana-1,grafana,0.53,45.84
1789602474.231,research-api-products-service-1,products-service,15.74,12.59
1789602474.231,research-api-inventory-service-1,inventory-service,4.7,9.27
1789602474.231,research-api-postgres-1,postgres,24.24,89.62
1789602474.231,research-api-prometheus-1,prometheus,0.11,42.82
1789602474.231,research-api-cadvisor-1,cadvisor,0.03,17.49
1789602479.282,research-api-nginx-1,nginx,16.21,13.65
1789602479.282,research-api-orders-service-1,orders-service,37.72,14.83
1789602479.282,research-api-users-service-1,users-service,16.86,12.53
1789602479.282,research-api-grafana-1,grafana,0.03,45.84
1789602479.282,research-api-products-service-1,products-service,19.12,13.22
1789602479.282,research-api-inventory-service-1,inventory-service,4.09,9.691
1789602479.282,research-api-postgres-1,postgres,24.73,90.04
1789602479.282,research-api-prometheus-1,prometheus,0.03,42.86
1789602479.282,research-api-cadvisor-1,cadvisor,0.0,17.49
1789602484.27,research-api-nginx-1,nginx,13.61,14.82
1789602484.27,research-api-orders-service-1,orders-service,27.5,15.01
1789602484.27,research-api-users-service-1,users-service,13.94,13.02
1789602484.27,research-api-grafana-1,grafana,0.44,45.85
1789602484.27,research-api-products-service-1,products-service,16.54,14.13
1789602484.27,research-api-inventory-service-1,inventory-service,4.65,9.402
1789602484.27,research-api-postgres-1,postgres,21.06,89.72
1789602484.27,research-api-prometheus-1,prometheus,0.06,42.87
1789602484.27,research-api-cadvisor-1,cadvisor,0.96,18.25
1789602489.231,research-api-nginx-1,nginx,12.69,14.83
1789602489.231,research-api-orders-service-1,orders-service,29.23,15.55
1789602489.231,research-api-users-service-1,users-service,13.52,13.22
1789602489.231,research-api-grafana-1,grafana,0.05,45.85
1789602489.231,research-api-products-service-1,products-service,16.67,13.95
1789602489.231,research-api-inventory-service-1,inventory-service,4.04,9.258
1789602489.231,research-api-postgres-1,postgres,20.44,90.43
1789602489.231,research-api-prometheus-1,prometheus,0.04,42.87
1789602489.231,research-api-cadvisor-1,cadvisor,0.0,18.25
1789602494.246,research-api-nginx-1,nginx,12.95,14.4
1789602494.246,research-api-orders-service-1,orders-service,21.17,16.23
1789602494.246,research-api-users-service-1,users-service,12.5,12.44
1789602494.246,research-api-grafana-1,grafana,0.74,45.85
1789602494.246,research-api-products-service-1,products-service,13.61,12.82
1789602494.246,research-api-inventory-service-1,inventory-service,3.61,9.809
1789602494.246,research-api-postgres-1,postgres,19.39,90.2
1789602494.246,research-api-prometheus-1,prometheus,0.0,42.87
1789602494.246,research-api-cadvisor-1,cadvisor,0.02,19.21
1789602499.276,research-api-nginx-1,nginx,13.72,15.19
1789602499.276,research-api-orders-service-1,orders-service,32.55,14.77
1789602499.276,research-api-users-service-1,users-service,16.74,12.54
1789602499.276,research-api-grafana-1,grafana,0.07,45.85
1789602499.276,research-api-products-service-1,products-service,14.44,13.77
1789602499.276,research-api-inventory-service-1,inventory-service,3.98,9.648
1789602499.276,research-api-postgres-1,postgres,24.22,89.75
1789602499.276,research-api-prometheus-1,prometheus,0.03,42.89
1789602499.276,research-api-cadvisor-1,cadvisor,0.0,19.21
1789602504.237,research-api-nginx-1,nginx,11.38,15.66
1789602504.237,research-api-orders-service-1,orders-service,25.1,15.28
1789602504.237,research-api-users-service-1,users-service,13.01,13.33
1789602504.237,research-api-grafana-1,grafana,0.5,45.86
1789602504.237,research-api-products-service-1,products-service,11.75,14.43
1789602504.237,research-api-inventory-service-1,inventory-service,3.57,9.516
1789602504.237,research-api-postgres-1,postgres,18.84,90.71
1789602504.237,research-api-prometheus-1,prometheus,0.05,42.89
1789602504.237,research-api-cadvisor-1,cadvisor,0.02,19.74
1789602509.259,research-api-nginx-1,nginx,17.14,15.0
1789602509.259,research-api-orders-service-1,orders-service,38.84,15.12
1789602509.259,research-api-users-service-1,users-service,18.45,12.97
1789602509.259,research-api-grafana-1,grafana,0.06,45.86
1789602509.259,research-api-products-service-1,products-service,19.51,13.94
1789602509.259,research-api-inventory-service-1,inventory-service,4.4,9.797
1789602509.259,research-api-postgres-1,postgres,27.21,91.02
1789602509.259,research-api-prometheus-1,prometheus,0.03,42.91
1789602509.259,research-api-cadvisor-1,cadvisor,0.0,19.74
1789602514.262,research-api-nginx-1,nginx,15.6,14.31
1789602514.262,research-api-orders-service-1,orders-service,31.32,15.45
1789602514.262,research-api-users-service-1,users-service,18.37,13.02
1789602514.262,research-api-grafana-1,grafana,0.04,45.86
1789602514.262,research-api-products-service-1,products-service,18.13,14.36
1789602514.262,research-api-inventory-service-1,inventory-service,3.71,10.29
1789602514.262,research-api-postgres-1,postgres,22.85,90.28
1789602514.262,research-api-prometheus-1,prometheus,0.05,42.91
1789602514.262,research-api-cadvisor-1,cadvisor,5.25,18.23
1789602519.257,research-api-nginx-1,nginx,14.71,15.23
1789602519.257,research-api-orders-service-1,orders-service,35.85,16.42
1789602519.257,research-api-users-service-1,users-service,16.59,13.87
1789602519.257,research-api-grafana-1,grafana,0.04,46.02
1789602519.257,research-api-products-service-1,products-service,16.04,14.72
1789602519.257,research-api-inventory-service-1,inventory-service,4.16,9.617
1789602519.257,research-api-postgres-1,postgres,22.65,91.29
1789602519.257,research-api-prometheus-1,prometheus,0.03,42.92
1789602519.257,research-api-cadvisor-1,cadvisor,0.0,18.23
1789602524.243,research-api-nginx-1,nginx,16.46,14.43
1789602524.243,research-api-orders-service-1,orders-service,35.04,16.32
1789602524.243,research-api-users-service-1,users-service,17.83,14.05
1789602524.243,research-api-grafana-1,grafana,0.39,46.02
1789602524.243,research-api-products-service-1,products-service,14.09,15.59
1789602524.243,research-api-inventory-service-1,inventory-service,3.71,10.46
1789602524.243,research-api-postgres-1,postgres,23.94,93.59
1789602524.243,research-api-prometheus-1,prometheus,0.09,42.93
1789602524.243,research-api-cadvisor-1,cadvisor,0.03,17.37
1789602529.262,research-api-nginx-1,nginx,15.07,14.64
1789602529.262,research-api-orders-service-1,orders-service,30.77,16.13
1789602529.262,research-api-users-service-1,users-service,16.53,11.97
1789602529.262,research-api-grafana-1,grafana,0.09,46.02
1789602529.262,research-api-products-service-1,products-service,16.65,13.48
1789602529.262,research-api-inventory-service-1,inventory-service,4.88,9.516
1789602529.262,research-api-postgres-1,postgres,22.67,93.63
1789602529.262,research-api-prometheus-1,prometheus,0.03,42.95
1789602529.262,research-api-cadvisor-1,cadvisor,0.0,17.37
1789602534.249,research-api-nginx-1,nginx,14.62,15.21
1789602534.249,research-api-orders-service-1,orders-service,37.31,15.86
1789602534.249,research-api-users-service-1,users-service,16.91,13.34
1789602534.249,research-api-grafana-1,grafana,0.36,46.03
1789602534.249,research-api-products-service-1,products-service,16.23,14.7
1789602534.249,research-api-inventory-service-1,inventory-service,4.12,10.54
1789602534.249,research-api-postgres-1,postgres,24.64,94.34
1789602534.249,research-api-prometheus-1,prometheus,0.06,42.95
1789602534.249,research-api-cadvisor-1,cadvisor,0.02,17.39
1789602539.237,research-api-nginx-1,nginx,15.9,14.25
1789602539.237,research-api-orders-service-1,orders-service,35.51,15.29
1789602539.237,research-api-users-service-1,users-service,17.72,13.51
1789602539.237,research-api-grafana-1,grafana,0.04,46.03
1789602539.237,research-api-products-service-1,products-service,17.51,14.02
1789602539.237,research-api-inventory-service-1,inventory-service,3.31,10.31
1789602539.237,research-api-postgres-1,postgres,24.16,94.77
1789602539.237,research-api-prometheus-1,prometheus,0.03,42.97
1789602539.237,research-api-cadvisor-1,cadvisor,0.0,17.39
1789602544.276,research-api-nginx-1,nginx,14.49,15.18
1789602544.276,research-api-orders-service-1,orders-service,34.67,15.39
1789602544.276,research-api-users-service-1,users-service,15.78,12.43
1789602544.276,research-api-grafana-1,grafana,0.53,46.03
1789602544.276,research-api-products-service-1,products-service,18.47,13.88
1789602544.276,research-api-inventory-service-1,inventory-service,4.48,10.43
1789602544.276,research-api-postgres-1,postgres,24.39,94.65
1789602544.276,research-api-prometheus-1,prometheus,0.07,42.97
1789602544.276,research-api-cadvisor-1,cadvisor,1.35,17.9
1789602549.262,research-api-nginx-1,nginx,11.86,14.38
1789602549.262,research-api-orders-service-1,orders-service,29.61,15.66
1789602549.262,research-api-users-service-1,users-service,15.32,12.39
1789602549.262,research-api-grafana-1,grafana,0.04,46.03
1789602549.262,research-api-products-service-1,products-service,13.87,13.32
1789602549.262,research-api-inventory-service-1,inventory-service,3.46,9.914
1789602549.262,research-api-postgres-1,postgres,20.47,94.93
1789602549.262,research-api-prometheus-1,prometheus,0.03,43.0
1789602549.262,research-api-cadvisor-1,cadvisor,0.0,17.9
1789602554.269,research-api-nginx-1,nginx,18.61,15.12
1789602554.269,research-api-orders-service-1,orders-service,38.24,15.48
1789602554.269,research-api-users-service-1,users-service,19.23,12.95
1789602554.269,research-api-grafana-1,grafana,0.52,46.03
1789602554.269,research-api-products-service-1,products-service,13.11,14.79
1789602554.269,research-api-inventory-service-1,inventory-service,3.91,9.98
1789602554.269,research-api-postgres-1,postgres,27.1,93.33
1789602554.269,research-api-prometheus-1,prometheus,0.11,43.0
1789602554.269,research-api-cadvisor-1,cadvisor,0.02,18.57
1789602559.256,research-api-nginx-1,nginx,15.03,14.36
1789602559.256,research-api-orders-service-1,orders-service,36.78,14.48
1789602559.256,research-api-users-service-1,users-service,18.64,12.86
1789602559.256,research-api-grafana-1,grafana,0.08,46.03
1789602559.256,research-api-products-service-1,products-service,16.79,13.68
1789602559.256,research-api-inventory-service-1,inventory-service,3.95,9.605
1789602559.256,research-api-postgres-1,postgres,24.79,94.91
1789602559.256,research-api-prometheus-1,prometheus,0.03,43.1
1789602559.256,research-api-cadvisor-1,cadvisor,0.0,18.58
1789602564.288,research-api-nginx-1,nginx,16.01,15.18
1789602564.288,research-api-orders-service-1,orders-service,33.28,15.94
1789602564.288,research-api-users-service-1,users-service,17.84,11.95
1789602564.288,research-api-grafana-1,grafana,0.63,46.03
1789602564.288,research-api-products-service-1,products-service,15.25,13.73
1789602564.288,research-api-inventory-service-1,inventory-service,4.1,10.5
1789602564.288,research-api-postgres-1,postgres,24.06,94.36
1789602564.288,research-api-prometheus-1,prometheus,0.08,43.1
1789602564.288,research-api-cadvisor-1,cadvisor,0.02,19.24
1789602569.262,research-api-nginx-1,nginx,13.23,13.71
1789602569.262,research-api-orders-service-1,orders-service,28.01,14.94
1789602569.262,research-api-users-service-1,users-service,15.65,11.81
1789602569.262,research-api-grafana-1,grafana,0.05,46.03
1789602569.262,research-api-products-service-1,products-service,15.26,14.04
1789602569.262,research-api-inventory-service-1,inventory-service,4.57,10.05
1789602569.262,research-api-postgres-1,postgres,22.75,95.31
1789602569.262,research-api-prometheus-1,prometheus,0.04,43.11
1789602569.262,research-api-cadvisor-1,cadvisor,0.0,19.24
1789602574.244,research-api-nginx-1,nginx,12.99,14.64
1789602574.244,research-api-orders-service-1,orders-service,35.05,14.84
1789602574.244,research-api-users-service-1,users-service,17.37,13.64
1789602574.244,research-api-grafana-1,grafana,0.05,46.03
1789602574.244,research-api-products-service-1,products-service,13.91,14.2
1789602574.244,research-api-inventory-service-1,inventory-service,3.59,10.6
1789602574.244,research-api-postgres-1,postgres,20.41,95.24
1789602574.244,research-api-prometheus-1,prometheus,0.08,43.11
1789602574.244,research-api-cadvisor-1,cadvisor,3.03,18.27
1789602579.285,research-api-nginx-1,nginx,14.29,14.18
1789602579.285,research-api-orders-service-1,orders-service,33.49,15.3
1789602579.285,research-api-users-service-1,users-service,17.43,12.38
1789602579.285,research-api-grafana-1,grafana,0.04,43.49
1789602579.285,research-api-products-service-1,products-service,17.12,13.53
1789602579.285,research-api-inventory-service-1,inventory-service,3.68,9.719
1789602579.285,research-api-postgres-1,postgres,23.38,95.02
1789602579.285,research-api-prometheus-1,prometheus,0.03,43.11
1789602579.285,research-api-cadvisor-1,cadvisor,0.0,18.31
1789602584.285,research-api-nginx-1,nginx,14.45,14.78
1789602584.285,research-api-orders-service-1,orders-service,33.88,16.24
1789602584.285,research-api-users-service-1,users-service,16.01,13.5
1789602584.285,research-api-grafana-1,grafana,0.69,43.5
1789602584.285,research-api-products-service-1,products-service,17.26,14.78
1789602584.285,research-api-inventory-service-1,inventory-service,3.14,9.965
1789602584.285,research-api-postgres-1,postgres,23.2,96.08
1789602584.285,research-api-prometheus-1,prometheus,0.06,37.98
1789602584.285,research-api-cadvisor-1,cadvisor,0.02,18.75
1789602589.25,research-api-nginx-1,nginx,14.85,14.37
1789602589.25,research-api-orders-service-1,orders-service,32.13,15.13
1789602589.25,research-api-users-service-1,users-service,15.48,11.35
1789602589.25,research-api-grafana-1,grafana,0.06,43.5
1789602589.25,research-api-products-service-1,products-service,15.94,14.11
1789602589.25,research-api-inventory-service-1,inventory-service,4.11,10.16
1789602589.25,research-api-postgres-1,postgres,22.84,95.16
1789602589.25,research-api-prometheus-1,prometheus,0.03,37.99
1789602589.25,research-api-cadvisor-1,cadvisor,0.0,18.75
1789602594.262,research-api-nginx-1,nginx,15.47,14.06
1789602594.262,research-api-orders-service-1,orders-service,35.39,15.77
1789602594.262,research-api-users-service-1,users-service,17.87,12.81
1789602594.262,research-api-grafana-1,grafana,0.44,43.5
1789602594.262,research-api-products-service-1,products-service,16.03,14.38
1789602594.262,research-api-inventory-service-1,inventory-service,3.79,10.64
1789602594.262,research-api-postgres-1,postgres,23.79,95.32
1789602594.262,research-api-prometheus-1,prometheus,0.05,37.99
1789602594.262,research-api-cadvisor-1,cadvisor,0.01,18.59
1789602599.271,research-api-nginx-1,nginx,14.61,15.19
1789602599.271,research-api-orders-service-1,orders-service,32.86,16.78
1789602599.271,research-api-users-service-1,users-service,17.55,12.8
1789602599.271,research-api-grafana-1,grafana,0.04,43.5
1789602599.271,research-api-products-service-1,products-service,16.46,13.59
1789602599.271,research-api-inventory-service-1,inventory-service,3.31,9.566
1789602599.271,research-api-postgres-1,postgres,22.84,94.89
1789602599.271,research-api-prometheus-1,prometheus,0.04,37.98
1789602599.271,research-api-cadvisor-1,cadvisor,0.0,18.59
1789602604.263,research-api-nginx-1,nginx,13.15,14.6
1789602604.263,research-api-orders-service-1,orders-service,34.34,16.63
1789602604.263,research-api-users-service-1,users-service,15.55,13.39
1789602604.263,research-api-grafana-1,grafana,0.62,43.5
1789602604.263,research-api-products-service-1,products-service,15.86,14.88
1789602604.263,research-api-inventory-service-1,inventory-service,4.1,10.05
1789602604.263,research-api-postgres-1,postgres,22.69,95.09
1789602604.263,research-api-prometheus-1,prometheus,0.06,37.98
1789602604.263,research-api-cadvisor-1,cadvisor,0.87,18.52
1789602609.282,research-api-nginx-1,nginx,13.55,13.55
1789602609.282,research-api-orders-service-1,orders-service,34.16,15.97
1789602609.282,research-api-users-service-1,users-service,14.46,13.07
1789602609.282,research-api-grafana-1,grafana,0.07,43.5
1789602609.282,research-api-products-service-1,products-service,16.33,13.98
1789602609.282,research-api-inventory-service-1,inventory-service,4.66,9.582
1789602609.282,research-api-postgres-1,postgres,22.19,94.9
1789602609.282,research-api-prometheus-1,prometheus,0.03,38.02
1789602609.282,research-api-cadvisor-1,cadvisor,0.0,18.52
1789602614.27,research-api-nginx-1,nginx,15.43,14.41
1789602614.27,research-api-orders-service-1,orders-service,25.36,15.76
1789602614.27,research-api-users-service-1,users-service,17.04,14.16
1789602614.27,research-api-grafana-1,grafana,0.66,43.51
1789602614.27,research-api-products-service-1,products-service,15.53,14.04
1789602614.27,research-api-inventory-service-1,inventory-service,3.83,10.45
1789602614.27,research-api-postgres-1,postgres,24.91,95.75
1789602614.27,research-api-prometheus-1,prometheus,0.08,38.02
1789602614.27,research-api-cadvisor-1,cadvisor,0.02,18.52
1789602619.254,research-api-nginx-1,nginx,14.8,14.95
1789602619.254,research-api-orders-service-1,orders-service,34.34,17.28
1789602619.254,research-api-users-service-1,users-service,18.41,12.83
1789602619.254,research-api-grafana-1,grafana,0.11,43.51
1789602619.254,research-api-products-service-1,products-service,14.81,13.47
1789602619.254,research-api-inventory-service-1,inventory-service,4.84,9.664
1789602619.254,research-api-postgres-1,postgres,24.07,95.12
1789602619.254,research-api-prometheus-1,prometheus,0.05,38.03
1789602619.254,research-api-cadvisor-1,cadvisor,0.0,18.52
1789602624.272,research-api-nginx-1,nginx,14.15,13.62
1789602624.272,research-api-orders-service-1,orders-service,36.81,14.84
1789602624.272,research-api-users-service-1,users-service,17.48,13.32
1789602624.272,research-api-grafana-1,grafana,0.62,43.51
1789602624.272,research-api-products-service-1,products-service,15.58,13.57
1789602624.272,research-api-inventory-service-1,inventory-service,3.39,10.17
1789602624.272,research-api-postgres-1,postgres,26.82,94.86
1789602624.272,research-api-prometheus-1,prometheus,0.09,38.04
1789602624.272,research-api-cadvisor-1,cadvisor,0.33,19.38
1789602629.297,research-api-nginx-1,nginx,15.46,15.11
1789602629.297,research-api-orders-service-1,orders-service,32.48,16.0
1789602629.297,research-api-users-service-1,users-service,14.72,12.88
1789602629.297,research-api-grafana-1,grafana,0.05,43.51
1789602629.297,research-api-products-service-1,products-service,14.69,14.78
1789602629.297,research-api-inventory-service-1,inventory-service,4.75,10.09
1789602629.297,research-api-postgres-1,postgres,22.44,95.52
1789602629.297,research-api-prometheus-1,prometheus,0.04,38.05
1789602629.297,research-api-cadvisor-1,cadvisor,0.0,19.38
1789602634.29,research-api-nginx-1,nginx,13.87,15.62
1789602634.29,research-api-orders-service-1,orders-service,26.83,16.43
1789602634.29,research-api-users-service-1,users-service,13.49,13.96
1789602634.29,research-api-grafana-1,grafana,2.03,43.52
1789602634.29,research-api-products-service-1,products-service,17.51,13.34
1789602634.29,research-api-inventory-service-1,inventory-service,4.84,10.5
1789602634.29,research-api-postgres-1,postgres,22.13,96.59
1789602634.29,research-api-prometheus-1,prometheus,0.0,38.08
1789602634.29,research-api-cadvisor-1,cadvisor,6.43,19.08
1789602639.257,research-api-nginx-1,nginx,14.03,15.26
1789602639.257,research-api-orders-service-1,orders-service,27.54,16.36
1789602639.257,research-api-users-service-1,users-service,17.82,12.84
1789602639.257,research-api-grafana-1,grafana,0.04,43.52
1789602639.257,research-api-products-service-1,products-service,16.3,13.38
1789602639.257,research-api-inventory-service-1,inventory-service,3.22,10.02
1789602639.257,research-api-postgres-1,postgres,22.76,95.99
1789602639.257,research-api-prometheus-1,prometheus,0.03,38.07
1789602639.257,research-api-cadvisor-1,cadvisor,0.3,19.07
1789602644.265,research-api-nginx-1,nginx,16.61,15.02
1789602644.265,research-api-orders-service-1,orders-service,40.12,15.66
1789602644.265,research-api-users-service-1,users-service,18.81,13.52
1789602644.265,research-api-grafana-1,grafana,0.41,43.52
1789602644.265,research-api-products-service-1,products-service,20.5,13.52
1789602644.265,research-api-inventory-service-1,inventory-service,4.35,10.86
1789602644.265,research-api-postgres-1,postgres,27.39,95.04
1789602644.265,research-api-prometheus-1,prometheus,0.08,38.09
1789602644.265,research-api-cadvisor-1,cadvisor,0.01,17.33
1789602649.271,research-api-nginx-1,nginx,16.68,14.32
1789602649.271,research-api-orders-service-1,orders-service,39.79,15.31
1789602649.271,research-api-users-service-1,users-service,20.31,11.94
1789602649.271,research-api-grafana-1,grafana,0.09,43.52
1789602649.271,research-api-products-service-1,products-service,18.37,13.12
1789602649.271,research-api-inventory-service-1,inventory-service,3.97,10.36
1789602649.271,research-api-postgres-1,postgres,27.17,96.26
1789602649.271,research-api-prometheus-1,prometheus,0.03,38.09
1789602649.271,research-api-cadvisor-1,cadvisor,0.0,17.33
1789602654.292,research-api-nginx-1,nginx,15.04,13.79
1789602654.292,research-api-orders-service-1,orders-service,29.76,16.43
1789602654.292,research-api-users-service-1,users-service,16.85,13.5
1789602654.292,research-api-grafana-1,grafana,0.84,43.52
1789602654.292,research-api-products-service-1,products-service,17.18,13.97
1789602654.292,research-api-inventory-service-1,inventory-service,3.04,10.59
1789602654.292,research-api-postgres-1,postgres,22.07,97.44
1789602654.292,research-api-prometheus-1,prometheus,0.07,38.09
1789602654.292,research-api-cadvisor-1,cadvisor,0.32,17.31
1789602659.275,research-api-nginx-1,nginx,14.59,15.06
1789602659.275,research-api-orders-service-1,orders-service,30.89,16.18
1789602659.275,research-api-users-service-1,users-service,14.33,12.27
1789602659.275,research-api-grafana-1,grafana,0.04,43.52
1789602659.275,research-api-products-service-1,products-service,15.03,13.27
1789602659.275,research-api-inventory-service-1,inventory-service,4.05,11.17
1789602659.275,research-api-postgres-1,postgres,23.5,97.0
1789602659.275,research-api-prometheus-1,prometheus,0.03,38.09
1789602659.275,research-api-cadvisor-1,cadvisor,0.0,17.31
1789602664.266,research-api-nginx-1,nginx,13.63,13.87
1789602664.266,research-api-orders-service-1,orders-service,26.6,15.78
1789602664.266,research-api-users-service-1,users-service,15.03,12.62
1789602664.266,research-api-grafana-1,grafana,0.38,43.52
1789602664.266,research-api-products-service-1,products-service,13.64,13.8
1789602664.266,research-api-inventory-service-1,inventory-service,3.64,10.2
1789602664.266,research-api-postgres-1,postgres,20.12,96.89
1789602664.266,research-api-prometheus-1,prometheus,0.05,38.09
1789602664.266,research-api-cadvisor-1,cadvisor,1.03,18.0
1789602669.261,research-api-nginx-1,nginx,15.96,14.61
1789602669.261,research-api-orders-service-1,orders-service,43.37,16.0
1789602669.261,research-api-users-service-1,users-service,18.0,12.32
1789602669.261,research-api-grafana-1,grafana,0.06,43.52
1789602669.261,research-api-products-service-1,products-service,19.29,13.57
1789602669.261,research-api-inventory-service-1,inventory-service,3.85,10.52
1789602669.261,research-api-postgres-1,postgres,25.0,95.98
1789602669.261,research-api-prometheus-1,prometheus,0.03,38.1
1789602669.261,research-api-cadvisor-1,cadvisor,0.0,18.0
1789602674.295,research-api-nginx-1,nginx,14.21,13.99
1789602674.295,research-api-orders-service-1,orders-service,34.31,16.23
1789602674.295,research-api-users-service-1,users-service,17.27,12.5
1789602674.295,research-api-grafana-1,grafana,0.54,43.52
1789602674.295,research-api-products-service-1,products-service,15.59,14.78
1789602674.295,research-api-inventory-service-1,inventory-service,3.97,9.836
1789602674.295,research-api-postgres-1,postgres,23.64,96.88
1789602674.295,research-api-prometheus-1,prometheus,0.07,38.12
1789602674.295,research-api-cadvisor-1,cadvisor,0.02,19.08
1789602679.27,research-api-nginx-1,nginx,13.9,15.13
1789602679.27,research-api-orders-service-1,orders-service,27.76,16.3
1789602679.27,research-api-users-service-1,users-service,15.62,12.37
1789602679.27,research-api-grafana-1,grafana,0.06,43.52
1789602679.27,research-api-products-service-1,products-service,13.74,13.62
1789602679.27,research-api-inventory-service-1,inventory-service,3.41,10.33
1789602679.27,research-api-postgres-1,postgres,26.26,96.39
1789602679.27,research-api-prometheus-1,prometheus,0.04,38.14
1789602679.27,research-api-cadvisor-1,cadvisor,0.0,19.08
1789602684.261,research-api-nginx-1,nginx,12.69,15.2
1789602684.261,research-api-orders-service-1,orders-service,30.29,15.23
1789602684.261,research-api-users-service-1,users-service,13.92,13.22
1789602684.261,research-api-grafana-1,grafana,0.35,43.52
1789602684.261,research-api-products-service-1,products-service,13.37,14.25
1789602684.261,research-api-inventory-service-1,inventory-service,4.06,9.609
1789602684.261,research-api-postgres-1,postgres,23.81,96.16
1789602684.261,research-api-prometheus-1,prometheus,0.04,38.14
1789602684.261,research-api-cadvisor-1,cadvisor,0.02,19.45
1789602689.278,research-api-nginx-1,nginx,16.14,14.49
1789602689.278,research-api-orders-service-1,orders-service,38.04,16.29
1789602689.278,research-api-users-service-1,users-service,16.42,11.72
1789602689.278,research-api-grafana-1,grafana,0.06,43.52
1789602689.278,research-api-products-service-1,products-service,17.4,14.36
1789602689.278,research-api-inventory-service-1,inventory-service,3.95,9.727
1789602689.278,research-api-postgres-1,postgres,27.89,95.83
1789602689.278,research-api-prometheus-1,prometheus,0.03,38.14
1789602689.278,research-api-cadvisor-1,cadvisor,0.0,19.45
1789602694.275,research-api-nginx-1,nginx,21.3,15.4
1789602694.275,research-api-orders-service-1,orders-service,49.11,16.64
1789602694.275,research-api-users-service-1,users-service,24.72,12.73
1789602694.275,research-api-grafana-1,grafana,4.28,43.54
1789602694.275,research-api-products-service-1,products-service,25.33,14.19
1789602694.275,research-api-inventory-service-1,inventory-service,6.22,10.18
1789602694.275,research-api-postgres-1,postgres,40.34,97.09
1789602694.275,research-api-prometheus-1,prometheus,0.05,38.14
1789602694.275,research-api-cadvisor-1,cadvisor,3.7,19.44
1789602699.306,research-api-nginx-1,nginx,30.13,15.59
1789602699.306,research-api-orders-service-1,orders-service,55.63,16.83
1789602699.306,research-api-users-service-1,users-service,30.06,13.76
1789602699.306,research-api-grafana-1,grafana,0.04,43.16
1789602699.306,research-api-products-service-1,products-service,30.96,13.85
1789602699.306,research-api-inventory-service-1,inventory-service,8.06,10.54
1789602699.306,research-api-postgres-1,postgres,43.62,97.32
1789602699.306,research-api-prometheus-1,prometheus,0.04,38.14
1789602699.306,research-api-cadvisor-1,cadvisor,0.0,19.45
1789602704.271,research-api-nginx-1,nginx,33.55,15.57
1789602704.271,research-api-orders-service-1,orders-service,65.36,16.56
1789602704.271,research-api-users-service-1,users-service,34.46,13.39
1789602704.271,research-api-grafana-1,grafana,0.46,43.16
1789602704.271,research-api-products-service-1,products-service,35.27,14.84
1789602704.271,research-api-inventory-service-1,inventory-service,8.64,10.51
1789602704.271,research-api-postgres-1,postgres,52.54,97.58
1789602704.271,research-api-prometheus-1,prometheus,0.07,37.94
1789602704.271,research-api-cadvisor-1,cadvisor,0.02,19.46
1789602709.285,research-api-nginx-1,nginx,37.16,15.77
1789602709.285,research-api-orders-service-1,orders-service,64.54,17.18
1789602709.285,research-api-users-service-1,users-service,34.73,13.69
1789602709.285,research-api-grafana-1,grafana,0.05,43.16
1789602709.285,research-api-products-service-1,products-service,35.72,15.12
1789602709.285,research-api-inventory-service-1,inventory-service,9.5,10.86
1789602709.285,research-api-postgres-1,postgres,56.08,97.41
1789602709.285,research-api-prometheus-1,prometheus,0.0,37.93
1789602709.285,research-api-cadvisor-1,cadvisor,0.0,19.46
1789602714.26,research-api-nginx-1,nginx,43.18,15.72
1789602714.26,research-api-orders-service-1,orders-service,82.87,16.98
1789602714.26,research-api-users-service-1,users-service,39.92,13.71
1789602714.26,research-api-grafana-1,grafana,0.27,43.16
1789602714.26,research-api-products-service-1,products-service,40.16,14.88
1789602714.26,research-api-inventory-service-1,inventory-service,11.42,10.8
1789602714.26,research-api-postgres-1,postgres,62.18,97.57
1789602714.26,research-api-prometheus-1,prometheus,0.06,37.93
1789602714.26,research-api-cadvisor-1,cadvisor,0.01,18.93
1789602719.273,research-api-nginx-1,nginx,46.72,16.57
1789602719.273,research-api-orders-service-1,orders-service,80.95,18.0
1789602719.273,research-api-users-service-1,users-service,40.57,14.28
1789602719.273,research-api-grafana-1,grafana,0.03,43.16
1789602719.273,research-api-products-service-1,products-service,45.74,13.8
1789602719.273,research-api-inventory-service-1,inventory-service,12.14,11.02
1789602719.273,research-api-postgres-1,postgres,64.94,98.86
1789602719.273,research-api-prometheus-1,prometheus,0.03,37.93
1789602719.273,research-api-cadvisor-1,cadvisor,0.0,18.93
1789602724.27,research-api-nginx-1,nginx,44.86,15.53
1789602724.27,research-api-orders-service-1,orders-service,82.43,16.9
1789602724.27,research-api-users-service-1,users-service,40.88,14.2
1789602724.27,research-api-grafana-1,grafana,0.35,43.16
1789602724.27,research-api-products-service-1,products-service,42.12,13.63
1789602724.27,research-api-inventory-service-1,inventory-service,11.69,11.63
1789602724.27,research-api-postgres-1,postgres,64.78,97.93
1789602724.27,research-api-prometheus-1,prometheus,0.04,37.93
1789602724.27,research-api-cadvisor-1,cadvisor,0.98,19.11
1789602729.264,research-api-nginx-1,nginx,43.89,16.31
1789602729.264,research-api-orders-service-1,orders-service,79.98,19.07
1789602729.264,research-api-users-service-1,users-service,40.66,13.95
1789602729.264,research-api-grafana-1,grafana,0.05,43.16
1789602729.264,research-api-products-service-1,products-service,40.41,15.03
1789602729.264,research-api-inventory-service-1,inventory-service,11.63,11.1
1789602729.264,research-api-postgres-1,postgres,63.18,98.82
1789602729.264,research-api-prometheus-1,prometheus,0.02,37.93
1789602729.264,research-api-cadvisor-1,cadvisor,0.0,19.11
1789602734.262,research-api-nginx-1,nginx,44.62,16.01
1789602734.262,research-api-orders-service-1,orders-service,84.86,18.57
1789602734.262,research-api-users-service-1,users-service,42.93,14.61
1789602734.262,research-api-grafana-1,grafana,0.36,43.16
1789602734.262,research-api-products-service-1,products-service,42.84,14.45
1789602734.262,research-api-inventory-service-1,inventory-service,10.54,12.2
1789602734.262,research-api-postgres-1,postgres,66.14,98.75
1789602734.262,research-api-prometheus-1,prometheus,0.06,37.93
1789602734.262,research-api-cadvisor-1,cadvisor,0.01,19.07
1789602739.288,research-api-nginx-1,nginx,43.56,15.75
1789602739.288,research-api-orders-service-1,orders-service,76.37,19.7
1789602739.288,research-api-users-service-1,users-service,40.59,14.71
1789602739.288,research-api-grafana-1,grafana,0.07,43.16
1789602739.288,research-api-products-service-1,products-service,39.88,15.04
1789602739.288,research-api-inventory-service-1,inventory-service,10.78,11.18
1789602739.288,research-api-postgres-1,postgres,64.94,98.92
1789602739.288,research-api-prometheus-1,prometheus,0.03,37.94
1789602739.288,research-api-cadvisor-1,cadvisor,0.0,19.07
1789602744.257,research-api-nginx-1,nginx,44.28,16.34
1789602744.257,research-api-orders-service-1,orders-service,84.59,20.49
1789602744.257,research-api-users-service-1,users-service,42.93,13.75
1789602744.257,research-api-grafana-1,grafana,0.39,43.16
1789602744.257,research-api-products-service-1,products-service,42.59,14.53
1789602744.257,research-api-inventory-service-1,inventory-service,11.37,11.84
1789602744.257,research-api-postgres-1,postgres,66.86,99.91
1789602744.257,research-api-prometheus-1,prometheus,0.08,37.94
1789602744.257,research-api-cadvisor-1,cadvisor,0.01,19.5
1789602749.284,research-api-nginx-1,nginx,43.76,15.88
1789602749.284,research-api-orders-service-1,orders-service,207.23,20.34
1789602749.284,research-api-users-service-1,users-service,40.98,14.38
1789602749.284,research-api-grafana-1,grafana,0.04,43.16
1789602749.284,research-api-products-service-1,products-service,41.49,14.52
1789602749.284,research-api-inventory-service-1,inventory-service,10.61,11.12
1789602749.284,research-api-postgres-1,postgres,63.7,99.26
1789602749.284,research-api-prometheus-1,prometheus,0.03,37.94
1789602749.284,research-api-cadvisor-1,cadvisor,0.0,19.5
1789602754.265,research-api-nginx-1,nginx,44.73,16.18
1789602754.265,research-api-orders-service-1,orders-service,206.03,19.48
1789602754.265,research-api-users-service-1,users-service,39.44,13.06
1789602754.265,research-api-grafana-1,grafana,1.28,43.17
1789602754.265,research-api-products-service-1,products-service,42.12,14.23
1789602754.265,research-api-inventory-service-1,inventory-service,10.11,12.84
1789602754.265,research-api-postgres-1,postgres,64.38,100.0
1789602754.265,research-api-prometheus-1,prometheus,0.0,37.94
1789602754.265,research-api-cadvisor-1,cadvisor,2.07,20.37
1789602759.267,research-api-nginx-1,nginx,45.02,15.67
1789602759.267,research-api-orders-service-1,orders-service,150.27,20.16
1789602759.267,research-api-users-service-1,users-service,41.66,14.09
1789602759.267,research-api-grafana-1,grafana,0.04,43.17
1789602759.267,research-api-products-service-1,products-service,43.34,13.91
1789602759.267,research-api-inventory-service-1,inventory-service,9.93,10.61
1789602759.267,research-api-postgres-1,postgres,65.69,102.2
1789602759.267,research-api-prometheus-1,prometheus,0.03,37.94
1789602759.267,research-api-cadvisor-1,cadvisor,0.34,20.87
1789602764.281,research-api-nginx-1,nginx,46.01,16.03
1789602764.281,research-api-orders-service-1,orders-service,90.23,20.57
1789602764.281,research-api-users-service-1,users-service,42.06,13.65
1789602764.281,research-api-grafana-1,grafana,0.37,43.17
1789602764.281,research-api-products-service-1,products-service,44.34,15.09
1789602764.281,research-api-inventory-service-1,inventory-service,9.24,11.85
1789602764.281,research-api-postgres-1,postgres,61.11,100.6
1789602764.281,research-api-prometheus-1,prometheus,0.06,37.94
1789602764.281,research-api-cadvisor-1,cadvisor,0.02,20.48
1789602769.282,research-api-nginx-1,nginx,47.73,15.86
1789602769.282,research-api-orders-service-1,orders-service,82.34,19.94
1789602769.282,research-api-users-service-1,users-service,41.67,14.5
1789602769.282,research-api-grafana-1,grafana,0.06,43.17
1789602769.282,research-api-products-service-1,products-service,45.83,13.82
1789602769.282,research-api-inventory-service-1,inventory-service,11.47,11.12
1789602769.282,research-api-postgres-1,postgres,62.63,100.9
1789602769.282,research-api-prometheus-1,prometheus,0.02,38.57
1789602769.282,research-api-cadvisor-1,cadvisor,0.0,20.48
1789602774.288,research-api-nginx-1,nginx,45.96,15.71
1789602774.288,research-api-orders-service-1,orders-service,92.96,20.26
1789602774.288,research-api-users-service-1,users-service,44.56,14.69
1789602774.288,research-api-grafana-1,grafana,0.37,43.17
1789602774.288,research-api-products-service-1,products-service,43.15,15.02
1789602774.288,research-api-inventory-service-1,inventory-service,11.19,11.9
1789602774.288,research-api-postgres-1,postgres,64.79,100.9
1789602774.288,research-api-prometheus-1,prometheus,0.05,38.57
1789602774.288,research-api-cadvisor-1,cadvisor,0.29,20.99
1789602779.28,research-api-nginx-1,nginx,46.3,16.71
1789602779.28,research-api-orders-service-1,orders-service,162.69,19.64
1789602779.28,research-api-users-service-1,users-service,42.2,13.86
1789602779.28,research-api-grafana-1,grafana,0.07,43.17
1789602779.28,research-api-products-service-1,products-service,44.42,14.48
1789602779.28,research-api-inventory-service-1,inventory-service,10.82,11.04
1789602779.28,research-api-postgres-1,postgres,63.97,101.6
1789602779.28,research-api-prometheus-1,prometheus,0.03,38.57
1789602779.28,research-api-cadvisor-1,cadvisor,0.0,20.99
1789602784.282,research-api-nginx-1,nginx,47.34,15.81
1789602784.282,research-api-orders-service-1,orders-service,93.05,21.06
1789602784.282,research-api-users-service-1,users-service,42.02,14.03
1789602784.282,research-api-grafana-1,grafana,0.36,43.18
1789602784.282,research-api-products-service-1,products-service,45.74,15.53
1789602784.282,research-api-inventory-service-1,inventory-service,10.6,12.07
1789602784.282,research-api-postgres-1,postgres,64.25,101.7
1789602784.282,research-api-prometheus-1,prometheus,0.05,38.57
1789602784.282,research-api-cadvisor-1,cadvisor,0.76,21.01
1789602789.283,research-api-nginx-1,nginx,47.49,16.57
1789602789.283,research-api-orders-service-1,orders-service,90.91,20.02
1789602789.283,research-api-users-service-1,users-service,43.26,14.88
1789602789.283,research-api-grafana-1,grafana,0.04,43.18
1789602789.283,research-api-products-service-1,products-service,46.16,14.62
1789602789.283,research-api-inventory-service-1,inventory-service,11.72,11.04
1789602789.283,research-api-postgres-1,postgres,66.48,101.6
1789602789.283,research-api-prometheus-1,prometheus,0.03,38.57
1789602789.283,research-api-cadvisor-1,cadvisor,0.0,21.02
1789602794.29,research-api-nginx-1,nginx,46.03,16.41
1789602794.29,research-api-orders-service-1,orders-service,79.49,20.23
1789602794.29,research-api-users-service-1,users-service,41.56,14.63
1789602794.29,research-api-grafana-1,grafana,0.45,43.18
1789602794.29,research-api-products-service-1,products-service,42.17,14.94
1789602794.29,research-api-inventory-service-1,inventory-service,12.1,11.71
1789602794.29,research-api-postgres-1,postgres,63.82,103.0
1789602794.29,research-api-prometheus-1,prometheus,0.05,38.58
1789602794.29,research-api-cadvisor-1,cadvisor,0.03,21.11
1789602799.276,research-api-nginx-1,nginx,49.87,16.11
1789602799.276,research-api-orders-service-1,orders-service,92.3,21.38
1789602799.276,research-api-users-service-1,users-service,45.89,14.73
1789602799.276,research-api-grafana-1,grafana,0.07,43.18
1789602799.276,research-api-products-service-1,products-service,48.0,14.89
1789602799.276,research-api-inventory-service-1,inventory-service,11.31,11.11
1789602799.276,research-api-postgres-1,postgres,67.23,102.3
1789602799.276,research-api-prometheus-1,prometheus,0.02,38.58
1789602799.276,research-api-cadvisor-1,cadvisor,0.0,21.11
1789602804.278,research-api-nginx-1,nginx,45.08,15.84
1789602804.278,research-api-orders-service-1,orders-service,84.77,20.37
1789602804.278,research-api-users-service-1,users-service,42.25,13.12
1789602804.278,research-api-grafana-1,grafana,0.43,43.18
1789602804.278,research-api-products-service-1,products-service,42.3,14.8
1789602804.278,research-api-inventory-service-1,inventory-service,11.76,11.95
1789602804.278,research-api-postgres-1,postgres,64.27,102.9
1789602804.278,research-api-prometheus-1,prometheus,0.05,38.58
1789602804.278,research-api-cadvisor-1,cadvisor,0.02,21.14
1789602809.299,research-api-nginx-1,nginx,46.85,16.57
1789602809.299,research-api-orders-service-1,orders-service,87.03,19.98
1789602809.299,research-api-users-service-1,users-service,43.43,12.86
1789602809.299,research-api-grafana-1,grafana,0.03,43.18
1789602809.299,research-api-products-service-1,products-service,41.69,15.05
1789602809.299,research-api-inventory-service-1,inventory-service,11.65,11.07
1789602809.299,research-api-postgres-1,postgres,65.36,103.3
1789602809.299,research-api-prometheus-1,prometheus,0.03,38.58
1789602809.299,research-api-cadvisor-1,cadvisor,0.0,21.14
1789602814.283,research-api-nginx-1,nginx,47.21,16.64
1789602814.283,research-api-orders-service-1,orders-service,220.4,21.1
1789602814.283,research-api-users-service-1,users-service,43.83,13.13
1789602814.283,research-api-grafana-1,grafana,1.13,43.18
1789602814.283,research-api-products-service-1,products-service,42.99,15.37
1789602814.283,research-api-inventory-service-1,inventory-service,11.32,12.37
1789602814.283,research-api-postgres-1,postgres,64.78,103.3
1789602814.283,research-api-prometheus-1,prometheus,0.04,38.58
1789602814.283,research-api-cadvisor-1,cadvisor,3.03,21.78
1789602819.307,research-api-nginx-1,nginx,47.44,15.91
1789602819.307,research-api-orders-service-1,orders-service,203.86,20.18
1789602819.307,research-api-users-service-1,users-service,42.79,14.46
1789602819.307,research-api-grafana-1,grafana,0.03,43.18
1789602819.307,research-api-products-service-1,products-service,42.88,15.51
1789602819.307,research-api-inventory-service-1,inventory-service,11.21,11.37
1789602819.307,research-api-postgres-1,postgres,64.38,103.7
1789602819.307,research-api-prometheus-1,prometheus,0.03,38.58
1789602819.307,research-api-cadvisor-1,cadvisor,0.0,21.78
1789602824.299,research-api-nginx-1,nginx,49.27,15.27
1789602824.299,research-api-orders-service-1,orders-service,235.88,21.82
1789602824.299,research-api-users-service-1,users-service,46.52,14.12
1789602824.299,research-api-grafana-1,grafana,0.43,43.18
1789602824.299,research-api-products-service-1,products-service,45.87,15.2
1789602824.299,research-api-inventory-service-1,inventory-service,11.38,10.96
1789602824.299,research-api-postgres-1,postgres,69.2,104.4
1789602824.299,research-api-prometheus-1,prometheus,0.05,38.59
1789602824.299,research-api-cadvisor-1,cadvisor,0.01,21.78
1789602829.29,research-api-nginx-1,nginx,51.37,15.93
1789602829.29,research-api-orders-service-1,orders-service,109.8,19.74
1789602829.29,research-api-users-service-1,users-service,44.48,14.39
1789602829.29,research-api-grafana-1,grafana,0.06,43.18
1789602829.29,research-api-products-service-1,products-service,48.08,15.26
1789602829.29,research-api-inventory-service-1,inventory-service,12.71,11.27
1789602829.29,research-api-postgres-1,postgres,68.82,103.9
1789602829.29,research-api-prometheus-1,prometheus,0.03,38.59
1789602829.29,research-api-cadvisor-1,cadvisor,1.07,19.17
1789602834.292,research-api-nginx-1,nginx,47.3,15.62
1789602834.292,research-api-orders-service-1,orders-service,88.12,21.08
1789602834.292,research-api-users-service-1,users-service,45.27,14.01
1789602834.292,research-api-grafana-1,grafana,0.37,43.18
1789602834.292,research-api-products-service-1,products-service,44.27,15.09
1789602834.292,research-api-inventory-service-1,inventory-service,12.64,12.09
1789602834.292,research-api-postgres-1,postgres,65.62,105.2
1789602834.292,research-api-prometheus-1,prometheus,0.07,38.59
1789602834.292,research-api-cadvisor-1,cadvisor,0.01,19.68
1789602839.288,research-api-nginx-1,nginx,47.5,16.37
1789602839.288,research-api-orders-service-1,orders-service,88.01,21.34
1789602839.288,research-api-users-service-1,users-service,41.95,14.57
1789602839.288,research-api-grafana-1,grafana,0.04,43.18
1789602839.288,research-api-products-service-1,products-service,42.89,15.24
1789602839.288,research-api-inventory-service-1,inventory-service,13.39,11.04
1789602839.288,research-api-postgres-1,postgres,63.81,105.5
1789602839.288,research-api-prometheus-1,prometheus,0.03,38.59
1789602839.288,research-api-cadvisor-1,cadvisor,0.0,19.68
1789602844.3,research-api-nginx-1,nginx,46.98,16.16
1789602844.3,research-api-orders-service-1,orders-service,120.4,22.82
1789602844.3,research-api-users-service-1,users-service,45.41,14.08
1789602844.3,research-api-grafana-1,grafana,0.39,43.18
1789602844.3,research-api-products-service-1,products-service,43.84,14.83
1789602844.3,research-api-inventory-service-1,inventory-service,10.83,12.35
1789602844.3,research-api-postgres-1,postgres,65.91,107.6
1789602844.3,research-api-prometheus-1,prometheus,0.05,38.59
1789602844.3,research-api-cadvisor-1,cadvisor,0.78,18.97
1789602849.295,research-api-nginx-1,nginx,46.67,16.35
1789602849.295,research-api-orders-service-1,orders-service,131.3,21.2
1789602849.295,research-api-users-service-1,users-service,45.05,13.46
1789602849.295,research-api-grafana-1,grafana,0.03,43.18
1789602849.295,research-api-products-service-1,products-service,48.03,15.48
1789602849.295,research-api-inventory-service-1,inventory-service,10.23,11.68
1789602849.295,research-api-postgres-1,postgres,66.07,107.5
1789602849.295,research-api-prometheus-1,prometheus,0.03,38.59
1789602849.295,research-api-cadvisor-1,cadvisor,0.0,18.97
1789602854.293,research-api-nginx-1,nginx,47.73,16.47
1789602854.293,research-api-orders-service-1,orders-service,86.25,21.98
1789602854.293,research-api-users-service-1,users-service,47.06,15.26
1789602854.293,research-api-grafana-1,grafana,0.36,43.18
1789602854.293,research-api-products-service-1,products-service,44.23,15.15
1789602854.293,research-api-inventory-service-1,inventory-service,12.97,12.58
1789602854.293,research-api-postgres-1,postgres,65.7,107.8
1789602854.293,research-api-prometheus-1,prometheus,0.05,38.59
1789602854.293,research-api-cadvisor-1,cadvisor,0.02,19.61
1789602859.287,research-api-nginx-1,nginx,48.27,15.79
1789602859.287,research-api-orders-service-1,orders-service,90.31,21.05
1789602859.287,research-api-users-service-1,users-service,43.75,14.59
1789602859.287,research-api-grafana-1,grafana,0.05,43.18
1789602859.287,research-api-products-service-1,products-service,45.41,15.45
1789602859.287,research-api-inventory-service-1,inventory-service,10.44,11.32
1789602859.287,research-api-postgres-1,postgres,65.58,108.3
1789602859.287,research-api-prometheus-1,prometheus,0.03,38.59
1789602859.287,research-api-cadvisor-1,cadvisor,0.91,19.61
1789602864.304,research-api-nginx-1,nginx,46.44,15.85
1789602864.304,research-api-orders-service-1,orders-service,83.51,20.91
1789602864.304,research-api-users-service-1,users-service,45.35,14.63
1789602864.304,research-api-grafana-1,grafana,0.4,43.18
1789602864.304,research-api-products-service-1,products-service,42.37,15.17
1789602864.304,research-api-inventory-service-1,inventory-service,10.63,12.06
1789602864.304,research-api-postgres-1,postgres,65.1,108.7
1789602864.304,research-api-prometheus-1,prometheus,0.07,38.59
1789602864.304,research-api-cadvisor-1,cadvisor,0.01,19.61
1789602869.295,research-api-nginx-1,nginx,46.09,15.5
1789602869.295,research-api-orders-service-1,orders-service,85.55,20.46
1789602869.295,research-api-users-service-1,users-service,42.95,14.12
1789602869.295,research-api-grafana-1,grafana,0.04,43.18
1789602869.295,research-api-products-service-1,products-service,44.05,15.08
1789602869.295,research-api-inventory-service-1,inventory-service,12.55,12.26
1789602869.295,research-api-postgres-1,postgres,65.49,108.8
1789602869.295,research-api-prometheus-1,prometheus,0.03,38.59
1789602869.295,research-api-cadvisor-1,cadvisor,0.0,19.61
1789602874.3,research-api-nginx-1,nginx,47.03,16.23
1789602874.3,research-api-orders-service-1,orders-service,93.1,21.24
1789602874.3,research-api-users-service-1,users-service,44.83,14.1
1789602874.3,research-api-grafana-1,grafana,1.21,43.19
1789602874.3,research-api-products-service-1,products-service,43.39,15.13
1789602874.3,research-api-inventory-service-1,inventory-service,11.47,12.27
1789602874.3,research-api-postgres-1,postgres,66.89,108.8
1789602874.3,research-api-prometheus-1,prometheus,0.05,38.59
1789602874.3,research-api-cadvisor-1,cadvisor,2.66,20.28
1789602879.306,research-api-nginx-1,nginx,47.64,16.23
1789602879.306,research-api-orders-service-1,orders-service,117.98,22.0
1789602879.306,research-api-users-service-1,users-service,41.47,14.79
1789602879.306,research-api-grafana-1,grafana,0.03,43.19
1789602879.306,research-api-products-service-1,products-service,44.74,14.66
1789602879.306,research-api-inventory-service-1,inventory-service,11.85,11.7
1789602879.306,research-api-postgres-1,postgres,65.73,111.3
1789602879.306,research-api-prometheus-1,prometheus,0.03,38.59
1789602879.306,research-api-cadvisor-1,cadvisor,0.0,20.28
1789602884.304,research-api-nginx-1,nginx,46.53,16.33
1789602884.304,research-api-orders-service-1,orders-service,231.4,21.2
1789602884.304,research-api-users-service-1,users-service,44.95,13.91
1789602884.304,research-api-grafana-1,grafana,0.32,43.2
1789602884.304,research-api-products-service-1,products-service,43.02,14.73
1789602884.304,research-api-inventory-service-1,inventory-service,10.63,12.61
1789602884.304,research-api-postgres-1,postgres,67.71,111.5
1789602884.304,research-api-prometheus-1,prometheus,0.04,38.59
1789602884.304,research-api-cadvisor-1,cadvisor,0.01,20.42
1789602889.3,research-api-nginx-1,nginx,47.12,16.47
1789602889.3,research-api-orders-service-1,orders-service,222.63,21.72
1789602889.3,research-api-users-service-1,users-service,42.76,13.64
1789602889.3,research-api-grafana-1,grafana,0.04,43.2
1789602889.3,research-api-products-service-1,products-service,44.3,15.55
1789602889.3,research-api-inventory-service-1,inventory-service,10.55,11.04
1789602889.3,research-api-postgres-1,postgres,65.9,111.6
1789602889.3,research-api-prometheus-1,prometheus,0.02,38.59
1789602889.3,research-api-cadvisor-1,cadvisor,0.0,20.42
1789602894.299,research-api-nginx-1,nginx,50.04,15.51
1789602894.299,research-api-orders-service-1,orders-service,179.86,20.95
1789602894.299,research-api-users-service-1,users-service,46.39,13.89
1789602894.299,research-api-grafana-1,grafana,0.33,43.2
1789602894.299,research-api-products-service-1,products-service,48.9,14.66
1789602894.299,research-api-inventory-service-1,inventory-service,11.66,11.79
1789602894.299,research-api-postgres-1,postgres,68.11,112.3
1789602894.299,research-api-prometheus-1,prometheus,0.03,38.59
1789602894.299,research-api-cadvisor-1,cadvisor,0.01,20.59
1789602899.316,research-api-nginx-1,nginx,49.11,16.26
1789602899.316,research-api-orders-service-1,orders-service,191.39,21.67
1789602899.316,research-api-users-service-1,users-service,43.65,13.8
1789602899.316,research-api-grafana-1,grafana,0.03,43.2
1789602899.316,research-api-products-service-1,products-service,44.31,14.17
1789602899.316,research-api-inventory-service-1,inventory-service,13.02,11.31
1789602899.316,research-api-postgres-1,postgres,62.85,111.8
1789602899.316,research-api-prometheus-1,prometheus,0.03,38.6
1789602899.316,research-api-cadvisor-1,cadvisor,0.0,20.59
1789602904.307,research-api-nginx-1,nginx,49.69,15.45
1789602904.307,research-api-orders-service-1,orders-service,99.39,20.12
1789602904.307,research-api-users-service-1,users-service,48.42,13.7
1789602904.307,research-api-grafana-1,grafana,0.38,43.2
1789602904.307,research-api-products-service-1,products-service,45.84,14.32
1789602904.307,research-api-inventory-service-1,inventory-service,12.4,12.02
1789602904.307,research-api-postgres-1,postgres,66.7,112.4
1789602904.307,research-api-prometheus-1,prometheus,0.06,38.6
1789602904.307,research-api-cadvisor-1,cadvisor,0.85,20.82
1789602909.307,research-api-nginx-1,nginx,47.02,16.3
1789602909.307,research-api-orders-service-1,orders-service,86.47,20.66
1789602909.307,research-api-users-service-1,users-service,43.05,14.38
1789602909.307,research-api-grafana-1,grafana,0.03,43.2
1789602909.307,research-api-products-service-1,products-service,44.92,15.88
1789602909.307,research-api-inventory-service-1,inventory-service,11.28,11.74
1789602909.307,research-api-postgres-1,postgres,66.19,113.1
1789602909.307,research-api-prometheus-1,prometheus,0.03,38.61
1789602909.307,research-api-cadvisor-1,cadvisor,0.0,20.8
1789602914.305,research-api-nginx-1,nginx,47.58,15.87
1789602914.305,research-api-orders-service-1,orders-service,126.84,20.71
1789602914.305,research-api-users-service-1,users-service,43.72,13.63
1789602914.305,research-api-grafana-1,grafana,0.36,43.2
1789602914.305,research-api-products-service-1,products-service,45.05,16.07
1789602914.305,research-api-inventory-service-1,inventory-service,11.88,12.36
1789602914.305,research-api-postgres-1,postgres,64.49,112.9
1789602914.305,research-api-prometheus-1,prometheus,0.05,38.61
1789602914.305,research-api-cadvisor-1,cadvisor,0.02,20.81
1789602919.3,research-api-nginx-1,nginx,47.48,15.84
1789602919.3,research-api-orders-service-1,orders-service,100.39,20.36
1789602919.3,research-api-users-service-1,users-service,47.36,13.61
1789602919.3,research-api-grafana-1,grafana,0.07,43.2
1789602919.3,research-api-products-service-1,products-service,40.81,15.07
1789602919.3,research-api-inventory-service-1,inventory-service,12.09,11.72
1789602919.3,research-api-postgres-1,postgres,64.39,113.1
1789602919.3,research-api-prometheus-1,prometheus,0.03,38.61
1789602919.3,research-api-cadvisor-1,cadvisor,0.0,20.81
1789602924.328,research-api-nginx-1,nginx,47.53,16.64
1789602924.328,research-api-orders-service-1,orders-service,89.27,21.35
1789602924.328,research-api-users-service-1,users-service,45.48,13.19
1789602924.328,research-api-grafana-1,grafana,0.39,43.2
1789602924.328,research-api-products-service-1,products-service,47.5,14.95
1789602924.328,research-api-inventory-service-1,inventory-service,11.78,11.82
1789602924.328,research-api-postgres-1,postgres,65.59,114.2
1789602924.328,research-api-prometheus-1,prometheus,0.08,38.61
1789602924.328,research-api-cadvisor-1,cadvisor,0.01,20.81
1789602929.29,research-api-nginx-1,nginx,47.98,15.77
1789602929.29,research-api-orders-service-1,orders-service,94.41,20.95
1789602929.29,research-api-users-service-1,users-service,44.78,14.32
1789602929.29,research-api-grafana-1,grafana,0.03,43.2
1789602929.29,research-api-products-service-1,products-service,44.16,15.96
1789602929.29,research-api-inventory-service-1,inventory-service,12.1,11.67
1789602929.29,research-api-postgres-1,postgres,66.17,114.7
1789602929.29,research-api-prometheus-1,prometheus,0.03,39.25
1789602929.29,research-api-cadvisor-1,cadvisor,0.0,20.81
1789602934.329,research-api-nginx-1,nginx,46.64,16.25
1789602934.329,research-api-orders-service-1,orders-service,89.34,21.02
1789602934.329,research-api-users-service-1,users-service,45.84,14.34
1789602934.329,research-api-grafana-1,grafana,4.12,42.89
1789602934.329,research-api-products-service-1,products-service,43.77,14.92
1789602934.329,research-api-inventory-service-1,inventory-service,10.74,11.99
1789602934.329,research-api-postgres-1,postgres,68.45,114.6
1789602934.329,research-api-prometheus-1,prometheus,0.05,39.25
1789602934.329,research-api-cadvisor-1,cadvisor,3.93,21.66
1789602939.291,research-api-nginx-1,nginx,48.26,16.19
1789602939.291,research-api-orders-service-1,orders-service,98.61,20.23
1789602939.291,research-api-users-service-1,users-service,42.85,14.52
1789602939.291,research-api-grafana-1,grafana,0.03,42.89
1789602939.291,research-api-products-service-1,products-service,44.1,16.31
1789602939.291,research-api-inventory-service-1,inventory-service,13.07,11.68
1789602939.291,research-api-postgres-1,postgres,65.83,114.6
1789602939.291,research-api-prometheus-1,prometheus,0.03,39.25
1789602939.291,research-api-cadvisor-1,cadvisor,0.0,21.45
1789602944.316,research-api-nginx-1,nginx,48.81,16.77
1789602944.316,research-api-orders-service-1,orders-service,95.16,19.89
1789602944.316,research-api-users-service-1,users-service,46.44,14.19
1789602944.316,research-api-grafana-1,grafana,0.43,42.89
1789602944.316,research-api-products-service-1,products-service,50.36,14.67
1789602944.316,research-api-inventory-service-1,inventory-service,11.38,12.98
1789602944.316,research-api-postgres-1,postgres,69.47,115.2
1789602944.316,research-api-prometheus-1,prometheus,0.07,39.25
1789602944.316,research-api-cadvisor-1,cadvisor,0.01,21.78
1789602949.338,research-api-nginx-1,nginx,48.19,15.64
1789602949.338,research-api-orders-service-1,orders-service,195.05,21.54
1789602949.338,research-api-users-service-1,users-service,46.21,14.25
1789602949.338,research-api-grafana-1,grafana,0.05,42.89
1789602949.338,research-api-products-service-1,products-service,43.15,15.2
1789602949.338,research-api-inventory-service-1,inventory-service,13.12,11.76
1789602949.338,research-api-postgres-1,postgres,66.75,116.2
1789602949.338,research-api-prometheus-1,prometheus,0.04,39.25
1789602949.338,research-api-cadvisor-1,cadvisor,0.0,21.78
1789602954.305,research-api-nginx-1,nginx,46.27,15.96
1789602954.305,research-api-orders-service-1,orders-service,228.74,21.15
1789602954.305,research-api-users-service-1,users-service,40.58,14.05
1789602954.305,research-api-grafana-1,grafana,0.3,42.89
1789602954.305,research-api-products-service-1,products-service,45.41,14.86
1789602954.305,research-api-inventory-service-1,inventory-service,11.75,12.11
1789602954.305,research-api-postgres-1,postgres,66.72,115.6
1789602954.305,research-api-prometheus-1,prometheus,0.05,39.25
1789602954.305,research-api-cadvisor-1,cadvisor,0.02,22.08
1789602959.307,research-api-nginx-1,nginx,47.02,16.6
1789602959.307,research-api-orders-service-1,orders-service,233.26,22.13
1789602959.307,research-api-users-service-1,users-service,44.88,14.72
1789602959.307,research-api-grafana-1,grafana,0.03,42.89
1789602959.307,research-api-products-service-1,products-service,45.22,14.98
1789602959.307,research-api-inventory-service-1,inventory-service,11.13,12.11
1789602959.307,research-api-postgres-1,postgres,67.17,115.7
1789602959.307,research-api-prometheus-1,prometheus,0.0,39.25
1789602959.307,research-api-cadvisor-1,cadvisor,0.07,19.86
1789602964.331,research-api-nginx-1,nginx,48.14,16.55
1789602964.331,research-api-orders-service-1,orders-service,138.2,21.59
1789602964.331,research-api-users-service-1,users-service,46.58,13.87
1789602964.331,research-api-grafana-1,grafana,0.37,42.89
1789602964.331,research-api-products-service-1,products-service,47.53,15.6
1789602964.331,research-api-inventory-service-1,inventory-service,12.04,11.91
1789602964.331,research-api-postgres-1,postgres,70.85,116.4
1789602964.331,research-api-prometheus-1,prometheus,0.05,39.25
1789602964.331,research-api-cadvisor-1,cadvisor,0.76,20.5
1789602969.329,research-api-nginx-1,nginx,46.36,15.67
1789602969.329,research-api-orders-service-1,orders-service,88.8,19.91
1789602969.329,research-api-users-service-1,users-service,44.99,14.38
1789602969.329,research-api-grafana-1,grafana,0.03,42.89
1789602969.329,research-api-products-service-1,products-service,43.86,15.21
1789602969.329,research-api-inventory-service-1,inventory-service,11.5,11.68
1789602969.329,research-api-postgres-1,postgres,65.14,116.2
1789602969.329,research-api-prometheus-1,prometheus,0.03,39.25
1789602969.329,research-api-cadvisor-1,cadvisor,0.0,20.5
1789602974.321,research-api-nginx-1,nginx,49.65,15.96
1789602974.321,research-api-orders-service-1,orders-service,95.33,20.36
1789602974.321,research-api-users-service-1,users-service,47.83,13.46
1789602974.321,research-api-grafana-1,grafana,0.34,42.89
1789602974.321,research-api-products-service-1,products-service,47.64,14.84
1789602974.321,research-api-inventory-service-1,inventory-service,12.31,12.19
1789602974.321,research-api-postgres-1,postgres,68.34,116.3
1789602974.321,research-api-prometheus-1,prometheus,0.05,39.25
1789602974.321,research-api-cadvisor-1,cadvisor,0.02,19.46
1789602979.322,research-api-nginx-1,nginx,45.09,15.7
1789602979.322,research-api-orders-service-1,orders-service,86.1,21.29
1789602979.322,research-api-users-service-1,users-service,44.35,14.97
1789602979.322,research-api-grafana-1,grafana,0.08,42.89
1789602979.322,research-api-products-service-1,products-service,41.66,14.59
1789602979.322,research-api-inventory-service-1,inventory-service,10.41,12.11
1789602979.322,research-api-postgres-1,postgres,64.02,117.1
1789602979.322,research-api-prometheus-1,prometheus,0.03,39.25
1789602979.322,research-api-cadvisor-1,cadvisor,0.0,19.46
1789602984.322,research-api-nginx-1,nginx,44.82,15.99
1789602984.322,research-api-orders-service-1,orders-service,144.84,21.12
1789602984.322,research-api-users-service-1,users-service,40.61,14.2
1789602984.322,research-api-grafana-1,grafana,0.44,42.9
1789602984.322,research-api-products-service-1,products-service,43.47,14.24
1789602984.322,research-api-inventory-service-1,inventory-service,10.94,12.51
1789602984.322,research-api-postgres-1,postgres,64.76,118.1
1789602984.322,research-api-prometheus-1,prometheus,0.05,39.25
1789602984.322,research-api-cadvisor-1,cadvisor,0.63,19.56
1789602989.324,research-api-nginx-1,nginx,46.33,16.24
1789602989.324,research-api-orders-service-1,orders-service,84.85,21.84
1789602989.324,research-api-users-service-1,users-service,43.12,14.13
1789602989.324,research-api-grafana-1,grafana,0.04,42.9
1789602989.324,research-api-products-service-1,products-service,45.69,15.36
1789602989.324,research-api-inventory-service-1,inventory-service,10.93,11.62
1789602989.324,research-api-postgres-1,postgres,64.55,117.8
1789602989.324,research-api-prometheus-1,prometheus,0.03,39.25
1789602989.324,research-api-cadvisor-1,cadvisor,0.0,19.56
1789602994.333,research-api-nginx-1,nginx,46.64,15.76
1789602994.333,research-api-orders-service-1,orders-service,85.27,21.55
1789602994.333,research-api-users-service-1,users-service,43.86,14.32
1789602994.333,research-api-grafana-1,grafana,1.15,42.9
1789602994.333,research-api-products-service-1,products-service,45.23,14.8
1789602994.333,research-api-inventory-service-1,inventory-service,11.75,12.33
1789602994.333,research-api-postgres-1,postgres,65.75,118.2
1789602994.333,research-api-prometheus-1,prometheus,0.05,39.25
1789602994.333,research-api-cadvisor-1,cadvisor,3.17,18.66
1789602999.327,research-api-nginx-1,nginx,47.56,16.39
1789602999.327,research-api-orders-service-1,orders-service,82.11,20.19
1789602999.327,research-api-users-service-1,users-service,44.56,14.85
1789602999.327,research-api-grafana-1,grafana,0.03,42.9
1789602999.327,research-api-products-service-1,products-service,41.87,14.88
1789602999.327,research-api-inventory-service-1,inventory-service,12.03,12.11
1789602999.327,research-api-postgres-1,postgres,62.82,117.9
1789602999.327,research-api-prometheus-1,prometheus,0.03,39.25
1789602999.327,research-api-cadvisor-1,cadvisor,0.0,18.42
1789603004.314,research-api-nginx-1,nginx,45.51,16.14
1789603004.314,research-api-orders-service-1,orders-service,85.14,21.92
1789603004.314,research-api-users-service-1,users-service,44.9,15.13
1789603004.314,research-api-grafana-1,grafana,0.39,42.9
1789603004.314,research-api-products-service-1,products-service,42.32,14.96
1789603004.314,research-api-inventory-service-1,inventory-service,10.91,12.19
1789603004.314,research-api-postgres-1,postgres,65.31,119.1
1789603004.314,research-api-prometheus-1,prometheus,0.04,39.25
1789603004.314,research-api-cadvisor-1,cadvisor,0.28,18.96
1789603009.316,research-api-nginx-1,nginx,45.81,16.27
1789603009.316,research-api-orders-service-1,orders-service,126.89,20.84
1789603009.316,research-api-users-service-1,users-service,41.31,14.69
1789603009.316,research-api-grafana-1,grafana,0.05,42.9
1789603009.316,research-api-products-service-1,products-service,44.61,14.88
1789603009.316,research-api-inventory-service-1,inventory-service,11.97,11.76
1789603009.316,research-api-postgres-1,postgres,64.37,119.2
1789603009.316,research-api-prometheus-1,prometheus,0.03,39.25
1789603009.316,research-api-cadvisor-1,cadvisor,0.0,18.96
1789603014.331,research-api-nginx-1,nginx,46.76,15.82
1789603014.331,research-api-orders-service-1,orders-service,130.02,20.38
1789603014.331,research-api-users-service-1,users-service,43.75,13.89
1789603014.331,research-api-grafana-1,grafana,0.35,42.9
1789603014.331,research-api-products-service-1,products-service,45.12,15.67
1789603014.331,research-api-inventory-service-1,inventory-service,11.69,13.07
1789603014.331,research-api-postgres-1,postgres,67.26,119.6
1789603014.331,research-api-prometheus-1,prometheus,0.06,39.25
1789603014.331,research-api-cadvisor-1,cadvisor,0.03,19.73
1789603019.329,research-api-nginx-1,nginx,51.18,15.5
1789603019.329,research-api-orders-service-1,orders-service,169.91,21.28
1789603019.329,research-api-users-service-1,users-service,47.48,14.44
1789603019.329,research-api-grafana-1,grafana,0.03,42.9
1789603019.329,research-api-products-service-1,products-service,47.04,15.13
1789603019.329,research-api-inventory-service-1,inventory-service,12.44,11.12
1789603019.329,research-api-postgres-1,postgres,68.77,119.7
1789603019.329,research-api-prometheus-1,prometheus,0.03,39.9
1789603019.329,research-api-cadvisor-1,cadvisor,0.43,19.75
1789603024.347,research-api-nginx-1,nginx,71.9,16.81
1789603024.347,research-api-orders-service-1,orders-service,304.96,22.1
1789603024.347,research-api-users-service-1,users-service,59.57,14.3
1789603024.347,research-api-grafana-1,grafana,0.03,42.9
1789603024.347,research-api-products-service-1,products-service,65.89,15.81
1789603024.347,research-api-inventory-service-1,inventory-service,15.63,12.18
1789603024.347,research-api-postgres-1,postgres,96.95,120.5
1789603024.347,research-api-prometheus-1,prometheus,0.04,39.9
1789603024.347,research-api-cadvisor-1,cadvisor,0.01,19.75
1789603029.434,research-api-nginx-1,nginx,84.06,16.95
1789603029.434,research-api-orders-service-1,orders-service,306.29,21.64
1789603029.434,research-api-users-service-1,users-service,70.94,14.11
1789603029.434,research-api-grafana-1,grafana,0.05,42.9
1789603029.434,research-api-products-service-1,products-service,79.16,16.12
1789603029.434,research-api-inventory-service-1,inventory-service,20.34,11.51
1789603029.434,research-api-postgres-1,postgres,118.54,120.9
1789603029.434,research-api-prometheus-1,prometheus,0.04,39.91
1789603029.434,research-api-cadvisor-1,cadvisor,0.0,19.75
1789603034.442,research-api-nginx-1,nginx,96.23,17.0
1789603034.442,research-api-orders-service-1,orders-service,178.23,23.09
1789603034.442,research-api-users-service-1,users-service,82.58,14.46
1789603034.442,research-api-grafana-1,grafana,0.43,42.9
1789603034.442,research-api-products-service-1,products-service,78.84,16.51
1789603034.442,research-api-inventory-service-1,inventory-service,24.26,11.91
1789603034.442,research-api-postgres-1,postgres,131.87,121.0
1789603034.442,research-api-prometheus-1,prometheus,0.01,39.91
1789603034.442,research-api-cadvisor-1,cadvisor,0.01,19.75
1789603039.49,research-api-nginx-1,nginx,93.77,18.47
1789603039.49,research-api-orders-service-1,orders-service,275.05,26.27
1789603039.49,research-api-users-service-1,users-service,86.1,15.95
1789603039.49,research-api-grafana-1,grafana,0.07,42.9
1789603039.49,research-api-products-service-1,products-service,83.76,16.82
1789603039.49,research-api-inventory-service-1,inventory-service,22.01,11.57
1789603039.49,research-api-postgres-1,postgres,143.05,122.1
1789603039.49,research-api-prometheus-1,prometheus,0.0,39.91
1789603039.49,research-api-cadvisor-1,cadvisor,0.0,19.75
1789603044.491,research-api-nginx-1,nginx,86.6,19.39
1789603044.491,research-api-orders-service-1,orders-service,382.64,28.71
1789603044.491,research-api-users-service-1,users-service,79.9,17.52
1789603044.491,research-api-grafana-1,grafana,0.41,42.9
1789603044.491,research-api-products-service-1,products-service,83.48,17.86
1789603044.491,research-api-inventory-service-1,inventory-service,20.07,14.09
1789603044.491,research-api-postgres-1,postgres,143.16,127.7
1789603044.491,research-api-prometheus-1,prometheus,0.04,40.15
1789603044.491,research-api-cadvisor-1,cadvisor,0.03,19.7
1789603049.594,research-api-nginx-1,nginx,82.95,20.0
1789603049.594,research-api-orders-service-1,orders-service,413.02,32.49
1789603049.594,research-api-users-service-1,users-service,74.06,17.77
1789603049.594,research-api-grafana-1,grafana,0.04,42.9
1789603049.594,research-api-products-service-1,products-service,84.83,17.35
1789603049.594,research-api-inventory-service-1,inventory-service,19.07,12.6
1789603049.594,research-api-postgres-1,postgres,145.16,128.2
1789603049.594,research-api-prometheus-1,prometheus,0.0,40.15
1789603049.594,research-api-cadvisor-1,cadvisor,0.0,19.7
1789603054.525,research-api-nginx-1,nginx,100.06,19.97
1789603054.525,research-api-orders-service-1,orders-service,224.37,33.17
1789603054.525,research-api-users-service-1,users-service,80.75,18.15
1789603054.525,research-api-grafana-1,grafana,3.76,43.15
1789603054.525,research-api-products-service-1,products-service,100.09,18.59
1789603054.525,research-api-inventory-service-1,inventory-service,21.12,13.91
1789603054.525,research-api-postgres-1,postgres,166.28,128.1
1789603054.525,research-api-prometheus-1,prometheus,0.0,40.15
1789603054.525,research-api-cadvisor-1,cadvisor,4.96,19.19
1789603059.571,research-api-nginx-1,nginx,107.18,19.16
1789603059.571,research-api-orders-service-1,orders-service,263.78,33.22
1789603059.571,research-api-users-service-1,users-service,88.1,17.63
1789603059.571,research-api-grafana-1,grafana,0.06,42.9
1789603059.571,research-api-products-service-1,products-service,103.43,19.25
1789603059.571,research-api-inventory-service-1,inventory-service,23.48,14.36
1789603059.571,research-api-postgres-1,postgres,165.66,130.1
1789603059.571,research-api-prometheus-1,prometheus,0.0,40.15
1789603059.571,research-api-cadvisor-1,cadvisor,0.0,19.19
1789603064.554,research-api-nginx-1,nginx,49.23,22.38
1789603064.554,research-api-orders-service-1,orders-service,851.5,47.43
1789603064.554,research-api-users-service-1,users-service,26.51,17.68
1789603064.554,research-api-grafana-1,grafana,0.37,42.91
1789603064.554,research-api-products-service-1,products-service,33.72,18.44
1789603064.554,research-api-inventory-service-1,inventory-service,24.08,14.85
1789603064.554,research-api-postgres-1,postgres,50.37,129.7
1789603064.554,research-api-prometheus-1,prometheus,0.0,40.16
1789603064.554,research-api-cadvisor-1,cadvisor,0.0,19.81
1789603069.58,research-api-nginx-1,nginx,49.16,21.38
1789603069.58,research-api-orders-service-1,orders-service,808.84,51.0
1789603069.58,research-api-users-service-1,users-service,25.86,18.36
1789603069.58,research-api-grafana-1,grafana,0.05,42.9
1789603069.58,research-api-products-service-1,products-service,36.24,18.61
1789603069.58,research-api-inventory-service-1,inventory-service,12.0,13.59
1789603069.58,research-api-postgres-1,postgres,52.79,129.6
1789603069.58,research-api-prometheus-1,prometheus,0.0,40.15
1789603069.58,research-api-cadvisor-1,cadvisor,0.24,19.81
1789603074.597,research-api-nginx-1,nginx,57.65,19.79
1789603074.597,research-api-orders-service-1,orders-service,637.14,46.78
1789603074.597,research-api-users-service-1,users-service,44.85,19.61
1789603074.597,research-api-grafana-1,grafana,0.33,42.9
1789603074.597,research-api-products-service-1,products-service,52.43,19.44
1789603074.597,research-api-inventory-service-1,inventory-service,13.37,14.57
1789603074.597,research-api-postgres-1,postgres,96.54,131.3
1789603074.597,research-api-prometheus-1,prometheus,0.0,40.15
1789603074.597,research-api-cadvisor-1,cadvisor,0.0,19.58
1789603079.546,research-api-nginx-1,nginx,85.13,22.26
1789603079.546,research-api-orders-service-1,orders-service,383.75,47.42
1789603079.546,research-api-users-service-1,users-service,73.32,21.66
1789603079.546,research-api-grafana-1,grafana,0.05,42.9
1789603079.546,research-api-products-service-1,products-service,83.17,18.76
1789603079.546,research-api-inventory-service-1,inventory-service,20.76,13.36
1789603079.546,research-api-postgres-1,postgres,74.84,131.1
1789603079.546,research-api-prometheus-1,prometheus,0.0,40.16
1789603079.546,research-api-cadvisor-1,cadvisor,0.0,19.58
1789603084.658,research-api-nginx-1,nginx,78.34,21.5
1789603084.658,research-api-orders-service-1,orders-service,526.93,47.46
1789603084.658,research-api-users-service-1,users-service,64.47,18.79
1789603084.658,research-api-grafana-1,grafana,0.39,42.9
1789603084.658,research-api-products-service-1,products-service,90.87,19.1
1789603084.658,research-api-inventory-service-1,inventory-service,20.06,13.74
1789603084.658,research-api-postgres-1,postgres,128.83,130.5
1789603084.658,research-api-prometheus-1,prometheus,0.0,40.16
1789603084.658,research-api-cadvisor-1,cadvisor,1.1,20.62
1789603089.592,research-api-nginx-1,nginx,60.1,22.76
1789603089.592,research-api-orders-service-1,orders-service,691.46,51.95
1789603089.592,research-api-users-service-1,users-service,39.47,18.93
1789603089.592,research-api-grafana-1,grafana,0.05,42.9
1789603089.592,research-api-products-service-1,products-service,52.59,19.32
1789603089.592,research-api-inventory-service-1,inventory-service,15.18,14.52
1789603089.592,research-api-postgres-1,postgres,146.1,131.6
1789603089.592,research-api-prometheus-1,prometheus,0.02,40.16
1789603089.592,research-api-cadvisor-1,cadvisor,0.0,19.62
1789603094.584,research-api-nginx-1,nginx,46.57,22.52
1789603094.584,research-api-orders-service-1,orders-service,818.4,54.2
1789603094.584,research-api-users-service-1,users-service,27.55,20.46
1789603094.584,research-api-grafana-1,grafana,0.07,42.9
1789603094.584,research-api-products-service-1,products-service,33.51,19.47
1789603094.584,research-api-inventory-service-1,inventory-service,10.96,14.0
1789603094.584,research-api-postgres-1,postgres,48.0,131.9
1789603094.584,research-api-prometheus-1,prometheus,0.0,40.16
1789603094.584,research-api-cadvisor-1,cadvisor,0.0,18.52
1789603099.621,research-api-nginx-1,nginx,90.96,20.05
1789603099.621,research-api-orders-service-1,orders-service,305.43,48.16
1789603099.621,research-api-users-service-1,users-service,80.39,19.12
1789603099.621,research-api-grafana-1,grafana,0.07,42.9
1789603099.621,research-api-products-service-1,products-service,87.76,19.89
1789603099.621,research-api-inventory-service-1,inventory-service,20.39,13.96
1789603099.621,research-api-postgres-1,postgres,152.11,131.7
1789603099.621,research-api-prometheus-1,prometheus,0.0,40.16
1789603099.621,research-api-cadvisor-1,cadvisor,0.0,18.52
1789603104.669,research-api-nginx-1,nginx,101.53,20.71
1789603104.669,research-api-orders-service-1,orders-service,276.98,49.31
1789603104.669,research-api-users-service-1,users-service,78.78,19.84
1789603104.669,research-api-grafana-1,grafana,0.34,42.9
1789603104.669,research-api-products-service-1,products-service,90.2,19.32
1789603104.669,research-api-inventory-service-1,inventory-service,23.02,14.74
1789603104.669,research-api-postgres-1,postgres,154.43,132.9
1789603104.669,research-api-prometheus-1,prometheus,0.0,40.16
1789603104.669,research-api-cadvisor-1,cadvisor,0.0,19.25
1789603109.643,research-api-nginx-1,nginx,111.86,20.32
1789603109.643,research-api-orders-service-1,orders-service,373.84,49.27
1789603109.643,research-api-users-service-1,users-service,78.24,19.25
1789603109.643,research-api-grafana-1,grafana,0.03,42.9
1789603109.643,research-api-products-service-1,products-service,81.47,20.35
1789603109.643,research-api-inventory-service-1,inventory-service,19.8,13.61
1789603109.643,research-api-postgres-1,postgres,145.69,133.5
1789603109.643,research-api-prometheus-1,prometheus,0.0,40.16
1789603109.643,research-api-cadvisor-1,cadvisor,0.0,19.25
1789603114.595,research-api-nginx-1,nginx,86.52,20.87
1789603114.595,research-api-orders-service-1,orders-service,411.88,48.71
1789603114.595,research-api-users-service-1,users-service,78.49,18.48
1789603114.595,research-api-grafana-1,grafana,1.19,42.91
1789603114.595,research-api-products-service-1,products-service,81.64,20.08
1789603114.595,research-api-inventory-service-1,inventory-service,21.29,14.65
1789603114.595,research-api-postgres-1,postgres,146.09,133.4
1789603114.595,research-api-prometheus-1,prometheus,0.0,40.16
1789603114.595,research-api-cadvisor-1,cadvisor,2.37,19.15
1789603119.611,research-api-nginx-1,nginx,87.71,19.89
1789603119.611,research-api-orders-service-1,orders-service,397.13,46.76
1789603119.611,research-api-users-service-1,users-service,83.65,19.38
1789603119.611,research-api-grafana-1,grafana,0.07,42.91
1789603119.611,research-api-products-service-1,products-service,84.27,19.9
1789603119.611,research-api-inventory-service-1,inventory-service,19.76,14.39
1789603119.611,research-api-postgres-1,postgres,156.11,134.6
1789603119.611,research-api-prometheus-1,prometheus,0.0,40.16
1789603119.611,research-api-cadvisor-1,cadvisor,0.0,19.15
1789603123.684,research-api-nginx-1,nginx,87.86,20.77
1789603123.684,research-api-orders-service-1,orders-service,371.67,47.43
1789603123.684,research-api-users-service-1,users-service,70.65,18.39
1789603123.684,research-api-grafana-1,grafana,0.06,42.91
1789603123.684,research-api-products-service-1,products-service,82.22,19.96
1789603123.684,research-api-inventory-service-1,inventory-service,21.08,15.7
1789603123.684,research-api-postgres-1,postgres,158.34,135.8
1789603123.684,research-api-prometheus-1,prometheus,0.07,40.16
1789603123.684,research-api-cadvisor-1,cadvisor,0.01,20.35
1789603129.616,research-api-nginx-1,nginx,87.66,22.43
1789603129.616,research-api-orders-service-1,orders-service,454.07,48.77
1789603129.616,research-api-users-service-1,users-service,63.4,18.32
1789603129.616,research-api-grafana-1,grafana,0.06,42.91
1789603129.616,research-api-products-service-1,products-service,73.25,20.23
1789603129.616,research-api-inventory-service-1,inventory-service,20.7,14.29
1789603129.616,research-api-postgres-1,postgres,112.74,136.1
1789603129.616,research-api-prometheus-1,prometheus,0.0,40.16
1789603129.616,research-api-cadvisor-1,cadvisor,0.0,20.35
1789603134.638,research-api-nginx-1,nginx,44.61,24.55
1789603134.638,research-api-orders-service-1,orders-service,881.7,54.14
1789603134.638,research-api-users-service-1,users-service,24.09,19.41
1789603134.638,research-api-grafana-1,grafana,0.45,42.91
1789603134.638,research-api-products-service-1,products-service,31.97,19.87
1789603134.638,research-api-inventory-service-1,inventory-service,13.43,15.21
1789603134.638,research-api-postgres-1,postgres,39.7,135.9
1789603134.638,research-api-prometheus-1,prometheus,0.0,40.16
1789603134.638,research-api-cadvisor-1,cadvisor,0.0,20.55
1789603139.698,research-api-nginx-1,nginx,46.52,23.29
1789603139.698,research-api-orders-service-1,orders-service,821.87,56.48
1789603139.698,research-api-users-service-1,users-service,28.06,19.85
1789603139.698,research-api-grafana-1,grafana,0.03,42.91
1789603139.698,research-api-products-service-1,products-service,31.47,19.97
1789603139.698,research-api-inventory-service-1,inventory-service,11.56,15.21
1789603139.698,research-api-postgres-1,postgres,41.05,136.6
1789603139.698,research-api-prometheus-1,prometheus,0.0,40.16
1789603139.698,research-api-cadvisor-1,cadvisor,0.0,20.55
1789603144.67,research-api-nginx-1,nginx,88.03,20.49
1789603144.67,research-api-orders-service-1,orders-service,355.71,51.82
1789603144.67,research-api-users-service-1,users-service,73.6,20.47
1789603144.67,research-api-grafana-1,grafana,0.43,42.91
1789603144.67,research-api-products-service-1,products-service,81.98,19.0
1789603144.67,research-api-inventory-service-1,inventory-service,18.17,16.11
1789603144.67,research-api-postgres-1,postgres,41.62,136.8
1789603144.67,research-api-prometheus-1,prometheus,0.0,40.16
1789603144.67,research-api-cadvisor-1,cadvisor,0.0,21.04
1789603149.634,research-api-nginx-1,nginx,84.39,22.13
1789603149.634,research-api-orders-service-1,orders-service,422.64,53.65
1789603149.634,research-api-users-service-1,users-service,75.54,19.44
1789603149.634,research-api-grafana-1,grafana,0.06,42.91
1789603149.634,research-api-products-service-1,products-service,79.99,19.82
1789603149.634,research-api-inventory-service-1,inventory-service,20.39,14.26
1789603149.634,research-api-postgres-1,postgres,133.5,137.3
1789603149.634,research-api-prometheus-1,prometheus,0.0,40.16
1789603149.634,research-api-cadvisor-1,cadvisor,0.0,21.04
1789603154.66,research-api-nginx-1,nginx,76.05,21.95
1789603154.66,research-api-orders-service-1,orders-service,545.67,52.34
1789603154.66,research-api-users-service-1,users-service,62.6,19.89
1789603154.66,research-api-grafana-1,grafana,0.45,42.91
1789603154.66,research-api-products-service-1,products-service,71.52,19.34
1789603154.66,research-api-inventory-service-1,inventory-service,20.65,15.1
1789603154.66,research-api-postgres-1,postgres,128.03,137.0
1789603154.66,research-api-prometheus-1,prometheus,0.0,40.16
1789603154.66,research-api-cadvisor-1,cadvisor,0.0,21.05
1789603159.661,research-api-nginx-1,nginx,53.8,23.36
1789603159.661,research-api-orders-service-1,orders-service,734.41,52.84
1789603159.661,research-api-users-service-1,users-service,37.91,19.44
1789603159.661,research-api-grafana-1,grafana,0.05,42.91
1789603159.661,research-api-products-service-1,products-service,87.25,20.41
1789603159.661,research-api-inventory-service-1,inventory-service,13.29,14.28
1789603159.661,research-api-postgres-1,postgres,75.04,138.6
1789603159.661,research-api-prometheus-1,prometheus,0.0,40.16
1789603159.661,research-api-cadvisor-1,cadvisor,0.21,21.05
1789603164.727,research-api-nginx-1,nginx,70.19,20.35
1789603164.727,research-api-orders-service-1,orders-service,599.42,50.36
1789603164.727,research-api-users-service-1,users-service,53.34,20.81
1789603164.727,research-api-grafana-1,grafana,0.33,42.91
1789603164.727,research-api-products-service-1,products-service,60.48,21.3
1789603164.727,research-api-inventory-service-1,inventory-service,15.43,14.64
1789603164.727,research-api-postgres-1,postgres,107.95,138.1
1789603164.727,research-api-prometheus-1,prometheus,0.85,40.41
1789603164.727,research-api-cadvisor-1,cadvisor,0.0,21.05
1789603169.758,research-api-nginx-1,nginx,111.53,19.83
1789603169.758,research-api-orders-service-1,orders-service,176.73,49.39
1789603169.758,research-api-users-service-1,users-service,91.12,19.13
1789603169.758,research-api-grafana-1,grafana,0.03,42.91
1789603169.758,research-api-products-service-1,products-service,95.04,20.37
1789603169.758,research-api-inventory-service-1,inventory-service,25.43,14.36
1789603169.758,research-api-postgres-1,postgres,168.1,139.5
1789603169.758,research-api-prometheus-1,prometheus,0.0,40.17
1789603169.758,research-api-cadvisor-1,cadvisor,0.0,21.05
1789603174.605,research-api-nginx-1,nginx,99.96,20.19
1789603174.605,research-api-orders-service-1,orders-service,274.13,50.37
1789603174.605,research-api-users-service-1,users-service,86.5,19.69
1789603174.605,research-api-grafana-1,grafana,1.47,42.92
1789603174.605,research-api-products-service-1,products-service,94.09,20.55
1789603174.605,research-api-inventory-service-1,inventory-service,21.9,15.05
1789603174.605,research-api-postgres-1,postgres,159.69,139.3
1789603174.605,research-api-prometheus-1,prometheus,0.0,40.17
1789603174.605,research-api-cadvisor-1,cadvisor,0.02,19.73
1789603179.659,research-api-nginx-1,nginx,99.86,19.97
1789603179.659,research-api-orders-service-1,orders-service,297.39,49.8
1789603179.659,research-api-users-service-1,users-service,73.13,18.67
1789603179.659,research-api-grafana-1,grafana,0.05,42.92
1789603179.659,research-api-products-service-1,products-service,91.76,19.95
1789603179.659,research-api-inventory-service-1,inventory-service,21.01,14.07
1789603179.659,research-api-postgres-1,postgres,148.69,139.8
1789603179.659,research-api-prometheus-1,prometheus,0.0,40.17
1789603179.659,research-api-cadvisor-1,cadvisor,0.0,19.84
1789603184.682,research-api-nginx-1,nginx,82.72,20.69
1789603184.682,research-api-orders-service-1,orders-service,422.65,50.26
1789603184.682,research-api-users-service-1,users-service,70.83,18.98
1789603184.682,research-api-grafana-1,grafana,0.38,42.96
1789603184.682,research-api-products-service-1,products-service,76.94,20.38
1789603184.682,research-api-inventory-service-1,inventory-service,18.15,14.61
1789603184.682,research-api-postgres-1,postgres,153.29,140.5
1789603184.682,research-api-prometheus-1,prometheus,0.0,38.19
1789603184.682,research-api-cadvisor-1,cadvisor,0.0,20.63
1789603189.587,research-api-nginx-1,nginx,95.64,20.28
1789603189.587,research-api-orders-service-1,orders-service,414.86,50.46
1789603189.587,research-api-users-service-1,users-service,76.83,19.53
1789603189.587,research-api-grafana-1,grafana,0.08,42.96
1789603189.587,research-api-products-service-1,products-service,87.1,21.34
1789603189.587,research-api-inventory-service-1,inventory-service,23.67,13.91
1789603189.587,research-api-postgres-1,postgres,169.19,141.0
1789603189.587,research-api-prometheus-1,prometheus,0.0,38.19
1789603189.587,research-api-cadvisor-1,cadvisor,0.0,20.63
1789603194.746,research-api-nginx-1,nginx,103.77,21.41
1789603194.746,research-api-orders-service-1,orders-service,289.79,50.52
1789603194.746,research-api-users-service-1,users-service,81.95,18.81
1789603194.746,research-api-grafana-1,grafana,0.39,42.97
1789603194.746,research-api-products-service-1,products-service,87.26,19.9
1789603194.746,research-api-inventory-service-1,inventory-service,22.3,15.09
1789603194.746,research-api-postgres-1,postgres,151.37,141.5
1789603194.746,research-api-prometheus-1,prometheus,0.84,38.43
1789603194.746,research-api-cadvisor-1,cadvisor,0.0,20.64
1789603199.676,research-api-nginx-1,nginx,51.96,22.38
1789603199.676,research-api-orders-service-1,orders-service,728.19,55.47
1789603199.676,research-api-users-service-1,users-service,30.23,18.62
1789603199.676,research-api-grafana-1,grafana,0.03,42.97
1789603199.676,research-api-products-service-1,products-service,79.44,19.85
1789603199.676,research-api-inventory-service-1,inventory-service,10.92,14.43
1789603199.676,research-api-postgres-1,postgres,55.52,142.0
1789603199.676,research-api-prometheus-1,prometheus,0.0,38.19
1789603199.676,research-api-cadvisor-1,cadvisor,0.0,20.64
1789603204.7,research-api-nginx-1,nginx,56.87,22.88
1789603204.7,research-api-orders-service-1,orders-service,810.74,55.99
1789603204.7,research-api-users-service-1,users-service,30.32,19.0
1789603204.7,research-api-grafana-1,grafana,0.29,42.97
1789603204.7,research-api-products-service-1,products-service,41.01,19.47
1789603204.7,research-api-inventory-service-1,inventory-service,12.68,15.86
1789603204.7,research-api-postgres-1,postgres,52.57,141.8
1789603204.7,research-api-prometheus-1,prometheus,0.0,38.19
1789603204.7,research-api-cadvisor-1,cadvisor,0.0,21.38
1789603209.7,research-api-nginx-1,nginx,57.71,19.95
1789603209.7,research-api-orders-service-1,orders-service,675.01,60.61
1789603209.7,research-api-users-service-1,users-service,49.39,20.72
1789603209.7,research-api-grafana-1,grafana,0.03,42.97
1789603209.7,research-api-products-service-1,products-service,55.2,19.88
1789603209.7,research-api-inventory-service-1,inventory-service,12.81,13.66
1789603209.7,research-api-postgres-1,postgres,88.56,142.2
1789603209.7,research-api-prometheus-1,prometheus,0.0,38.19
1789603209.7,research-api-cadvisor-1,cadvisor,0.0,21.38
1789603214.688,research-api-nginx-1,nginx,106.22,20.61
1789603214.688,research-api-orders-service-1,orders-service,264.67,52.59
1789603214.688,research-api-users-service-1,users-service,88.79,19.89
1789603214.688,research-api-grafana-1,grafana,0.06,42.97
1789603214.688,research-api-products-service-1,products-service,93.07,19.72
1789603214.688,research-api-inventory-service-1,inventory-service,21.08,15.83
1789603214.688,research-api-postgres-1,postgres,164.14,143.3
1789603214.688,research-api-prometheus-1,prometheus,0.0,38.19
1789603214.688,research-api-cadvisor-1,cadvisor,0.0,21.38
1789603219.759,research-api-nginx-1,nginx,82.77,21.47
1789603219.759,research-api-orders-service-1,orders-service,428.57,50.69
1789603219.759,research-api-users-service-1,users-service,73.51,19.71
1789603219.759,research-api-grafana-1,grafana,0.05,42.97
1789603219.759,research-api-products-service-1,products-service,77.74,19.3
1789603219.759,research-api-inventory-service-1,inventory-service,19.77,14.25
1789603219.759,research-api-postgres-1,postgres,139.8,143.9
1789603219.759,research-api-prometheus-1,prometheus,0.0,38.2
1789603219.759,research-api-cadvisor-1,cadvisor,0.22,21.38
1789603224.651,research-api-nginx-1,nginx,75.73,23.29
1789603224.651,research-api-orders-service-1,orders-service,470.48,51.09
1789603224.651,research-api-users-service-1,users-service,60.79,18.75
1789603224.651,research-api-grafana-1,grafana,0.39,42.97
1789603224.651,research-api-products-service-1,products-service,78.04,20.09
1789603224.651,research-api-inventory-service-1,inventory-service,17.44,14.11
1789603224.651,research-api-postgres-1,postgres,124.9,143.3
1789603224.651,research-api-prometheus-1,prometheus,0.0,38.2
1789603224.651,research-api-cadvisor-1,cadvisor,0.0,21.4
1789603229.728,research-api-nginx-1,nginx,64.14,23.38
1789603229.728,research-api-orders-service-1,orders-service,700.96,52.71
1789603229.728,research-api-users-service-1,users-service,37.54,18.8
1789603229.728,research-api-grafana-1,grafana,0.06,42.97
1789603229.728,research-api-products-service-1,products-service,81.83,20.84
1789603229.728,research-api-inventory-service-1,inventory-service,20.54,14.66
1789603229.728,research-api-postgres-1,postgres,149.35,143.8
1789603229.728,research-api-prometheus-1,prometheus,0.05,38.2
1789603229.728,research-api-cadvisor-1,cadvisor,0.0,21.4
1789603234.726,research-api-nginx-1,nginx,98.89,20.62
1789603234.726,research-api-orders-service-1,orders-service,347.93,47.66
1789603234.726,research-api-users-service-1,users-service,81.94,19.57
1789603234.726,research-api-grafana-1,grafana,1.5,42.98
1789603234.726,research-api-products-service-1,products-service,90.52,20.36
1789603234.726,research-api-inventory-service-1,inventory-service,20.57,14.4
1789603234.726,research-api-postgres-1,postgres,154.24,144.5
1789603234.726,research-api-prometheus-1,prometheus,0.7,38.2
1789603234.726,research-api-cadvisor-1,cadvisor,0.81,22.32
1789603239.723,research-api-nginx-1,nginx,112.0,19.78
1789603239.723,research-api-orders-service-1,orders-service,184.37,48.59
1789603239.723,research-api-users-service-1,users-service,88.81,19.75
1789603239.723,research-api-grafana-1,grafana,0.05,42.98
1789603239.723,research-api-products-service-1,products-service,102.02,19.71
1789603239.723,research-api-inventory-service-1,inventory-service,25.67,13.98
1789603239.723,research-api-postgres-1,postgres,171.68,145.0
1789603239.723,research-api-prometheus-1,prometheus,0.0,38.2
1789603239.723,research-api-cadvisor-1,cadvisor,0.0,22.32
1789603244.699,research-api-nginx-1,nginx,85.54,20.27
1789603244.699,research-api-orders-service-1,orders-service,193.05,49.78
1789603244.699,research-api-users-service-1,users-service,75.96,19.77
1789603244.699,research-api-grafana-1,grafana,0.32,42.98
1789603244.699,research-api-products-service-1,products-service,88.8,18.96
1789603244.699,research-api-inventory-service-1,inventory-service,19.4,14.32
1789603244.699,research-api-postgres-1,postgres,155.62,146.4
1789603244.699,research-api-prometheus-1,prometheus,0.0,38.42
1789603244.699,research-api-cadvisor-1,cadvisor,0.0,22.55
1789603249.729,research-api-nginx-1,nginx,86.91,21.29
1789603249.729,research-api-orders-service-1,orders-service,400.12,49.87
1789603249.729,research-api-users-service-1,users-service,75.92,20.01
1789603249.729,research-api-grafana-1,grafana,0.05,42.98
1789603249.729,research-api-products-service-1,products-service,84.35,21.12
1789603249.729,research-api-inventory-service-1,inventory-service,18.54,13.72
1789603249.729,research-api-postgres-1,postgres,151.3,146.2
1789603249.729,research-api-prometheus-1,prometheus,0.0,38.43
1789603249.729,research-api-cadvisor-1,cadvisor,0.0,22.56
1789603254.725,research-api-nginx-1,nginx,80.53,20.53
1789603254.725,research-api-orders-service-1,orders-service,441.33,50.2
1789603254.725,research-api-users-service-1,users-service,72.07,19.86
1789603254.725,research-api-grafana-1,grafana,0.38,42.98
1789603254.725,research-api-products-service-1,products-service,83.83,19.8
1789603254.725,research-api-inventory-service-1,inventory-service,20.38,13.86
1789603254.725,research-api-postgres-1,postgres,151.44,146.9
1789603254.725,research-api-prometheus-1,prometheus,0.95,38.43
1789603254.725,research-api-cadvisor-1,cadvisor,0.0,23.51
1789603259.714,research-api-nginx-1,nginx,86.45,20.63
1789603259.714,research-api-orders-service-1,orders-service,328.89,51.45
1789603259.714,research-api-users-service-1,users-service,79.04,19.52
1789603259.714,research-api-grafana-1,grafana,0.03,42.98
1789603259.714,research-api-products-service-1,products-service,85.59,20.11
1789603259.714,research-api-inventory-service-1,inventory-service,19.43,13.75
1789603259.714,research-api-postgres-1,postgres,156.2,147.9
1789603259.714,research-api-prometheus-1,prometheus,0.0,38.43
1789603259.714,research-api-cadvisor-1,cadvisor,0.29,23.52
1789603264.685,research-api-nginx-1,nginx,67.52,22.85
1789603264.685,research-api-orders-service-1,orders-service,654.43,51.78
1789603264.685,research-api-users-service-1,users-service,46.17,18.97
1789603264.685,research-api-grafana-1,grafana,0.4,42.99
1789603264.685,research-api-products-service-1,products-service,59.23,19.41
1789603264.685,research-api-inventory-service-1,inventory-service,15.73,15.25
1789603264.685,research-api-postgres-1,postgres,98.92,147.3
1789603264.685,research-api-prometheus-1,prometheus,0.0,38.43
1789603264.685,research-api-cadvisor-1,cadvisor,0.0,19.46
1789603269.663,research-api-nginx-1,nginx,44.27,23.17
1789603269.663,research-api-orders-service-1,orders-service,483.09,53.01
1789603269.663,research-api-users-service-1,users-service,22.43,18.62
1789603269.663,research-api-grafana-1,grafana,0.03,42.99
1789603269.663,research-api-products-service-1,products-service,29.95,20.01
1789603269.663,research-api-inventory-service-1,inventory-service,10.47,14.81
1789603269.663,research-api-postgres-1,postgres,42.84,147.8
1789603269.663,research-api-prometheus-1,prometheus,0.0,38.43
1789603269.663,research-api-cadvisor-1,cadvisor,0.0,19.46
1789603274.762,research-api-nginx-1,nginx,37.72,23.58
1789603274.762,research-api-orders-service-1,orders-service,895.69,59.69
1789603274.762,research-api-users-service-1,users-service,24.39,18.95
1789603274.762,research-api-grafana-1,grafana,0.31,42.98
1789603274.762,research-api-products-service-1,products-service,27.1,21.65
1789603274.762,research-api-inventory-service-1,inventory-service,9.48,16.09
1789603274.762,research-api-postgres-1,postgres,38.01,148.0
1789603274.762,research-api-prometheus-1,prometheus,1.04,38.43
1789603274.762,research-api-cadvisor-1,cadvisor,0.0,19.64
1789603279.696,research-api-nginx-1,nginx,86.07,19.74
1789603279.696,research-api-orders-service-1,orders-service,429.09,51.66
1789603279.696,research-api-users-service-1,users-service,29.08,19.35
1789603279.696,research-api-grafana-1,grafana,0.07,42.98
1789603279.696,research-api-products-service-1,products-service,79.31,20.39
1789603279.696,research-api-inventory-service-1,inventory-service,19.93,14.66
1789603279.696,research-api-postgres-1,postgres,140.35,148.0
1789603279.696,research-api-prometheus-1,prometheus,0.0,38.43
1789603279.696,research-api-cadvisor-1,cadvisor,0.0,19.64
1789603284.78,research-api-nginx-1,nginx,109.6,21.31
1789603284.78,research-api-orders-service-1,orders-service,249.33,51.94
1789603284.78,research-api-users-service-1,users-service,83.14,21.98
1789603284.78,research-api-grafana-1,grafana,0.58,42.98
1789603284.78,research-api-products-service-1,products-service,89.91,21.32
1789603284.78,research-api-inventory-service-1,inventory-service,23.21,15.91
1789603284.78,research-api-postgres-1,postgres,163.81,148.5
1789603284.78,research-api-prometheus-1,prometheus,0.81,38.43
1789603284.78,research-api-cadvisor-1,cadvisor,0.0,19.94
1789603289.789,research-api-nginx-1,nginx,80.49,20.91
1789603289.789,research-api-orders-service-1,orders-service,438.57,52.12
1789603289.789,research-api-users-service-1,users-service,75.51,19.77
1789603289.789,research-api-grafana-1,grafana,0.05,42.98
1789603289.789,research-api-products-service-1,products-service,77.09,20.27
1789603289.789,research-api-inventory-service-1,inventory-service,18.84,15.23
1789603289.789,research-api-postgres-1,postgres,146.51,149.7
1789603289.789,research-api-prometheus-1,prometheus,0.0,38.43
1789603289.789,research-api-cadvisor-1,cadvisor,0.39,20.19
1789603294.67,research-api-nginx-1,nginx,71.76,22.41
1789603294.67,research-api-orders-service-1,orders-service,548.33,50.52
1789603294.67,research-api-users-service-1,users-service,55.21,20.08
1789603294.67,research-api-grafana-1,grafana,1.71,42.98
1789603294.67,research-api-products-service-1,products-service,66.03,22.22
1789603294.67,research-api-inventory-service-1,inventory-service,16.74,14.89
1789603294.67,research-api-postgres-1,postgres,132.78,149.9
1789603294.67,research-api-prometheus-1,prometheus,0.0,38.43
1789603294.67,research-api-cadvisor-1,cadvisor,1.93,20.75
1789603299.803,research-api-nginx-1,nginx,69.53,21.27
1789603299.803,research-api-orders-service-1,orders-service,423.5,51.27
1789603299.803,research-api-users-service-1,users-service,55.59,21.9
1789603299.803,research-api-grafana-1,grafana,0.05,42.98
1789603299.803,research-api-products-service-1,products-service,63.4,20.78
1789603299.803,research-api-inventory-service-1,inventory-service,17.12,14.72
1789603299.803,research-api-postgres-1,postgres,126.32,151.0
1789603299.803,research-api-prometheus-1,prometheus,0.0,38.43
1789603299.803,research-api-cadvisor-1,cadvisor,0.0,20.75
1789603304.751,research-api-nginx-1,nginx,111.57,19.9
1789603304.751,research-api-orders-service-1,orders-service,184.34,50.36
1789603304.751,research-api-users-service-1,users-service,87.22,20.91
1789603304.751,research-api-grafana-1,grafana,0.49,42.98
1789603304.751,research-api-products-service-1,products-service,105.78,20.3
1789603304.751,research-api-inventory-service-1,inventory-service,23.64,14.91
1789603304.751,research-api-postgres-1,postgres,190.56,150.6
1789603304.751,research-api-prometheus-1,prometheus,0.78,38.44
1789603304.751,research-api-cadvisor-1,cadvisor,0.0,19.42
1789603309.829,research-api-nginx-1,nginx,84.31,21.9
1789603309.829,research-api-orders-service-1,orders-service,327.95,52.34
1789603309.829,research-api-users-service-1,users-service,74.27,20.89
1789603309.829,research-api-grafana-1,grafana,0.05,42.98
1789603309.829,research-api-products-service-1,products-service,83.2,22.17
1789603309.829,research-api-inventory-service-1,inventory-service,19.28,14.37
1789603309.829,research-api-postgres-1,postgres,179.34,151.8
1789603309.829,research-api-prometheus-1,prometheus,0.0,38.44
1789603309.829,research-api-cadvisor-1,cadvisor,0.0,19.42
1789603314.728,research-api-nginx-1,nginx,88.79,20.72
1789603314.728,research-api-orders-service-1,orders-service,410.69,49.24
1789603314.728,research-api-users-service-1,users-service,74.35,20.16
1789603314.728,research-api-grafana-1,grafana,0.33,42.98
1789603314.728,research-api-products-service-1,products-service,83.81,20.61
1789603314.728,research-api-inventory-service-1,inventory-service,20.43,14.29
1789603314.728,research-api-postgres-1,postgres,149.52,152.1
1789603314.728,research-api-prometheus-1,prometheus,0.92,38.69
1789603314.728,research-api-cadvisor-1,cadvisor,0.0,19.7
1789603319.741,research-api-nginx-1,nginx,81.9,21.21
1789603319.741,research-api-orders-service-1,orders-service,404.27,50.84
1789603319.741,research-api-users-service-1,users-service,72.59,20.9
1789603319.741,research-api-grafana-1,grafana,0.05,42.98
1789603319.741,research-api-products-service-1,products-service,78.63,21.04
1789603319.741,research-api-inventory-service-1,inventory-service,19.22,14.07
1789603319.741,research-api-postgres-1,postgres,144.72,152.6
1789603319.741,research-api-prometheus-1,prometheus,0.0,38.44
1789603319.741,research-api-cadvisor-1,cadvisor,0.0,19.74
1789603324.861,research-api-nginx-1,nginx,83.6,21.52
1789603324.861,research-api-orders-service-1,orders-service,397.76,51.26
1789603324.861,research-api-users-service-1,users-service,70.29,23.05
1789603324.861,research-api-grafana-1,grafana,0.08,42.99
1789603324.861,research-api-products-service-1,products-service,71.41,21.82
1789603324.861,research-api-inventory-service-1,inventory-service,20.28,14.45
1789603324.861,research-api-postgres-1,postgres,126.26,153.1
1789603324.861,research-api-prometheus-1,prometheus,0.8,38.53
1789603324.861,research-api-cadvisor-1,cadvisor,0.0,20.44
1789603329.824,research-api-nginx-1,nginx,81.75,23.12
1789603329.824,research-api-orders-service-1,orders-service,465.07,50.77
1789603329.824,research-api-users-service-1,users-service,64.15,20.53
1789603329.824,research-api-grafana-1,grafana,0.04,42.99
1789603329.824,research-api-products-service-1,products-service,71.3,20.92
1789603329.824,research-api-inventory-service-1,inventory-service,19.78,14.47
1789603329.824,research-api-postgres-1,postgres,123.26,153.8
1789603329.824,research-api-prometheus-1,prometheus,0.0,38.53
1789603329.824,research-api-cadvisor-1,cadvisor,0.0,20.44
1789603334.967,research-api-nginx-1,nginx,54.34,22.77
1789603334.967,research-api-orders-service-1,orders-service,770.97,56.07
1789603334.967,research-api-users-service-1,users-service,40.37,19.49
1789603334.967,research-api-grafana-1,grafana,0.3,42.99
1789603334.967,research-api-products-service-1,products-service,47.53,20.14
1789603334.967,research-api-inventory-service-1,inventory-service,14.74,13.88
1789603334.967,research-api-postgres-1,postgres,79.94,153.3
1789603334.967,research-api-prometheus-1,prometheus,0.91,38.53
1789603334.967,research-api-cadvisor-1,cadvisor,0.0,21.1
1789603339.811,research-api-nginx-1,nginx,41.72,23.29
1789603339.811,research-api-orders-service-1,orders-service,829.34,56.31
1789603339.811,research-api-users-service-1,users-service,21.63,21.17
1789603339.811,research-api-grafana-1,grafana,0.05,42.99
1789603339.811,research-api-products-service-1,products-service,33.89,20.99
1789603339.811,research-api-inventory-service-1,inventory-service,8.96,14.54
1789603339.811,research-api-postgres-1,postgres,40.17,154.4
1789603339.811,research-api-prometheus-1,prometheus,0.0,38.53
1789603339.811,research-api-cadvisor-1,cadvisor,0.0,21.1
1789603344.886,research-api-nginx-1,nginx,56.35,20.74
1789603344.886,research-api-orders-service-1,orders-service,658.94,53.86
1789603344.886,research-api-users-service-1,users-service,48.38,22.23
1789603344.886,research-api-grafana-1,grafana,0.08,42.99
1789603344.886,research-api-products-service-1,products-service,59.54,21.71
1789603344.886,research-api-inventory-service-1,inventory-service,11.96,14.07
1789603344.886,research-api-postgres-1,postgres,97.08,155.2
1789603344.886,research-api-prometheus-1,prometheus,0.84,39.16
1789603344.886,research-api-cadvisor-1,cadvisor,0.28,21.62
1789603349.808,research-api-nginx-1,nginx,108.97,19.78
1789603349.808,research-api-orders-service-1,orders-service,191.84,49.55
1789603349.808,research-api-users-service-1,users-service,84.33,21.06
1789603349.808,research-api-grafana-1,grafana,0.07,42.99
1789603349.808,research-api-products-service-1,products-service,100.15,21.3
1789603349.808,research-api-inventory-service-1,inventory-service,22.23,14.54
1789603349.808,research-api-postgres-1,postgres,174.23,155.6
1789603349.808,research-api-prometheus-1,prometheus,0.0,39.16
1789603349.808,research-api-cadvisor-1,cadvisor,0.0,21.62
1789603354.751,research-api-nginx-1,nginx,98.48,19.92
1789603354.751,research-api-orders-service-1,orders-service,190.12,48.3
1789603354.751,research-api-users-service-1,users-service,78.76,19.77
1789603354.751,research-api-grafana-1,grafana,1.4,42.99
1789603354.751,research-api-products-service-1,products-service,80.8,20.23
1789603354.751,research-api-inventory-service-1,inventory-service,22.88,15.3
1789603354.751,research-api-postgres-1,postgres,133.56,155.9
1789603354.751,research-api-prometheus-1,prometheus,0.8,39.17
1789603354.751,research-api-cadvisor-1,cadvisor,0.0,19.48
1789603359.657,research-api-nginx-1,nginx,81.77,20.64
1789603359.657,research-api-orders-service-1,orders-service,254.08,46.48
1789603359.657,research-api-users-service-1,users-service,68.52,18.74
1789603359.657,research-api-grafana-1,grafana,0.06,42.99
1789603359.657,research-api-products-service-1,products-service,70.58,19.39
1789603359.657,research-api-inventory-service-1,inventory-service,19.17,14.23
1789603359.657,research-api-postgres-1,postgres,111.19,155.7
1789603359.657,research-api-prometheus-1,prometheus,0.0,39.16
1789603359.657,research-api-cadvisor-1,cadvisor,0.0,19.48
1789603364.607,research-api-nginx-1,nginx,70.08,19.52
1789603364.607,research-api-orders-service-1,orders-service,249.25,47.29
1789603364.607,research-api-users-service-1,users-service,54.0,19.41
1789603364.607,research-api-grafana-1,grafana,0.35,42.99
1789603364.607,research-api-products-service-1,products-service,58.55,20.07
1789603364.607,research-api-inventory-service-1,inventory-service,13.54,15.14
1789603364.607,research-api-postgres-1,postgres,82.57,155.5
1789603364.607,research-api-prometheus-1,prometheus,0.0,39.16
1789603364.607,research-api-cadvisor-1,cadvisor,0.0,20.13
1789603369.584,research-api-nginx-1,nginx,35.76,20.04
1789603369.584,research-api-orders-service-1,orders-service,59.84,47.0
1789603369.584,research-api-users-service-1,users-service,34.25,19.38
1789603369.584,research-api-grafana-1,grafana,0.07,42.99
1789603369.584,research-api-products-service-1,products-service,35.7,19.73
1789603369.584,research-api-inventory-service-1,inventory-service,8.71,14.38
1789603369.584,research-api-postgres-1,postgres,47.61,156.9
1789603369.584,research-api-prometheus-1,prometheus,0.0,39.17
1789603369.584,research-api-cadvisor-1,cadvisor,0.0,20.13
1789603374.605,research-api-nginx-1,nginx,18.15,18.93
1789603374.605,research-api-orders-service-1,orders-service,33.18,45.88
1789603374.605,research-api-users-service-1,users-service,17.83,19.27
1789603374.605,research-api-grafana-1,grafana,0.46,42.99
1789603374.605,research-api-products-service-1,products-service,21.77,20.23
1789603374.605,research-api-inventory-service-1,inventory-service,4.98,14.91
1789603374.605,research-api-postgres-1,postgres,26.45,156.4
1789603374.605,research-api-prometheus-1,prometheus,0.0,39.17
1789603374.605,research-api-cadvisor-1,cadvisor,0.0,20.13
1789603379.592,research-api-nginx-1,nginx,3.07,15.31
1789603379.592,research-api-orders-service-1,orders-service,0.0,44.26
1789603379.592,research-api-users-service-1,users-service,0.0,17.86
1789603379.592,research-api-grafana-1,grafana,0.04,42.99
1789603379.592,research-api-products-service-1,products-service,0.05,19.27
1789603379.592,research-api-inventory-service-1,inventory-service,0.0,14.91
1789603379.592,research-api-postgres-1,postgres,0.18,154.7
1789603379.592,research-api-prometheus-1,prometheus,0.0,39.17
1789603379.592,research-api-cadvisor-1,cadvisor,0.0,20.13
