timestamp,container,service,cpu_percent,memory_mb
1789598091.143,research-api-nginx-1,nginx,2.39,15.73
1789598091.143,research-api-orders-service-1,orders-service,3.01,6.918
1789598091.143,research-api-users-service-1,users-service,1.92,6.125
1789598091.143,research-api-inventory-service-1,inventory-service,0.57,5.488
1789598091.143,research-api-products-service-1,products-service,2.09,5.727
1789598091.143,research-api-grafana-1,grafana,0.06,117.3
1789598091.143,research-api-postgres-1,postgres,6.33,52.94
1789598091.143,research-api-prometheus-1,prometheus,0.04,86.35
1789598091.143,research-api-cadvisor-1,cadvisor,0.0,15.45
1789598096.152,research-api-nginx-1,nginx,7.88,17.31
1789598096.152,research-api-orders-service-1,orders-service,7.66,7.473
1789598096.152,research-api-users-service-1,users-service,6.4,8.473
1789598096.152,research-api-inventory-service-1,inventory-service,1.53,5.383
1789598096.152,research-api-products-service-1,products-service,5.33,8.281
1789598096.152,research-api-grafana-1,grafana,0.06,117.3
1789598096.152,research-api-postgres-1,postgres,10.45,57.69
1789598096.152,research-api-prometheus-1,prometheus,0.06,86.95
1789598096.152,research-api-cadvisor-1,cadvisor,1.36,15.53
1789598101.117,research-api-nginx-1,nginx,11.5,18.04
1789598101.117,research-api-orders-service-1,orders-service,14.04,9.223
1789598101.117,research-api-users-service-1,users-service,8.44,7.914
1789598101.117,research-api-inventory-service-1,inventory-service,2.47,7.602
1789598101.117,research-api-products-service-1,products-service,8.42,9.793
1789598101.117,research-api-grafana-1,grafana,0.05,117.4
1789598101.117,research-api-postgres-1,postgres,13.83,67.75
1789598101.117,research-api-prometheus-1,prometheus,0.26,87.5
1789598101.117,research-api-cadvisor-1,cadvisor,0.0,16.21
1789598106.13,research-api-nginx-1,nginx,15.38,16.95
1789598106.13,research-api-orders-service-1,orders-service,19.88,10.0
1789598106.13,research-api-users-service-1,users-service,12.2,9.137
1789598106.13,research-api-inventory-service-1,inventory-service,2.88,7.871
1789598106.13,research-api-products-service-1,products-service,11.88,10.34
1789598106.13,research-api-grafana-1,grafana,0.07,117.4
1789598106.13,research-api-postgres-1,postgres,18.48,72.67
1789598106.13,research-api-prometheus-1,prometheus,0.06,88.79
1789598106.13,research-api-cadvisor-1,cadvisor,0.02,16.29
1789598111.123,research-api-nginx-1,nginx,18.56,17.88
1789598111.123,research-api-orders-service-1,orders-service,29.37,10.39
1789598111.123,research-api-users-service-1,users-service,16.57,10.12
1789598111.123,research-api-inventory-service-1,inventory-service,3.06,8.875
1789598111.123,research-api-products-service-1,products-service,16.13,10.02
1789598111.123,research-api-grafana-1,grafana,0.05,117.5
1789598111.123,research-api-postgres-1,postgres,16.85,77.01
1789598111.123,research-api-prometheus-1,prometheus,0.04,89.07
1789598111.123,research-api-cadvisor-1,cadvisor,0.0,17.07
1789598116.144,research-api-nginx-1,nginx,20.26,17.77
1789598116.144,research-api-orders-service-1,orders-service,26.24,9.891
1789598116.144,research-api-users-service-1,users-service,16.7,9.902
1789598116.144,research-api-inventory-service-1,inventory-service,5.05,9.539
1789598116.144,research-api-products-service-1,products-service,15.67,9.207
1789598116.144,research-api-grafana-1,grafana,0.06,117.5
1789598116.144,research-api-postgres-1,postgres,23.03,88.45
1789598116.144,research-api-prometheus-1,prometheus,0.06,89.45
1789598116.144,research-api-cadvisor-1,cadvisor,0.03,17.27
1789598121.134,research-api-nginx-1,nginx,21.14,18.29
1789598121.134,research-api-orders-service-1,orders-service,30.84,11.79
1789598121.134,research-api-users-service-1,users-service,16.99,11.61
1789598121.134,research-api-inventory-service-1,inventory-service,5.14,9.352
1789598121.134,research-api-products-service-1,products-service,17.55,10.46
1789598121.134,research-api-grafana-1,grafana,0.06,117.6
1789598121.134,research-api-postgres-1,postgres,20.05,90.59
1789598121.134,research-api-prometheus-1,prometheus,0.05,89.57
1789598121.134,research-api-cadvisor-1,cadvisor,0.0,17.35
1789598126.119,research-api-nginx-1,nginx,19.33,18.5
1789598126.119,research-api-orders-service-1,orders-service,28.06,11.71
1789598126.119,research-api-users-service-1,users-service,17.32,10.43
1789598126.119,research-api-inventory-service-1,inventory-service,3.76,8.387
1789598126.119,research-api-products-service-1,products-service,17.41,10.81
1789598126.119,research-api-grafana-1,grafana,0.08,117.6
1789598126.119,research-api-postgres-1,postgres,19.66,91.94
1789598126.119,research-api-prometheus-1,prometheus,0.06,89.9
1789598126.119,research-api-cadvisor-1,cadvisor,4.02,16.57
1789598131.121,research-api-nginx-1,nginx,25.04,19.28
1789598131.121,research-api-orders-service-1,orders-service,36.79,10.91
1789598131.121,research-api-users-service-1,users-service,18.4,11.05
1789598131.121,research-api-inventory-service-1,inventory-service,4.64,9.777
1789598131.121,research-api-products-service-1,products-service,21.37,11.05
1789598131.121,research-api-grafana-1,grafana,0.04,117.8
1789598131.121,research-api-postgres-1,postgres,23.49,93.93
1789598131.121,research-api-prometheus-1,prometheus,0.06,89.95
1789598131.121,research-api-cadvisor-1,cadvisor,0.0,16.65
1789598136.124,research-api-nginx-1,nginx,20.81,19.05
1789598136.124,research-api-orders-service-1,orders-service,30.25,11.65
1789598136.124,research-api-users-service-1,users-service,15.99,10.68
1789598136.124,research-api-inventory-service-1,inventory-service,4.25,8.27
1789598136.124,research-api-products-service-1,products-service,16.39,12.69
1789598136.124,research-api-grafana-1,grafana,0.06,117.8
1789598136.124,research-api-postgres-1,postgres,20.42,93.84
1789598136.124,research-api-prometheus-1,prometheus,0.06,90.41
1789598136.124,research-api-cadvisor-1,cadvisor,0.06,16.4
1789598141.128,research-api-nginx-1,nginx,25.38,18.52
1789598141.128,research-api-orders-service-1,orders-service,34.49,13.16
1789598141.128,research-api-users-service-1,users-service,19.48,11.91
1789598141.128,research-api-inventory-service-1,inventory-service,7.11,8.918
1789598141.128,research-api-products-service-1,products-service,21.49,11.87
1789598141.128,research-api-grafana-1,grafana,0.05,117.9
1789598141.128,research-api-postgres-1,postgres,24.75,95.06
1789598141.128,research-api-prometheus-1,prometheus,0.03,90.43
1789598141.128,research-api-cadvisor-1,cadvisor,0.36,16.43
1789598146.133,research-api-nginx-1,nginx,22.98,19.18
1789598146.133,research-api-orders-service-1,orders-service,32.95,13.11
1789598146.133,research-api-users-service-1,users-service,19.23,10.55
1789598146.133,research-api-inventory-service-1,inventory-service,5.8,9.324
1789598146.133,research-api-products-service-1,products-service,17.44,11.22
1789598146.133,research-api-grafana-1,grafana,0.06,117.9
1789598146.133,research-api-postgres-1,postgres,22.5,96.02
1789598146.133,research-api-prometheus-1,prometheus,0.06,90.81
1789598146.133,research-api-cadvisor-1,cadvisor,0.03,16.43
1789598151.127,research-api-nginx-1,nginx,21.51,19.11
1789598151.127,research-api-orders-service-1,orders-service,34.89,12.56
1789598151.127,research-api-users-service-1,users-service,18.84,10.26
1789598151.127,research-api-inventory-service-1,inventory-service,4.87,9.258
1789598151.127,research-api-products-service-1,products-service,15.71,11.94
1789598151.127,research-api-grafana-1,grafana,0.07,118.0
1789598151.127,research-api-postgres-1,postgres,23.37,96.38
1789598151.127,research-api-prometheus-1,prometheus,0.04,90.83
1789598151.127,research-api-cadvisor-1,cadvisor,0.0,17.2
1789598156.118,research-api-nginx-1,nginx,21.48,19.41
1789598156.118,research-api-orders-service-1,orders-service,30.01,13.19
1789598156.118,research-api-users-service-1,users-service,16.63,10.37
1789598156.118,research-api-inventory-service-1,inventory-service,3.46,8.883
1789598156.118,research-api-products-service-1,products-service,19.21,12.36
1789598156.118,research-api-grafana-1,grafana,0.06,118.0
1789598156.118,research-api-postgres-1,postgres,25.64,98.07
1789598156.118,research-api-prometheus-1,prometheus,0.05,91.25
1789598156.118,research-api-cadvisor-1,cadvisor,0.98,17.23
1789598161.122,research-api-nginx-1,nginx,21.31,19.88
1789598161.122,research-api-orders-service-1,orders-service,29.59,13.37
1789598161.122,research-api-users-service-1,users-service,16.84,11.87
1789598161.122,research-api-inventory-service-1,inventory-service,4.78,9.004
1789598161.122,research-api-products-service-1,products-service,17.83,11.7
1789598161.122,research-api-grafana-1,grafana,0.04,118.1
1789598161.122,research-api-postgres-1,postgres,19.58,98.11
1789598161.122,research-api-prometheus-1,prometheus,0.03,91.31
1789598161.122,research-api-cadvisor-1,cadvisor,0.0,17.89
1789598166.12,research-api-nginx-1,nginx,22.58,19.31
1789598166.12,research-api-orders-service-1,orders-service,35.79,15.09
1789598166.12,research-api-users-service-1,users-service,18.61,11.21
1789598166.12,research-api-inventory-service-1,inventory-service,3.85,9.43
1789598166.12,research-api-products-service-1,products-service,17.42,12.68
1789598166.12,research-api-grafana-1,grafana,0.08,118.1
1789598166.12,research-api-postgres-1,postgres,21.56,98.34
1789598166.12,research-api-prometheus-1,prometheus,0.07,91.73
1789598166.12,research-api-cadvisor-1,cadvisor,0.03,17.89
1789598171.105,research-api-nginx-1,nginx,23.83,18.69
1789598171.105,research-api-orders-service-1,orders-service,30.35,15.93
1789598171.105,research-api-users-service-1,users-service,18.96,12.46
1789598171.105,research-api-inventory-service-1,inventory-service,3.98,9.082
1789598171.105,research-api-products-service-1,products-service,20.45,13.12
1789598171.105,research-api-grafana-1,grafana,0.19,118.2
1789598171.105,research-api-postgres-1,postgres,21.19,102.2
1789598171.105,research-api-prometheus-1,prometheus,0.04,91.74
1789598171.105,research-api-cadvisor-1,cadvisor,0.0,17.89
1789598176.123,research-api-nginx-1,nginx,22.85,19.6
1789598176.123,research-api-orders-service-1,orders-service,33.89,14.73
1789598176.123,research-api-users-service-1,users-service,19.41,11.02
1789598176.123,research-api-inventory-service-1,inventory-service,4.21,8.711
1789598176.123,research-api-products-service-1,products-service,21.15,11.51
1789598176.123,research-api-grafana-1,grafana,0.06,118.2
1789598176.123,research-api-postgres-1,postgres,21.37,105.5
1789598176.123,research-api-prometheus-1,prometheus,0.05,92.13
1789598176.123,research-api-cadvisor-1,cadvisor,0.01,17.89
1789598181.123,research-api-nginx-1,nginx,24.65,19.56
1789598181.123,research-api-orders-service-1,orders-service,30.96,13.64
1789598181.123,research-api-users-service-1,users-service,18.47,11.62
1789598181.123,research-api-inventory-service-1,inventory-service,4.87,9.344
1789598181.123,research-api-products-service-1,products-service,20.19,11.87
1789598181.123,research-api-grafana-1,grafana,0.06,118.5
1789598181.123,research-api-postgres-1,postgres,20.74,105.1
1789598181.123,research-api-prometheus-1,prometheus,0.04,92.16
1789598181.123,research-api-cadvisor-1,cadvisor,0.0,17.95
1789598186.133,research-api-nginx-1,nginx,20.54,19.32
1789598186.133,research-api-orders-service-1,orders-service,31.37,14.2
1789598186.133,research-api-users-service-1,users-service,16.6,11.31
1789598186.133,research-api-inventory-service-1,inventory-service,4.63,9.469
1789598186.133,research-api-products-service-1,products-service,17.55,13.38
1789598186.133,research-api-grafana-1,grafana,0.08,118.5
1789598186.133,research-api-postgres-1,postgres,18.47,105.4
1789598186.133,research-api-prometheus-1,prometheus,0.06,92.54
1789598186.133,research-api-cadvisor-1,cadvisor,3.16,18.49
1789598191.149,research-api-nginx-1,nginx,21.13,19.71
1789598191.149,research-api-orders-service-1,orders-service,28.18,13.96
1789598191.149,research-api-users-service-1,users-service,17.94,11.44
1789598191.149,research-api-inventory-service-1,inventory-service,5.13,9.426
1789598191.149,research-api-products-service-1,products-service,18.9,12.28
1789598191.149,research-api-grafana-1,grafana,0.03,119.4
1789598191.149,research-api-postgres-1,postgres,19.99,105.5
1789598191.149,research-api-prometheus-1,prometheus,0.04,92.57
1789598191.149,research-api-cadvisor-1,cadvisor,0.0,18.53
1789598196.153,research-api-nginx-1,nginx,23.41,19.79
1789598196.153,research-api-orders-service-1,orders-service,31.24,14.89
1789598196.153,research-api-users-service-1,users-service,18.31,11.05
1789598196.153,research-api-inventory-service-1,inventory-service,5.18,9.68
1789598196.153,research-api-products-service-1,products-service,20.32,11.55
1789598196.153,research-api-grafana-1,grafana,0.08,119.4
1789598196.153,research-api-postgres-1,postgres,20.49,107.5
1789598196.153,research-api-prometheus-1,prometheus,0.06,93.1
1789598196.153,research-api-cadvisor-1,cadvisor,0.02,18.53
1789598201.148,research-api-nginx-1,nginx,19.26,19.73
1789598201.148,research-api-orders-service-1,orders-service,23.18,15.46
1789598201.148,research-api-users-service-1,users-service,13.56,12.21
1789598201.148,research-api-inventory-service-1,inventory-service,4.97,9.312
1789598201.148,research-api-products-service-1,products-service,14.7,11.89
1789598201.148,research-api-grafana-1,grafana,0.04,119.4
1789598201.148,research-api-postgres-1,postgres,17.77,108.0
1789598201.148,research-api-prometheus-1,prometheus,0.03,93.16
1789598201.148,research-api-cadvisor-1,cadvisor,0.0,17.21
1789598206.153,research-api-nginx-1,nginx,23.85,20.05
1789598206.153,research-api-orders-service-1,orders-service,36.58,14.99
1789598206.153,research-api-users-service-1,users-service,19.84,12.02
1789598206.153,research-api-inventory-service-1,inventory-service,4.5,9.059
1789598206.153,research-api-products-service-1,products-service,19.61,13.31
1789598206.153,research-api-grafana-1,grafana,0.06,119.4
1789598206.153,research-api-postgres-1,postgres,22.73,107.8
1789598206.153,research-api-prometheus-1,prometheus,0.07,93.19
1789598206.153,research-api-cadvisor-1,cadvisor,0.02,17.21
1789598211.132,research-api-nginx-1,nginx,21.62,19.63
1789598211.132,research-api-orders-service-1,orders-service,33.96,13.87
1789598211.132,research-api-users-service-1,users-service,18.94,12.83
1789598211.132,research-api-inventory-service-1,inventory-service,4.29,9.23
1789598211.132,research-api-products-service-1,products-service,17.64,12.11
1789598211.132,research-api-grafana-1,grafana,0.07,119.4
1789598211.132,research-api-postgres-1,postgres,21.25,108.1
1789598211.132,research-api-prometheus-1,prometheus,0.03,93.22
1789598211.132,research-api-cadvisor-1,cadvisor,0.0,17.9
1789598216.113,research-api-nginx-1,nginx,21.79,18.95
1789598216.113,research-api-orders-service-1,orders-service,27.34,14.57
1789598216.113,research-api-users-service-1,users-service,17.51,12.05
1789598216.113,research-api-inventory-service-1,inventory-service,4.32,9.352
1789598216.113,research-api-products-service-1,products-service,17.95,13.76
1789598216.113,research-api-grafana-1,grafana,0.05,119.4
1789598216.113,research-api-postgres-1,postgres,20.34,108.0
1789598216.113,research-api-prometheus-1,prometheus,0.06,93.25
1789598216.113,research-api-cadvisor-1,cadvisor,0.51,17.91
1789598221.135,research-api-nginx-1,nginx,23.84,18.21
1789598221.135,research-api-orders-service-1,orders-service,43.6,14.1
1789598221.135,research-api-users-service-1,users-service,23.89,12.65
1789598221.135,research-api-inventory-service-1,inventory-service,5.48,9.27
1789598221.135,research-api-products-service-1,products-service,21.22,13.01
1789598221.135,research-api-grafana-1,grafana,0.03,119.5
1789598221.135,research-api-postgres-1,postgres,26.7,107.6
1789598221.135,research-api-prometheus-1,prometheus,0.05,93.25
1789598221.135,research-api-cadvisor-1,cadvisor,0.0,17.91
1789598226.134,research-api-nginx-1,nginx,24.36,18.73
1789598226.134,research-api-orders-service-1,orders-service,36.01,14.11
1789598226.134,research-api-users-service-1,users-service,20.74,11.98
1789598226.134,research-api-inventory-service-1,inventory-service,5.07,8.824
1789598226.134,research-api-products-service-1,products-service,20.27,12.48
1789598226.134,research-api-grafana-1,grafana,0.08,119.5
1789598226.134,research-api-postgres-1,postgres,22.26,110.7
1789598226.134,research-api-prometheus-1,prometheus,0.07,93.28
1789598226.134,research-api-cadvisor-1,cadvisor,0.02,17.91
1789598231.158,research-api-nginx-1,nginx,22.62,17.66
1789598231.158,research-api-orders-service-1,orders-service,32.97,14.17
1789598231.158,research-api-users-service-1,users-service,19.85,11.96
1789598231.158,research-api-inventory-service-1,inventory-service,6.43,9.129
1789598231.158,research-api-products-service-1,products-service,17.86,12.0
1789598231.158,research-api-grafana-1,grafana,0.04,119.5
1789598231.158,research-api-postgres-1,postgres,21.42,110.2
1789598231.158,research-api-prometheus-1,prometheus,0.04,93.29
1789598231.158,research-api-cadvisor-1,cadvisor,0.0,18.0
1789598236.16,research-api-nginx-1,nginx,20.74,18.65
1789598236.16,research-api-orders-service-1,orders-service,36.7,14.45
1789598236.16,research-api-users-service-1,users-service,16.11,11.55
1789598236.16,research-api-inventory-service-1,inventory-service,4.14,9.281
1789598236.16,research-api-products-service-1,products-service,17.0,13.69
1789598236.16,research-api-grafana-1,grafana,0.06,119.5
1789598236.16,research-api-postgres-1,postgres,22.01,112.2
1789598236.16,research-api-prometheus-1,prometheus,0.06,93.33
1789598236.16,research-api-cadvisor-1,cadvisor,0.02,18.0
1789598241.174,research-api-nginx-1,nginx,19.38,18.94
1789598241.174,research-api-orders-service-1,orders-service,27.36,15.57
1789598241.174,research-api-users-service-1,users-service,16.82,13.07
1789598241.174,research-api-inventory-service-1,inventory-service,4.72,10.03
1789598241.174,research-api-products-service-1,products-service,17.18,12.91
1789598241.174,research-api-grafana-1,grafana,0.06,119.5
1789598241.174,research-api-postgres-1,postgres,19.13,111.1
1789598241.174,research-api-prometheus-1,prometheus,0.03,93.34
1789598241.174,research-api-cadvisor-1,cadvisor,0.0,18.27
1789598246.164,research-api-nginx-1,nginx,21.89,19.1
1789598246.164,research-api-orders-service-1,orders-service,27.1,14.41
1789598246.164,research-api-users-service-1,users-service,17.43,12.04
1789598246.164,research-api-inventory-service-1,inventory-service,4.43,9.969
1789598246.164,research-api-products-service-1,products-service,19.44,12.87
1789598246.164,research-api-grafana-1,grafana,0.06,119.5
1789598246.164,research-api-postgres-1,postgres,20.14,111.0
1789598246.164,research-api-prometheus-1,prometheus,0.06,93.34
1789598246.164,research-api-cadvisor-1,cadvisor,4.24,18.38
1789598251.171,research-api-nginx-1,nginx,24.8,18.75
1789598251.171,research-api-orders-service-1,orders-service,37.35,14.24
1789598251.171,research-api-users-service-1,users-service,20.28,11.89
1789598251.171,research-api-inventory-service-1,inventory-service,5.7,9.551
1789598251.171,research-api-products-service-1,products-service,21.37,13.29
1789598251.171,research-api-grafana-1,grafana,0.05,119.5
1789598251.171,research-api-postgres-1,postgres,22.47,111.6
1789598251.171,research-api-prometheus-1,prometheus,0.06,93.35
1789598251.171,research-api-cadvisor-1,cadvisor,0.0,18.38
1789598256.17,research-api-nginx-1,nginx,23.31,20.21
1789598256.17,research-api-orders-service-1,orders-service,30.24,14.02
1789598256.17,research-api-users-service-1,users-service,18.58,12.54
1789598256.17,research-api-inventory-service-1,inventory-service,5.15,9.547
1789598256.17,research-api-products-service-1,products-service,16.6,14.18
1789598256.17,research-api-grafana-1,grafana,0.1,119.5
1789598256.17,research-api-postgres-1,postgres,21.96,115.3
1789598256.17,research-api-prometheus-1,prometheus,0.07,93.37
1789598256.17,research-api-cadvisor-1,cadvisor,0.02,18.38
1789598261.177,research-api-nginx-1,nginx,22.34,18.66
1789598261.177,research-api-orders-service-1,orders-service,34.53,14.43
1789598261.177,research-api-users-service-1,users-service,20.39,13.12
1789598261.177,research-api-inventory-service-1,inventory-service,4.31,9.57
1789598261.177,research-api-products-service-1,products-service,16.25,13.83
1789598261.177,research-api-grafana-1,grafana,0.05,119.5
1789598261.177,research-api-postgres-1,postgres,21.32,115.2
1789598261.177,research-api-prometheus-1,prometheus,0.03,93.37
1789598261.177,research-api-cadvisor-1,cadvisor,0.0,18.54
1789598266.175,research-api-nginx-1,nginx,21.56,20.13
1789598266.175,research-api-orders-service-1,orders-service,33.04,14.36
1789598266.175,research-api-users-service-1,users-service,18.34,11.04
1789598266.175,research-api-inventory-service-1,inventory-service,5.14,9.227
1789598266.175,research-api-products-service-1,products-service,16.6,13.48
1789598266.175,research-api-grafana-1,grafana,0.06,119.5
1789598266.175,research-api-postgres-1,postgres,21.81,116.1
1789598266.175,research-api-prometheus-1,prometheus,0.07,93.42
1789598266.175,research-api-cadvisor-1,cadvisor,0.02,18.54
1789598271.169,research-api-nginx-1,nginx,26.64,18.3
1789598271.169,research-api-orders-service-1,orders-service,37.35,15.02
1789598271.169,research-api-users-service-1,users-service,21.22,12.43
1789598271.169,research-api-inventory-service-1,inventory-service,4.64,9.453
1789598271.169,research-api-products-service-1,products-service,20.05,13.31
1789598271.169,research-api-grafana-1,grafana,0.08,119.6
1789598271.169,research-api-postgres-1,postgres,24.54,114.4
1789598271.169,research-api-prometheus-1,prometheus,0.04,93.42
1789598271.169,research-api-cadvisor-1,cadvisor,0.0,19.34
1789598276.173,research-api-nginx-1,nginx,21.85,19.14
1789598276.173,research-api-orders-service-1,orders-service,27.61,16.02
1789598276.173,research-api-users-service-1,users-service,18.74,11.71
1789598276.173,research-api-inventory-service-1,inventory-service,4.1,9.488
1789598276.173,research-api-products-service-1,products-service,18.28,15.0
1789598276.173,research-api-grafana-1,grafana,0.08,119.6
1789598276.173,research-api-postgres-1,postgres,20.14,115.7
1789598276.173,research-api-prometheus-1,prometheus,0.07,93.43
1789598276.173,research-api-cadvisor-1,cadvisor,0.59,19.35
1789598281.168,research-api-nginx-1,nginx,23.78,18.39
1789598281.168,research-api-orders-service-1,orders-service,32.84,14.8
1789598281.168,research-api-users-service-1,users-service,20.56,12.86
1789598281.168,research-api-inventory-service-1,inventory-service,4.2,9.934
1789598281.168,research-api-products-service-1,products-service,17.79,12.83
1789598281.168,research-api-grafana-1,grafana,0.04,119.6
1789598281.168,research-api-postgres-1,postgres,20.57,115.6
1789598281.168,research-api-prometheus-1,prometheus,0.03,93.43
1789598281.168,research-api-cadvisor-1,cadvisor,0.0,19.36
1789598286.173,research-api-nginx-1,nginx,21.07,19.62
1789598286.173,research-api-orders-service-1,orders-service,32.24,15.53
1789598286.173,research-api-users-service-1,users-service,17.39,12.4
1789598286.173,research-api-inventory-service-1,inventory-service,4.71,9.816
1789598286.173,research-api-products-service-1,products-service,18.41,14.36
1789598286.173,research-api-grafana-1,grafana,0.13,119.6
1789598286.173,research-api-postgres-1,postgres,21.49,116.4
1789598286.173,research-api-prometheus-1,prometheus,0.06,93.44
1789598286.173,research-api-cadvisor-1,cadvisor,0.58,19.61
1789598291.174,research-api-nginx-1,nginx,23.69,19.46
1789598291.174,research-api-orders-service-1,orders-service,33.17,15.05
1789598291.174,research-api-users-service-1,users-service,17.6,12.44
1789598291.174,research-api-inventory-service-1,inventory-service,5.63,10.36
1789598291.174,research-api-products-service-1,products-service,19.8,12.74
1789598291.174,research-api-grafana-1,grafana,0.07,119.6
1789598291.174,research-api-postgres-1,postgres,22.13,115.4
1789598291.174,research-api-prometheus-1,prometheus,0.04,93.47
1789598291.174,research-api-cadvisor-1,cadvisor,0.0,18.29
1789598296.176,research-api-nginx-1,nginx,24.87,18.18
1789598296.176,research-api-orders-service-1,orders-service,31.16,14.7
1789598296.176,research-api-users-service-1,users-service,19.39,11.77
1789598296.176,research-api-inventory-service-1,inventory-service,5.39,9.309
1789598296.176,research-api-products-service-1,products-service,22.31,14.85
1789598296.176,research-api-grafana-1,grafana,0.09,119.6
1789598296.176,research-api-postgres-1,postgres,20.85,115.7
1789598296.176,research-api-prometheus-1,prometheus,0.1,93.5
1789598296.176,research-api-cadvisor-1,cadvisor,0.0,18.29
1789598301.165,research-api-nginx-1,nginx,26.18,19.41
1789598301.165,research-api-orders-service-1,orders-service,36.81,14.41
1789598301.165,research-api-users-service-1,users-service,20.55,12.17
1789598301.165,research-api-inventory-service-1,inventory-service,5.43,9.281
1789598301.165,research-api-products-service-1,products-service,23.54,13.61
1789598301.165,research-api-grafana-1,grafana,0.15,119.6
1789598301.165,research-api-postgres-1,postgres,24.36,116.6
1789598301.165,research-api-prometheus-1,prometheus,0.05,93.5
1789598301.165,research-api-cadvisor-1,cadvisor,0.0,18.94
1789598306.162,research-api-nginx-1,nginx,22.33,19.19
1789598306.162,research-api-orders-service-1,orders-service,29.19,14.78
1789598306.162,research-api-users-service-1,users-service,19.02,12.49
1789598306.162,research-api-inventory-service-1,inventory-service,4.25,9.281
1789598306.162,research-api-products-service-1,products-service,18.39,12.9
1789598306.162,research-api-grafana-1,grafana,0.08,119.6
1789598306.162,research-api-postgres-1,postgres,20.51,115.7
1789598306.162,research-api-prometheus-1,prometheus,0.07,93.57
1789598306.162,research-api-cadvisor-1,cadvisor,2.53,18.95
1789598311.136,research-api-nginx-1,nginx,25.32,19.64
1789598311.136,research-api-orders-service-1,orders-service,33.43,16.52
1789598311.136,research-api-users-service-1,users-service,18.55,13.55
1789598311.136,research-api-inventory-service-1,inventory-service,4.94,9.68
1789598311.136,research-api-products-service-1,products-service,19.05,13.66
1789598311.136,research-api-grafana-1,grafana,0.04,115.4
1789598311.136,research-api-postgres-1,postgres,22.76,116.1
1789598311.136,research-api-prometheus-1,prometheus,0.03,93.57
1789598311.136,research-api-cadvisor-1,cadvisor,0.0,18.14
1789598316.191,research-api-nginx-1,nginx,23.75,19.64
1789598316.191,research-api-orders-service-1,orders-service,27.9,14.82
1789598316.191,research-api-users-service-1,users-service,16.67,11.31
1789598316.191,research-api-inventory-service-1,inventory-service,6.17,9.5
1789598316.191,research-api-products-service-1,products-service,19.05,13.05
1789598316.191,research-api-grafana-1,grafana,0.09,115.4
1789598316.191,research-api-postgres-1,postgres,20.04,116.6
1789598316.191,research-api-prometheus-1,prometheus,0.21,89.17
1789598316.191,research-api-cadvisor-1,cadvisor,0.04,18.14
1789598321.182,research-api-nginx-1,nginx,24.37,19.37
1789598321.182,research-api-orders-service-1,orders-service,27.67,15.21
1789598321.182,research-api-users-service-1,users-service,17.44,11.55
1789598321.182,research-api-inventory-service-1,inventory-service,4.44,10.1
1789598321.182,research-api-products-service-1,products-service,18.42,12.79
1789598321.182,research-api-grafana-1,grafana,0.04,115.4
1789598321.182,research-api-postgres-1,postgres,19.51,116.1
1789598321.182,research-api-prometheus-1,prometheus,0.05,70.26
1789598321.182,research-api-cadvisor-1,cadvisor,0.0,18.16
1789598326.169,research-api-nginx-1,nginx,25.05,19.54
1789598326.169,research-api-orders-service-1,orders-service,33.52,14.34
1789598326.169,research-api-users-service-1,users-service,20.25,12.2
1789598326.169,research-api-inventory-service-1,inventory-service,5.6,10.45
1789598326.169,research-api-products-service-1,products-service,19.25,14.45
1789598326.169,research-api-grafana-1,grafana,0.06,115.4
1789598326.169,research-api-postgres-1,postgres,18.18,117.1
1789598326.169,research-api-prometheus-1,prometheus,0.08,70.26
1789598326.169,research-api-cadvisor-1,cadvisor,0.3,18.16
1789598331.177,research-api-nginx-1,nginx,25.76,20.17
1789598331.177,research-api-orders-service-1,orders-service,31.8,15.07
1789598331.177,research-api-users-service-1,users-service,22.81,12.01
1789598331.177,research-api-inventory-service-1,inventory-service,4.55,9.66
1789598331.177,research-api-products-service-1,products-service,20.63,13.98
1789598331.177,research-api-grafana-1,grafana,0.07,115.4
1789598331.177,research-api-postgres-1,postgres,22.88,116.9
1789598331.177,research-api-prometheus-1,prometheus,0.04,70.3
1789598331.177,research-api-cadvisor-1,cadvisor,0.0,18.34
1789598336.167,research-api-nginx-1,nginx,23.18,20.49
1789598336.167,research-api-orders-service-1,orders-service,30.82,15.6
1789598336.167,research-api-users-service-1,users-service,17.17,12.19
1789598336.167,research-api-inventory-service-1,inventory-service,5.26,9.711
1789598336.167,research-api-products-service-1,products-service,17.12,13.71
1789598336.167,research-api-grafana-1,grafana,0.06,115.4
1789598336.167,research-api-postgres-1,postgres,21.15,117.2
1789598336.167,research-api-prometheus-1,prometheus,0.07,70.3
1789598336.167,research-api-cadvisor-1,cadvisor,0.9,18.34
1789598341.158,research-api-nginx-1,nginx,20.87,20.27
1789598341.158,research-api-orders-service-1,orders-service,25.23,16.61
1789598341.158,research-api-users-service-1,users-service,16.86,12.65
1789598341.158,research-api-inventory-service-1,inventory-service,4.37,9.652
1789598341.158,research-api-products-service-1,products-service,16.59,12.96
1789598341.158,research-api-grafana-1,grafana,0.04,115.4
1789598341.158,research-api-postgres-1,postgres,18.05,116.7
1789598341.158,research-api-prometheus-1,prometheus,0.04,70.3
1789598341.158,research-api-cadvisor-1,cadvisor,0.0,18.98
1789598346.146,research-api-nginx-1,nginx,25.71,20.41
1789598346.146,research-api-orders-service-1,orders-service,34.63,15.38
1789598346.146,research-api-users-service-1,users-service,21.12,12.07
1789598346.146,research-api-inventory-service-1,inventory-service,6.09,9.707
1789598346.146,research-api-products-service-1,products-service,22.27,14.85
1789598346.146,research-api-grafana-1,grafana,0.16,115.4
1789598346.146,research-api-postgres-1,postgres,25.5,120.2
1789598346.146,research-api-prometheus-1,prometheus,0.08,70.3
1789598346.146,research-api-cadvisor-1,cadvisor,0.02,18.98
1789598351.136,research-api-nginx-1,nginx,22.45,19.62
1789598351.136,research-api-orders-service-1,orders-service,33.32,15.56
1789598351.136,research-api-users-service-1,users-service,19.51,12.15
1789598351.136,research-api-inventory-service-1,inventory-service,5.0,9.695
1789598351.136,research-api-products-service-1,products-service,16.81,12.86
1789598351.136,research-api-grafana-1,grafana,0.05,115.4
1789598351.136,research-api-postgres-1,postgres,21.6,120.0
1789598351.136,research-api-prometheus-1,prometheus,0.03,70.3
1789598351.136,research-api-cadvisor-1,cadvisor,0.0,19.62
1789598356.164,research-api-nginx-1,nginx,25.76,19.75
1789598356.164,research-api-orders-service-1,orders-service,32.13,15.7
1789598356.164,research-api-users-service-1,users-service,19.67,11.88
1789598356.164,research-api-inventory-service-1,inventory-service,4.1,9.473
1789598356.164,research-api-products-service-1,products-service,23.99,13.52
1789598356.164,research-api-grafana-1,grafana,0.07,115.4
1789598356.164,research-api-postgres-1,postgres,22.77,120.6
1789598356.164,research-api-prometheus-1,prometheus,0.06,70.3
1789598356.164,research-api-cadvisor-1,cadvisor,0.02,19.62
1789598361.142,research-api-nginx-1,nginx,25.64,20.68
1789598361.142,research-api-orders-service-1,orders-service,36.89,15.48
1789598361.142,research-api-users-service-1,users-service,19.47,12.48
1789598361.142,research-api-inventory-service-1,inventory-service,5.64,10.23
1789598361.142,research-api-products-service-1,products-service,17.13,12.47
1789598361.142,research-api-grafana-1,grafana,0.07,115.4
1789598361.142,research-api-postgres-1,postgres,24.86,120.0
1789598361.142,research-api-prometheus-1,prometheus,0.04,70.3
1789598361.142,research-api-cadvisor-1,cadvisor,0.0,19.63
1789598366.157,research-api-nginx-1,nginx,21.94,18.23
1789598366.157,research-api-orders-service-1,orders-service,33.05,14.27
1789598366.157,research-api-users-service-1,users-service,18.02,11.42
1789598366.157,research-api-inventory-service-1,inventory-service,4.96,8.863
1789598366.157,research-api-products-service-1,products-service,17.61,13.87
1789598366.157,research-api-grafana-1,grafana,0.06,115.4
1789598366.157,research-api-postgres-1,postgres,20.12,119.8
1789598366.157,research-api-prometheus-1,prometheus,0.05,70.3
1789598366.157,research-api-cadvisor-1,cadvisor,5.0,20.09
1789598371.165,research-api-nginx-1,nginx,25.31,18.2
1789598371.165,research-api-orders-service-1,orders-service,33.48,14.77
1789598371.165,research-api-users-service-1,users-service,16.8,13.39
1789598371.165,research-api-inventory-service-1,inventory-service,5.58,9.855
1789598371.165,research-api-products-service-1,products-service,17.08,13.1
1789598371.165,research-api-grafana-1,grafana,0.05,115.4
1789598371.165,research-api-postgres-1,postgres,21.93,119.9
1789598371.165,research-api-prometheus-1,prometheus,0.05,70.3
1789598371.165,research-api-cadvisor-1,cadvisor,0.0,20.12
1789598376.153,research-api-nginx-1,nginx,24.21,18.91
1789598376.153,research-api-orders-service-1,orders-service,34.75,15.36
1789598376.153,research-api-users-service-1,users-service,19.76,10.6
1789598376.153,research-api-inventory-service-1,inventory-service,6.23,10.21
1789598376.153,research-api-products-service-1,products-service,20.84,14.92
1789598376.153,research-api-grafana-1,grafana,0.08,115.4
1789598376.153,research-api-postgres-1,postgres,23.65,119.8
1789598376.153,research-api-prometheus-1,prometheus,0.09,70.31
1789598376.153,research-api-cadvisor-1,cadvisor,0.03,19.01
1789598381.16,research-api-nginx-1,nginx,25.72,19.47
1789598381.16,research-api-orders-service-1,orders-service,33.44,15.29
1789598381.16,research-api-users-service-1,users-service,18.22,12.95
1789598381.16,research-api-inventory-service-1,inventory-service,5.06,10.41
1789598381.16,research-api-products-service-1,products-service,21.76,13.11
1789598381.16,research-api-grafana-1,grafana,0.05,115.4
1789598381.16,research-api-postgres-1,postgres,22.69,120.3
1789598381.16,research-api-prometheus-1,prometheus,0.05,70.31
1789598381.16,research-api-cadvisor-1,cadvisor,0.0,19.45
1789598386.186,research-api-nginx-1,nginx,20.29,19.47
1789598386.186,research-api-orders-service-1,orders-service,31.05,14.34
1789598386.186,research-api-users-service-1,users-service,16.68,11.11
1789598386.186,research-api-inventory-service-1,inventory-service,3.87,10.3
1789598386.186,research-api-products-service-1,products-service,17.6,14.36
1789598386.186,research-api-grafana-1,grafana,0.05,115.4
1789598386.186,research-api-postgres-1,postgres,19.94,121.2
1789598386.186,research-api-prometheus-1,prometheus,0.07,70.32
1789598386.186,research-api-cadvisor-1,cadvisor,0.02,19.45
1789598391.184,research-api-nginx-1,nginx,24.16,19.62
1789598391.184,research-api-orders-service-1,orders-service,31.28,14.98
1789598391.184,research-api-users-service-1,users-service,17.62,12.56
1789598391.184,research-api-inventory-service-1,inventory-service,3.47,11.7
1789598391.184,research-api-products-service-1,products-service,20.81,13.18
1789598391.184,research-api-grafana-1,grafana,0.08,115.4
1789598391.184,research-api-postgres-1,postgres,22.38,120.9
1789598391.184,research-api-prometheus-1,prometheus,0.04,70.32
1789598391.184,research-api-cadvisor-1,cadvisor,0.0,19.82
1789598396.171,research-api-nginx-1,nginx,19.87,20.0
1789598396.171,research-api-orders-service-1,orders-service,25.28,15.83
1789598396.171,research-api-users-service-1,users-service,16.74,11.8
1789598396.171,research-api-inventory-service-1,inventory-service,4.5,10.47
1789598396.171,research-api-products-service-1,products-service,15.65,14.18
1789598396.171,research-api-grafana-1,grafana,0.06,115.4
1789598396.171,research-api-postgres-1,postgres,17.8,121.5
1789598396.171,research-api-prometheus-1,prometheus,0.05,70.34
1789598396.171,research-api-cadvisor-1,cadvisor,0.65,19.82
1789598401.16,research-api-nginx-1,nginx,22.75,20.04
1789598401.16,research-api-orders-service-1,orders-service,29.46,15.05
1789598401.16,research-api-users-service-1,users-service,17.41,12.18
1789598401.16,research-api-inventory-service-1,inventory-service,4.68,10.25
1789598401.16,research-api-products-service-1,products-service,18.28,13.48
1789598401.16,research-api-grafana-1,grafana,0.04,115.4
1789598401.16,research-api-postgres-1,postgres,20.22,120.9
1789598401.16,research-api-prometheus-1,prometheus,0.04,70.34
1789598401.16,research-api-cadvisor-1,cadvisor,0.06,19.84
1789598406.153,research-api-nginx-1,nginx,22.57,20.04
1789598406.153,research-api-orders-service-1,orders-service,32.61,14.63
1789598406.153,research-api-users-service-1,users-service,16.94,12.29
1789598406.153,research-api-inventory-service-1,inventory-service,3.52,10.84
1789598406.153,research-api-products-service-1,products-service,15.22,14.65
1789598406.153,research-api-grafana-1,grafana,0.09,115.4
1789598406.153,research-api-postgres-1,postgres,20.5,121.0
1789598406.153,research-api-prometheus-1,prometheus,0.05,70.37
1789598406.153,research-api-cadvisor-1,cadvisor,0.05,19.84
1789598411.149,research-api-nginx-1,nginx,20.43,19.61
1789598411.149,research-api-orders-service-1,orders-service,29.69,15.97
1789598411.149,research-api-users-service-1,users-service,19.43,11.89
1789598411.149,research-api-inventory-service-1,inventory-service,4.88,11.34
1789598411.149,research-api-products-service-1,products-service,15.87,13.46
1789598411.149,research-api-grafana-1,grafana,0.04,115.4
1789598411.149,research-api-postgres-1,postgres,19.97,120.8
1789598411.149,research-api-prometheus-1,prometheus,0.03,70.37
1789598411.149,research-api-cadvisor-1,cadvisor,0.0,19.43
1789598416.143,research-api-nginx-1,nginx,22.1,19.47
1789598416.143,research-api-orders-service-1,orders-service,30.92,15.52
1789598416.143,research-api-users-service-1,users-service,18.62,11.7
1789598416.143,research-api-inventory-service-1,inventory-service,5.4,10.43
1789598416.143,research-api-products-service-1,products-service,18.94,13.03
1789598416.143,research-api-grafana-1,grafana,0.05,115.4
1789598416.143,research-api-postgres-1,postgres,21.65,121.2
1789598416.143,research-api-prometheus-1,prometheus,0.05,70.4
1789598416.143,research-api-cadvisor-1,cadvisor,0.02,19.43
1789598421.207,research-api-nginx-1,nginx,26.51,19.38
1789598421.207,research-api-orders-service-1,orders-service,34.57,14.87
1789598421.207,research-api-users-service-1,users-service,18.85,12.38
1789598421.207,research-api-inventory-service-1,inventory-service,6.74,11.14
1789598421.207,research-api-products-service-1,products-service,22.27,13.33
1789598421.207,research-api-grafana-1,grafana,0.06,115.4
1789598421.207,research-api-postgres-1,postgres,28.77,121.7
1789598421.207,research-api-prometheus-1,prometheus,0.03,70.39
1789598421.207,research-api-cadvisor-1,cadvisor,0.0,19.43
1789598426.19,research-api-nginx-1,nginx,34.13,19.55
1789598426.19,research-api-orders-service-1,orders-service,47.75,15.59
1789598426.19,research-api-users-service-1,users-service,26.66,11.43
1789598426.19,research-api-inventory-service-1,inventory-service,7.42,11.05
1789598426.19,research-api-products-service-1,products-service,27.63,13.97
1789598426.19,research-api-grafana-1,grafana,0.08,115.4
1789598426.19,research-api-postgres-1,postgres,34.18,121.3
1789598426.19,research-api-prometheus-1,prometheus,0.08,70.41
1789598426.19,research-api-cadvisor-1,cadvisor,3.14,18.88
1789598431.154,research-api-nginx-1,nginx,44.38,19.73
1789598431.154,research-api-orders-service-1,orders-service,63.63,16.15
1789598431.154,research-api-users-service-1,users-service,33.65,11.83
1789598431.154,research-api-inventory-service-1,inventory-service,9.82,10.1
1789598431.154,research-api-products-service-1,products-service,33.09,13.72
1789598431.154,research-api-grafana-1,grafana,0.03,115.5
1789598431.154,research-api-postgres-1,postgres,41.87,120.9
1789598431.154,research-api-prometheus-1,prometheus,0.03,70.42
1789598431.154,research-api-cadvisor-1,cadvisor,0.0,18.89
1789598436.18,research-api-nginx-1,nginx,47.72,20.6
1789598436.18,research-api-orders-service-1,orders-service,62.0,17.34
1789598436.18,research-api-users-service-1,users-service,35.89,12.35
1789598436.18,research-api-inventory-service-1,inventory-service,8.52,9.738
1789598436.18,research-api-products-service-1,products-service,37.07,13.45
1789598436.18,research-api-grafana-1,grafana,0.08,115.5
1789598436.18,research-api-postgres-1,postgres,46.82,121.4
1789598436.18,research-api-prometheus-1,prometheus,0.07,67.3
1789598436.18,research-api-cadvisor-1,cadvisor,0.04,18.89
1789598441.156,research-api-nginx-1,nginx,56.26,20.54
1789598441.156,research-api-orders-service-1,orders-service,72.98,15.2
1789598441.156,research-api-users-service-1,users-service,38.9,11.44
1789598441.156,research-api-inventory-service-1,inventory-service,10.16,10.27
1789598441.156,research-api-products-service-1,products-service,43.45,13.77
1789598441.156,research-api-grafana-1,grafana,0.05,115.5
1789598441.156,research-api-postgres-1,postgres,51.72,122.4
1789598441.156,research-api-prometheus-1,prometheus,0.03,67.3
1789598441.156,research-api-cadvisor-1,cadvisor,0.0,19.25
1789598446.15,research-api-nginx-1,nginx,59.55,21.29
1789598446.15,research-api-orders-service-1,orders-service,75.55,16.6
1789598446.15,research-api-users-service-1,users-service,41.46,11.35
1789598446.15,research-api-inventory-service-1,inventory-service,10.39,9.906
1789598446.15,research-api-products-service-1,products-service,45.81,13.51
1789598446.15,research-api-grafana-1,grafana,0.04,115.5
1789598446.15,research-api-postgres-1,postgres,56.86,122.9
1789598446.15,research-api-prometheus-1,prometheus,0.05,67.3
1789598446.15,research-api-cadvisor-1,cadvisor,0.02,19.26
1789598451.148,research-api-nginx-1,nginx,67.53,20.97
1789598451.148,research-api-orders-service-1,orders-service,87.74,16.56
1789598451.148,research-api-users-service-1,users-service,46.36,12.05
1789598451.148,research-api-inventory-service-1,inventory-service,14.68,10.62
1789598451.148,research-api-products-service-1,products-service,52.01,13.32
1789598451.148,research-api-grafana-1,grafana,0.05,115.5
1789598451.148,research-api-postgres-1,postgres,61.75,124.6
1789598451.148,research-api-prometheus-1,prometheus,0.03,67.3
1789598451.148,research-api-cadvisor-1,cadvisor,0.0,19.27
1789598456.149,research-api-nginx-1,nginx,64.93,20.75
1789598456.149,research-api-orders-service-1,orders-service,82.28,16.88
1789598456.149,research-api-users-service-1,users-service,47.73,12.13
1789598456.149,research-api-inventory-service-1,inventory-service,12.45,10.25
1789598456.149,research-api-products-service-1,products-service,51.22,13.58
1789598456.149,research-api-grafana-1,grafana,0.06,115.5
1789598456.149,research-api-postgres-1,postgres,63.39,124.8
1789598456.149,research-api-prometheus-1,prometheus,0.05,67.31
1789598456.149,research-api-cadvisor-1,cadvisor,0.68,19.27
1789598461.17,research-api-nginx-1,nginx,63.76,21.27
1789598461.17,research-api-orders-service-1,orders-service,82.89,17.36
1789598461.17,research-api-users-service-1,users-service,46.4,12.05
1789598461.17,research-api-inventory-service-1,inventory-service,13.49,9.781
1789598461.17,research-api-products-service-1,products-service,47.33,13.77
1789598461.17,research-api-grafana-1,grafana,0.03,115.5
1789598461.17,research-api-postgres-1,postgres,64.46,130.1
1789598461.17,research-api-prometheus-1,prometheus,0.08,67.31
1789598461.17,research-api-cadvisor-1,cadvisor,0.0,19.04
1789598466.152,research-api-nginx-1,nginx,62.6,22.03
1789598466.152,research-api-orders-service-1,orders-service,85.07,18.55
1789598466.152,research-api-users-service-1,users-service,44.46,11.57
1789598466.152,research-api-inventory-service-1,inventory-service,13.3,10.23
1789598466.152,research-api-products-service-1,products-service,46.3,14.21
1789598466.152,research-api-grafana-1,grafana,0.08,115.5
1789598466.152,research-api-postgres-1,postgres,64.57,131.0
1789598466.152,research-api-prometheus-1,prometheus,0.05,67.32
1789598466.152,research-api-cadvisor-1,cadvisor,0.03,19.04
1789598471.158,research-api-nginx-1,nginx,65.73,22.37
1789598471.158,research-api-orders-service-1,orders-service,81.27,18.6
1789598471.158,research-api-users-service-1,users-service,46.74,12.81
1789598471.158,research-api-inventory-service-1,inventory-service,12.71,10.23
1789598471.158,research-api-products-service-1,products-service,46.28,13.91
1789598471.158,research-api-grafana-1,grafana,0.03,115.5
1789598471.158,research-api-postgres-1,postgres,54.86,131.9
1789598471.158,research-api-prometheus-1,prometheus,0.03,67.32
1789598471.158,research-api-cadvisor-1,cadvisor,0.0,19.05
1789598476.167,research-api-nginx-1,nginx,68.66,22.21
1789598476.167,research-api-orders-service-1,orders-service,89.88,20.09
1789598476.167,research-api-users-service-1,users-service,49.8,12.8
1789598476.167,research-api-inventory-service-1,inventory-service,12.38,9.75
1789598476.167,research-api-products-service-1,products-service,53.2,13.74
1789598476.167,research-api-grafana-1,grafana,0.04,115.5
1789598476.167,research-api-postgres-1,postgres,64.98,131.7
1789598476.167,research-api-prometheus-1,prometheus,0.05,67.32
1789598476.167,research-api-cadvisor-1,cadvisor,0.01,19.05
1789598481.187,research-api-nginx-1,nginx,69.24,22.71
1789598481.187,research-api-orders-service-1,orders-service,213.27,20.94
1789598481.187,research-api-users-service-1,users-service,45.15,12.32
1789598481.187,research-api-inventory-service-1,inventory-service,13.11,10.26
1789598481.187,research-api-products-service-1,products-service,50.88,13.76
1789598481.187,research-api-grafana-1,grafana,0.05,115.5
1789598481.187,research-api-postgres-1,postgres,61.12,138.9
1789598481.187,research-api-prometheus-1,prometheus,0.02,67.32
1789598481.187,research-api-cadvisor-1,cadvisor,0.0,19.53
1789598486.318,research-api-nginx-1,nginx,96.63,22.91
1789598486.318,research-api-orders-service-1,orders-service,206.63,21.09
1789598486.318,research-api-users-service-1,users-service,61.29,13.42
1789598486.318,research-api-inventory-service-1,inventory-service,16.63,9.508
1789598486.318,research-api-products-service-1,products-service,69.24,14.23
1789598486.318,research-api-grafana-1,grafana,1.34,115.5
1789598486.318,research-api-postgres-1,postgres,87.54,139.1
1789598486.318,research-api-prometheus-1,prometheus,0.06,67.32
1789598486.318,research-api-cadvisor-1,cadvisor,2.94,19.65
1789598491.443,research-api-nginx-1,nginx,95.04,22.5
1789598491.443,research-api-orders-service-1,orders-service,104.9,21.78
1789598491.443,research-api-users-service-1,users-service,55.91,14.12
1789598491.443,research-api-inventory-service-1,inventory-service,17.6,10.29
1789598491.443,research-api-products-service-1,products-service,60.18,15.2
1789598491.443,research-api-grafana-1,grafana,0.03,115.5
1789598491.443,research-api-postgres-1,postgres,78.87,144.2
1789598491.443,research-api-prometheus-1,prometheus,0.04,67.32
1789598491.443,research-api-cadvisor-1,cadvisor,1.07,19.04
1789598496.334,research-api-nginx-1,nginx,100.79,23.09
1789598496.334,research-api-orders-service-1,orders-service,176.33,21.78
1789598496.334,research-api-users-service-1,users-service,65.5,13.11
1789598496.334,research-api-inventory-service-1,inventory-service,16.82,10.57
1789598496.334,research-api-products-service-1,products-service,66.22,14.7
1789598496.334,research-api-grafana-1,grafana,0.67,115.7
1789598496.334,research-api-postgres-1,postgres,85.88,144.6
1789598496.334,research-api-prometheus-1,prometheus,0.05,67.34
1789598496.334,research-api-cadvisor-1,cadvisor,0.01,19.04
1789598501.321,research-api-nginx-1,nginx,100.95,22.96
1789598501.321,research-api-orders-service-1,orders-service,177.99,21.57
1789598501.321,research-api-users-service-1,users-service,66.53,14.28
1789598501.321,research-api-inventory-service-1,inventory-service,17.45,11.68
1789598501.321,research-api-products-service-1,products-service,69.38,16.0
1789598501.321,research-api-grafana-1,grafana,0.04,115.5
1789598501.321,research-api-postgres-1,postgres,83.36,144.7
1789598501.321,research-api-prometheus-1,prometheus,0.03,67.34
1789598501.321,research-api-cadvisor-1,cadvisor,0.0,19.69
1789598506.295,research-api-nginx-1,nginx,90.93,22.98
1789598506.295,research-api-orders-service-1,orders-service,237.3,20.59
1789598506.295,research-api-users-service-1,users-service,56.21,13.36
1789598506.295,research-api-inventory-service-1,inventory-service,16.49,10.38
1789598506.295,research-api-products-service-1,products-service,66.29,15.23
1789598506.295,research-api-grafana-1,grafana,0.33,115.7
1789598506.295,research-api-postgres-1,postgres,76.13,145.3
1789598506.295,research-api-prometheus-1,prometheus,0.05,67.34
1789598506.295,research-api-cadvisor-1,cadvisor,0.01,19.69
1789598511.285,research-api-nginx-1,nginx,94.16,23.54
1789598511.285,research-api-orders-service-1,orders-service,121.12,21.57
1789598511.285,research-api-users-service-1,users-service,62.14,13.49
1789598511.285,research-api-inventory-service-1,inventory-service,19.12,10.07
1789598511.285,research-api-products-service-1,products-service,68.66,15.09
1789598511.285,research-api-grafana-1,grafana,0.06,115.5
1789598511.285,research-api-postgres-1,postgres,80.46,145.3
1789598511.285,research-api-prometheus-1,prometheus,0.04,67.34
1789598511.285,research-api-cadvisor-1,cadvisor,0.0,19.88
1789598516.27,research-api-nginx-1,nginx,87.28,23.61
1789598516.27,research-api-orders-service-1,orders-service,105.87,20.96
1789598516.27,research-api-users-service-1,users-service,62.1,13.8
1789598516.27,research-api-inventory-service-1,inventory-service,15.84,10.43
1789598516.27,research-api-products-service-1,products-service,66.23,14.73
1789598516.27,research-api-grafana-1,grafana,0.45,115.5
1789598516.27,research-api-postgres-1,postgres,76.27,145.3
1789598516.27,research-api-prometheus-1,prometheus,0.07,67.35
1789598516.27,research-api-cadvisor-1,cadvisor,0.63,19.88
1789598521.246,research-api-nginx-1,nginx,89.64,22.81
1789598521.246,research-api-orders-service-1,orders-service,113.28,21.67
1789598521.246,research-api-users-service-1,users-service,61.68,14.2
1789598521.246,research-api-inventory-service-1,inventory-service,17.27,10.7
1789598521.246,research-api-products-service-1,products-service,62.16,14.39
1789598521.246,research-api-grafana-1,grafana,0.04,115.5
1789598521.246,research-api-postgres-1,postgres,76.75,145.8
1789598521.246,research-api-prometheus-1,prometheus,0.04,67.35
1789598521.246,research-api-cadvisor-1,cadvisor,0.0,19.88
1789598526.261,research-api-nginx-1,nginx,86.84,23.32
1789598526.261,research-api-orders-service-1,orders-service,98.94,21.2
1789598526.261,research-api-users-service-1,users-service,59.06,14.31
1789598526.261,research-api-inventory-service-1,inventory-service,16.93,10.33
1789598526.261,research-api-products-service-1,products-service,61.11,15.21
1789598526.261,research-api-grafana-1,grafana,0.44,115.7
1789598526.261,research-api-postgres-1,postgres,72.16,146.3
1789598526.261,research-api-prometheus-1,prometheus,0.06,67.35
1789598526.261,research-api-cadvisor-1,cadvisor,0.02,19.88
1789598531.248,research-api-nginx-1,nginx,87.83,24.03
1789598531.248,research-api-orders-service-1,orders-service,112.12,20.93
1789598531.248,research-api-users-service-1,users-service,59.36,14.36
1789598531.248,research-api-inventory-service-1,inventory-service,17.45,11.5
1789598531.248,research-api-products-service-1,products-service,67.97,16.1
1789598531.248,research-api-grafana-1,grafana,0.04,115.5
1789598531.248,research-api-postgres-1,postgres,76.63,147.0
1789598531.248,research-api-prometheus-1,prometheus,0.03,67.35
1789598531.248,research-api-cadvisor-1,cadvisor,0.0,19.97
1789598536.246,research-api-nginx-1,nginx,89.68,23.18
1789598536.246,research-api-orders-service-1,orders-service,111.56,21.3
1789598536.246,research-api-users-service-1,users-service,64.22,14.22
1789598536.246,research-api-inventory-service-1,inventory-service,18.12,11.22
1789598536.246,research-api-products-service-1,products-service,63.7,15.1
1789598536.246,research-api-grafana-1,grafana,0.1,115.5
1789598536.246,research-api-postgres-1,postgres,78.73,147.4
1789598536.246,research-api-prometheus-1,prometheus,0.08,67.35
1789598536.246,research-api-cadvisor-1,cadvisor,0.02,20.11
1789598541.269,research-api-nginx-1,nginx,85.34,23.44
1789598541.269,research-api-orders-service-1,orders-service,103.98,20.18
1789598541.269,research-api-users-service-1,users-service,59.73,13.79
1789598541.269,research-api-inventory-service-1,inventory-service,16.39,10.91
1789598541.269,research-api-products-service-1,products-service,63.38,15.8
1789598541.269,research-api-grafana-1,grafana,0.07,115.5
1789598541.269,research-api-postgres-1,postgres,74.39,146.9
1789598541.269,research-api-prometheus-1,prometheus,0.05,67.43
1789598541.269,research-api-cadvisor-1,cadvisor,0.0,20.61
1789598546.313,research-api-nginx-1,nginx,93.61,22.82
1789598546.313,research-api-orders-service-1,orders-service,264.95,21.15
1789598546.313,research-api-users-service-1,users-service,58.84,13.89
1789598546.313,research-api-inventory-service-1,inventory-service,16.54,10.47
1789598546.313,research-api-products-service-1,products-service,62.99,15.39
1789598546.313,research-api-grafana-1,grafana,1.03,115.5
1789598546.313,research-api-postgres-1,postgres,74.59,147.4
1789598546.313,research-api-prometheus-1,prometheus,0.06,67.47
1789598546.313,research-api-cadvisor-1,cadvisor,5.06,18.63
1789598551.299,research-api-nginx-1,nginx,98.63,23.02
1789598551.299,research-api-orders-service-1,orders-service,253.35,21.07
1789598551.299,research-api-users-service-1,users-service,61.71,14.02
1789598551.299,research-api-inventory-service-1,inventory-service,17.64,10.41
1789598551.299,research-api-products-service-1,products-service,64.57,14.99
1789598551.299,research-api-grafana-1,grafana,0.04,115.0
1789598551.299,research-api-postgres-1,postgres,76.27,148.1
1789598551.299,research-api-prometheus-1,prometheus,0.03,67.47
1789598551.299,research-api-cadvisor-1,cadvisor,0.0,18.64
1789598556.282,research-api-nginx-1,nginx,91.77,23.16
1789598556.282,research-api-orders-service-1,orders-service,116.34,21.8
1789598556.282,research-api-users-service-1,users-service,60.0,13.0
1789598556.282,research-api-inventory-service-1,inventory-service,16.65,11.42
1789598556.282,research-api-products-service-1,products-service,64.85,16.16
1789598556.282,research-api-grafana-1,grafana,0.51,115.0
1789598556.282,research-api-postgres-1,postgres,74.8,147.7
1789598556.282,research-api-prometheus-1,prometheus,0.06,67.5
1789598556.282,research-api-cadvisor-1,cadvisor,0.02,18.64
1789598561.314,research-api-nginx-1,nginx,92.47,23.0
1789598561.314,research-api-orders-service-1,orders-service,109.94,21.78
1789598561.314,research-api-users-service-1,users-service,65.54,13.55
1789598561.314,research-api-inventory-service-1,inventory-service,17.13,9.812
1789598561.314,research-api-products-service-1,products-service,64.46,16.04
1789598561.314,research-api-grafana-1,grafana,0.06,115.0
1789598561.314,research-api-postgres-1,postgres,76.15,148.6
1789598561.314,research-api-prometheus-1,prometheus,0.03,67.5
1789598561.314,research-api-cadvisor-1,cadvisor,0.0,19.3
1789598566.237,research-api-nginx-1,nginx,84.73,22.99
1789598566.237,research-api-orders-service-1,orders-service,101.46,21.64
1789598566.237,research-api-users-service-1,users-service,59.34,13.62
1789598566.237,research-api-inventory-service-1,inventory-service,16.06,10.41
1789598566.237,research-api-products-service-1,products-service,59.59,15.43
1789598566.237,research-api-grafana-1,grafana,0.06,115.0
1789598566.237,research-api-postgres-1,postgres,71.31,148.7
1789598566.237,research-api-prometheus-1,prometheus,0.06,67.51
1789598566.237,research-api-cadvisor-1,cadvisor,0.02,19.3
1789598571.259,research-api-nginx-1,nginx,88.17,23.45
1789598571.259,research-api-orders-service-1,orders-service,155.86,21.9
1789598571.259,research-api-users-service-1,users-service,56.52,14.24
1789598571.259,research-api-inventory-service-1,inventory-service,17.49,9.734
1789598571.259,research-api-products-service-1,products-service,64.59,15.98
1789598571.259,research-api-grafana-1,grafana,0.07,115.0
1789598571.259,research-api-postgres-1,postgres,75.12,149.1
1789598571.259,research-api-prometheus-1,prometheus,0.02,67.5
1789598571.259,research-api-cadvisor-1,cadvisor,0.0,20.15
1789598576.23,research-api-nginx-1,nginx,91.86,23.66
1789598576.23,research-api-orders-service-1,orders-service,157.76,21.59
1789598576.23,research-api-users-service-1,users-service,60.72,14.03
1789598576.23,research-api-inventory-service-1,inventory-service,17.84,9.938
1789598576.23,research-api-products-service-1,products-service,65.83,15.38
1789598576.23,research-api-grafana-1,grafana,0.07,115.0
1789598576.23,research-api-postgres-1,postgres,74.62,149.6
1789598576.23,research-api-prometheus-1,prometheus,0.05,67.52
1789598576.23,research-api-cadvisor-1,cadvisor,0.89,20.16
1789598581.259,research-api-nginx-1,nginx,91.3,22.84
1789598581.259,research-api-orders-service-1,orders-service,111.47,21.01
1789598581.259,research-api-users-service-1,users-service,63.44,12.79
1789598581.259,research-api-inventory-service-1,inventory-service,18.08,9.973
1789598581.259,research-api-products-service-1,products-service,71.15,15.67
1789598581.259,research-api-grafana-1,grafana,0.04,115.0
1789598581.259,research-api-postgres-1,postgres,78.62,150.2
1789598581.259,research-api-prometheus-1,prometheus,0.03,67.51
1789598581.259,research-api-cadvisor-1,cadvisor,0.0,20.14
1789598586.256,research-api-nginx-1,nginx,87.82,23.52
1789598586.256,research-api-orders-service-1,orders-service,101.24,22.11
1789598586.256,research-api-users-service-1,users-service,61.22,13.31
1789598586.256,research-api-inventory-service-1,inventory-service,15.62,9.945
1789598586.256,research-api-products-service-1,products-service,66.47,16.21
1789598586.256,research-api-grafana-1,grafana,0.38,115.0
1789598586.256,research-api-postgres-1,postgres,74.42,149.7
1789598586.256,research-api-prometheus-1,prometheus,0.06,67.52
1789598586.256,research-api-cadvisor-1,cadvisor,0.01,20.14
1789598591.277,research-api-nginx-1,nginx,91.91,23.12
1789598591.277,research-api-orders-service-1,orders-service,118.27,21.2
1789598591.277,research-api-users-service-1,users-service,61.01,13.71
1789598591.277,research-api-inventory-service-1,inventory-service,18.58,10.4
1789598591.277,research-api-products-service-1,products-service,70.35,16.04
1789598591.277,research-api-grafana-1,grafana,0.04,115.0
1789598591.277,research-api-postgres-1,postgres,77.19,150.7
1789598591.277,research-api-prometheus-1,prometheus,0.03,67.52
1789598591.277,research-api-cadvisor-1,cadvisor,0.0,20.15
1789598596.296,research-api-nginx-1,nginx,87.26,22.79
1789598596.296,research-api-orders-service-1,orders-service,112.52,21.99
1789598596.296,research-api-users-service-1,users-service,60.97,13.59
1789598596.296,research-api-inventory-service-1,inventory-service,16.69,10.55
1789598596.296,research-api-products-service-1,products-service,66.69,15.68
1789598596.296,research-api-grafana-1,grafana,0.4,115.0
1789598596.296,research-api-postgres-1,postgres,74.95,150.7
1789598596.296,research-api-prometheus-1,prometheus,0.06,67.52
1789598596.296,research-api-cadvisor-1,cadvisor,0.01,20.15
1789598601.286,research-api-nginx-1,nginx,87.95,23.46
1789598601.286,research-api-orders-service-1,orders-service,115.68,21.0
1789598601.286,research-api-users-service-1,users-service,62.13,13.94
1789598601.286,research-api-inventory-service-1,inventory-service,15.41,10.1
1789598601.286,research-api-products-service-1,products-service,65.96,15.92
1789598601.286,research-api-grafana-1,grafana,0.05,115.0
1789598601.286,research-api-postgres-1,postgres,76.98,151.0
1789598601.286,research-api-prometheus-1,prometheus,0.04,67.52
1789598601.286,research-api-cadvisor-1,cadvisor,0.0,21.15
1789598606.307,research-api-nginx-1,nginx,89.41,23.42
1789598606.307,research-api-orders-service-1,orders-service,108.52,20.58
1789598606.307,research-api-users-service-1,users-service,56.82,14.5
1789598606.307,research-api-inventory-service-1,inventory-service,15.74,9.684
1789598606.307,research-api-products-service-1,products-service,64.56,16.86
1789598606.307,research-api-grafana-1,grafana,0.04,115.0
1789598606.307,research-api-postgres-1,postgres,72.37,151.2
1789598606.307,research-api-prometheus-1,prometheus,0.05,67.52
1789598606.307,research-api-cadvisor-1,cadvisor,0.0,21.15
1789598611.276,research-api-nginx-1,nginx,90.82,23.02
1789598611.276,research-api-orders-service-1,orders-service,260.01,21.65
1789598611.276,research-api-users-service-1,users-service,56.69,14.12
1789598611.276,research-api-inventory-service-1,inventory-service,16.12,9.965
1789598611.276,research-api-products-service-1,products-service,62.83,15.71
1789598611.276,research-api-grafana-1,grafana,0.04,115.0
1789598611.276,research-api-postgres-1,postgres,73.03,151.4
1789598611.276,research-api-prometheus-1,prometheus,0.04,67.52
1789598611.276,research-api-cadvisor-1,cadvisor,0.0,21.22
1789598616.32,research-api-nginx-1,nginx,92.3,22.98
1789598616.32,research-api-orders-service-1,orders-service,282.25,22.31
1789598616.32,research-api-users-service-1,users-service,61.85,14.75
1789598616.32,research-api-inventory-service-1,inventory-service,17.33,10.46
1789598616.32,research-api-products-service-1,products-service,61.9,16.36
1789598616.32,research-api-grafana-1,grafana,0.4,115.0
1789598616.32,research-api-postgres-1,postgres,75.79,151.7
1789598616.32,research-api-prometheus-1,prometheus,0.05,67.52
1789598616.32,research-api-cadvisor-1,cadvisor,0.02,21.22
1789598621.334,research-api-nginx-1,nginx,91.41,23.58
1789598621.334,research-api-orders-service-1,orders-service,214.06,21.41
1789598621.334,research-api-users-service-1,users-service,62.67,14.25
1789598621.334,research-api-inventory-service-1,inventory-service,14.96,10.31
1789598621.334,research-api-products-service-1,products-service,62.64,15.74
1789598621.334,research-api-grafana-1,grafana,0.05,115.0
1789598621.334,research-api-postgres-1,postgres,77.79,151.4
1789598621.334,research-api-prometheus-1,prometheus,0.03,67.53
1789598621.334,research-api-cadvisor-1,cadvisor,0.0,20.28
1789598626.317,research-api-nginx-1,nginx,87.99,23.34
1789598626.317,research-api-orders-service-1,orders-service,100.09,21.46
1789598626.317,research-api-users-service-1,users-service,60.68,14.15
1789598626.317,research-api-inventory-service-1,inventory-service,17.64,10.67
1789598626.317,research-api-products-service-1,products-service,64.23,16.41
1789598626.317,research-api-grafana-1,grafana,0.39,115.0
1789598626.317,research-api-postgres-1,postgres,76.06,153.2
1789598626.317,research-api-prometheus-1,prometheus,0.08,67.53
1789598626.317,research-api-cadvisor-1,cadvisor,0.02,20.29
1789598631.283,research-api-nginx-1,nginx,83.63,23.27
1789598631.283,research-api-orders-service-1,orders-service,97.04,21.5
1789598631.283,research-api-users-service-1,users-service,57.95,13.94
1789598631.283,research-api-inventory-service-1,inventory-service,16.52,11.25
1789598631.283,research-api-products-service-1,products-service,59.91,15.54
1789598631.283,research-api-grafana-1,grafana,0.08,115.0
1789598631.283,research-api-postgres-1,postgres,71.01,153.4
1789598631.283,research-api-prometheus-1,prometheus,0.04,67.53
1789598631.283,research-api-cadvisor-1,cadvisor,0.0,19.62
1789598636.279,research-api-nginx-1,nginx,89.99,22.2
1789598636.279,research-api-orders-service-1,orders-service,105.75,21.28
1789598636.279,research-api-users-service-1,users-service,57.68,13.41
1789598636.279,research-api-inventory-service-1,inventory-service,18.29,10.39
1789598636.279,research-api-products-service-1,products-service,64.29,15.21
1789598636.279,research-api-grafana-1,grafana,0.33,115.2
1789598636.279,research-api-postgres-1,postgres,75.84,152.8
1789598636.279,research-api-prometheus-1,prometheus,0.05,67.54
1789598636.279,research-api-cadvisor-1,cadvisor,0.77,20.02
1789598641.305,research-api-nginx-1,nginx,91.02,23.19
1789598641.305,research-api-orders-service-1,orders-service,169.49,21.36
1789598641.305,research-api-users-service-1,users-service,58.76,13.96
1789598641.305,research-api-inventory-service-1,inventory-service,17.58,11.26
1789598641.305,research-api-products-service-1,products-service,60.95,16.03
1789598641.305,research-api-grafana-1,grafana,0.14,115.0
1789598641.305,research-api-postgres-1,postgres,73.9,153.3
1789598641.305,research-api-prometheus-1,prometheus,0.03,67.54
1789598641.305,research-api-cadvisor-1,cadvisor,0.0,20.28
1789598646.291,research-api-nginx-1,nginx,87.55,23.27
1789598646.291,research-api-orders-service-1,orders-service,123.36,19.91
1789598646.291,research-api-users-service-1,users-service,62.45,14.01
1789598646.291,research-api-inventory-service-1,inventory-service,16.79,10.82
1789598646.291,research-api-products-service-1,products-service,67.56,14.94
1789598646.291,research-api-grafana-1,grafana,0.36,115.0
1789598646.291,research-api-postgres-1,postgres,77.88,153.3
1789598646.291,research-api-prometheus-1,prometheus,0.06,67.54
1789598646.291,research-api-cadvisor-1,cadvisor,0.03,20.28
1789598651.285,research-api-nginx-1,nginx,85.46,23.78
1789598651.285,research-api-orders-service-1,orders-service,99.32,20.91
1789598651.285,research-api-users-service-1,users-service,61.93,13.93
1789598651.285,research-api-inventory-service-1,inventory-service,19.16,10.36
1789598651.285,research-api-products-service-1,products-service,59.44,15.26
1789598651.285,research-api-grafana-1,grafana,0.06,115.0
1789598651.285,research-api-postgres-1,postgres,71.58,154.1
1789598651.285,research-api-prometheus-1,prometheus,0.04,67.54
1789598651.285,research-api-cadvisor-1,cadvisor,0.0,20.39
1789598656.285,research-api-nginx-1,nginx,85.92,23.54
1789598656.285,research-api-orders-service-1,orders-service,108.41,21.07
1789598656.285,research-api-users-service-1,users-service,58.37,14.46
1789598656.285,research-api-inventory-service-1,inventory-service,17.73,10.92
1789598656.285,research-api-products-service-1,products-service,64.58,15.43
1789598656.285,research-api-grafana-1,grafana,0.42,115.0
1789598656.285,research-api-postgres-1,postgres,75.62,154.9
1789598656.285,research-api-prometheus-1,prometheus,0.05,67.55
1789598656.285,research-api-cadvisor-1,cadvisor,0.02,20.39
1789598661.304,research-api-nginx-1,nginx,84.45,22.72
1789598661.304,research-api-orders-service-1,orders-service,103.53,20.86
1789598661.304,research-api-users-service-1,users-service,60.56,12.84
1789598661.304,research-api-inventory-service-1,inventory-service,15.42,11.49
1789598661.304,research-api-products-service-1,products-service,58.45,14.59
1789598661.304,research-api-grafana-1,grafana,0.07,115.0
1789598661.304,research-api-postgres-1,postgres,71.45,154.8
1789598661.304,research-api-prometheus-1,prometheus,0.04,67.55
1789598661.304,research-api-cadvisor-1,cadvisor,0.0,19.52
1789598666.247,research-api-nginx-1,nginx,87.33,22.6
1789598666.247,research-api-orders-service-1,orders-service,109.67,20.96
1789598666.247,research-api-users-service-1,users-service,62.26,14.32
1789598666.247,research-api-inventory-service-1,inventory-service,16.22,10.39
1789598666.247,research-api-products-service-1,products-service,61.0,15.96
1789598666.247,research-api-grafana-1,grafana,0.96,115.5
1789598666.247,research-api-postgres-1,postgres,74.98,155.2
1789598666.247,research-api-prometheus-1,prometheus,0.06,67.55
1789598666.247,research-api-cadvisor-1,cadvisor,3.37,18.36
1789598671.287,research-api-nginx-1,nginx,91.89,23.57
1789598671.287,research-api-orders-service-1,orders-service,108.45,21.36
1789598671.287,research-api-users-service-1,users-service,63.57,13.92
1789598671.287,research-api-inventory-service-1,inventory-service,16.73,11.38
1789598671.287,research-api-products-service-1,products-service,63.6,15.97
1789598671.287,research-api-grafana-1,grafana,0.05,114.9
1789598671.287,research-api-postgres-1,postgres,76.49,155.3
1789598671.287,research-api-prometheus-1,prometheus,0.03,67.56
1789598671.287,research-api-cadvisor-1,cadvisor,0.0,18.37
1789598676.276,research-api-nginx-1,nginx,88.13,23.39
1789598676.276,research-api-orders-service-1,orders-service,252.07,21.36
1789598676.276,research-api-users-service-1,users-service,54.34,12.43
1789598676.276,research-api-inventory-service-1,inventory-service,16.28,10.57
1789598676.276,research-api-products-service-1,products-service,63.06,15.46
1789598676.276,research-api-grafana-1,grafana,0.37,114.9
1789598676.276,research-api-postgres-1,postgres,72.35,155.6
1789598676.276,research-api-prometheus-1,prometheus,0.05,64.76
1789598676.276,research-api-cadvisor-1,cadvisor,0.01,18.37
1789598681.295,research-api-nginx-1,nginx,91.25,23.64
1789598681.295,research-api-orders-service-1,orders-service,260.95,22.07
1789598681.295,research-api-users-service-1,users-service,54.14,13.8
1789598681.295,research-api-inventory-service-1,inventory-service,15.89,9.973
1789598681.295,research-api-products-service-1,products-service,63.62,16.98
1789598681.295,research-api-grafana-1,grafana,0.04,114.9
1789598681.295,research-api-postgres-1,postgres,71.95,156.4
1789598681.295,research-api-prometheus-1,prometheus,0.02,64.76
1789598681.295,research-api-cadvisor-1,cadvisor,0.0,18.51
1789598686.428,research-api-nginx-1,nginx,91.57,23.15
1789598686.428,research-api-orders-service-1,orders-service,278.67,21.11
1789598686.428,research-api-users-service-1,users-service,61.0,13.4
1789598686.428,research-api-inventory-service-1,inventory-service,17.44,11.15
1789598686.428,research-api-products-service-1,products-service,61.8,15.67
1789598686.428,research-api-grafana-1,grafana,0.4,115.0
1789598686.428,research-api-postgres-1,postgres,78.1,156.7
1789598686.428,research-api-prometheus-1,prometheus,0.06,64.76
1789598686.428,research-api-cadvisor-1,cadvisor,0.02,18.51
1789598691.359,research-api-nginx-1,nginx,97.48,23.17
1789598691.359,research-api-orders-service-1,orders-service,141.6,21.45
1789598691.359,research-api-users-service-1,users-service,60.86,14.17
1789598691.359,research-api-inventory-service-1,inventory-service,18.59,10.48
1789598691.359,research-api-products-service-1,products-service,68.38,16.82
1789598691.359,research-api-grafana-1,grafana,0.07,115.0
1789598691.359,research-api-postgres-1,postgres,77.65,156.4
1789598691.359,research-api-prometheus-1,prometheus,0.05,64.76
1789598691.359,research-api-cadvisor-1,cadvisor,0.0,19.16
1789598696.365,research-api-nginx-1,nginx,88.98,23.05
1789598696.365,research-api-orders-service-1,orders-service,109.81,20.99
1789598696.365,research-api-users-service-1,users-service,62.51,14.16
1789598696.365,research-api-inventory-service-1,inventory-service,18.95,10.92
1789598696.365,research-api-products-service-1,products-service,62.97,15.62
1789598696.365,research-api-grafana-1,grafana,0.47,115.0
1789598696.365,research-api-postgres-1,postgres,74.91,157.0
1789598696.365,research-api-prometheus-1,prometheus,0.07,64.76
1789598696.365,research-api-cadvisor-1,cadvisor,0.01,19.16
1789598701.304,research-api-nginx-1,nginx,91.08,22.67
1789598701.304,research-api-orders-service-1,orders-service,101.11,19.95
1789598701.304,research-api-users-service-1,users-service,55.17,12.96
1789598701.304,research-api-inventory-service-1,inventory-service,15.16,10.92
1789598701.304,research-api-products-service-1,products-service,63.98,16.61
1789598701.304,research-api-grafana-1,grafana,0.05,115.0
1789598701.304,research-api-postgres-1,postgres,79.45,157.1
1789598701.304,research-api-prometheus-1,prometheus,0.03,64.76
1789598701.304,research-api-cadvisor-1,cadvisor,0.0,19.2
1789598706.282,research-api-nginx-1,nginx,87.12,23.89
1789598706.282,research-api-orders-service-1,orders-service,117.02,21.64
1789598706.282,research-api-users-service-1,users-service,57.38,14.26
1789598706.282,research-api-inventory-service-1,inventory-service,18.07,10.6
1789598706.282,research-api-products-service-1,products-service,62.93,16.09
1789598706.282,research-api-grafana-1,grafana,0.44,115.0
1789598706.282,research-api-postgres-1,postgres,73.02,157.9
1789598706.282,research-api-prometheus-1,prometheus,0.07,64.76
1789598706.282,research-api-cadvisor-1,cadvisor,0.04,19.2
1789598711.278,research-api-nginx-1,nginx,87.18,23.28
1789598711.278,research-api-orders-service-1,orders-service,115.56,21.27
1789598711.278,research-api-users-service-1,users-service,58.63,12.86
1789598711.278,research-api-inventory-service-1,inventory-service,16.78,10.71
1789598711.278,research-api-products-service-1,products-service,67.88,15.61
1789598711.278,research-api-grafana-1,grafana,0.05,115.0
1789598711.278,research-api-postgres-1,postgres,73.67,157.9
1789598711.278,research-api-prometheus-1,prometheus,0.03,64.76
1789598711.278,research-api-cadvisor-1,cadvisor,0.0,19.83
1789598716.316,research-api-nginx-1,nginx,88.72,23.8
1789598716.316,research-api-orders-service-1,orders-service,110.49,20.15
1789598716.316,research-api-users-service-1,users-service,61.92,13.19
1789598716.316,research-api-inventory-service-1,inventory-service,17.48,10.46
1789598716.316,research-api-products-service-1,products-service,65.6,15.77
1789598716.316,research-api-grafana-1,grafana,0.44,115.0
1789598716.316,research-api-postgres-1,postgres,75.78,158.3
1789598716.316,research-api-prometheus-1,prometheus,0.06,65.25
1789598716.316,research-api-cadvisor-1,cadvisor,0.02,19.83
1789598721.3,research-api-nginx-1,nginx,85.32,23.35
1789598721.3,research-api-orders-service-1,orders-service,92.4,21.57
1789598721.3,research-api-users-service-1,users-service,59.49,14.11
1789598721.3,research-api-inventory-service-1,inventory-service,18.74,10.2
1789598721.3,research-api-products-service-1,products-service,59.85,16.98
1789598721.3,research-api-grafana-1,grafana,0.08,115.0
1789598721.3,research-api-postgres-1,postgres,70.57,158.3
1789598721.3,research-api-prometheus-1,prometheus,0.03,65.25
1789598721.3,research-api-cadvisor-1,cadvisor,0.0,20.76
1789598726.291,research-api-nginx-1,nginx,86.65,23.53
1789598726.291,research-api-orders-service-1,orders-service,105.68,21.48
1789598726.291,research-api-users-service-1,users-service,59.87,14.53
1789598726.291,research-api-inventory-service-1,inventory-service,17.47,10.38
1789598726.291,research-api-products-service-1,products-service,62.58,15.96
1789598726.291,research-api-grafana-1,grafana,0.93,115.0
1789598726.291,research-api-postgres-1,postgres,75.77,158.7
1789598726.291,research-api-prometheus-1,prometheus,0.06,65.26
1789598726.291,research-api-cadvisor-1,cadvisor,1.99,20.77
1789598731.322,research-api-nginx-1,nginx,88.2,23.12
1789598731.322,research-api-orders-service-1,orders-service,108.06,21.54
1789598731.322,research-api-users-service-1,users-service,62.93,13.75
1789598731.322,research-api-inventory-service-1,inventory-service,16.57,10.67
1789598731.322,research-api-products-service-1,products-service,61.2,15.82
1789598731.322,research-api-grafana-1,grafana,0.08,115.0
1789598731.322,research-api-postgres-1,postgres,76.29,159.6
1789598731.322,research-api-prometheus-1,prometheus,0.04,65.26
1789598731.322,research-api-cadvisor-1,cadvisor,0.0,20.78
1789598736.303,research-api-nginx-1,nginx,87.45,23.44
1789598736.303,research-api-orders-service-1,orders-service,113.11,21.36
1789598736.303,research-api-users-service-1,users-service,61.09,14.75
1789598736.303,research-api-inventory-service-1,inventory-service,14.9,9.77
1789598736.303,research-api-products-service-1,products-service,59.33,16.25
1789598736.303,research-api-grafana-1,grafana,0.44,115.0
1789598736.303,research-api-postgres-1,postgres,77.18,160.4
1789598736.303,research-api-prometheus-1,prometheus,0.06,65.26
1789598736.303,research-api-cadvisor-1,cadvisor,0.02,20.78
1789598741.346,research-api-nginx-1,nginx,91.38,23.41
1789598741.346,research-api-orders-service-1,orders-service,175.14,20.74
1789598741.346,research-api-users-service-1,users-service,60.5,13.18
1789598741.346,research-api-inventory-service-1,inventory-service,18.23,10.93
1789598741.346,research-api-products-service-1,products-service,59.13,15.71
1789598741.346,research-api-grafana-1,grafana,0.06,115.0
1789598741.346,research-api-postgres-1,postgres,75.68,159.8
1789598741.346,research-api-prometheus-1,prometheus,0.05,65.26
1789598741.346,research-api-cadvisor-1,cadvisor,0.0,21.61
1789598746.295,research-api-nginx-1,nginx,89.01,22.88
1789598746.295,research-api-orders-service-1,orders-service,278.84,22.41
1789598746.295,research-api-users-service-1,users-service,57.17,13.76
1789598746.295,research-api-inventory-service-1,inventory-service,16.06,10.41
1789598746.295,research-api-products-service-1,products-service,61.76,16.0
1789598746.295,research-api-grafana-1,grafana,0.35,115.0
1789598746.295,research-api-postgres-1,postgres,74.53,160.2
1789598746.295,research-api-prometheus-1,prometheus,0.05,65.26
1789598746.295,research-api-cadvisor-1,cadvisor,0.02,21.61
1789598751.389,research-api-nginx-1,nginx,100.26,23.47
1789598751.389,research-api-orders-service-1,orders-service,289.41,23.13
1789598751.389,research-api-users-service-1,users-service,63.02,14.39
1789598751.389,research-api-inventory-service-1,inventory-service,16.68,11.66
1789598751.389,research-api-products-service-1,products-service,60.61,15.81
1789598751.389,research-api-grafana-1,grafana,0.06,115.0
1789598751.389,research-api-postgres-1,postgres,79.73,160.5
1789598751.389,research-api-prometheus-1,prometheus,0.04,65.26
1789598751.389,research-api-cadvisor-1,cadvisor,0.0,21.8
1789598756.442,research-api-nginx-1,nginx,109.85,23.23
1789598756.442,research-api-orders-service-1,orders-service,285.04,22.32
1789598756.442,research-api-users-service-1,users-service,62.98,14.45
1789598756.442,research-api-inventory-service-1,inventory-service,17.58,10.3
1789598756.442,research-api-products-service-1,products-service,67.95,16.14
1789598756.442,research-api-grafana-1,grafana,0.6,115.0
1789598756.442,research-api-postgres-1,postgres,98.5,161.3
1789598756.442,research-api-prometheus-1,prometheus,0.06,65.91
1789598756.442,research-api-cadvisor-1,cadvisor,0.46,21.8
1789598761.44,research-api-nginx-1,nginx,129.51,23.81
1789598761.44,research-api-orders-service-1,orders-service,143.79,23.97
1789598761.44,research-api-users-service-1,users-service,75.45,13.99
1789598761.44,research-api-inventory-service-1,inventory-service,23.08,10.66
1789598761.44,research-api-products-service-1,products-service,84.79,15.73
1789598761.44,research-api-grafana-1,grafana,0.08,115.0
1789598761.44,research-api-postgres-1,postgres,113.69,160.8
1789598761.44,research-api-prometheus-1,prometheus,0.05,65.91
1789598761.44,research-api-cadvisor-1,cadvisor,0.0,22.56
1789598766.432,research-api-nginx-1,nginx,132.5,25.12
1789598766.432,research-api-orders-service-1,orders-service,212.1,24.64
1789598766.432,research-api-users-service-1,users-service,71.99,13.86
1789598766.432,research-api-inventory-service-1,inventory-service,21.21,10.65
1789598766.432,research-api-products-service-1,products-service,96.62,16.33
1789598766.432,research-api-grafana-1,grafana,0.32,115.0
1789598766.432,research-api-postgres-1,postgres,123.81,162.9
1789598766.432,research-api-prometheus-1,prometheus,0.06,65.91
1789598766.432,research-api-cadvisor-1,cadvisor,0.02,22.56
1789598771.457,research-api-nginx-1,nginx,119.2,24.76
1789598771.457,research-api-orders-service-1,orders-service,374.94,27.16
1789598771.457,research-api-users-service-1,users-service,67.82,15.58
1789598771.457,research-api-inventory-service-1,inventory-service,21.8,11.19
1789598771.457,research-api-products-service-1,products-service,78.01,17.62
1789598771.457,research-api-grafana-1,grafana,0.05,115.0
1789598771.457,research-api-postgres-1,postgres,121.65,174.2
1789598771.457,research-api-prometheus-1,prometheus,0.02,65.91
1789598771.457,research-api-cadvisor-1,cadvisor,0.0,22.56
1789598776.483,research-api-nginx-1,nginx,110.02,25.95
1789598776.483,research-api-orders-service-1,orders-service,368.12,31.5
1789598776.483,research-api-users-service-1,users-service,66.88,15.8
1789598776.483,research-api-inventory-service-1,inventory-service,20.48,12.41
1789598776.483,research-api-products-service-1,products-service,78.44,18.81
1789598776.483,research-api-grafana-1,grafana,0.39,115.0
1789598776.483,research-api-postgres-1,postgres,116.55,174.8
1789598776.483,research-api-prometheus-1,prometheus,0.05,65.92
1789598776.483,research-api-cadvisor-1,cadvisor,0.01,22.57
1789598781.55,research-api-nginx-1,nginx,152.34,26.52
1789598781.55,research-api-orders-service-1,orders-service,385.5,32.52
1789598781.55,research-api-users-service-1,users-service,87.81,16.44
1789598781.55,research-api-inventory-service-1,inventory-service,28.91,12.29
1789598781.55,research-api-products-service-1,products-service,99.47,18.43
1789598781.55,research-api-grafana-1,grafana,0.06,115.0
1789598781.55,research-api-postgres-1,postgres,145.16,175.1
1789598781.55,research-api-prometheus-1,prometheus,0.03,65.92
1789598781.55,research-api-cadvisor-1,cadvisor,0.0,22.58
1789598786.517,research-api-nginx-1,nginx,156.83,25.78
1789598786.517,research-api-orders-service-1,orders-service,182.37,29.75
1789598786.517,research-api-users-service-1,users-service,93.07,16.61
1789598786.517,research-api-inventory-service-1,inventory-service,29.3,13.38
1789598786.517,research-api-products-service-1,products-service,104.31,19.18
1789598786.517,research-api-grafana-1,grafana,1.34,115.0
1789598786.517,research-api-postgres-1,postgres,151.88,175.8
1789598786.517,research-api-prometheus-1,prometheus,0.05,65.95
1789598786.517,research-api-cadvisor-1,cadvisor,2.5,22.65
1789598791.49,research-api-nginx-1,nginx,142.04,26.76
1789598791.49,research-api-orders-service-1,orders-service,307.48,32.18
1789598791.49,research-api-users-service-1,users-service,81.51,16.21
1789598791.49,research-api-inventory-service-1,inventory-service,26.0,13.26
1789598791.49,research-api-products-service-1,products-service,96.03,17.6
1789598791.49,research-api-grafana-1,grafana,0.05,115.0
1789598791.49,research-api-postgres-1,postgres,128.07,175.6
1789598791.49,research-api-prometheus-1,prometheus,0.02,65.95
1789598791.49,research-api-cadvisor-1,cadvisor,0.0,21.45
1789598796.461,research-api-nginx-1,nginx,133.54,25.41
1789598796.461,research-api-orders-service-1,orders-service,378.1,32.28
1789598796.461,research-api-users-service-1,users-service,81.21,16.07
1789598796.461,research-api-inventory-service-1,inventory-service,24.41,12.25
1789598796.461,research-api-products-service-1,products-service,88.46,16.68
1789598796.461,research-api-grafana-1,grafana,0.4,115.0
1789598796.461,research-api-postgres-1,postgres,126.48,177.6
1789598796.461,research-api-prometheus-1,prometheus,0.06,66.52
1789598796.461,research-api-cadvisor-1,cadvisor,0.01,21.48
1789598801.553,research-api-nginx-1,nginx,132.71,23.8
1789598801.553,research-api-orders-service-1,orders-service,312.71,29.18
1789598801.553,research-api-users-service-1,users-service,78.76,14.61
1789598801.553,research-api-inventory-service-1,inventory-service,24.26,12.13
1789598801.553,research-api-products-service-1,products-service,91.29,18.92
1789598801.553,research-api-grafana-1,grafana,0.06,115.0
1789598801.553,research-api-postgres-1,postgres,140.42,177.6
1789598801.553,research-api-prometheus-1,prometheus,0.04,66.52
1789598801.553,research-api-cadvisor-1,cadvisor,0.0,21.5
1789598806.481,research-api-nginx-1,nginx,131.4,25.67
1789598806.481,research-api-orders-service-1,orders-service,331.56,37.76
1789598806.481,research-api-users-service-1,users-service,74.14,17.03
1789598806.481,research-api-inventory-service-1,inventory-service,23.2,12.36
1789598806.481,research-api-products-service-1,products-service,86.06,20.62
1789598806.481,research-api-grafana-1,grafana,0.36,115.0
1789598806.481,research-api-postgres-1,postgres,136.55,178.0
1789598806.481,research-api-prometheus-1,prometheus,0.06,66.55
1789598806.481,research-api-cadvisor-1,cadvisor,0.02,21.52
1789598811.48,research-api-nginx-1,nginx,115.6,27.09
1789598811.48,research-api-orders-service-1,orders-service,312.52,37.55
1789598811.48,research-api-users-service-1,users-service,76.59,16.2
1789598811.48,research-api-inventory-service-1,inventory-service,21.35,12.42
1789598811.48,research-api-products-service-1,products-service,74.78,19.2
1789598811.48,research-api-grafana-1,grafana,0.03,115.0
1789598811.48,research-api-postgres-1,postgres,118.8,177.6
1789598811.48,research-api-prometheus-1,prometheus,0.03,66.55
1789598811.48,research-api-cadvisor-1,cadvisor,0.0,21.35
1789598816.511,research-api-nginx-1,nginx,107.8,28.38
1789598816.511,research-api-orders-service-1,orders-service,618.46,47.85
1789598816.511,research-api-users-service-1,users-service,48.77,15.48
1789598816.511,research-api-inventory-service-1,inventory-service,18.82,12.2
1789598816.511,research-api-products-service-1,products-service,60.47,18.34
1789598816.511,research-api-grafana-1,grafana,0.38,115.0
1789598816.511,research-api-postgres-1,postgres,64.87,178.2
1789598816.511,research-api-prometheus-1,prometheus,0.06,67.18
1789598816.511,research-api-cadvisor-1,cadvisor,0.01,21.35
1789598821.535,research-api-nginx-1,nginx,100.44,28.64
1789598821.535,research-api-orders-service-1,orders-service,658.9,48.46
1789598821.535,research-api-users-service-1,users-service,44.75,15.59
1789598821.535,research-api-inventory-service-1,inventory-service,19.81,12.92
1789598821.535,research-api-products-service-1,products-service,67.34,17.45
1789598821.535,research-api-grafana-1,grafana,0.04,115.0
1789598821.535,research-api-postgres-1,postgres,50.62,178.4
1789598821.535,research-api-prometheus-1,prometheus,0.03,67.18
1789598821.535,research-api-cadvisor-1,cadvisor,0.0,21.37
1789598826.556,research-api-nginx-1,nginx,139.35,24.05
1789598826.556,research-api-orders-service-1,orders-service,291.96,36.64
1789598826.556,research-api-users-service-1,users-service,75.43,17.24
1789598826.556,research-api-inventory-service-1,inventory-service,22.84,12.79
1789598826.556,research-api-products-service-1,products-service,93.0,18.04
1789598826.556,research-api-grafana-1,grafana,0.37,115.0
1789598826.556,research-api-postgres-1,postgres,144.36,179.4
1789598826.556,research-api-prometheus-1,prometheus,0.08,67.84
1789598826.556,research-api-cadvisor-1,cadvisor,0.0,21.37
1789598831.482,research-api-nginx-1,nginx,152.95,26.12
1789598831.482,research-api-orders-service-1,orders-service,233.18,38.58
1789598831.482,research-api-users-service-1,users-service,83.56,17.65
1789598831.482,research-api-inventory-service-1,inventory-service,26.25,13.45
1789598831.482,research-api-products-service-1,products-service,99.08,18.38
1789598831.482,research-api-grafana-1,grafana,0.07,115.0
1789598831.482,research-api-postgres-1,postgres,132.89,179.0
1789598831.482,research-api-prometheus-1,prometheus,0.03,68.07
1789598831.482,research-api-cadvisor-1,cadvisor,0.0,19.81
1789598836.476,research-api-nginx-1,nginx,137.67,26.49
1789598836.476,research-api-orders-service-1,orders-service,330.71,39.99
1789598836.476,research-api-users-service-1,users-service,82.37,15.98
1789598836.476,research-api-inventory-service-1,inventory-service,26.27,14.36
1789598836.476,research-api-products-service-1,products-service,91.25,19.17
1789598836.476,research-api-grafana-1,grafana,0.34,115.0
1789598836.476,research-api-postgres-1,postgres,123.53,180.2
1789598836.476,research-api-prometheus-1,prometheus,0.06,68.74
1789598836.476,research-api-cadvisor-1,cadvisor,0.01,19.81
1789598841.612,research-api-nginx-1,nginx,152.37,26.13
1789598841.612,research-api-orders-service-1,orders-service,381.53,43.81
1789598841.612,research-api-users-service-1,users-service,86.78,16.96
1789598841.612,research-api-inventory-service-1,inventory-service,21.98,11.95
1789598841.612,research-api-products-service-1,products-service,97.94,18.3
1789598841.612,research-api-grafana-1,grafana,0.09,115.0
1789598841.612,research-api-postgres-1,postgres,129.86,180.2
1789598841.612,research-api-prometheus-1,prometheus,0.02,68.74
1789598841.612,research-api-cadvisor-1,cadvisor,0.0,19.81
1789598846.541,research-api-nginx-1,nginx,126.42,24.96
1789598846.541,research-api-orders-service-1,orders-service,383.01,38.56
1789598846.541,research-api-users-service-1,users-service,76.29,16.87
1789598846.541,research-api-inventory-service-1,inventory-service,22.9,12.57
1789598846.541,research-api-products-service-1,products-service,83.44,18.53
1789598846.541,research-api-grafana-1,grafana,1.38,115.0
1789598846.541,research-api-postgres-1,postgres,129.93,180.4
1789598846.541,research-api-prometheus-1,prometheus,0.05,68.75
1789598846.541,research-api-cadvisor-1,cadvisor,3.58,17.71
1789598850.494,research-api-nginx-1,nginx,132.79,26.27
1789598850.494,research-api-orders-service-1,orders-service,350.14,37.21
1789598850.494,research-api-users-service-1,users-service,79.8,16.7
1789598850.494,research-api-inventory-service-1,inventory-service,24.03,13.24
1789598850.494,research-api-products-service-1,products-service,95.86,18.2
1789598850.494,research-api-grafana-1,grafana,0.11,115.0
1789598850.494,research-api-postgres-1,postgres,125.32,181.0
1789598850.494,research-api-prometheus-1,prometheus,0.0,68.74
1789598850.494,research-api-cadvisor-1,cadvisor,0.0,18.35
1789598856.618,research-api-nginx-1,nginx,153.32,25.64
1789598856.618,research-api-orders-service-1,orders-service,218.0,38.48
1789598856.618,research-api-users-service-1,users-service,88.43,16.56
1789598856.618,research-api-inventory-service-1,inventory-service,27.23,13.14
1789598856.618,research-api-products-service-1,products-service,95.96,18.79
1789598856.618,research-api-grafana-1,grafana,0.31,115.0
1789598856.618,research-api-postgres-1,postgres,133.31,181.9
1789598856.618,research-api-prometheus-1,prometheus,0.04,68.74
1789598856.618,research-api-cadvisor-1,cadvisor,0.0,17.79
1789598861.493,research-api-nginx-1,nginx,126.47,26.37
1789598861.493,research-api-orders-service-1,orders-service,380.94,39.95
1789598861.493,research-api-users-service-1,users-service,72.54,16.88
1789598861.493,research-api-inventory-service-1,inventory-service,22.63,13.04
1789598861.493,research-api-products-service-1,products-service,89.07,18.37
1789598861.493,research-api-grafana-1,grafana,0.05,115.0
1789598861.493,research-api-postgres-1,postgres,117.26,182.7
1789598861.493,research-api-prometheus-1,prometheus,0.06,68.74
1789598861.493,research-api-cadvisor-1,cadvisor,0.0,17.99
1789598866.531,research-api-nginx-1,nginx,124.91,26.12
1789598866.531,research-api-orders-service-1,orders-service,421.58,41.73
1789598866.531,research-api-users-service-1,users-service,70.14,17.64
1789598866.531,research-api-inventory-service-1,inventory-service,23.82,12.97
1789598866.531,research-api-products-service-1,products-service,90.21,17.14
1789598866.531,research-api-grafana-1,grafana,0.41,115.0
1789598866.531,research-api-postgres-1,postgres,121.02,182.7
1789598866.531,research-api-prometheus-1,prometheus,0.05,68.77
1789598866.531,research-api-cadvisor-1,cadvisor,0.01,17.99
1789598871.567,research-api-nginx-1,nginx,130.61,24.55
1789598871.567,research-api-orders-service-1,orders-service,347.23,37.77
1789598871.567,research-api-users-service-1,users-service,77.99,15.91
1789598871.567,research-api-inventory-service-1,inventory-service,25.61,13.18
1789598871.567,research-api-products-service-1,products-service,87.41,18.22
1789598871.567,research-api-grafana-1,grafana,0.14,115.0
1789598871.567,research-api-postgres-1,postgres,127.7,183.5
1789598871.567,research-api-prometheus-1,prometheus,0.03,69.01
1789598871.567,research-api-cadvisor-1,cadvisor,0.0,19.24
1789598876.552,research-api-nginx-1,nginx,120.5,26.18
1789598876.552,research-api-orders-service-1,orders-service,437.99,39.03
1789598876.552,research-api-users-service-1,users-service,70.97,16.22
1789598876.552,research-api-inventory-service-1,inventory-service,23.28,13.05
1789598876.552,research-api-products-service-1,products-service,84.2,19.54
1789598876.552,research-api-grafana-1,grafana,0.37,115.0
1789598876.552,research-api-postgres-1,postgres,114.8,183.5
1789598876.552,research-api-prometheus-1,prometheus,0.06,69.02
1789598876.552,research-api-cadvisor-1,cadvisor,0.0,19.24
1789598881.539,research-api-nginx-1,nginx,105.53,26.28
1789598881.539,research-api-orders-service-1,orders-service,477.69,41.5
1789598881.539,research-api-users-service-1,users-service,58.63,16.95
1789598881.539,research-api-inventory-service-1,inventory-service,20.58,14.07
1789598881.539,research-api-products-service-1,products-service,69.7,18.36
1789598881.539,research-api-grafana-1,grafana,0.04,115.0
1789598881.539,research-api-postgres-1,postgres,96.48,183.9
1789598881.539,research-api-prometheus-1,prometheus,0.04,69.02
1789598881.539,research-api-cadvisor-1,cadvisor,0.0,19.27
1789598886.561,research-api-nginx-1,nginx,91.65,28.07
1789598886.561,research-api-orders-service-1,orders-service,668.82,46.69
1789598886.561,research-api-users-service-1,users-service,45.55,16.7
1789598886.561,research-api-inventory-service-1,inventory-service,15.58,13.11
1789598886.561,research-api-products-service-1,products-service,60.65,17.19
1789598886.561,research-api-grafana-1,grafana,0.41,115.0
1789598886.561,research-api-postgres-1,postgres,74.35,183.7
1789598886.561,research-api-prometheus-1,prometheus,0.05,69.1
1789598886.561,research-api-cadvisor-1,cadvisor,0.0,19.27
1789598891.593,research-api-nginx-1,nginx,92.72,25.61
1789598891.593,research-api-orders-service-1,orders-service,527.45,50.84
1789598891.593,research-api-users-service-1,users-service,56.02,17.74
1789598891.593,research-api-inventory-service-1,inventory-service,17.69,12.95
1789598891.593,research-api-products-service-1,products-service,66.03,17.61
1789598891.593,research-api-grafana-1,grafana,0.08,115.0
1789598891.593,research-api-postgres-1,postgres,92.32,185.0
1789598891.593,research-api-prometheus-1,prometheus,0.03,69.1
1789598891.593,research-api-cadvisor-1,cadvisor,0.0,20.48
1789598896.564,research-api-nginx-1,nginx,161.24,25.25
1789598896.564,research-api-orders-service-1,orders-service,174.47,37.82
1789598896.564,research-api-users-service-1,users-service,84.48,16.43
1789598896.564,research-api-inventory-service-1,inventory-service,29.76,13.48
1789598896.564,research-api-products-service-1,products-service,104.29,18.53
1789598896.564,research-api-grafana-1,grafana,0.37,115.0
1789598896.564,research-api-postgres-1,postgres,158.47,185.3
1789598896.564,research-api-prometheus-1,prometheus,0.06,69.11
1789598896.564,research-api-cadvisor-1,cadvisor,0.0,20.48
1789598901.622,research-api-nginx-1,nginx,144.17,25.65
1789598901.622,research-api-orders-service-1,orders-service,251.11,36.96
1789598901.622,research-api-users-service-1,users-service,80.39,15.55
1789598901.622,research-api-inventory-service-1,inventory-service,24.18,13.32
1789598901.622,research-api-products-service-1,products-service,94.76,18.77
1789598901.622,research-api-grafana-1,grafana,0.05,115.0
1789598901.622,research-api-postgres-1,postgres,133.85,185.8
1789598901.622,research-api-prometheus-1,prometheus,0.03,69.11
1789598901.622,research-api-cadvisor-1,cadvisor,0.0,20.52
1789598906.629,research-api-nginx-1,nginx,147.67,25.89
1789598906.629,research-api-orders-service-1,orders-service,368.81,38.4
1789598906.629,research-api-users-service-1,users-service,86.29,16.74
1789598906.629,research-api-inventory-service-1,inventory-service,26.67,12.49
1789598906.629,research-api-products-service-1,products-service,97.66,18.37
1789598906.629,research-api-grafana-1,grafana,1.07,115.0
1789598906.629,research-api-postgres-1,postgres,126.06,186.0
1789598906.629,research-api-prometheus-1,prometheus,0.03,69.32
1789598906.629,research-api-cadvisor-1,cadvisor,1.79,20.57
1789598911.645,research-api-nginx-1,nginx,121.12,28.34
1789598911.645,research-api-orders-service-1,orders-service,398.95,43.86
1789598911.645,research-api-users-service-1,users-service,71.38,16.58
1789598911.645,research-api-inventory-service-1,inventory-service,24.97,12.74
1789598911.645,research-api-products-service-1,products-service,81.55,18.32
1789598911.645,research-api-grafana-1,grafana,0.04,115.0
1789598911.645,research-api-postgres-1,postgres,116.39,186.6
1789598911.645,research-api-prometheus-1,prometheus,0.02,69.32
1789598911.645,research-api-cadvisor-1,cadvisor,0.0,22.18
1789598916.567,research-api-nginx-1,nginx,138.72,24.67
1789598916.567,research-api-orders-service-1,orders-service,282.33,36.05
1789598916.567,research-api-users-service-1,users-service,80.93,16.27
1789598916.567,research-api-inventory-service-1,inventory-service,26.72,13.0
1789598916.567,research-api-products-service-1,products-service,96.5,18.29
1789598916.567,research-api-grafana-1,grafana,0.34,115.0
1789598916.567,research-api-postgres-1,postgres,143.43,188.2
1789598916.567,research-api-prometheus-1,prometheus,2.08,69.68
1789598916.567,research-api-cadvisor-1,cadvisor,0.0,22.18
1789598921.601,research-api-nginx-1,nginx,150.06,24.55
1789598921.601,research-api-orders-service-1,orders-service,165.79,36.6
1789598921.601,research-api-users-service-1,users-service,89.73,16.24
1789598921.601,research-api-inventory-service-1,inventory-service,27.29,12.02
1789598921.601,research-api-products-service-1,products-service,95.55,17.7
1789598921.601,research-api-grafana-1,grafana,0.07,115.0
1789598921.601,research-api-postgres-1,postgres,141.53,187.3
1789598921.601,research-api-prometheus-1,prometheus,0.02,69.69
1789598921.601,research-api-cadvisor-1,cadvisor,0.01,22.29
1789598926.535,research-api-nginx-1,nginx,135.2,26.54
1789598926.535,research-api-orders-service-1,orders-service,307.24,41.54
1789598926.535,research-api-users-service-1,users-service,79.27,15.75
1789598926.535,research-api-inventory-service-1,inventory-service,25.78,12.38
1789598926.535,research-api-products-service-1,products-service,93.0,18.44
1789598926.535,research-api-grafana-1,grafana,0.38,115.0
1789598926.535,research-api-postgres-1,postgres,124.25,188.3
1789598926.535,research-api-prometheus-1,prometheus,0.05,69.7
1789598926.535,research-api-cadvisor-1,cadvisor,0.0,22.29
1789598931.576,research-api-nginx-1,nginx,125.82,26.57
1789598931.576,research-api-orders-service-1,orders-service,392.19,40.98
1789598931.576,research-api-users-service-1,users-service,78.03,15.44
1789598931.576,research-api-inventory-service-1,inventory-service,24.05,13.36
1789598931.576,research-api-products-service-1,products-service,85.79,18.65
1789598931.576,research-api-grafana-1,grafana,0.05,115.0
1789598931.576,research-api-postgres-1,postgres,118.19,188.6
1789598931.576,research-api-prometheus-1,prometheus,0.03,69.7
1789598931.576,research-api-cadvisor-1,cadvisor,0.3,20.81
1789598936.691,research-api-nginx-1,nginx,122.19,26.59
1789598936.691,research-api-orders-service-1,orders-service,479.49,43.48
1789598936.691,research-api-users-service-1,users-service,67.03,17.05
1789598936.691,research-api-inventory-service-1,inventory-service,22.26,12.34
1789598936.691,research-api-products-service-1,products-service,83.22,18.84
1789598936.691,research-api-grafana-1,grafana,0.43,115.0
1789598936.691,research-api-postgres-1,postgres,100.02,190.0
1789598936.691,research-api-prometheus-1,prometheus,0.04,69.7
1789598936.691,research-api-cadvisor-1,cadvisor,0.0,20.81
1789598941.601,research-api-nginx-1,nginx,146.39,25.32
1789598941.601,research-api-orders-service-1,orders-service,627.3,46.81
1789598941.601,research-api-users-service-1,users-service,83.22,17.77
1789598941.601,research-api-inventory-service-1,inventory-service,26.82,12.39
1789598941.601,research-api-products-service-1,products-service,89.58,18.67
1789598941.601,research-api-grafana-1,grafana,0.04,115.0
1789598941.601,research-api-postgres-1,postgres,135.73,189.3
1789598941.601,research-api-prometheus-1,prometheus,0.04,69.7
1789598941.601,research-api-cadvisor-1,cadvisor,0.0,20.83
1789598946.586,research-api-nginx-1,nginx,136.11,27.7
1789598946.586,research-api-orders-service-1,orders-service,448.9,43.45
1789598946.586,research-api-users-service-1,users-service,77.61,17.08
1789598946.586,research-api-inventory-service-1,inventory-service,29.26,12.84
1789598946.586,research-api-products-service-1,products-service,89.19,17.78
1789598946.586,research-api-grafana-1,grafana,0.3,115.0
1789598946.586,research-api-postgres-1,postgres,118.7,189.5
1789598946.586,research-api-prometheus-1,prometheus,0.03,69.7
1789598946.586,research-api-cadvisor-1,cadvisor,0.02,20.83
1789598951.653,research-api-nginx-1,nginx,95.69,28.25
1789598951.653,research-api-orders-service-1,orders-service,548.02,45.78
1789598951.653,research-api-users-service-1,users-service,53.96,15.59
1789598951.653,research-api-inventory-service-1,inventory-service,17.73,12.16
1789598951.653,research-api-products-service-1,products-service,68.16,18.66
1789598951.653,research-api-grafana-1,grafana,0.06,115.0
1789598951.653,research-api-postgres-1,postgres,89.98,190.0
1789598951.653,research-api-prometheus-1,prometheus,0.04,69.7
1789598951.653,research-api-cadvisor-1,cadvisor,0.0,20.99
1789598956.572,research-api-nginx-1,nginx,83.66,28.98
1789598956.572,research-api-orders-service-1,orders-service,673.43,47.15
1789598956.572,research-api-users-service-1,users-service,33.98,16.21
1789598956.572,research-api-inventory-service-1,inventory-service,15.14,12.09
1789598956.572,research-api-products-service-1,products-service,48.69,17.66
1789598956.572,research-api-grafana-1,grafana,0.32,115.0
1789598956.572,research-api-postgres-1,postgres,49.4,190.3
1789598956.572,research-api-prometheus-1,prometheus,0.06,69.7
1789598956.572,research-api-cadvisor-1,cadvisor,0.02,20.99
1789598961.707,research-api-nginx-1,nginx,98.17,29.83
1789598961.707,research-api-orders-service-1,orders-service,310.25,39.38
1789598961.707,research-api-users-service-1,users-service,73.95,18.68
1789598961.707,research-api-inventory-service-1,inventory-service,19.49,13.29
1789598961.707,research-api-products-service-1,products-service,80.19,19.16
1789598961.707,research-api-grafana-1,grafana,0.06,115.0
1789598961.707,research-api-postgres-1,postgres,129.79,191.2
1789598961.707,research-api-prometheus-1,prometheus,0.01,69.7
1789598961.707,research-api-cadvisor-1,cadvisor,0.0,21.02
1789598966.598,research-api-nginx-1,nginx,151.73,25.28
1789598966.598,research-api-orders-service-1,orders-service,167.62,36.25
1789598966.598,research-api-users-service-1,users-service,92.7,16.58
1789598966.598,research-api-inventory-service-1,inventory-service,26.9,13.37
1789598966.598,research-api-products-service-1,products-service,104.17,18.73
1789598966.598,research-api-grafana-1,grafana,1.4,115.0
1789598966.598,research-api-postgres-1,postgres,143.45,191.4
1789598966.598,research-api-prometheus-1,prometheus,0.04,69.7
1789598966.598,research-api-cadvisor-1,cadvisor,3.69,21.63
1789598971.642,research-api-nginx-1,nginx,139.92,26.64
1789598971.642,research-api-orders-service-1,orders-service,320.7,40.38
1789598971.642,research-api-users-service-1,users-service,80.12,16.99
1789598971.642,research-api-inventory-service-1,inventory-service,22.41,12.11
1789598971.642,research-api-products-service-1,products-service,90.57,19.35
1789598971.642,research-api-grafana-1,grafana,0.03,115.0
1789598971.642,research-api-postgres-1,postgres,119.15,192.4
1789598971.642,research-api-prometheus-1,prometheus,0.02,69.7
1789598971.642,research-api-cadvisor-1,cadvisor,0.0,21.77
1789598976.643,research-api-nginx-1,nginx,116.76,27.55
1789598976.643,research-api-orders-service-1,orders-service,404.05,41.37
1789598976.643,research-api-users-service-1,users-service,68.18,16.11
1789598976.643,research-api-inventory-service-1,inventory-service,25.86,13.11
1789598976.643,research-api-products-service-1,products-service,88.07,19.39
1789598976.643,research-api-grafana-1,grafana,0.32,115.0
1789598976.643,research-api-postgres-1,postgres,116.78,192.1
1789598976.643,research-api-prometheus-1,prometheus,0.03,69.96
1789598976.643,research-api-cadvisor-1,cadvisor,0.0,18.5
1789598981.65,research-api-nginx-1,nginx,134.09,24.48
1789598981.65,research-api-orders-service-1,orders-service,354.02,37.1
1789598981.65,research-api-users-service-1,users-service,76.44,16.63
1789598981.65,research-api-inventory-service-1,inventory-service,24.13,13.18
1789598981.65,research-api-products-service-1,products-service,89.67,18.09
1789598981.65,research-api-grafana-1,grafana,0.06,115.0
1789598981.65,research-api-postgres-1,postgres,127.0,192.4
1789598981.65,research-api-prometheus-1,prometheus,0.0,69.71
1789598981.65,research-api-cadvisor-1,cadvisor,0.0,19.14
1789598986.672,research-api-nginx-1,nginx,113.05,25.82
1789598986.672,research-api-orders-service-1,orders-service,178.2,39.39
1789598986.672,research-api-users-service-1,users-service,88.61,16.26
1789598986.672,research-api-inventory-service-1,inventory-service,29.24,13.42
1789598986.672,research-api-products-service-1,products-service,105.93,18.35
1789598986.672,research-api-grafana-1,grafana,0.46,115.0
1789598986.672,research-api-postgres-1,postgres,147.88,193.9
1789598986.672,research-api-prometheus-1,prometheus,0.12,69.72
1789598986.672,research-api-cadvisor-1,cadvisor,0.0,19.14
1789598991.744,research-api-nginx-1,nginx,154.52,26.45
1789598991.744,research-api-orders-service-1,orders-service,224.05,37.8
1789598991.744,research-api-users-service-1,users-service,84.08,16.74
1789598991.744,research-api-inventory-service-1,inventory-service,29.45,13.29
1789598991.744,research-api-products-service-1,products-service,95.7,18.22
1789598991.744,research-api-grafana-1,grafana,0.04,115.0
1789598991.744,research-api-postgres-1,postgres,135.42,193.5
1789598991.744,research-api-prometheus-1,prometheus,0.01,69.72
1789598991.744,research-api-cadvisor-1,cadvisor,0.24,19.79
1789598996.69,research-api-nginx-1,nginx,125.92,25.23
1789598996.69,research-api-orders-service-1,orders-service,367.21,38.25
1789598996.69,research-api-users-service-1,users-service,68.22,16.7
1789598996.69,research-api-inventory-service-1,inventory-service,22.81,13.86
1789598996.69,research-api-products-service-1,products-service,88.87,19.25
1789598996.69,research-api-grafana-1,grafana,0.42,115.0
1789598996.69,research-api-postgres-1,postgres,117.55,194.0
1789598996.69,research-api-prometheus-1,prometheus,0.11,69.73
1789598996.69,research-api-cadvisor-1,cadvisor,0.0,19.79
1789599001.715,research-api-nginx-1,nginx,115.52,27.01
1789599001.715,research-api-orders-service-1,orders-service,430.55,45.43
1789599001.715,research-api-users-service-1,users-service,69.46,17.64
1789599001.715,research-api-inventory-service-1,inventory-service,21.84,13.16
1789599001.715,research-api-products-service-1,products-service,77.78,17.63
1789599001.715,research-api-grafana-1,grafana,0.04,115.0
1789599001.715,research-api-postgres-1,postgres,117.84,195.3
1789599001.715,research-api-prometheus-1,prometheus,0.01,69.72
1789599001.715,research-api-cadvisor-1,cadvisor,0.0,20.43
1789599006.572,research-api-nginx-1,nginx,111.51,24.31
1789599006.572,research-api-orders-service-1,orders-service,390.91,38.64
1789599006.572,research-api-users-service-1,users-service,66.69,19.36
1789599006.572,research-api-inventory-service-1,inventory-service,20.23,13.4
1789599006.572,research-api-products-service-1,products-service,81.67,17.99
1789599006.572,research-api-grafana-1,grafana,0.33,115.0
1789599006.572,research-api-postgres-1,postgres,120.68,195.8
1789599006.572,research-api-prometheus-1,prometheus,0.05,69.72
1789599006.572,research-api-cadvisor-1,cadvisor,0.0,20.43
1789599011.649,research-api-nginx-1,nginx,153.19,26.29
1789599011.649,research-api-orders-service-1,orders-service,205.2,40.23
1789599011.649,research-api-users-service-1,users-service,76.45,16.21
1789599011.649,research-api-inventory-service-1,inventory-service,28.47,12.95
1789599011.649,research-api-products-service-1,products-service,94.74,18.42
1789599011.649,research-api-grafana-1,grafana,0.11,115.0
1789599011.649,research-api-postgres-1,postgres,140.98,195.9
1789599011.649,research-api-prometheus-1,prometheus,0.01,69.72
1789599011.649,research-api-cadvisor-1,cadvisor,0.0,20.48
1789599016.618,research-api-nginx-1,nginx,114.68,27.7
1789599016.618,research-api-orders-service-1,orders-service,415.83,45.95
1789599016.618,research-api-users-service-1,users-service,76.65,17.17
1789599016.618,research-api-inventory-service-1,inventory-service,21.38,12.85
1789599016.618,research-api-products-service-1,products-service,73.73,17.88
1789599016.618,research-api-grafana-1,grafana,0.43,115.0
1789599016.618,research-api-postgres-1,postgres,110.5,196.3
1789599016.618,research-api-prometheus-1,prometheus,0.01,69.73
1789599016.618,research-api-cadvisor-1,cadvisor,0.0,20.48
1789599021.616,research-api-nginx-1,nginx,104.63,28.39
1789599021.616,research-api-orders-service-1,orders-service,511.65,42.86
1789599021.616,research-api-users-service-1,users-service,58.68,16.01
1789599021.616,research-api-inventory-service-1,inventory-service,20.15,13.62
1789599021.616,research-api-products-service-1,products-service,68.84,17.31
1789599021.616,research-api-grafana-1,grafana,0.06,115.0
1789599021.616,research-api-postgres-1,postgres,103.66,198.0
1789599021.616,research-api-prometheus-1,prometheus,0.01,69.73
1789599021.616,research-api-cadvisor-1,cadvisor,0.0,20.65
1789599026.798,research-api-nginx-1,nginx,99.51,25.3
1789599026.798,research-api-orders-service-1,orders-service,532.14,45.91
1789599026.798,research-api-users-service-1,users-service,57.5,18.12
1789599026.798,research-api-inventory-service-1,inventory-service,18.35,13.05
1789599026.798,research-api-products-service-1,products-service,74.18,18.58
1789599026.798,research-api-grafana-1,grafana,1.25,115.0
1789599026.798,research-api-postgres-1,postgres,92.86,196.9
1789599026.798,research-api-prometheus-1,prometheus,0.12,69.74
1789599026.798,research-api-cadvisor-1,cadvisor,0.07,20.65
1789599031.767,research-api-nginx-1,nginx,133.67,23.98
1789599031.767,research-api-orders-service-1,orders-service,164.37,37.51
1789599031.767,research-api-users-service-1,users-service,48.32,17.28
1789599031.767,research-api-inventory-service-1,inventory-service,24.01,13.1
1789599031.767,research-api-products-service-1,products-service,92.4,18.91
1789599031.767,research-api-grafana-1,grafana,0.04,115.0
1789599031.767,research-api-postgres-1,postgres,141.6,197.1
1789599031.767,research-api-prometheus-1,prometheus,0.01,69.73
1789599031.767,research-api-cadvisor-1,cadvisor,0.0,20.94
1789599036.65,research-api-nginx-1,nginx,160.69,24.62
1789599036.65,research-api-orders-service-1,orders-service,199.73,39.27
1789599036.65,research-api-users-service-1,users-service,90.37,17.77
1789599036.65,research-api-inventory-service-1,inventory-service,28.87,12.83
1789599036.65,research-api-products-service-1,products-service,108.48,17.79
1789599036.65,research-api-grafana-1,grafana,0.4,115.0
1789599036.65,research-api-postgres-1,postgres,139.82,198.7
1789599036.65,research-api-prometheus-1,prometheus,0.14,66.58
1789599036.65,research-api-cadvisor-1,cadvisor,0.0,20.94
1789599041.644,research-api-nginx-1,nginx,127.18,26.99
1789599041.644,research-api-orders-service-1,orders-service,192.76,38.26
1789599041.644,research-api-users-service-1,users-service,75.61,17.03
1789599041.644,research-api-inventory-service-1,inventory-service,23.43,12.79
1789599041.644,research-api-products-service-1,products-service,80.34,17.41
1789599041.644,research-api-grafana-1,grafana,0.07,115.0
1789599041.644,research-api-postgres-1,postgres,115.64,198.7
1789599041.644,research-api-prometheus-1,prometheus,0.01,66.34
1789599041.644,research-api-cadvisor-1,cadvisor,0.0,21.04
1789599046.719,research-api-nginx-1,nginx,123.75,26.29
1789599046.719,research-api-orders-service-1,orders-service,419.91,43.64
1789599046.719,research-api-users-service-1,users-service,72.51,17.91
1789599046.719,research-api-inventory-service-1,inventory-service,22.18,13.14
1789599046.719,research-api-products-service-1,products-service,89.25,18.59
1789599046.719,research-api-grafana-1,grafana,0.41,115.0
1789599046.719,research-api-postgres-1,postgres,122.28,199.1
1789599046.719,research-api-prometheus-1,prometheus,0.1,66.59
1789599046.719,research-api-cadvisor-1,cadvisor,0.2,21.04
1789599051.72,research-api-nginx-1,nginx,139.83,25.63
1789599051.72,research-api-orders-service-1,orders-service,261.95,38.23
1789599051.72,research-api-users-service-1,users-service,85.14,17.44
1789599051.72,research-api-inventory-service-1,inventory-service,26.95,12.57
1789599051.72,research-api-products-service-1,products-service,98.43,18.88
1789599051.72,research-api-grafana-1,grafana,0.04,115.0
1789599051.72,research-api-postgres-1,postgres,136.04,199.2
1789599051.72,research-api-prometheus-1,prometheus,0.01,66.34
1789599051.72,research-api-cadvisor-1,cadvisor,0.0,21.71
1789599056.665,research-api-nginx-1,nginx,158.3,25.86
1789599056.665,research-api-orders-service-1,orders-service,202.78,39.12
1789599056.665,research-api-users-service-1,users-service,88.14,16.62
1789599056.665,research-api-inventory-service-1,inventory-service,28.07,13.43
1789599056.665,research-api-products-service-1,products-service,100.63,18.96
1789599056.665,research-api-grafana-1,grafana,0.46,115.0
1789599056.665,research-api-postgres-1,postgres,146.25,199.6
1789599056.665,research-api-prometheus-1,prometheus,0.11,66.59
1789599056.665,research-api-cadvisor-1,cadvisor,0.0,21.71
1789599061.688,research-api-nginx-1,nginx,122.22,26.67
1789599061.688,research-api-orders-service-1,orders-service,397.62,42.68
1789599061.688,research-api-users-service-1,users-service,67.97,18.14
1789599061.688,research-api-inventory-service-1,inventory-service,22.87,12.77
1789599061.688,research-api-products-service-1,products-service,81.71,19.16
1789599061.688,research-api-grafana-1,grafana,0.04,115.0
1789599061.688,research-api-postgres-1,postgres,114.05,200.1
1789599061.688,research-api-prometheus-1,prometheus,0.01,66.34
1789599061.688,research-api-cadvisor-1,cadvisor,0.0,23.0
1789599066.633,research-api-nginx-1,nginx,112.14,26.2
1789599066.633,research-api-orders-service-1,orders-service,424.0,43.05
1789599066.633,research-api-users-service-1,users-service,71.34,16.97
1789599066.633,research-api-inventory-service-1,inventory-service,19.91,12.95
1789599066.633,research-api-products-service-1,products-service,73.73,18.7
1789599066.633,research-api-grafana-1,grafana,0.37,115.0
1789599066.633,research-api-postgres-1,postgres,109.86,200.7
1789599066.633,research-api-prometheus-1,prometheus,0.04,66.59
1789599066.633,research-api-cadvisor-1,cadvisor,0.0,23.06
1789599071.722,research-api-nginx-1,nginx,81.73,26.54
1789599071.722,research-api-orders-service-1,orders-service,605.88,46.25
1789599071.722,research-api-users-service-1,users-service,44.41,17.26
1789599071.722,research-api-inventory-service-1,inventory-service,14.16,14.86
1789599071.722,research-api-products-service-1,products-service,48.03,18.2
1789599071.722,research-api-grafana-1,grafana,0.14,115.0
1789599071.722,research-api-postgres-1,postgres,70.19,201.3
1789599071.722,research-api-prometheus-1,prometheus,0.01,66.34
1789599071.722,research-api-cadvisor-1,cadvisor,0.0,23.09
1789599076.71,research-api-nginx-1,nginx,145.72,25.55
1789599076.71,research-api-orders-service-1,orders-service,176.03,38.05
1789599076.71,research-api-users-service-1,users-service,81.4,16.24
1789599076.71,research-api-inventory-service-1,inventory-service,29.33,13.17
1789599076.71,research-api-products-service-1,products-service,108.68,18.85
1789599076.71,research-api-grafana-1,grafana,0.38,115.0
1789599076.71,research-api-postgres-1,postgres,149.52,201.2
1789599076.71,research-api-prometheus-1,prometheus,0.13,66.57
1789599076.71,research-api-cadvisor-1,cadvisor,0.0,23.11
1789599081.693,research-api-nginx-1,nginx,136.66,25.56
1789599081.693,research-api-orders-service-1,orders-service,300.7,39.19
1789599081.693,research-api-users-service-1,users-service,74.12,16.41
1789599081.693,research-api-inventory-service-1,inventory-service,24.11,12.67
1789599081.693,research-api-products-service-1,products-service,84.14,18.71
1789599081.693,research-api-grafana-1,grafana,0.05,115.0
1789599081.693,research-api-postgres-1,postgres,119.75,202.3
1789599081.693,research-api-prometheus-1,prometheus,0.01,66.57
1789599081.693,research-api-cadvisor-1,cadvisor,0.0,23.12
1789599086.688,research-api-nginx-1,nginx,128.01,24.94
1789599086.688,research-api-orders-service-1,orders-service,427.43,39.34
1789599086.688,research-api-users-service-1,users-service,74.68,16.49
1789599086.688,research-api-inventory-service-1,inventory-service,22.29,12.95
1789599086.688,research-api-products-service-1,products-service,81.71,18.36
1789599086.688,research-api-grafana-1,grafana,1.18,115.0
1789599086.688,research-api-postgres-1,postgres,115.05,202.3
1789599086.688,research-api-prometheus-1,prometheus,0.13,67.2
1789599086.688,research-api-cadvisor-1,cadvisor,1.93,19.34
1789599091.686,research-api-nginx-1,nginx,116.92,24.54
1789599091.686,research-api-orders-service-1,orders-service,401.49,35.92
1789599091.686,research-api-users-service-1,users-service,63.99,17.71
1789599091.686,research-api-inventory-service-1,inventory-service,21.11,12.83
1789599091.686,research-api-products-service-1,products-service,76.43,17.72
1789599091.686,research-api-grafana-1,grafana,0.04,115.0
1789599091.686,research-api-postgres-1,postgres,99.26,202.8
1789599091.686,research-api-prometheus-1,prometheus,0.03,67.43
1789599091.686,research-api-cadvisor-1,cadvisor,0.0,18.79
1789599096.676,research-api-nginx-1,nginx,104.26,23.76
1789599096.676,research-api-orders-service-1,orders-service,190.25,34.54
1789599096.676,research-api-users-service-1,users-service,62.75,15.51
1789599096.676,research-api-inventory-service-1,inventory-service,19.02,13.5
1789599096.676,research-api-products-service-1,products-service,72.37,16.54
1789599096.676,research-api-grafana-1,grafana,0.39,115.0
1789599096.676,research-api-postgres-1,postgres,80.98,204.0
1789599096.676,research-api-prometheus-1,prometheus,0.13,71.45
1789599096.676,research-api-cadvisor-1,cadvisor,0.0,18.79
1789599101.582,research-api-nginx-1,nginx,71.57,23.48
1789599101.582,research-api-orders-service-1,orders-service,77.45,33.24
1789599101.582,research-api-users-service-1,users-service,48.78,14.58
1789599101.582,research-api-inventory-service-1,inventory-service,12.06,13.77
1789599101.582,research-api-products-service-1,products-service,50.98,16.75
1789599101.582,research-api-grafana-1,grafana,0.09,115.0
1789599101.582,research-api-postgres-1,postgres,55.93,203.0
1789599101.582,research-api-prometheus-1,prometheus,0.05,71.45
1789599101.582,research-api-cadvisor-1,cadvisor,0.0,18.79
1789599106.505,research-api-nginx-1,nginx,28.04,23.26
1789599106.505,research-api-orders-service-1,orders-service,40.44,32.28
1789599106.505,research-api-users-service-1,users-service,23.66,14.44
1789599106.505,research-api-inventory-service-1,inventory-service,4.73,13.5
1789599106.505,research-api-products-service-1,products-service,21.56,16.52
1789599106.505,research-api-grafana-1,grafana,0.31,115.0
1789599106.505,research-api-postgres-1,postgres,25.44,203.5
1789599106.505,research-api-prometheus-1,prometheus,0.07,71.45
1789599106.505,research-api-cadvisor-1,cadvisor,0.0,18.79
1789599111.506,research-api-nginx-1,nginx,0.0,19.64
1789599111.506,research-api-orders-service-1,orders-service,0.0,31.09
1789599111.506,research-api-users-service-1,users-service,0.0,13.86
1789599111.506,research-api-inventory-service-1,inventory-service,0.0,13.29
1789599111.506,research-api-products-service-1,products-service,0.0,15.08
1789599111.506,research-api-grafana-1,grafana,0.1,115.0
1789599111.506,research-api-postgres-1,postgres,0.21,202.6
1789599111.506,research-api-prometheus-1,prometheus,0.06,71.45
1789599111.506,research-api-cadvisor-1,cadvisor,0.0,19.31
