timestamp,container,service,cpu_percent,memory_mb
1789600229.512,research-api-nginx-1,nginx,1.66,12.84
1789600229.512,research-api-orders-service-1,orders-service,3.62,7.82
1789600229.512,research-api-grafana-1,grafana,0.05,49.24
1789600229.512,research-api-products-service-1,products-service,1.86,6.629
1789600229.512,research-api-inventory-service-1,inventory-service,1.34,5.996
1789600229.512,research-api-users-service-1,users-service,1.19,6.746
1789600229.512,research-api-postgres-1,postgres,7.73,32.97
1789600229.512,research-api-prometheus-1,prometheus,0.04,27.09
1789600229.512,research-api-cadvisor-1,cadvisor,0.0,16.27
1789600234.537,research-api-nginx-1,nginx,5.22,13.66
1789600234.537,research-api-orders-service-1,orders-service,10.82,9.727
1789600234.537,research-api-grafana-1,grafana,0.58,49.3
1789600234.537,research-api-products-service-1,products-service,5.14,7.965
1789600234.537,research-api-inventory-service-1,inventory-service,0.7,6.941
1789600234.537,research-api-users-service-1,users-service,5.88,8.117
1789600234.537,research-api-postgres-1,postgres,6.12,39.21
1789600234.537,research-api-prometheus-1,prometheus,1.14,27.95
1789600234.537,research-api-cadvisor-1,cadvisor,1.1,15.81
1789600239.513,research-api-nginx-1,nginx,7.58,13.04
1789600239.513,research-api-orders-service-1,orders-service,17.59,10.15
1789600239.513,research-api-grafana-1,grafana,0.04,49.3
1789600239.513,research-api-products-service-1,products-service,9.22,8.969
1789600239.513,research-api-inventory-service-1,inventory-service,1.32,7.23
1789600239.513,research-api-users-service-1,users-service,7.7,10.07
1789600239.513,research-api-postgres-1,postgres,16.27,44.51
1789600239.513,research-api-prometheus-1,prometheus,0.04,28.37
1789600239.513,research-api-cadvisor-1,cadvisor,0.0,16.43
1789600244.509,research-api-nginx-1,nginx,10.1,14.04
1789600244.509,research-api-orders-service-1,orders-service,18.72,10.34
1789600244.509,research-api-grafana-1,grafana,0.58,49.37
1789600244.509,research-api-products-service-1,products-service,10.1,9.18
1789600244.509,research-api-inventory-service-1,inventory-service,2.33,7.941
1789600244.509,research-api-users-service-1,users-service,10.13,9.176
1789600244.509,research-api-postgres-1,postgres,12.77,46.09
1789600244.509,research-api-prometheus-1,prometheus,1.7,28.64
1789600244.509,research-api-cadvisor-1,cadvisor,0.02,16.43
1789600249.518,research-api-nginx-1,nginx,11.85,14.83
1789600249.518,research-api-orders-service-1,orders-service,23.65,11.54
1789600249.518,research-api-grafana-1,grafana,0.08,49.37
1789600249.518,research-api-products-service-1,products-service,13.12,9.828
1789600249.518,research-api-inventory-service-1,inventory-service,2.49,8.195
1789600249.518,research-api-users-service-1,users-service,13.85,10.75
1789600249.518,research-api-postgres-1,postgres,20.7,55.74
1789600249.518,research-api-prometheus-1,prometheus,0.04,28.67
1789600249.518,research-api-cadvisor-1,cadvisor,0.0,17.15
1789600254.495,research-api-nginx-1,nginx,14.03,15.55
1789600254.495,research-api-orders-service-1,orders-service,28.25,11.72
1789600254.495,research-api-grafana-1,grafana,0.56,49.47
1789600254.495,research-api-products-service-1,products-service,15.24,9.668
1789600254.495,research-api-inventory-service-1,inventory-service,3.39,8.453
1789600254.495,research-api-users-service-1,users-service,14.74,10.49
1789600254.495,research-api-postgres-1,postgres,21.73,55.27
1789600254.495,research-api-prometheus-1,prometheus,1.8,29.47
1789600254.495,research-api-cadvisor-1,cadvisor,0.02,17.42
1789600259.513,research-api-nginx-1,nginx,14.43,14.7
1789600259.513,research-api-orders-service-1,orders-service,29.06,11.24
1789600259.513,research-api-grafana-1,grafana,0.04,49.47
1789600259.513,research-api-products-service-1,products-service,16.62,10.18
1789600259.513,research-api-inventory-service-1,inventory-service,3.19,8.102
1789600259.513,research-api-users-service-1,users-service,15.02,10.02
1789600259.513,research-api-postgres-1,postgres,22.68,61.28
1789600259.513,research-api-prometheus-1,prometheus,0.04,29.54
1789600259.513,research-api-cadvisor-1,cadvisor,0.0,17.2
1789600264.5,research-api-nginx-1,nginx,12.9,13.91
1789600264.5,research-api-orders-service-1,orders-service,31.75,11.79
1789600264.5,research-api-grafana-1,grafana,2.86,50.0
1789600264.5,research-api-products-service-1,products-service,14.77,10.4
1789600264.5,research-api-inventory-service-1,inventory-service,3.1,8.977
1789600264.5,research-api-users-service-1,users-service,13.82,10.21
1789600264.5,research-api-postgres-1,postgres,22.76,69.22
1789600264.5,research-api-prometheus-1,prometheus,0.91,30.62
1789600264.5,research-api-cadvisor-1,cadvisor,3.85,16.72
1789600269.514,research-api-nginx-1,nginx,15.41,15.11
1789600269.514,research-api-orders-service-1,orders-service,34.4,11.83
1789600269.514,research-api-grafana-1,grafana,0.04,50.01
1789600269.514,research-api-products-service-1,products-service,14.58,9.93
1789600269.514,research-api-inventory-service-1,inventory-service,3.69,8.555
1789600269.514,research-api-users-service-1,users-service,14.32,11.87
1789600269.514,research-api-postgres-1,postgres,24.17,73.73
1789600269.514,research-api-prometheus-1,prometheus,0.03,30.6
1789600269.514,research-api-cadvisor-1,cadvisor,0.0,16.79
1789600274.499,research-api-nginx-1,nginx,14.59,15.27
1789600274.499,research-api-orders-service-1,orders-service,28.84,12.72
1789600274.499,research-api-grafana-1,grafana,0.51,50.09
1789600274.499,research-api-products-service-1,products-service,16.44,10.53
1789600274.499,research-api-inventory-service-1,inventory-service,4.38,8.734
1789600274.499,research-api-users-service-1,users-service,15.86,10.91
1789600274.499,research-api-postgres-1,postgres,22.91,82.64
1789600274.499,research-api-prometheus-1,prometheus,1.01,30.78
1789600274.499,research-api-cadvisor-1,cadvisor,0.02,16.8
1789600279.496,research-api-nginx-1,nginx,16.0,14.31
1789600279.496,research-api-orders-service-1,orders-service,37.23,13.13
1789600279.496,research-api-grafana-1,grafana,0.05,50.09
1789600279.496,research-api-products-service-1,products-service,17.56,11.7
1789600279.496,research-api-inventory-service-1,inventory-service,4.38,9.234
1789600279.496,research-api-users-service-1,users-service,15.54,12.36
1789600279.496,research-api-postgres-1,postgres,26.55,84.66
1789600279.496,research-api-prometheus-1,prometheus,0.03,30.84
1789600279.496,research-api-cadvisor-1,cadvisor,0.0,16.87
1789600284.524,research-api-nginx-1,nginx,13.11,13.79
1789600284.524,research-api-orders-service-1,orders-service,34.68,13.97
1789600284.524,research-api-grafana-1,grafana,0.38,50.22
1789600284.524,research-api-products-service-1,products-service,14.78,12.13
1789600284.524,research-api-inventory-service-1,inventory-service,3.93,9.367
1789600284.524,research-api-users-service-1,users-service,15.63,11.47
1789600284.524,research-api-postgres-1,postgres,24.62,84.62
1789600284.524,research-api-prometheus-1,prometheus,0.8,30.99
1789600284.524,research-api-cadvisor-1,cadvisor,0.02,16.87
1789600289.511,research-api-nginx-1,nginx,14.81,14.64
1789600289.511,research-api-orders-service-1,orders-service,29.54,14.38
1789600289.511,research-api-grafana-1,grafana,0.04,50.22
1789600289.511,research-api-products-service-1,products-service,15.33,12.0
1789600289.511,research-api-inventory-service-1,inventory-service,4.56,9.336
1789600289.511,research-api-users-service-1,users-service,16.4,12.41
1789600289.511,research-api-postgres-1,postgres,23.17,85.66
1789600289.511,research-api-prometheus-1,prometheus,0.03,30.98
1789600289.511,research-api-cadvisor-1,cadvisor,0.0,17.11
1789600294.509,research-api-nginx-1,nginx,13.89,13.53
1789600294.509,research-api-orders-service-1,orders-service,29.71,14.86
1789600294.509,research-api-grafana-1,grafana,0.65,50.3
1789600294.509,research-api-products-service-1,products-service,15.53,11.45
1789600294.509,research-api-inventory-service-1,inventory-service,3.4,9.25
1789600294.509,research-api-users-service-1,users-service,15.59,12.56
1789600294.509,research-api-postgres-1,postgres,23.7,84.2
1789600294.509,research-api-prometheus-1,prometheus,0.89,31.08
1789600294.509,research-api-cadvisor-1,cadvisor,1.03,17.17
1789600299.525,research-api-nginx-1,nginx,15.59,14.76
1789600299.525,research-api-orders-service-1,orders-service,33.46,14.52
1789600299.525,research-api-grafana-1,grafana,0.06,50.28
1789600299.525,research-api-products-service-1,products-service,16.54,12.29
1789600299.525,research-api-inventory-service-1,inventory-service,4.52,9.438
1789600299.525,research-api-users-service-1,users-service,16.76,11.69
1789600299.525,research-api-postgres-1,postgres,21.89,85.25
1789600299.525,research-api-prometheus-1,prometheus,0.03,31.26
1789600299.525,research-api-cadvisor-1,cadvisor,0.0,17.95
1789600304.507,research-api-nginx-1,nginx,16.33,14.34
1789600304.507,research-api-orders-service-1,orders-service,33.43,13.75
1789600304.507,research-api-grafana-1,grafana,0.55,50.38
1789600304.507,research-api-products-service-1,products-service,17.56,11.97
1789600304.507,research-api-inventory-service-1,inventory-service,4.75,10.59
1789600304.507,research-api-users-service-1,users-service,16.85,12.05
1789600304.507,research-api-postgres-1,postgres,24.0,85.18
1789600304.507,research-api-prometheus-1,prometheus,1.08,31.32
1789600304.507,research-api-cadvisor-1,cadvisor,0.01,17.95
1789600309.502,research-api-nginx-1,nginx,17.45,14.68
1789600309.502,research-api-orders-service-1,orders-service,35.39,14.03
1789600309.502,research-api-grafana-1,grafana,0.07,50.38
1789600309.502,research-api-products-service-1,products-service,16.42,13.08
1789600309.502,research-api-inventory-service-1,inventory-service,3.98,9.793
1789600309.502,research-api-users-service-1,users-service,17.98,12.55
1789600309.502,research-api-postgres-1,postgres,25.49,84.47
1789600309.502,research-api-prometheus-1,prometheus,0.04,31.32
1789600309.502,research-api-cadvisor-1,cadvisor,0.01,18.14
1789600314.542,research-api-nginx-1,nginx,14.38,13.96
1789600314.542,research-api-orders-service-1,orders-service,35.27,14.82
1789600314.542,research-api-grafana-1,grafana,0.61,50.73
1789600314.542,research-api-products-service-1,products-service,18.24,13.68
1789600314.542,research-api-inventory-service-1,inventory-service,3.08,10.22
1789600314.542,research-api-users-service-1,users-service,15.21,12.84
1789600314.542,research-api-postgres-1,postgres,23.71,85.37
1789600314.542,research-api-prometheus-1,prometheus,0.61,32.04
1789600314.542,research-api-cadvisor-1,cadvisor,0.04,18.14
1789600319.513,research-api-nginx-1,nginx,14.02,13.61
1789600319.513,research-api-orders-service-1,orders-service,24.83,14.78
1789600319.513,research-api-grafana-1,grafana,0.04,50.73
1789600319.513,research-api-products-service-1,products-service,15.52,12.94
1789600319.513,research-api-inventory-service-1,inventory-service,4.49,9.535
1789600319.513,research-api-users-service-1,users-service,14.71,12.67
1789600319.513,research-api-postgres-1,postgres,20.3,84.7
1789600319.513,research-api-prometheus-1,prometheus,0.04,32.05
1789600319.513,research-api-cadvisor-1,cadvisor,0.0,18.77
1789600324.493,research-api-nginx-1,nginx,14.82,14.85
1789600324.493,research-api-orders-service-1,orders-service,30.69,15.45
1789600324.493,research-api-grafana-1,grafana,3.85,51.36
1789600324.493,research-api-products-service-1,products-service,15.43,12.71
1789600324.493,research-api-inventory-service-1,inventory-service,2.43,9.645
1789600324.493,research-api-users-service-1,users-service,17.46,13.02
1789600324.493,research-api-postgres-1,postgres,22.64,85.22
1789600324.493,research-api-prometheus-1,prometheus,1.43,32.09
1789600324.493,research-api-cadvisor-1,cadvisor,2.35,18.87
1789600329.55,research-api-nginx-1,nginx,13.38,14.05
1789600329.55,research-api-orders-service-1,orders-service,33.98,15.3
1789600329.55,research-api-grafana-1,grafana,0.07,51.36
1789600329.55,research-api-products-service-1,products-service,13.45,12.99
1789600329.55,research-api-inventory-service-1,inventory-service,4.07,9.633
1789600329.55,research-api-users-service-1,users-service,15.52,13.14
1789600329.55,research-api-postgres-1,postgres,20.67,85.49
1789600329.55,research-api-prometheus-1,prometheus,0.03,32.09
1789600329.55,research-api-cadvisor-1,cadvisor,0.0,19.06
1789600334.528,research-api-nginx-1,nginx,15.14,14.67
1789600334.528,research-api-orders-service-1,orders-service,28.79,14.75
1789600334.528,research-api-grafana-1,grafana,0.36,51.38
1789600334.528,research-api-products-service-1,products-service,16.46,13.71
1789600334.528,research-api-inventory-service-1,inventory-service,2.79,9.758
1789600334.528,research-api-users-service-1,users-service,15.82,12.57
1789600334.528,research-api-postgres-1,postgres,24.06,85.55
1789600334.528,research-api-prometheus-1,prometheus,1.0,32.13
1789600334.528,research-api-cadvisor-1,cadvisor,0.01,19.06
1789600339.504,research-api-nginx-1,nginx,16.91,14.25
1789600339.504,research-api-orders-service-1,orders-service,35.74,16.04
1789600339.504,research-api-grafana-1,grafana,0.14,51.38
1789600339.504,research-api-products-service-1,products-service,20.05,12.28
1789600339.504,research-api-inventory-service-1,inventory-service,4.6,9.199
1789600339.504,research-api-users-service-1,users-service,16.15,13.91
1789600339.504,research-api-postgres-1,postgres,26.19,85.2
1789600339.504,research-api-prometheus-1,prometheus,0.04,32.12
1789600339.504,research-api-cadvisor-1,cadvisor,0.01,18.16
1789600344.526,research-api-nginx-1,nginx,12.95,14.09
1789600344.526,research-api-orders-service-1,orders-service,29.16,14.65
1789600344.526,research-api-grafana-1,grafana,0.52,51.39
1789600344.526,research-api-products-service-1,products-service,13.92,12.57
1789600344.526,research-api-inventory-service-1,inventory-service,3.81,9.938
1789600344.526,research-api-users-service-1,users-service,14.58,12.27
1789600344.526,research-api-postgres-1,postgres,20.16,87.86
1789600344.526,research-api-prometheus-1,prometheus,0.85,32.16
1789600344.526,research-api-cadvisor-1,cadvisor,0.02,18.16
1789600349.515,research-api-nginx-1,nginx,13.62,14.64
1789600349.515,research-api-orders-service-1,orders-service,25.36,15.59
1789600349.515,research-api-grafana-1,grafana,0.04,51.39
1789600349.515,research-api-products-service-1,products-service,13.93,12.09
1789600349.515,research-api-inventory-service-1,inventory-service,3.4,9.578
1789600349.515,research-api-users-service-1,users-service,15.5,12.94
1789600349.515,research-api-postgres-1,postgres,20.45,87.61
1789600349.515,research-api-prometheus-1,prometheus,0.03,32.16
1789600349.515,research-api-cadvisor-1,cadvisor,0.38,18.42
1789600354.518,research-api-nginx-1,nginx,13.32,15.07
1789600354.518,research-api-orders-service-1,orders-service,30.06,15.63
1789600354.518,research-api-grafana-1,grafana,0.55,51.39
1789600354.518,research-api-products-service-1,products-service,16.99,13.18
1789600354.518,research-api-inventory-service-1,inventory-service,4.12,9.629
1789600354.518,research-api-users-service-1,users-service,13.69,12.86
1789600354.518,research-api-postgres-1,postgres,21.46,87.64
1789600354.518,research-api-prometheus-1,prometheus,1.47,32.24
1789600354.518,research-api-cadvisor-1,cadvisor,0.95,18.41
1789600359.54,research-api-nginx-1,nginx,14.22,14.11
1789600359.54,research-api-orders-service-1,orders-service,26.99,15.64
1789600359.54,research-api-grafana-1,grafana,0.04,51.39
1789600359.54,research-api-products-service-1,products-service,15.35,12.34
1789600359.54,research-api-inventory-service-1,inventory-service,4.61,9.715
1789600359.54,research-api-users-service-1,users-service,15.22,14.32
1789600359.54,research-api-postgres-1,postgres,20.26,95.63
1789600359.54,research-api-prometheus-1,prometheus,0.04,32.24
1789600359.54,research-api-cadvisor-1,cadvisor,0.0,18.28
1789600364.525,research-api-nginx-1,nginx,13.85,14.27
1789600364.525,research-api-orders-service-1,orders-service,32.18,15.66
1789600364.525,research-api-grafana-1,grafana,0.37,51.4
1789600364.525,research-api-products-service-1,products-service,14.61,13.65
1789600364.525,research-api-inventory-service-1,inventory-service,4.06,10.75
1789600364.525,research-api-users-service-1,users-service,15.6,14.1
1789600364.525,research-api-postgres-1,postgres,22.55,96.39
1789600364.525,research-api-prometheus-1,prometheus,0.98,32.41
1789600364.525,research-api-cadvisor-1,cadvisor,0.04,18.28
1789600369.518,research-api-nginx-1,nginx,13.95,14.75
1789600369.518,research-api-orders-service-1,orders-service,30.39,15.74
1789600369.518,research-api-grafana-1,grafana,0.1,51.4
1789600369.518,research-api-products-service-1,products-service,16.47,13.4
1789600369.518,research-api-inventory-service-1,inventory-service,4.09,10.39
1789600369.518,research-api-users-service-1,users-service,15.52,14.43
1789600369.518,research-api-postgres-1,postgres,21.7,96.38
1789600369.518,research-api-prometheus-1,prometheus,0.04,32.66
1789600369.518,research-api-cadvisor-1,cadvisor,0.0,18.52
1789600374.532,research-api-nginx-1,nginx,12.44,15.21
1789600374.532,research-api-orders-service-1,orders-service,28.48,15.36
1789600374.532,research-api-grafana-1,grafana,0.53,51.4
1789600374.532,research-api-products-service-1,products-service,13.93,13.04
1789600374.532,research-api-inventory-service-1,inventory-service,3.91,10.83
1789600374.532,research-api-users-service-1,users-service,14.87,13.09
1789600374.532,research-api-postgres-1,postgres,20.07,98.16
1789600374.532,research-api-prometheus-1,prometheus,0.0,32.66
1789600374.532,research-api-cadvisor-1,cadvisor,0.02,18.52
1789600379.526,research-api-nginx-1,nginx,12.66,15.24
1789600379.526,research-api-orders-service-1,orders-service,27.09,15.09
1789600379.526,research-api-grafana-1,grafana,0.04,51.41
1789600379.526,research-api-products-service-1,products-service,14.4,13.38
1789600379.526,research-api-inventory-service-1,inventory-service,3.0,10.72
1789600379.526,research-api-users-service-1,users-service,14.06,13.62
1789600379.526,research-api-postgres-1,postgres,21.29,97.99
1789600379.526,research-api-prometheus-1,prometheus,0.03,33.85
1789600379.526,research-api-cadvisor-1,cadvisor,0.0,18.5
1789600384.503,research-api-nginx-1,nginx,13.44,14.42
1789600384.503,research-api-orders-service-1,orders-service,28.41,15.9
1789600384.503,research-api-grafana-1,grafana,1.31,51.43
1789600384.503,research-api-products-service-1,products-service,14.26,13.64
1789600384.503,research-api-inventory-service-1,inventory-service,4.18,11.3
1789600384.503,research-api-users-service-1,users-service,15.1,13.82
1789600384.503,research-api-postgres-1,postgres,21.39,98.25
1789600384.503,research-api-prometheus-1,prometheus,1.35,35.02
1789600384.503,research-api-cadvisor-1,cadvisor,3.09,18.52
1789600389.512,research-api-nginx-1,nginx,15.17,14.4
1789600389.512,research-api-orders-service-1,orders-service,33.75,14.64
1789600389.512,research-api-grafana-1,grafana,0.04,51.43
1789600389.512,research-api-products-service-1,products-service,15.88,13.95
1789600389.512,research-api-inventory-service-1,inventory-service,5.24,12.23
1789600389.512,research-api-users-service-1,users-service,16.72,14.37
1789600389.512,research-api-postgres-1,postgres,23.04,98.53
1789600389.512,research-api-prometheus-1,prometheus,0.08,35.2
1789600389.512,research-api-cadvisor-1,cadvisor,0.0,18.6
1789600394.535,research-api-nginx-1,nginx,14.06,14.86
1789600394.535,research-api-orders-service-1,orders-service,27.21,16.48
1789600394.535,research-api-grafana-1,grafana,0.36,51.44
1789600394.535,research-api-products-service-1,products-service,13.8,14.25
1789600394.535,research-api-inventory-service-1,inventory-service,3.65,12.4
1789600394.535,research-api-users-service-1,users-service,13.74,13.28
1789600394.535,research-api-postgres-1,postgres,22.13,98.19
1789600394.535,research-api-prometheus-1,prometheus,1.05,35.21
1789600394.535,research-api-cadvisor-1,cadvisor,0.0,17.93
1789600399.508,research-api-nginx-1,nginx,13.16,14.94
1789600399.508,research-api-orders-service-1,orders-service,26.33,14.57
1789600399.508,research-api-grafana-1,grafana,0.06,51.44
1789600399.508,research-api-products-service-1,products-service,14.9,13.5
1789600399.508,research-api-inventory-service-1,inventory-service,3.63,12.4
1789600399.508,research-api-users-service-1,users-service,13.43,13.44
1789600399.508,research-api-postgres-1,postgres,21.56,98.69
1789600399.508,research-api-prometheus-1,prometheus,0.06,35.22
1789600399.508,research-api-cadvisor-1,cadvisor,0.0,17.93
1789600404.547,research-api-nginx-1,nginx,14.15,13.85
1789600404.547,research-api-orders-service-1,orders-service,30.97,15.05
1789600404.547,research-api-grafana-1,grafana,0.57,51.44
1789600404.547,research-api-products-service-1,products-service,16.03,13.89
1789600404.547,research-api-inventory-service-1,inventory-service,3.18,11.88
1789600404.547,research-api-users-service-1,users-service,17.11,13.16
1789600404.547,research-api-postgres-1,postgres,21.93,98.93
1789600404.547,research-api-prometheus-1,prometheus,1.16,35.24
1789600404.547,research-api-cadvisor-1,cadvisor,0.02,17.93
1789600409.532,research-api-nginx-1,nginx,14.86,14.08
1789600409.532,research-api-orders-service-1,orders-service,33.53,15.51
1789600409.532,research-api-grafana-1,grafana,0.05,51.44
1789600409.532,research-api-products-service-1,products-service,17.17,13.92
1789600409.532,research-api-inventory-service-1,inventory-service,4.35,12.76
1789600409.532,research-api-users-service-1,users-service,17.08,13.7
1789600409.532,research-api-postgres-1,postgres,22.84,99.09
1789600409.532,research-api-prometheus-1,prometheus,0.05,35.26
1789600409.532,research-api-cadvisor-1,cadvisor,0.0,18.59
1789600414.518,research-api-nginx-1,nginx,12.72,15.27
1789600414.518,research-api-orders-service-1,orders-service,29.79,14.63
1789600414.518,research-api-grafana-1,grafana,0.45,51.45
1789600414.518,research-api-products-service-1,products-service,15.92,13.73
1789600414.518,research-api-inventory-service-1,inventory-service,2.81,11.97
1789600414.518,research-api-users-service-1,users-service,14.79,13.21
1789600414.518,research-api-postgres-1,postgres,22.04,99.8
1789600414.518,research-api-prometheus-1,prometheus,1.07,35.29
1789600414.518,research-api-cadvisor-1,cadvisor,0.82,18.59
1789600419.523,research-api-nginx-1,nginx,14.41,14.57
1789600419.523,research-api-orders-service-1,orders-service,32.67,15.68
1789600419.523,research-api-grafana-1,grafana,0.03,51.45
1789600419.523,research-api-products-service-1,products-service,14.71,13.45
1789600419.523,research-api-inventory-service-1,inventory-service,4.2,11.25
1789600419.523,research-api-users-service-1,users-service,14.59,12.57
1789600419.523,research-api-postgres-1,postgres,20.81,98.32
1789600419.523,research-api-prometheus-1,prometheus,0.06,35.28
1789600419.523,research-api-cadvisor-1,cadvisor,0.0,19.23
1789600424.536,research-api-nginx-1,nginx,13.52,15.29
1789600424.536,research-api-orders-service-1,orders-service,33.22,14.99
1789600424.536,research-api-grafana-1,grafana,0.46,51.45
1789600424.536,research-api-products-service-1,products-service,14.86,14.13
1789600424.536,research-api-inventory-service-1,inventory-service,3.19,11.13
1789600424.536,research-api-users-service-1,users-service,16.63,12.68
1789600424.536,research-api-postgres-1,postgres,23.04,99.62
1789600424.536,research-api-prometheus-1,prometheus,0.0,35.28
1789600424.536,research-api-cadvisor-1,cadvisor,0.01,19.23
1789600429.516,research-api-nginx-1,nginx,13.55,14.7
1789600429.516,research-api-orders-service-1,orders-service,33.47,15.36
1789600429.516,research-api-grafana-1,grafana,0.08,51.45
1789600429.516,research-api-products-service-1,products-service,13.35,13.13
1789600429.516,research-api-inventory-service-1,inventory-service,3.86,11.38
1789600429.516,research-api-users-service-1,users-service,16.05,13.22
1789600429.516,research-api-postgres-1,postgres,22.08,99.35
1789600429.516,research-api-prometheus-1,prometheus,0.03,35.28
1789600429.516,research-api-cadvisor-1,cadvisor,0.0,19.23
1789600434.546,research-api-nginx-1,nginx,14.26,15.02
1789600434.546,research-api-orders-service-1,orders-service,31.41,16.51
1789600434.546,research-api-grafana-1,grafana,0.77,51.46
1789600434.546,research-api-products-service-1,products-service,16.7,13.3
1789600434.546,research-api-inventory-service-1,inventory-service,2.99,10.89
1789600434.546,research-api-users-service-1,users-service,18.18,12.81
1789600434.546,research-api-postgres-1,postgres,23.64,98.83
1789600434.546,research-api-prometheus-1,prometheus,0.97,35.29
1789600434.546,research-api-cadvisor-1,cadvisor,0.02,19.23
1789600439.525,research-api-nginx-1,nginx,14.35,14.38
1789600439.525,research-api-orders-service-1,orders-service,39.37,15.28
1789600439.525,research-api-grafana-1,grafana,0.04,51.46
1789600439.525,research-api-products-service-1,products-service,17.79,13.79
1789600439.525,research-api-inventory-service-1,inventory-service,5.49,11.2
1789600439.525,research-api-users-service-1,users-service,18.76,13.96
1789600439.525,research-api-postgres-1,postgres,26.39,99.53
1789600439.525,research-api-prometheus-1,prometheus,0.07,35.3
1789600439.525,research-api-cadvisor-1,cadvisor,0.0,19.39
1789600444.527,research-api-nginx-1,nginx,13.96,14.59
1789600444.527,research-api-orders-service-1,orders-service,33.15,14.75
1789600444.527,research-api-grafana-1,grafana,3.78,48.59
1789600444.527,research-api-products-service-1,products-service,14.39,13.56
1789600444.527,research-api-inventory-service-1,inventory-service,3.31,11.93
1789600444.527,research-api-users-service-1,users-service,17.16,12.71
1789600444.527,research-api-postgres-1,postgres,21.97,98.82
1789600444.527,research-api-prometheus-1,prometheus,0.94,35.3
1789600444.527,research-api-cadvisor-1,cadvisor,2.95,19.42
1789600449.539,research-api-nginx-1,nginx,12.02,14.2
1789600449.539,research-api-orders-service-1,orders-service,31.35,14.83
1789600449.539,research-api-grafana-1,grafana,0.07,44.1
1789600449.539,research-api-products-service-1,products-service,13.48,13.98
1789600449.539,research-api-inventory-service-1,inventory-service,3.1,10.96
1789600449.539,research-api-users-service-1,users-service,14.12,13.12
1789600449.539,research-api-postgres-1,postgres,20.41,99.21
1789600449.539,research-api-prometheus-1,prometheus,0.04,35.3
1789600449.539,research-api-cadvisor-1,cadvisor,0.0,18.27
1789600454.559,research-api-nginx-1,nginx,14.65,14.58
1789600454.559,research-api-orders-service-1,orders-service,39.6,16.18
1789600454.559,research-api-grafana-1,grafana,0.61,44.1
1789600454.559,research-api-products-service-1,products-service,16.05,13.46
1789600454.559,research-api-inventory-service-1,inventory-service,4.06,11.62
1789600454.559,research-api-users-service-1,users-service,16.89,12.7
1789600454.559,research-api-postgres-1,postgres,24.26,99.82
1789600454.559,research-api-prometheus-1,prometheus,0.67,35.32
1789600454.559,research-api-cadvisor-1,cadvisor,0.03,18.27
1789600459.511,research-api-nginx-1,nginx,14.54,15.24
1789600459.511,research-api-orders-service-1,orders-service,33.98,15.93
1789600459.511,research-api-grafana-1,grafana,0.1,44.1
1789600459.511,research-api-products-service-1,products-service,15.72,13.99
1789600459.511,research-api-inventory-service-1,inventory-service,3.77,11.88
1789600459.511,research-api-users-service-1,users-service,16.09,13.85
1789600459.511,research-api-postgres-1,postgres,24.29,99.88
1789600459.511,research-api-prometheus-1,prometheus,0.05,35.32
1789600459.511,research-api-cadvisor-1,cadvisor,0.0,18.94
1789600464.528,research-api-nginx-1,nginx,15.87,14.23
1789600464.528,research-api-orders-service-1,orders-service,39.12,15.89
1789600464.528,research-api-grafana-1,grafana,0.53,44.1
1789600464.528,research-api-products-service-1,products-service,17.59,14.95
1789600464.528,research-api-inventory-service-1,inventory-service,3.3,10.85
1789600464.528,research-api-users-service-1,users-service,15.81,14.06
1789600464.528,research-api-postgres-1,postgres,24.15,98.2
1789600464.528,research-api-prometheus-1,prometheus,1.23,35.34
1789600464.528,research-api-cadvisor-1,cadvisor,0.02,18.94
1789600469.53,research-api-nginx-1,nginx,15.24,14.3
1789600469.53,research-api-orders-service-1,orders-service,32.18,16.09
1789600469.53,research-api-grafana-1,grafana,0.04,44.1
1789600469.53,research-api-products-service-1,products-service,17.11,14.32
1789600469.53,research-api-inventory-service-1,inventory-service,4.65,10.71
1789600469.53,research-api-users-service-1,users-service,16.6,14.42
1789600469.53,research-api-postgres-1,postgres,23.67,99.52
1789600469.53,research-api-prometheus-1,prometheus,0.1,35.34
1789600469.53,research-api-cadvisor-1,cadvisor,0.0,18.95
1789600474.557,research-api-nginx-1,nginx,12.88,14.42
1789600474.557,research-api-orders-service-1,orders-service,33.22,16.86
1789600474.557,research-api-grafana-1,grafana,0.45,44.1
1789600474.557,research-api-products-service-1,products-service,17.25,14.15
1789600474.557,research-api-inventory-service-1,inventory-service,5.2,10.67
1789600474.557,research-api-users-service-1,users-service,16.31,13.65
1789600474.557,research-api-postgres-1,postgres,24.08,99.57
1789600474.557,research-api-prometheus-1,prometheus,1.01,35.4
1789600474.557,research-api-cadvisor-1,cadvisor,0.89,18.95
1789600479.549,research-api-nginx-1,nginx,15.67,14.85
1789600479.549,research-api-orders-service-1,orders-service,34.32,15.7
1789600479.549,research-api-grafana-1,grafana,0.04,44.1
1789600479.549,research-api-products-service-1,products-service,16.76,13.92
1789600479.549,research-api-inventory-service-1,inventory-service,4.79,11.28
1789600479.549,research-api-users-service-1,users-service,14.71,14.11
1789600479.549,research-api-postgres-1,postgres,24.56,100.1
1789600479.549,research-api-prometheus-1,prometheus,0.03,35.4
1789600479.549,research-api-cadvisor-1,cadvisor,0.0,19.12
1789600484.531,research-api-nginx-1,nginx,15.04,15.28
1789600484.531,research-api-orders-service-1,orders-service,33.59,17.52
1789600484.531,research-api-grafana-1,grafana,0.56,44.1
1789600484.531,research-api-products-service-1,products-service,17.14,14.02
1789600484.531,research-api-inventory-service-1,inventory-service,3.21,10.7
1789600484.531,research-api-users-service-1,users-service,16.61,13.05
1789600484.531,research-api-postgres-1,postgres,24.41,99.79
1789600484.531,research-api-prometheus-1,prometheus,0.97,35.44
1789600484.531,research-api-cadvisor-1,cadvisor,0.01,19.13
1789600489.525,research-api-nginx-1,nginx,15.93,14.66
1789600489.525,research-api-orders-service-1,orders-service,37.23,16.38
1789600489.525,research-api-grafana-1,grafana,0.08,44.1
1789600489.525,research-api-products-service-1,products-service,18.42,14.82
1789600489.525,research-api-inventory-service-1,inventory-service,4.88,10.97
1789600489.525,research-api-users-service-1,users-service,20.91,14.28
1789600489.525,research-api-postgres-1,postgres,27.45,99.64
1789600489.525,research-api-prometheus-1,prometheus,0.04,35.45
1789600489.525,research-api-cadvisor-1,cadvisor,0.0,19.15
1789600494.548,research-api-nginx-1,nginx,15.13,14.21
1789600494.548,research-api-orders-service-1,orders-service,36.21,15.83
1789600494.548,research-api-grafana-1,grafana,0.76,44.11
1789600494.548,research-api-products-service-1,products-service,17.16,14.83
1789600494.548,research-api-inventory-service-1,inventory-service,5.44,10.62
1789600494.548,research-api-users-service-1,users-service,16.9,12.75
1789600494.548,research-api-postgres-1,postgres,24.43,99.88
1789600494.548,research-api-prometheus-1,prometheus,0.95,35.47
1789600494.548,research-api-cadvisor-1,cadvisor,0.02,19.15
1789600499.547,research-api-nginx-1,nginx,17.98,14.41
1789600499.547,research-api-orders-service-1,orders-service,31.35,17.37
1789600499.547,research-api-grafana-1,grafana,0.05,44.11
1789600499.547,research-api-products-service-1,products-service,20.75,14.77
1789600499.547,research-api-inventory-service-1,inventory-service,4.05,10.9
1789600499.547,research-api-users-service-1,users-service,18.46,13.89
1789600499.547,research-api-postgres-1,postgres,26.58,100.4
1789600499.547,research-api-prometheus-1,prometheus,0.04,35.47
1789600499.547,research-api-cadvisor-1,cadvisor,0.0,19.83
1789600504.531,research-api-nginx-1,nginx,13.19,13.75
1789600504.531,research-api-orders-service-1,orders-service,26.91,16.32
1789600504.531,research-api-grafana-1,grafana,1.32,44.12
1789600504.531,research-api-products-service-1,products-service,14.41,13.5
1789600504.531,research-api-inventory-service-1,inventory-service,3.1,10.45
1789600504.531,research-api-users-service-1,users-service,14.26,12.6
1789600504.531,research-api-postgres-1,postgres,20.32,100.5
1789600504.531,research-api-prometheus-1,prometheus,1.2,36.18
1789600504.531,research-api-cadvisor-1,cadvisor,4.36,19.94
1789600509.545,research-api-nginx-1,nginx,16.93,14.42
1789600509.545,research-api-orders-service-1,orders-service,35.28,16.12
1789600509.545,research-api-grafana-1,grafana,0.04,44.12
1789600509.545,research-api-products-service-1,products-service,18.85,13.95
1789600509.545,research-api-inventory-service-1,inventory-service,3.05,11.27
1789600509.545,research-api-users-service-1,users-service,20.64,13.53
1789600509.545,research-api-postgres-1,postgres,26.63,100.0
1789600509.545,research-api-prometheus-1,prometheus,0.05,36.61
1789600509.545,research-api-cadvisor-1,cadvisor,0.0,18.86
1789600514.574,research-api-nginx-1,nginx,15.58,14.11
1789600514.574,research-api-orders-service-1,orders-service,42.99,16.72
1789600514.574,research-api-grafana-1,grafana,0.45,44.12
1789600514.574,research-api-products-service-1,products-service,18.54,13.35
1789600514.574,research-api-inventory-service-1,inventory-service,4.13,10.97
1789600514.574,research-api-users-service-1,users-service,20.74,12.88
1789600514.574,research-api-postgres-1,postgres,26.43,100.1
1789600514.574,research-api-prometheus-1,prometheus,1.57,36.64
1789600514.574,research-api-cadvisor-1,cadvisor,0.02,18.86
1789600519.571,research-api-nginx-1,nginx,14.79,14.65
1789600519.571,research-api-orders-service-1,orders-service,31.36,16.46
1789600519.571,research-api-grafana-1,grafana,0.08,44.12
1789600519.571,research-api-products-service-1,products-service,16.88,14.15
1789600519.571,research-api-inventory-service-1,inventory-service,3.51,11.48
1789600519.571,research-api-users-service-1,users-service,14.24,12.5
1789600519.571,research-api-postgres-1,postgres,22.78,100.8
1789600519.571,research-api-prometheus-1,prometheus,0.03,36.64
1789600519.571,research-api-cadvisor-1,cadvisor,0.0,19.51
1789600524.535,research-api-nginx-1,nginx,14.66,14.74
1789600524.535,research-api-orders-service-1,orders-service,29.87,15.53
1789600524.535,research-api-grafana-1,grafana,0.27,44.12
1789600524.535,research-api-products-service-1,products-service,14.51,13.5
1789600524.535,research-api-inventory-service-1,inventory-service,3.31,11.66
1789600524.535,research-api-users-service-1,users-service,12.47,13.1
1789600524.535,research-api-postgres-1,postgres,20.66,100.4
1789600524.535,research-api-prometheus-1,prometheus,1.18,36.65
1789600524.535,research-api-cadvisor-1,cadvisor,0.01,19.51
1789600529.535,research-api-nginx-1,nginx,13.3,14.9
1789600529.535,research-api-orders-service-1,orders-service,28.4,15.27
1789600529.535,research-api-grafana-1,grafana,0.04,44.12
1789600529.535,research-api-products-service-1,products-service,13.97,13.03
1789600529.535,research-api-inventory-service-1,inventory-service,4.1,11.39
1789600529.535,research-api-users-service-1,users-service,14.84,13.44
1789600529.535,research-api-postgres-1,postgres,20.46,102.8
1789600529.535,research-api-prometheus-1,prometheus,0.04,36.64
1789600529.535,research-api-cadvisor-1,cadvisor,0.39,19.52
1789600534.576,research-api-nginx-1,nginx,13.33,14.9
1789600534.576,research-api-orders-service-1,orders-service,29.25,16.0
1789600534.576,research-api-grafana-1,grafana,0.55,44.12
1789600534.576,research-api-products-service-1,products-service,15.52,13.19
1789600534.576,research-api-inventory-service-1,inventory-service,3.91,11.41
1789600534.576,research-api-users-service-1,users-service,14.91,12.17
1789600534.576,research-api-postgres-1,postgres,21.63,103.1
1789600534.576,research-api-prometheus-1,prometheus,1.15,36.65
1789600534.576,research-api-cadvisor-1,cadvisor,0.75,19.52
1789600539.551,research-api-nginx-1,nginx,15.38,13.73
1789600539.551,research-api-orders-service-1,orders-service,32.96,16.18
1789600539.551,research-api-grafana-1,grafana,0.04,44.12
1789600539.551,research-api-products-service-1,products-service,18.71,13.59
1789600539.551,research-api-inventory-service-1,inventory-service,5.58,10.55
1789600539.551,research-api-users-service-1,users-service,15.98,13.23
1789600539.551,research-api-postgres-1,postgres,23.54,102.6
1789600539.551,research-api-prometheus-1,prometheus,0.03,36.65
1789600539.551,research-api-cadvisor-1,cadvisor,0.0,19.82
1789600544.544,research-api-nginx-1,nginx,13.9,14.24
1789600544.544,research-api-orders-service-1,orders-service,30.86,15.69
1789600544.544,research-api-grafana-1,grafana,0.39,44.12
1789600544.544,research-api-products-service-1,products-service,15.38,13.53
1789600544.544,research-api-inventory-service-1,inventory-service,3.62,10.93
1789600544.544,research-api-users-service-1,users-service,17.63,12.44
1789600544.544,research-api-postgres-1,postgres,22.4,102.3
1789600544.544,research-api-prometheus-1,prometheus,0.91,36.65
1789600544.544,research-api-cadvisor-1,cadvisor,0.02,19.82
1789600549.535,research-api-nginx-1,nginx,15.42,14.09
1789600549.535,research-api-orders-service-1,orders-service,34.26,16.14
1789600549.535,research-api-grafana-1,grafana,0.07,44.12
1789600549.535,research-api-products-service-1,products-service,16.72,12.93
1789600549.535,research-api-inventory-service-1,inventory-service,3.81,11.54
1789600549.535,research-api-users-service-1,users-service,17.34,14.23
1789600549.535,research-api-postgres-1,postgres,28.87,103.3
1789600549.535,research-api-prometheus-1,prometheus,0.03,36.65
1789600549.535,research-api-cadvisor-1,cadvisor,0.34,19.84
1789600554.586,research-api-nginx-1,nginx,13.05,14.85
1789600554.586,research-api-orders-service-1,orders-service,31.41,15.62
1789600554.586,research-api-grafana-1,grafana,0.55,44.12
1789600554.586,research-api-products-service-1,products-service,15.86,13.26
1789600554.586,research-api-inventory-service-1,inventory-service,4.13,11.16
1789600554.586,research-api-users-service-1,users-service,14.94,13.47
1789600554.586,research-api-postgres-1,postgres,24.89,103.2
1789600554.586,research-api-prometheus-1,prometheus,1.05,36.66
1789600554.586,research-api-cadvisor-1,cadvisor,0.03,19.84
1789600559.559,research-api-nginx-1,nginx,16.39,14.41
1789600559.559,research-api-orders-service-1,orders-service,35.38,15.48
1789600559.559,research-api-grafana-1,grafana,0.05,44.12
1789600559.559,research-api-products-service-1,products-service,17.41,14.24
1789600559.559,research-api-inventory-service-1,inventory-service,4.33,10.76
1789600559.559,research-api-users-service-1,users-service,16.73,14.63
1789600559.559,research-api-postgres-1,postgres,25.26,102.6
1789600559.559,research-api-prometheus-1,prometheus,0.03,36.66
1789600559.559,research-api-cadvisor-1,cadvisor,0.0,19.94
1789600564.54,research-api-nginx-1,nginx,23.91,15.54
1789600564.54,research-api-orders-service-1,orders-service,47.52,15.4
1789600564.54,research-api-grafana-1,grafana,4.44,44.16
1789600564.54,research-api-products-service-1,products-service,25.42,13.18
1789600564.54,research-api-inventory-service-1,inventory-service,5.07,10.64
1789600564.54,research-api-users-service-1,users-service,22.76,12.2
1789600564.54,research-api-postgres-1,postgres,32.47,103.9
1789600564.54,research-api-prometheus-1,prometheus,0.7,36.66
1789600564.54,research-api-cadvisor-1,cadvisor,3.43,19.95
1789600569.55,research-api-nginx-1,nginx,26.16,15.42
1789600569.55,research-api-orders-service-1,orders-service,56.08,17.08
1789600569.55,research-api-grafana-1,grafana,0.04,44.16
1789600569.55,research-api-products-service-1,products-service,27.03,13.76
1789600569.55,research-api-inventory-service-1,inventory-service,7.61,10.14
1789600569.55,research-api-users-service-1,users-service,26.24,14.31
1789600569.55,research-api-postgres-1,postgres,42.4,102.6
1789600569.55,research-api-prometheus-1,prometheus,0.03,36.66
1789600569.55,research-api-cadvisor-1,cadvisor,0.0,18.85
1789600574.533,research-api-nginx-1,nginx,32.77,15.27
1789600574.533,research-api-orders-service-1,orders-service,65.84,17.66
1789600574.533,research-api-grafana-1,grafana,0.4,44.16
1789600574.533,research-api-products-service-1,products-service,31.9,14.61
1789600574.533,research-api-inventory-service-1,inventory-service,8.48,11.1
1789600574.533,research-api-users-service-1,users-service,31.2,14.68
1789600574.533,research-api-postgres-1,postgres,50.07,102.9
1789600574.533,research-api-prometheus-1,prometheus,0.64,36.66
1789600574.533,research-api-cadvisor-1,cadvisor,0.02,18.85
1789600579.535,research-api-nginx-1,nginx,38.34,16.18
1789600579.535,research-api-orders-service-1,orders-service,81.89,18.52
1789600579.535,research-api-grafana-1,grafana,0.06,44.16
1789600579.535,research-api-products-service-1,products-service,36.99,14.5
1789600579.535,research-api-inventory-service-1,inventory-service,10.33,11.17
1789600579.535,research-api-users-service-1,users-service,38.84,14.54
1789600579.535,research-api-postgres-1,postgres,57.97,104.2
1789600579.535,research-api-prometheus-1,prometheus,0.03,36.66
1789600579.535,research-api-cadvisor-1,cadvisor,0.0,18.85
1789600584.543,research-api-nginx-1,nginx,42.89,16.12
1789600584.543,research-api-orders-service-1,orders-service,81.34,18.86
1789600584.543,research-api-grafana-1,grafana,0.35,44.16
1789600584.543,research-api-products-service-1,products-service,39.45,14.94
1789600584.543,research-api-inventory-service-1,inventory-service,9.48,11.3
1789600584.543,research-api-users-service-1,users-service,42.55,14.28
1789600584.543,research-api-postgres-1,postgres,61.34,104.1
1789600584.543,research-api-prometheus-1,prometheus,0.64,36.68
1789600584.543,research-api-cadvisor-1,cadvisor,0.01,18.85
1789600589.543,research-api-nginx-1,nginx,42.65,15.9
1789600589.543,research-api-orders-service-1,orders-service,73.07,18.0
1789600589.543,research-api-grafana-1,grafana,0.03,44.16
1789600589.543,research-api-products-service-1,products-service,38.49,15.39
1789600589.543,research-api-inventory-service-1,inventory-service,9.49,10.51
1789600589.543,research-api-users-service-1,users-service,38.94,14.2
1789600589.543,research-api-postgres-1,postgres,62.09,103.9
1789600589.543,research-api-prometheus-1,prometheus,0.03,36.68
1789600589.543,research-api-cadvisor-1,cadvisor,0.0,19.18
1789600594.547,research-api-nginx-1,nginx,46.33,16.58
1789600594.547,research-api-orders-service-1,orders-service,77.5,19.13
1789600594.547,research-api-grafana-1,grafana,0.4,44.16
1789600594.547,research-api-products-service-1,products-service,41.88,15.43
1789600594.547,research-api-inventory-service-1,inventory-service,11.02,12.2
1789600594.547,research-api-users-service-1,users-service,39.48,13.36
1789600594.547,research-api-postgres-1,postgres,63.71,104.8
1789600594.547,research-api-prometheus-1,prometheus,0.85,36.68
1789600594.547,research-api-cadvisor-1,cadvisor,0.7,19.27
1789600599.536,research-api-nginx-1,nginx,44.04,16.33
1789600599.536,research-api-orders-service-1,orders-service,89.76,18.64
1789600599.536,research-api-grafana-1,grafana,0.03,44.16
1789600599.536,research-api-products-service-1,products-service,44.58,15.02
1789600599.536,research-api-inventory-service-1,inventory-service,10.08,11.5
1789600599.536,research-api-users-service-1,users-service,41.33,14.15
1789600599.536,research-api-postgres-1,postgres,64.83,104.6
1789600599.536,research-api-prometheus-1,prometheus,0.04,36.72
1789600599.536,research-api-cadvisor-1,cadvisor,0.0,18.72
1789600604.531,research-api-nginx-1,nginx,44.04,15.64
1789600604.531,research-api-orders-service-1,orders-service,85.13,19.3
1789600604.531,research-api-grafana-1,grafana,0.22,44.16
1789600604.531,research-api-products-service-1,products-service,42.89,14.68
1789600604.531,research-api-inventory-service-1,inventory-service,9.14,11.6
1789600604.531,research-api-users-service-1,users-service,41.57,14.4
1789600604.531,research-api-postgres-1,postgres,66.68,104.7
1789600604.531,research-api-prometheus-1,prometheus,0.76,36.74
1789600604.531,research-api-cadvisor-1,cadvisor,0.01,18.72
1789600609.55,research-api-nginx-1,nginx,45.14,15.94
1789600609.55,research-api-orders-service-1,orders-service,89.59,19.35
1789600609.55,research-api-grafana-1,grafana,0.07,44.16
1789600609.55,research-api-products-service-1,products-service,42.84,15.8
1789600609.55,research-api-inventory-service-1,inventory-service,11.48,11.14
1789600609.55,research-api-users-service-1,users-service,42.0,14.29
1789600609.55,research-api-postgres-1,postgres,64.23,105.3
1789600609.55,research-api-prometheus-1,prometheus,0.04,36.75
1789600609.55,research-api-cadvisor-1,cadvisor,0.0,19.21
1789600614.553,research-api-nginx-1,nginx,46.49,15.94
1789600614.553,research-api-orders-service-1,orders-service,87.92,20.05
1789600614.553,research-api-grafana-1,grafana,0.35,44.16
1789600614.553,research-api-products-service-1,products-service,43.66,14.81
1789600614.553,research-api-inventory-service-1,inventory-service,10.49,12.46
1789600614.553,research-api-users-service-1,users-service,44.21,13.8
1789600614.553,research-api-postgres-1,postgres,66.32,105.4
1789600614.553,research-api-prometheus-1,prometheus,0.77,36.76
1789600614.553,research-api-cadvisor-1,cadvisor,0.31,19.21
1789600619.531,research-api-nginx-1,nginx,44.3,15.86
1789600619.531,research-api-orders-service-1,orders-service,181.1,20.62
1789600619.531,research-api-grafana-1,grafana,0.04,44.16
1789600619.531,research-api-products-service-1,products-service,42.67,14.71
1789600619.531,research-api-inventory-service-1,inventory-service,10.97,11.21
1789600619.531,research-api-users-service-1,users-service,37.85,14.05
1789600619.531,research-api-postgres-1,postgres,59.26,105.9
1789600619.531,research-api-prometheus-1,prometheus,0.03,36.75
1789600619.531,research-api-cadvisor-1,cadvisor,0.0,19.31
1789600624.552,research-api-nginx-1,nginx,42.27,14.89
1789600624.552,research-api-orders-service-1,orders-service,197.61,20.17
1789600624.552,research-api-grafana-1,grafana,1.08,44.17
1789600624.552,research-api-products-service-1,products-service,41.07,15.96
1789600624.552,research-api-inventory-service-1,inventory-service,11.18,12.72
1789600624.552,research-api-users-service-1,users-service,36.29,14.25
1789600624.552,research-api-postgres-1,postgres,62.15,105.4
1789600624.552,research-api-prometheus-1,prometheus,0.82,36.78
1789600624.552,research-api-cadvisor-1,cadvisor,2.33,18.65
1789600629.539,research-api-nginx-1,nginx,45.6,16.7
1789600629.539,research-api-orders-service-1,orders-service,139.34,19.72
1789600629.539,research-api-grafana-1,grafana,0.04,44.17
1789600629.539,research-api-products-service-1,products-service,45.47,15.16
1789600629.539,research-api-inventory-service-1,inventory-service,9.16,12.16
1789600629.539,research-api-users-service-1,users-service,42.16,14.54
1789600629.539,research-api-postgres-1,postgres,66.15,106.8
1789600629.539,research-api-prometheus-1,prometheus,1.31,36.0
1789600629.539,research-api-cadvisor-1,cadvisor,0.0,19.29
1789600634.542,research-api-nginx-1,nginx,43.97,16.03
1789600634.542,research-api-orders-service-1,orders-service,80.29,20.3
1789600634.542,research-api-grafana-1,grafana,0.32,44.17
1789600634.542,research-api-products-service-1,products-service,41.78,14.73
1789600634.542,research-api-inventory-service-1,inventory-service,10.14,12.55
1789600634.542,research-api-users-service-1,users-service,42.18,14.16
1789600634.542,research-api-postgres-1,postgres,64.26,108.2
1789600634.542,research-api-prometheus-1,prometheus,0.78,36.0
1789600634.542,research-api-cadvisor-1,cadvisor,0.09,17.27
1789600639.549,research-api-nginx-1,nginx,44.58,15.8
1789600639.549,research-api-orders-service-1,orders-service,88.32,20.93
1789600639.549,research-api-grafana-1,grafana,0.05,44.17
1789600639.549,research-api-products-service-1,products-service,43.49,15.01
1789600639.549,research-api-inventory-service-1,inventory-service,11.1,11.94
1789600639.549,research-api-users-service-1,users-service,41.12,14.15
1789600639.549,research-api-postgres-1,postgres,61.65,106.7
1789600639.549,research-api-prometheus-1,prometheus,0.02,36.0
1789600639.549,research-api-cadvisor-1,cadvisor,0.0,17.91
1789600644.557,research-api-nginx-1,nginx,46.41,15.83
1789600644.557,research-api-orders-service-1,orders-service,115.81,20.12
1789600644.557,research-api-grafana-1,grafana,0.41,44.17
1789600644.557,research-api-products-service-1,products-service,43.47,14.37
1789600644.557,research-api-inventory-service-1,inventory-service,12.73,11.8
1789600644.557,research-api-users-service-1,users-service,43.17,13.68
1789600644.557,research-api-postgres-1,postgres,64.86,107.4
1789600644.557,research-api-prometheus-1,prometheus,0.7,36.01
1789600644.557,research-api-cadvisor-1,cadvisor,0.02,17.91
1789600649.549,research-api-nginx-1,nginx,47.62,16.21
1789600649.549,research-api-orders-service-1,orders-service,159.96,20.35
1789600649.549,research-api-grafana-1,grafana,0.06,44.17
1789600649.549,research-api-products-service-1,products-service,45.09,15.15
1789600649.549,research-api-inventory-service-1,inventory-service,12.26,11.49
1789600649.549,research-api-users-service-1,users-service,43.23,14.36
1789600649.549,research-api-postgres-1,postgres,69.28,107.7
1789600649.549,research-api-prometheus-1,prometheus,0.02,36.01
1789600649.549,research-api-cadvisor-1,cadvisor,0.0,17.81
1789600654.56,research-api-nginx-1,nginx,48.59,16.46
1789600654.56,research-api-orders-service-1,orders-service,90.95,21.09
1789600654.56,research-api-grafana-1,grafana,0.39,44.17
1789600654.56,research-api-products-service-1,products-service,45.38,15.38
1789600654.56,research-api-inventory-service-1,inventory-service,11.6,11.55
1789600654.56,research-api-users-service-1,users-service,44.59,14.92
1789600654.56,research-api-postgres-1,postgres,67.42,108.1
1789600654.56,research-api-prometheus-1,prometheus,0.76,36.01
1789600654.56,research-api-cadvisor-1,cadvisor,0.76,17.82
1789600659.536,research-api-nginx-1,nginx,45.43,16.53
1789600659.536,research-api-orders-service-1,orders-service,84.06,20.34
1789600659.536,research-api-grafana-1,grafana,0.06,44.17
1789600659.536,research-api-products-service-1,products-service,43.43,14.93
1789600659.536,research-api-inventory-service-1,inventory-service,11.02,12.3
1789600659.536,research-api-users-service-1,users-service,41.33,15.42
1789600659.536,research-api-postgres-1,postgres,62.45,107.9
1789600659.536,research-api-prometheus-1,prometheus,0.02,36.02
1789600659.536,research-api-cadvisor-1,cadvisor,0.29,18.61
1789600664.554,research-api-nginx-1,nginx,44.29,15.37
1789600664.554,research-api-orders-service-1,orders-service,87.29,20.66
1789600664.554,research-api-grafana-1,grafana,0.38,44.17
1789600664.554,research-api-products-service-1,products-service,42.82,15.11
1789600664.554,research-api-inventory-service-1,inventory-service,10.23,12.79
1789600664.554,research-api-users-service-1,users-service,42.1,14.92
1789600664.554,research-api-postgres-1,postgres,63.12,109.5
1789600664.554,research-api-prometheus-1,prometheus,0.81,36.03
1789600664.554,research-api-cadvisor-1,cadvisor,0.02,18.61
1789600669.561,research-api-nginx-1,nginx,45.87,16.42
1789600669.561,research-api-orders-service-1,orders-service,83.72,21.53
1789600669.561,research-api-grafana-1,grafana,0.05,44.17
1789600669.561,research-api-products-service-1,products-service,46.17,14.58
1789600669.561,research-api-inventory-service-1,inventory-service,11.77,11.93
1789600669.561,research-api-users-service-1,users-service,43.01,15.2
1789600669.561,research-api-postgres-1,postgres,65.3,108.7
1789600669.561,research-api-prometheus-1,prometheus,0.02,36.02
1789600669.561,research-api-cadvisor-1,cadvisor,0.0,19.22
1789600674.555,research-api-nginx-1,nginx,48.59,16.32
1789600674.555,research-api-orders-service-1,orders-service,117.35,21.15
1789600674.555,research-api-grafana-1,grafana,0.35,44.17
1789600674.555,research-api-products-service-1,products-service,47.44,14.32
1789600674.555,research-api-inventory-service-1,inventory-service,10.62,12.81
1789600674.555,research-api-users-service-1,users-service,43.92,15.32
1789600674.555,research-api-postgres-1,postgres,67.9,109.1
1789600674.555,research-api-prometheus-1,prometheus,0.63,36.03
1789600674.555,research-api-cadvisor-1,cadvisor,0.01,19.22
1789600679.566,research-api-nginx-1,nginx,46.19,15.95
1789600679.566,research-api-orders-service-1,orders-service,87.9,21.06
1789600679.566,research-api-grafana-1,grafana,0.04,44.17
1789600679.566,research-api-products-service-1,products-service,42.28,14.82
1789600679.566,research-api-inventory-service-1,inventory-service,11.22,11.84
1789600679.566,research-api-users-service-1,users-service,43.21,14.48
1789600679.566,research-api-postgres-1,postgres,64.68,109.5
1789600679.566,research-api-prometheus-1,prometheus,0.03,36.03
1789600679.566,research-api-cadvisor-1,cadvisor,0.0,19.31
1789600684.551,research-api-nginx-1,nginx,46.97,16.41
1789600684.551,research-api-orders-service-1,orders-service,225.89,21.08
1789600684.551,research-api-grafana-1,grafana,3.46,44.18
1789600684.551,research-api-products-service-1,products-service,46.95,14.0
1789600684.551,research-api-inventory-service-1,inventory-service,11.86,11.83
1789600684.551,research-api-users-service-1,users-service,44.71,14.89
1789600684.551,research-api-postgres-1,postgres,65.93,110.1
1789600684.551,research-api-prometheus-1,prometheus,0.65,36.08
1789600684.551,research-api-cadvisor-1,cadvisor,2.26,19.34
1789600689.573,research-api-nginx-1,nginx,48.83,16.2
1789600689.573,research-api-orders-service-1,orders-service,230.14,21.94
1789600689.573,research-api-grafana-1,grafana,0.04,44.17
1789600689.573,research-api-products-service-1,products-service,44.75,14.79
1789600689.573,research-api-inventory-service-1,inventory-service,12.18,11.3
1789600689.573,research-api-users-service-1,users-service,45.28,14.89
1789600689.573,research-api-postgres-1,postgres,66.42,110.1
1789600689.573,research-api-prometheus-1,prometheus,0.04,36.07
1789600689.573,research-api-cadvisor-1,cadvisor,0.0,18.98
1789600694.562,research-api-nginx-1,nginx,48.1,15.68
1789600694.562,research-api-orders-service-1,orders-service,212.01,20.81
1789600694.562,research-api-grafana-1,grafana,0.34,44.18
1789600694.562,research-api-products-service-1,products-service,46.53,15.54
1789600694.562,research-api-inventory-service-1,inventory-service,10.22,13.01
1789600694.562,research-api-users-service-1,users-service,43.26,13.64
1789600694.562,research-api-postgres-1,postgres,67.84,109.8
1789600694.562,research-api-prometheus-1,prometheus,0.82,36.71
1789600694.562,research-api-cadvisor-1,cadvisor,0.01,18.98
1789600699.578,research-api-nginx-1,nginx,47.62,15.88
1789600699.578,research-api-orders-service-1,orders-service,81.81,20.73
1789600699.578,research-api-grafana-1,grafana,0.07,44.18
1789600699.578,research-api-products-service-1,products-service,45.53,15.1
1789600699.578,research-api-inventory-service-1,inventory-service,11.72,11.31
1789600699.578,research-api-users-service-1,users-service,45.3,14.05
1789600699.578,research-api-postgres-1,postgres,64.11,110.3
1789600699.578,research-api-prometheus-1,prometheus,0.04,36.71
1789600699.578,research-api-cadvisor-1,cadvisor,0.0,19.0
1789600704.573,research-api-nginx-1,nginx,48.92,15.85
1789600704.573,research-api-orders-service-1,orders-service,92.49,20.65
1789600704.573,research-api-grafana-1,grafana,0.29,44.18
1789600704.573,research-api-products-service-1,products-service,47.17,14.89
1789600704.573,research-api-inventory-service-1,inventory-service,11.4,12.89
1789600704.573,research-api-users-service-1,users-service,43.02,14.4
1789600704.573,research-api-postgres-1,postgres,65.45,111.1
1789600704.573,research-api-prometheus-1,prometheus,0.93,36.71
1789600704.573,research-api-cadvisor-1,cadvisor,0.01,19.0
1789600709.551,research-api-nginx-1,nginx,48.14,16.16
1789600709.551,research-api-orders-service-1,orders-service,83.23,20.65
1789600709.551,research-api-grafana-1,grafana,0.03,44.18
1789600709.551,research-api-products-service-1,products-service,44.15,15.3
1789600709.551,research-api-inventory-service-1,inventory-service,10.93,11.49
1789600709.551,research-api-users-service-1,users-service,43.53,15.6
1789600709.551,research-api-postgres-1,postgres,63.87,111.8
1789600709.551,research-api-prometheus-1,prometheus,0.03,36.71
1789600709.551,research-api-cadvisor-1,cadvisor,0.0,19.16
1789600714.553,research-api-nginx-1,nginx,47.8,15.45
1789600714.553,research-api-orders-service-1,orders-service,95.61,20.86
1789600714.553,research-api-grafana-1,grafana,0.4,44.18
1789600714.553,research-api-products-service-1,products-service,45.61,14.82
1789600714.553,research-api-inventory-service-1,inventory-service,11.09,11.13
1789600714.553,research-api-users-service-1,users-service,46.94,14.55
1789600714.553,research-api-postgres-1,postgres,66.74,112.1
1789600714.553,research-api-prometheus-1,prometheus,0.77,36.71
1789600714.553,research-api-cadvisor-1,cadvisor,0.76,19.18
1789600719.561,research-api-nginx-1,nginx,47.9,16.43
1789600719.561,research-api-orders-service-1,orders-service,122.52,20.77
1789600719.561,research-api-grafana-1,grafana,0.04,44.18
1789600719.561,research-api-products-service-1,products-service,46.26,14.59
1789600719.561,research-api-inventory-service-1,inventory-service,10.57,10.95
1789600719.561,research-api-users-service-1,users-service,45.63,14.62
1789600719.561,research-api-postgres-1,postgres,65.87,111.8
1789600719.561,research-api-prometheus-1,prometheus,0.03,36.75
1789600719.561,research-api-cadvisor-1,cadvisor,0.0,19.58
1789600724.577,research-api-nginx-1,nginx,48.69,16.06
1789600724.577,research-api-orders-service-1,orders-service,93.03,21.16
1789600724.577,research-api-grafana-1,grafana,0.41,44.18
1789600724.577,research-api-products-service-1,products-service,45.2,15.41
1789600724.577,research-api-inventory-service-1,inventory-service,12.31,12.17
1789600724.577,research-api-users-service-1,users-service,44.0,14.26
1789600724.577,research-api-postgres-1,postgres,68.44,112.3
1789600724.577,research-api-prometheus-1,prometheus,0.8,36.84
1789600724.577,research-api-cadvisor-1,cadvisor,0.02,19.58
1789600729.565,research-api-nginx-1,nginx,47.1,16.3
1789600729.565,research-api-orders-service-1,orders-service,88.15,21.49
1789600729.565,research-api-grafana-1,grafana,0.06,44.18
1789600729.565,research-api-products-service-1,products-service,43.34,14.39
1789600729.565,research-api-inventory-service-1,inventory-service,11.61,11.59
1789600729.565,research-api-users-service-1,users-service,44.8,14.1
1789600729.565,research-api-postgres-1,postgres,64.21,112.8
1789600729.565,research-api-prometheus-1,prometheus,0.02,36.84
1789600729.565,research-api-cadvisor-1,cadvisor,0.0,19.68
1789600734.562,research-api-nginx-1,nginx,46.86,15.62
1789600734.562,research-api-orders-service-1,orders-service,81.87,20.89
1789600734.562,research-api-grafana-1,grafana,0.3,44.19
1789600734.562,research-api-products-service-1,products-service,44.73,14.8
1789600734.562,research-api-inventory-service-1,inventory-service,12.71,12.3
1789600734.562,research-api-users-service-1,users-service,43.61,14.83
1789600734.562,research-api-postgres-1,postgres,62.76,112.0
1789600734.562,research-api-prometheus-1,prometheus,0.68,37.11
1789600734.562,research-api-cadvisor-1,cadvisor,0.01,19.68
1789600739.568,research-api-nginx-1,nginx,47.87,16.23
1789600739.568,research-api-orders-service-1,orders-service,89.02,20.88
1789600739.568,research-api-grafana-1,grafana,0.03,44.19
1789600739.568,research-api-products-service-1,products-service,47.6,15.15
1789600739.568,research-api-inventory-service-1,inventory-service,11.19,11.17
1789600739.568,research-api-users-service-1,users-service,45.33,14.67
1789600739.568,research-api-postgres-1,postgres,64.23,112.8
1789600739.568,research-api-prometheus-1,prometheus,0.04,37.11
1789600739.568,research-api-cadvisor-1,cadvisor,0.0,19.69
1789600744.571,research-api-nginx-1,nginx,48.11,16.35
1789600744.571,research-api-orders-service-1,orders-service,93.47,20.63
1789600744.571,research-api-grafana-1,grafana,1.08,44.21
1789600744.571,research-api-products-service-1,products-service,46.92,14.54
1789600744.571,research-api-inventory-service-1,inventory-service,10.65,12.12
1789600744.571,research-api-users-service-1,users-service,48.53,14.21
1789600744.571,research-api-postgres-1,postgres,69.85,113.1
1789600744.571,research-api-prometheus-1,prometheus,0.8,37.49
1789600744.571,research-api-cadvisor-1,cadvisor,2.52,19.38
1789600749.581,research-api-nginx-1,nginx,49.36,16.07
1789600749.581,research-api-orders-service-1,orders-service,159.66,20.43
1789600749.581,research-api-grafana-1,grafana,0.03,44.21
1789600749.581,research-api-products-service-1,products-service,44.46,14.77
1789600749.581,research-api-inventory-service-1,inventory-service,10.53,11.17
1789600749.581,research-api-users-service-1,users-service,47.86,14.91
1789600749.581,research-api-postgres-1,postgres,65.39,113.7
1789600749.581,research-api-prometheus-1,prometheus,1.2,37.63
1789600749.581,research-api-cadvisor-1,cadvisor,0.0,19.81
1789600754.57,research-api-nginx-1,nginx,48.83,15.76
1789600754.57,research-api-orders-service-1,orders-service,223.37,21.02
1789600754.57,research-api-grafana-1,grafana,0.4,44.21
1789600754.57,research-api-products-service-1,products-service,46.28,16.07
1789600754.57,research-api-inventory-service-1,inventory-service,10.53,11.44
1789600754.57,research-api-users-service-1,users-service,44.8,13.35
1789600754.57,research-api-postgres-1,postgres,65.72,114.1
1789600754.57,research-api-prometheus-1,prometheus,0.76,37.64
1789600754.57,research-api-cadvisor-1,cadvisor,0.04,19.81
1789600759.579,research-api-nginx-1,nginx,48.05,16.29
1789600759.579,research-api-orders-service-1,orders-service,203.76,21.0
1789600759.579,research-api-grafana-1,grafana,0.06,44.21
1789600759.579,research-api-products-service-1,products-service,45.21,14.35
1789600759.579,research-api-inventory-service-1,inventory-service,10.7,11.93
1789600759.579,research-api-users-service-1,users-service,42.85,13.86
1789600759.579,research-api-postgres-1,postgres,63.86,114.4
1789600759.579,research-api-prometheus-1,prometheus,0.03,37.65
1789600759.579,research-api-cadvisor-1,cadvisor,0.0,18.95
1789600764.589,research-api-nginx-1,nginx,49.56,16.43
1789600764.589,research-api-orders-service-1,orders-service,154.35,21.48
1789600764.589,research-api-grafana-1,grafana,0.3,44.21
1789600764.589,research-api-products-service-1,products-service,46.84,15.42
1789600764.589,research-api-inventory-service-1,inventory-service,11.31,11.86
1789600764.589,research-api-users-service-1,users-service,45.41,15.52
1789600764.589,research-api-postgres-1,postgres,67.37,114.4
1789600764.589,research-api-prometheus-1,prometheus,0.81,37.66
1789600764.589,research-api-cadvisor-1,cadvisor,0.02,18.95
1789600769.594,research-api-nginx-1,nginx,48.41,15.43
1789600769.594,research-api-orders-service-1,orders-service,94.51,20.99
1789600769.594,research-api-grafana-1,grafana,0.04,44.21
1789600769.594,research-api-products-service-1,products-service,44.67,15.26
1789600769.594,research-api-inventory-service-1,inventory-service,12.13,11.48
1789600769.594,research-api-users-service-1,users-service,45.12,14.33
1789600769.594,research-api-postgres-1,postgres,67.12,115.0
1789600769.594,research-api-prometheus-1,prometheus,0.03,37.66
1789600769.594,research-api-cadvisor-1,cadvisor,0.0,19.46
1789600774.59,research-api-nginx-1,nginx,47.21,15.87
1789600774.59,research-api-orders-service-1,orders-service,91.46,20.32
1789600774.59,research-api-grafana-1,grafana,0.44,44.21
1789600774.59,research-api-products-service-1,products-service,45.63,14.95
1789600774.59,research-api-inventory-service-1,inventory-service,12.26,11.38
1789600774.59,research-api-users-service-1,users-service,46.67,13.38
1789600774.59,research-api-postgres-1,postgres,68.63,114.0
1789600774.59,research-api-prometheus-1,prometheus,0.8,37.67
1789600774.59,research-api-cadvisor-1,cadvisor,0.02,19.46
1789600779.579,research-api-nginx-1,nginx,46.93,15.44
1789600779.579,research-api-orders-service-1,orders-service,82.87,20.72
1789600779.579,research-api-grafana-1,grafana,0.03,44.21
1789600779.579,research-api-products-service-1,products-service,42.57,16.29
1789600779.579,research-api-inventory-service-1,inventory-service,11.57,11.34
1789600779.579,research-api-users-service-1,users-service,42.44,14.06
1789600779.579,research-api-postgres-1,postgres,64.9,115.2
1789600779.579,research-api-prometheus-1,prometheus,0.02,37.67
1789600779.579,research-api-cadvisor-1,cadvisor,0.0,19.12
1789600784.577,research-api-nginx-1,nginx,49.75,15.78
1789600784.577,research-api-orders-service-1,orders-service,108.26,20.34
1789600784.577,research-api-grafana-1,grafana,0.05,44.21
1789600784.577,research-api-products-service-1,products-service,43.96,15.07
1789600784.577,research-api-inventory-service-1,inventory-service,11.52,12.34
1789600784.577,research-api-users-service-1,users-service,47.13,13.84
1789600784.577,research-api-postgres-1,postgres,67.41,116.4
1789600784.577,research-api-prometheus-1,prometheus,0.78,37.68
1789600784.577,research-api-cadvisor-1,cadvisor,0.02,19.12
1789600789.561,research-api-nginx-1,nginx,47.46,16.44
1789600789.561,research-api-orders-service-1,orders-service,90.14,20.33
1789600789.561,research-api-grafana-1,grafana,0.07,44.21
1789600789.561,research-api-products-service-1,products-service,43.85,15.2
1789600789.561,research-api-inventory-service-1,inventory-service,10.88,11.81
1789600789.561,research-api-users-service-1,users-service,43.51,14.25
1789600789.561,research-api-postgres-1,postgres,64.91,115.9
1789600789.561,research-api-prometheus-1,prometheus,0.03,37.68
1789600789.561,research-api-cadvisor-1,cadvisor,0.0,19.12
1789600794.583,research-api-nginx-1,nginx,46.9,16.1
1789600794.583,research-api-orders-service-1,orders-service,85.63,21.22
1789600794.583,research-api-grafana-1,grafana,0.31,44.21
1789600794.583,research-api-products-service-1,products-service,45.55,15.2
1789600794.583,research-api-inventory-service-1,inventory-service,11.56,12.78
1789600794.583,research-api-users-service-1,users-service,41.51,13.88
1789600794.583,research-api-postgres-1,postgres,64.63,116.9
1789600794.583,research-api-prometheus-1,prometheus,0.84,37.68
1789600794.583,research-api-cadvisor-1,cadvisor,0.02,19.12
1789600799.572,research-api-nginx-1,nginx,48.6,16.06
1789600799.572,research-api-orders-service-1,orders-service,86.85,21.44
1789600799.572,research-api-grafana-1,grafana,0.04,44.21
1789600799.572,research-api-products-service-1,products-service,42.75,15.78
1789600799.572,research-api-inventory-service-1,inventory-service,11.91,11.42
1789600799.572,research-api-users-service-1,users-service,43.68,14.38
1789600799.572,research-api-postgres-1,postgres,63.34,117.2
1789600799.572,research-api-prometheus-1,prometheus,0.03,37.68
1789600799.572,research-api-cadvisor-1,cadvisor,0.0,19.13
1789600804.578,research-api-nginx-1,nginx,44.82,15.56
1789600804.578,research-api-orders-service-1,orders-service,89.28,20.63
1789600804.578,research-api-grafana-1,grafana,6.71,44.09
1789600804.578,research-api-products-service-1,products-service,42.1,15.35
1789600804.578,research-api-inventory-service-1,inventory-service,10.29,12.79
1789600804.578,research-api-users-service-1,users-service,43.1,13.97
1789600804.578,research-api-postgres-1,postgres,65.37,118.0
1789600804.578,research-api-prometheus-1,prometheus,0.88,38.35
1789600804.578,research-api-cadvisor-1,cadvisor,3.49,19.31
1789600809.588,research-api-nginx-1,nginx,45.01,16.22
1789600809.588,research-api-orders-service-1,orders-service,89.44,20.59
1789600809.588,research-api-grafana-1,grafana,0.03,44.09
1789600809.588,research-api-products-service-1,products-service,43.77,15.18
1789600809.588,research-api-inventory-service-1,inventory-service,11.05,11.93
1789600809.588,research-api-users-service-1,users-service,42.86,13.96
1789600809.588,research-api-postgres-1,postgres,67.16,118.3
1789600809.588,research-api-prometheus-1,prometheus,0.02,38.35
1789600809.588,research-api-cadvisor-1,cadvisor,0.0,19.9
1789600814.57,research-api-nginx-1,nginx,47.03,16.32
1789600814.57,research-api-orders-service-1,orders-service,84.44,21.2
1789600814.57,research-api-grafana-1,grafana,0.42,44.09
1789600814.57,research-api-products-service-1,products-service,42.93,15.23
1789600814.57,research-api-inventory-service-1,inventory-service,11.64,13.28
1789600814.57,research-api-users-service-1,users-service,44.29,14.1
1789600814.57,research-api-postgres-1,postgres,65.4,117.3
1789600814.57,research-api-prometheus-1,prometheus,0.76,38.35
1789600814.57,research-api-cadvisor-1,cadvisor,0.01,19.9
1789600819.594,research-api-nginx-1,nginx,47.16,15.86
1789600819.594,research-api-orders-service-1,orders-service,204.59,20.76
1789600819.594,research-api-grafana-1,grafana,0.05,44.09
1789600819.594,research-api-products-service-1,products-service,44.76,14.63
1789600819.594,research-api-inventory-service-1,inventory-service,12.07,11.86
1789600819.594,research-api-users-service-1,users-service,42.33,14.39
1789600819.594,research-api-postgres-1,postgres,64.19,118.2
1789600819.594,research-api-prometheus-1,prometheus,0.03,38.35
1789600819.594,research-api-cadvisor-1,cadvisor,0.0,19.69
1789600824.585,research-api-nginx-1,nginx,48.61,16.06
1789600824.585,research-api-orders-service-1,orders-service,225.16,21.46
1789600824.585,research-api-grafana-1,grafana,0.62,44.09
1789600824.585,research-api-products-service-1,products-service,45.66,15.18
1789600824.585,research-api-inventory-service-1,inventory-service,11.1,12.13
1789600824.585,research-api-users-service-1,users-service,46.19,13.89
1789600824.585,research-api-postgres-1,postgres,66.94,118.0
1789600824.585,research-api-prometheus-1,prometheus,0.57,38.35
1789600824.585,research-api-cadvisor-1,cadvisor,0.03,19.69
1789600829.584,research-api-nginx-1,nginx,45.14,15.97
1789600829.584,research-api-orders-service-1,orders-service,216.27,21.23
1789600829.584,research-api-grafana-1,grafana,0.04,44.09
1789600829.584,research-api-products-service-1,products-service,43.39,15.55
1789600829.584,research-api-inventory-service-1,inventory-service,11.68,11.42
1789600829.584,research-api-users-service-1,users-service,43.79,14.74
1789600829.584,research-api-postgres-1,postgres,65.24,118.8
1789600829.584,research-api-prometheus-1,prometheus,0.02,38.35
1789600829.584,research-api-cadvisor-1,cadvisor,0.0,19.87
1789600834.605,research-api-nginx-1,nginx,48.12,15.93
1789600834.605,research-api-orders-service-1,orders-service,97.69,21.43
1789600834.605,research-api-grafana-1,grafana,0.42,44.09
1789600834.605,research-api-products-service-1,products-service,45.39,15.65
1789600834.605,research-api-inventory-service-1,inventory-service,11.84,11.89
1789600834.605,research-api-users-service-1,users-service,44.83,14.8
1789600834.605,research-api-postgres-1,postgres,67.15,119.0
1789600834.605,research-api-prometheus-1,prometheus,0.76,38.36
1789600834.605,research-api-cadvisor-1,cadvisor,0.01,19.87
1789600839.586,research-api-nginx-1,nginx,47.14,14.82
1789600839.586,research-api-orders-service-1,orders-service,88.57,20.06
1789600839.586,research-api-grafana-1,grafana,0.03,44.09
1789600839.586,research-api-products-service-1,products-service,43.99,15.25
1789600839.586,research-api-inventory-service-1,inventory-service,11.29,11.59
1789600839.586,research-api-users-service-1,users-service,43.41,15.2
1789600839.586,research-api-postgres-1,postgres,65.03,119.2
1789600839.586,research-api-prometheus-1,prometheus,0.04,38.36
1789600839.586,research-api-cadvisor-1,cadvisor,0.0,20.48
1789600844.588,research-api-nginx-1,nginx,48.38,16.21
1789600844.588,research-api-orders-service-1,orders-service,91.13,20.88
1789600844.588,research-api-grafana-1,grafana,0.4,44.09
1789600844.588,research-api-products-service-1,products-service,44.86,15.77
1789600844.588,research-api-inventory-service-1,inventory-service,11.92,11.36
1789600844.588,research-api-users-service-1,users-service,47.88,14.43
1789600844.588,research-api-postgres-1,postgres,66.92,119.3
1789600844.588,research-api-prometheus-1,prometheus,0.61,38.36
1789600844.588,research-api-cadvisor-1,cadvisor,0.0,20.48
1789600849.585,research-api-nginx-1,nginx,48.19,15.9
1789600849.585,research-api-orders-service-1,orders-service,84.63,20.78
1789600849.585,research-api-grafana-1,grafana,0.06,44.09
1789600849.585,research-api-products-service-1,products-service,50.0,15.46
1789600849.585,research-api-inventory-service-1,inventory-service,10.78,11.71
1789600849.585,research-api-users-service-1,users-service,42.71,14.11
1789600849.585,research-api-postgres-1,postgres,64.43,120.3
1789600849.585,research-api-prometheus-1,prometheus,0.04,38.36
1789600849.585,research-api-cadvisor-1,cadvisor,0.0,21.13
1789600854.584,research-api-nginx-1,nginx,48.9,15.99
1789600854.584,research-api-orders-service-1,orders-service,127.96,20.7
1789600854.584,research-api-grafana-1,grafana,0.39,44.09
1789600854.584,research-api-products-service-1,products-service,46.01,14.7
1789600854.584,research-api-inventory-service-1,inventory-service,12.62,12.25
1789600854.584,research-api-users-service-1,users-service,43.87,13.98
1789600854.584,research-api-postgres-1,postgres,66.15,120.1
1789600854.584,research-api-prometheus-1,prometheus,0.8,38.36
1789600854.584,research-api-cadvisor-1,cadvisor,0.02,21.13
1789600859.603,research-api-nginx-1,nginx,47.08,16.16
1789600859.603,research-api-orders-service-1,orders-service,90.4,21.71
1789600859.603,research-api-grafana-1,grafana,0.04,44.09
1789600859.603,research-api-products-service-1,products-service,44.27,16.06
1789600859.603,research-api-inventory-service-1,inventory-service,11.18,12.56
1789600859.603,research-api-users-service-1,users-service,42.14,14.45
1789600859.603,research-api-postgres-1,postgres,66.48,120.7
1789600859.603,research-api-prometheus-1,prometheus,0.03,38.36
1789600859.603,research-api-cadvisor-1,cadvisor,0.0,19.82
1789600864.586,research-api-nginx-1,nginx,49.31,16.25
1789600864.586,research-api-orders-service-1,orders-service,89.85,21.21
1789600864.586,research-api-grafana-1,grafana,1.16,44.11
1789600864.586,research-api-products-service-1,products-service,46.34,14.96
1789600864.586,research-api-inventory-service-1,inventory-service,13.95,13.21
1789600864.586,research-api-users-service-1,users-service,44.73,14.62
1789600864.586,research-api-postgres-1,postgres,62.68,121.2
1789600864.586,research-api-prometheus-1,prometheus,0.0,38.36
1789600864.586,research-api-cadvisor-1,cadvisor,1.36,19.83
1789600869.587,research-api-nginx-1,nginx,49.14,15.24
1789600869.587,research-api-orders-service-1,orders-service,97.5,22.16
1789600869.587,research-api-grafana-1,grafana,0.03,44.11
1789600869.587,research-api-products-service-1,products-service,46.42,14.78
1789600869.587,research-api-inventory-service-1,inventory-service,11.36,11.61
1789600869.587,research-api-users-service-1,users-service,43.76,13.96
1789600869.587,research-api-postgres-1,postgres,68.0,120.7
1789600869.587,research-api-prometheus-1,prometheus,0.03,39.05
1789600869.587,research-api-cadvisor-1,cadvisor,0.31,20.1
1789600874.599,research-api-nginx-1,nginx,47.13,16.04
1789600874.599,research-api-orders-service-1,orders-service,91.06,22.23
1789600874.599,research-api-grafana-1,grafana,0.36,44.11
1789600874.599,research-api-products-service-1,products-service,44.11,14.73
1789600874.599,research-api-inventory-service-1,inventory-service,11.85,13.3
1789600874.599,research-api-users-service-1,users-service,44.6,13.36
1789600874.599,research-api-postgres-1,postgres,64.85,121.4
1789600874.599,research-api-prometheus-1,prometheus,0.76,39.08
1789600874.599,research-api-cadvisor-1,cadvisor,0.02,20.09
1789600879.6,research-api-nginx-1,nginx,46.19,16.21
1789600879.6,research-api-orders-service-1,orders-service,108.6,20.25
1789600879.6,research-api-grafana-1,grafana,0.06,44.11
1789600879.6,research-api-products-service-1,products-service,45.99,16.06
1789600879.6,research-api-inventory-service-1,inventory-service,11.66,11.88
1789600879.6,research-api-users-service-1,users-service,44.54,13.58
1789600879.6,research-api-postgres-1,postgres,66.16,122.6
1789600879.6,research-api-prometheus-1,prometheus,0.02,39.16
1789600879.6,research-api-cadvisor-1,cadvisor,0.0,20.25
1789600884.593,research-api-nginx-1,nginx,45.53,16.25
1789600884.593,research-api-orders-service-1,orders-service,124.45,21.29
1789600884.593,research-api-grafana-1,grafana,0.39,44.11
1789600884.593,research-api-products-service-1,products-service,43.32,15.42
1789600884.593,research-api-inventory-service-1,inventory-service,12.21,12.32
1789600884.593,research-api-users-service-1,users-service,45.73,14.72
1789600884.593,research-api-postgres-1,postgres,64.74,122.2
1789600884.593,research-api-prometheus-1,prometheus,0.73,39.22
1789600884.593,research-api-cadvisor-1,cadvisor,0.01,18.36
1789600889.585,research-api-nginx-1,nginx,51.98,16.19
1789600889.585,research-api-orders-service-1,orders-service,246.29,22.08
1789600889.585,research-api-grafana-1,grafana,0.03,44.11
1789600889.585,research-api-products-service-1,products-service,46.77,14.73
1789600889.585,research-api-inventory-service-1,inventory-service,12.94,11.19
1789600889.585,research-api-users-service-1,users-service,44.31,14.1
1789600889.585,research-api-postgres-1,postgres,71.47,121.9
1789600889.585,research-api-prometheus-1,prometheus,0.03,39.23
1789600889.585,research-api-cadvisor-1,cadvisor,0.0,18.61
1789600894.619,research-api-nginx-1,nginx,71.91,16.41
1789600894.619,research-api-orders-service-1,orders-service,295.24,21.79
1789600894.619,research-api-grafana-1,grafana,0.43,44.11
1789600894.619,research-api-products-service-1,products-service,59.68,16.07
1789600894.619,research-api-inventory-service-1,inventory-service,17.5,12.48
1789600894.619,research-api-users-service-1,users-service,58.73,14.62
1789600894.619,research-api-postgres-1,postgres,92.04,122.6
1789600894.619,research-api-prometheus-1,prometheus,0.93,39.25
1789600894.619,research-api-cadvisor-1,cadvisor,0.02,18.61
1789600899.721,research-api-nginx-1,nginx,82.58,16.71
1789600899.721,research-api-orders-service-1,orders-service,263.21,22.86
1789600899.721,research-api-grafana-1,grafana,0.03,44.11
1789600899.721,research-api-products-service-1,products-service,78.93,15.54
1789600899.721,research-api-inventory-service-1,inventory-service,21.75,11.75
1789600899.721,research-api-users-service-1,users-service,73.3,14.75
1789600899.721,research-api-postgres-1,postgres,119.09,123.8
1789600899.721,research-api-prometheus-1,prometheus,0.03,39.25
1789600899.721,research-api-cadvisor-1,cadvisor,0.0,18.95
1789600904.74,research-api-nginx-1,nginx,94.07,16.93
1789600904.74,research-api-orders-service-1,orders-service,163.69,22.46
1789600904.74,research-api-grafana-1,grafana,0.35,44.11
1789600904.74,research-api-products-service-1,products-service,89.72,16.93
1789600904.74,research-api-inventory-service-1,inventory-service,22.95,11.87
1789600904.74,research-api-users-service-1,users-service,76.63,15.47
1789600904.74,research-api-postgres-1,postgres,130.51,124.1
1789600904.74,research-api-prometheus-1,prometheus,0.95,39.31
1789600904.74,research-api-cadvisor-1,cadvisor,0.02,18.95
1789600909.769,research-api-nginx-1,nginx,90.24,18.3
1789600909.769,research-api-orders-service-1,orders-service,258.99,27.64
1789600909.769,research-api-grafana-1,grafana,0.05,44.11
1789600909.769,research-api-products-service-1,products-service,78.46,16.64
1789600909.769,research-api-inventory-service-1,inventory-service,23.26,11.96
1789600909.769,research-api-users-service-1,users-service,75.92,15.82
1789600909.769,research-api-postgres-1,postgres,134.61,124.6
1789600909.769,research-api-prometheus-1,prometheus,0.04,39.31
1789600909.769,research-api-cadvisor-1,cadvisor,0.0,19.01
1789600914.724,research-api-nginx-1,nginx,81.64,19.8
1789600914.724,research-api-orders-service-1,orders-service,401.41,31.04
1789600914.724,research-api-grafana-1,grafana,0.37,44.11
1789600914.724,research-api-products-service-1,products-service,79.83,18.28
1789600914.724,research-api-inventory-service-1,inventory-service,18.64,12.04
1789600914.724,research-api-users-service-1,users-service,73.68,17.62
1789600914.724,research-api-postgres-1,postgres,140.68,125.4
1789600914.724,research-api-prometheus-1,prometheus,0.75,39.31
1789600914.724,research-api-cadvisor-1,cadvisor,0.01,19.01
1789600919.876,research-api-nginx-1,nginx,83.47,19.3
1789600919.876,research-api-orders-service-1,orders-service,361.08,32.15
1789600919.876,research-api-grafana-1,grafana,0.04,44.11
1789600919.876,research-api-products-service-1,products-service,84.84,19.68
1789600919.876,research-api-inventory-service-1,inventory-service,19.32,12.19
1789600919.876,research-api-users-service-1,users-service,75.18,17.5
1789600919.876,research-api-postgres-1,postgres,147.05,127.9
1789600919.876,research-api-prometheus-1,prometheus,0.01,39.31
1789600919.876,research-api-cadvisor-1,cadvisor,0.0,19.2
1789600924.902,research-api-nginx-1,nginx,108.18,19.01
1789600924.902,research-api-orders-service-1,orders-service,191.54,33.42
1789600924.902,research-api-grafana-1,grafana,0.04,44.11
1789600924.902,research-api-products-service-1,products-service,89.27,18.82
1789600924.902,research-api-inventory-service-1,inventory-service,24.32,13.37
1789600924.902,research-api-users-service-1,users-service,89.89,17.5
1789600924.902,research-api-postgres-1,postgres,172.45,128.1
1789600924.902,research-api-prometheus-1,prometheus,0.04,39.32
1789600924.902,research-api-cadvisor-1,cadvisor,3.59,19.54
1789600929.908,research-api-nginx-1,nginx,97.77,21.05
1789600929.908,research-api-orders-service-1,orders-service,210.7,33.29
1789600929.908,research-api-grafana-1,grafana,0.02,43.75
1789600929.908,research-api-products-service-1,products-service,80.27,19.05
1789600929.908,research-api-inventory-service-1,inventory-service,22.68,13.52
1789600929.908,research-api-users-service-1,users-service,75.57,18.47
1789600929.908,research-api-postgres-1,postgres,149.17,128.9
1789600929.908,research-api-prometheus-1,prometheus,0.01,39.32
1789600929.908,research-api-cadvisor-1,cadvisor,0.0,20.2
1789600934.822,research-api-nginx-1,nginx,56.52,22.55
1789600934.822,research-api-orders-service-1,orders-service,769.93,42.92
1789600934.822,research-api-grafana-1,grafana,0.34,43.75
1789600934.822,research-api-products-service-1,products-service,39.62,18.55
1789600934.822,research-api-inventory-service-1,inventory-service,13.75,13.69
1789600934.822,research-api-users-service-1,users-service,29.99,17.49
1789600934.822,research-api-postgres-1,postgres,57.79,129.1
1789600934.822,research-api-prometheus-1,prometheus,0.03,39.33
1789600934.822,research-api-cadvisor-1,cadvisor,0.03,20.2
1789600939.881,research-api-nginx-1,nginx,47.76,22.75
1789600939.881,research-api-orders-service-1,orders-service,921.55,46.86
1789600939.881,research-api-grafana-1,grafana,0.05,43.75
1789600939.881,research-api-products-service-1,products-service,33.62,18.66
1789600939.881,research-api-inventory-service-1,inventory-service,11.72,13.68
1789600939.881,research-api-users-service-1,users-service,28.13,17.79
1789600939.881,research-api-postgres-1,postgres,52.45,129.6
1789600939.881,research-api-prometheus-1,prometheus,0.01,39.33
1789600939.881,research-api-cadvisor-1,cadvisor,0.0,20.2
1789600944.867,research-api-nginx-1,nginx,65.64,21.54
1789600944.867,research-api-orders-service-1,orders-service,504.71,48.01
1789600944.867,research-api-grafana-1,grafana,0.35,43.75
1789600944.867,research-api-products-service-1,products-service,57.89,19.97
1789600944.867,research-api-inventory-service-1,inventory-service,16.56,14.07
1789600944.867,research-api-users-service-1,users-service,53.33,19.9
1789600944.867,research-api-postgres-1,postgres,111.7,129.2
1789600944.867,research-api-prometheus-1,prometheus,0.65,39.58
1789600944.867,research-api-cadvisor-1,cadvisor,0.01,20.2
1789600949.871,research-api-nginx-1,nginx,77.04,21.75
1789600949.871,research-api-orders-service-1,orders-service,403.66,47.59
1789600949.871,research-api-grafana-1,grafana,0.03,43.75
1789600949.871,research-api-products-service-1,products-service,70.88,20.63
1789600949.871,research-api-inventory-service-1,inventory-service,17.44,13.91
1789600949.871,research-api-users-service-1,users-service,67.12,19.73
1789600949.871,research-api-postgres-1,postgres,136.18,130.1
1789600949.871,research-api-prometheus-1,prometheus,0.01,39.33
1789600949.871,research-api-cadvisor-1,cadvisor,0.0,20.37
1789600954.842,research-api-nginx-1,nginx,68.11,22.07
1789600954.842,research-api-orders-service-1,orders-service,519.3,49.15
1789600954.842,research-api-grafana-1,grafana,0.45,43.75
1789600954.842,research-api-products-service-1,products-service,66.83,20.35
1789600954.842,research-api-inventory-service-1,inventory-service,16.96,14.61
1789600954.842,research-api-users-service-1,users-service,56.31,17.99
1789600954.842,research-api-postgres-1,postgres,116.4,130.3
1789600954.842,research-api-prometheus-1,prometheus,0.01,39.34
1789600954.842,research-api-cadvisor-1,cadvisor,0.02,20.37
1789600959.933,research-api-nginx-1,nginx,58.52,22.92
1789600959.933,research-api-orders-service-1,orders-service,711.26,50.66
1789600959.933,research-api-grafana-1,grafana,0.02,43.75
1789600959.933,research-api-products-service-1,products-service,49.7,19.89
1789600959.933,research-api-inventory-service-1,inventory-service,17.0,13.36
1789600959.933,research-api-users-service-1,users-service,34.06,19.01
1789600959.933,research-api-postgres-1,postgres,70.12,130.4
1789600959.933,research-api-prometheus-1,prometheus,0.0,39.34
1789600959.933,research-api-cadvisor-1,cadvisor,0.0,20.38
1789600964.916,research-api-nginx-1,nginx,73.02,21.61
1789600964.916,research-api-orders-service-1,orders-service,716.88,51.32
1789600964.916,research-api-grafana-1,grafana,0.4,43.75
1789600964.916,research-api-products-service-1,products-service,42.29,20.42
1789600964.916,research-api-inventory-service-1,inventory-service,14.06,13.21
1789600964.916,research-api-users-service-1,users-service,41.78,20.64
1789600964.916,research-api-postgres-1,postgres,63.44,131.2
1789600964.916,research-api-prometheus-1,prometheus,0.0,39.34
1789600964.916,research-api-cadvisor-1,cadvisor,0.41,20.38
1789600969.958,research-api-nginx-1,nginx,105.13,21.05
1789600969.958,research-api-orders-service-1,orders-service,195.5,46.19
1789600969.958,research-api-grafana-1,grafana,0.08,43.75
1789600969.958,research-api-products-service-1,products-service,92.1,19.75
1789600969.958,research-api-inventory-service-1,inventory-service,23.09,13.73
1789600969.958,research-api-users-service-1,users-service,81.48,18.35
1789600969.958,research-api-postgres-1,postgres,167.73,131.3
1789600969.958,research-api-prometheus-1,prometheus,0.0,39.34
1789600969.958,research-api-cadvisor-1,cadvisor,0.0,20.38
1789600974.957,research-api-nginx-1,nginx,101.11,20.43
1789600974.957,research-api-orders-service-1,orders-service,249.85,47.32
1789600974.957,research-api-grafana-1,grafana,0.36,43.75
1789600974.957,research-api-products-service-1,products-service,91.37,20.54
1789600974.957,research-api-inventory-service-1,inventory-service,22.49,15.05
1789600974.957,research-api-users-service-1,users-service,77.88,18.65
1789600974.957,research-api-postgres-1,postgres,154.99,132.5
1789600974.957,research-api-prometheus-1,prometheus,0.0,39.38
1789600974.957,research-api-cadvisor-1,cadvisor,0.0,20.38
1789600979.869,research-api-nginx-1,nginx,79.3,20.55
1789600979.869,research-api-orders-service-1,orders-service,404.52,45.91
1789600979.869,research-api-grafana-1,grafana,0.03,43.75
1789600979.869,research-api-products-service-1,products-service,78.43,20.55
1789600979.869,research-api-inventory-service-1,inventory-service,23.03,14.11
1789600979.869,research-api-users-service-1,users-service,70.73,18.41
1789600979.869,research-api-postgres-1,postgres,140.89,133.7
1789600979.869,research-api-prometheus-1,prometheus,0.01,39.38
1789600979.869,research-api-cadvisor-1,cadvisor,0.0,20.39
1789600984.923,research-api-nginx-1,nginx,76.99,20.36
1789600984.923,research-api-orders-service-1,orders-service,382.75,46.04
1789600984.923,research-api-grafana-1,grafana,1.03,43.76
1789600984.923,research-api-products-service-1,products-service,77.48,20.25
1789600984.923,research-api-inventory-service-1,inventory-service,19.67,14.39
1789600984.923,research-api-users-service-1,users-service,70.83,18.88
1789600984.923,research-api-postgres-1,postgres,140.05,133.3
1789600984.923,research-api-prometheus-1,prometheus,0.0,39.39
1789600984.923,research-api-cadvisor-1,cadvisor,1.98,19.16
1789600989.987,research-api-nginx-1,nginx,89.01,19.5
1789600989.987,research-api-orders-service-1,orders-service,340.6,45.52
1789600989.987,research-api-grafana-1,grafana,0.04,43.76
1789600989.987,research-api-products-service-1,products-service,84.85,19.98
1789600989.987,research-api-inventory-service-1,inventory-service,20.27,13.9
1789600989.987,research-api-users-service-1,users-service,69.99,19.25
1789600989.987,research-api-postgres-1,postgres,137.5,135.0
1789600989.987,research-api-prometheus-1,prometheus,0.0,39.39
1789600989.987,research-api-cadvisor-1,cadvisor,0.0,19.16
1789600995.032,research-api-nginx-1,nginx,83.59,20.08
1789600995.032,research-api-orders-service-1,orders-service,172.43,44.32
1789600995.032,research-api-grafana-1,grafana,0.37,43.76
1789600995.032,research-api-products-service-1,products-service,95.67,19.43
1789600995.032,research-api-inventory-service-1,inventory-service,24.62,13.84
1789600995.032,research-api-users-service-1,users-service,90.41,19.2
1789600995.032,research-api-postgres-1,postgres,167.92,134.9
1789600995.032,research-api-prometheus-1,prometheus,0.0,37.4
1789600995.032,research-api-cadvisor-1,cadvisor,0.0,19.16
1789600999.878,research-api-nginx-1,nginx,78.11,21.73
1789600999.878,research-api-orders-service-1,orders-service,451.94,46.67
1789600999.878,research-api-grafana-1,grafana,0.04,43.76
1789600999.878,research-api-products-service-1,products-service,64.4,19.41
1789600999.878,research-api-inventory-service-1,inventory-service,17.61,14.1
1789600999.878,research-api-users-service-1,users-service,56.2,17.8
1789600999.878,research-api-postgres-1,postgres,166.56,135.2
1789600999.878,research-api-prometheus-1,prometheus,0.0,37.4
1789600999.878,research-api-cadvisor-1,cadvisor,0.0,19.91
1789601004.969,research-api-nginx-1,nginx,42.7,23.77
1789601004.969,research-api-orders-service-1,orders-service,851.69,52.89
1789601004.969,research-api-grafana-1,grafana,0.34,43.77
1789601004.969,research-api-products-service-1,products-service,50.9,19.88
1789601004.969,research-api-inventory-service-1,inventory-service,11.04,15.55
1789601004.969,research-api-users-service-1,users-service,23.32,18.3
1789601004.969,research-api-postgres-1,postgres,36.48,135.2
1789601004.969,research-api-prometheus-1,prometheus,0.0,37.4
1789601004.969,research-api-cadvisor-1,cadvisor,0.0,19.91
1789601009.906,research-api-nginx-1,nginx,48.68,22.0
1789601009.906,research-api-orders-service-1,orders-service,784.07,57.5
1789601009.906,research-api-grafana-1,grafana,0.03,43.77
1789601009.906,research-api-products-service-1,products-service,38.31,20.29
1789601009.906,research-api-inventory-service-1,inventory-service,12.15,14.11
1789601009.906,research-api-users-service-1,users-service,35.96,19.36
1789601009.906,research-api-postgres-1,postgres,48.91,136.2
1789601009.906,research-api-prometheus-1,prometheus,0.0,37.4
1789601009.906,research-api-cadvisor-1,cadvisor,0.0,19.94
1789601014.963,research-api-nginx-1,nginx,93.51,20.41
1789601014.963,research-api-orders-service-1,orders-service,280.72,50.29
1789601014.963,research-api-grafana-1,grafana,0.41,43.77
1789601014.963,research-api-products-service-1,products-service,92.03,20.25
1789601014.963,research-api-inventory-service-1,inventory-service,21.76,14.29
1789601014.963,research-api-users-service-1,users-service,85.14,22.47
1789601014.963,research-api-postgres-1,postgres,165.23,136.1
1789601014.963,research-api-prometheus-1,prometheus,0.0,37.41
1789601014.963,research-api-cadvisor-1,cadvisor,0.01,19.94
1789601019.928,research-api-nginx-1,nginx,74.68,21.27
1789601019.928,research-api-orders-service-1,orders-service,440.86,51.79
1789601019.928,research-api-grafana-1,grafana,0.02,43.77
1789601019.928,research-api-products-service-1,products-service,76.08,21.27
1789601019.928,research-api-inventory-service-1,inventory-service,17.67,13.98
1789601019.928,research-api-users-service-1,users-service,69.25,20.55
1789601019.928,research-api-postgres-1,postgres,144.07,136.5
1789601019.928,research-api-prometheus-1,prometheus,0.0,37.4
1789601019.928,research-api-cadvisor-1,cadvisor,0.0,19.99
1789601024.956,research-api-nginx-1,nginx,61.04,22.68
1789601024.956,research-api-orders-service-1,orders-service,650.34,51.19
1789601024.956,research-api-grafana-1,grafana,0.38,43.77
1789601024.956,research-api-products-service-1,products-service,52.75,21.7
1789601024.956,research-api-inventory-service-1,inventory-service,14.63,15.07
1789601024.956,research-api-users-service-1,users-service,46.53,20.56
1789601024.956,research-api-postgres-1,postgres,83.87,136.5
1789601024.956,research-api-prometheus-1,prometheus,0.96,37.41
1789601024.956,research-api-cadvisor-1,cadvisor,0.0,19.99
1789601030.036,research-api-nginx-1,nginx,63.98,23.18
1789601030.036,research-api-orders-service-1,orders-service,719.01,50.62
1789601030.036,research-api-grafana-1,grafana,0.04,43.77
1789601030.036,research-api-products-service-1,products-service,56.23,20.12
1789601030.036,research-api-inventory-service-1,inventory-service,19.09,15.18
1789601030.036,research-api-users-service-1,users-service,41.64,19.55
1789601030.036,research-api-postgres-1,postgres,72.91,136.9
1789601030.036,research-api-prometheus-1,prometheus,0.0,37.41
1789601030.036,research-api-cadvisor-1,cadvisor,0.28,21.36
1789601034.926,research-api-nginx-1,nginx,75.52,20.2
1789601034.926,research-api-orders-service-1,orders-service,479.69,51.18
1789601034.926,research-api-grafana-1,grafana,0.59,43.77
1789601034.926,research-api-products-service-1,products-service,66.49,21.51
1789601034.926,research-api-inventory-service-1,inventory-service,16.99,14.11
1789601034.926,research-api-users-service-1,users-service,56.38,20.63
1789601034.926,research-api-postgres-1,postgres,113.77,138.3
1789601034.926,research-api-prometheus-1,prometheus,0.0,37.41
1789601034.926,research-api-cadvisor-1,cadvisor,0.0,21.36
1789601039.957,research-api-nginx-1,nginx,109.53,20.49
1789601039.957,research-api-orders-service-1,orders-service,165.91,51.54
1789601039.957,research-api-grafana-1,grafana,0.04,43.77
1789601039.957,research-api-products-service-1,products-service,89.36,20.83
1789601039.957,research-api-inventory-service-1,inventory-service,24.65,15.0
1789601039.957,research-api-users-service-1,users-service,83.9,19.33
1789601039.957,research-api-postgres-1,postgres,162.35,138.5
1789601039.957,research-api-prometheus-1,prometheus,0.0,37.41
1789601039.957,research-api-cadvisor-1,cadvisor,0.0,21.5
1789601045.044,research-api-nginx-1,nginx,92.69,21.46
1789601045.044,research-api-orders-service-1,orders-service,309.13,49.18
1789601045.044,research-api-grafana-1,grafana,3.6,43.78
1789601045.044,research-api-products-service-1,products-service,86.26,20.22
1789601045.044,research-api-inventory-service-1,inventory-service,20.62,14.02
1789601045.044,research-api-users-service-1,users-service,79.31,18.68
1789601045.044,research-api-postgres-1,postgres,145.44,139.2
1789601045.044,research-api-prometheus-1,prometheus,0.0,37.41
1789601045.044,research-api-cadvisor-1,cadvisor,2.32,21.55
1789601050.018,research-api-nginx-1,nginx,74.45,22.07
1789601050.018,research-api-orders-service-1,orders-service,335.03,51.3
1789601050.018,research-api-grafana-1,grafana,0.03,43.78
1789601050.018,research-api-products-service-1,products-service,71.09,21.58
1789601050.018,research-api-inventory-service-1,inventory-service,19.78,14.23
1789601050.018,research-api-users-service-1,users-service,62.73,20.29
1789601050.018,research-api-postgres-1,postgres,134.72,139.9
1789601050.018,research-api-prometheus-1,prometheus,0.12,37.41
1789601050.018,research-api-cadvisor-1,cadvisor,0.0,21.59
1789601055.009,research-api-nginx-1,nginx,73.74,21.43
1789601055.009,research-api-orders-service-1,orders-service,439.26,48.93
1789601055.009,research-api-grafana-1,grafana,0.37,43.78
1789601055.009,research-api-products-service-1,products-service,74.89,20.58
1789601055.009,research-api-inventory-service-1,inventory-service,17.76,14.26
1789601055.009,research-api-users-service-1,users-service,71.54,20.5
1789601055.009,research-api-postgres-1,postgres,153.93,139.9
1789601055.009,research-api-prometheus-1,prometheus,0.0,37.41
1789601055.009,research-api-cadvisor-1,cadvisor,0.0,20.34
1789601059.916,research-api-nginx-1,nginx,78.71,20.02
1789601059.916,research-api-orders-service-1,orders-service,182.43,48.26
1789601059.916,research-api-grafana-1,grafana,0.03,43.78
1789601059.916,research-api-products-service-1,products-service,96.58,20.12
1789601059.916,research-api-inventory-service-1,inventory-service,23.59,14.0
1789601059.916,research-api-users-service-1,users-service,70.56,19.56
1789601059.916,research-api-postgres-1,postgres,180.05,140.4
1789601059.916,research-api-prometheus-1,prometheus,0.25,37.41
1789601059.916,research-api-cadvisor-1,cadvisor,0.0,20.93
1789601065.057,research-api-nginx-1,nginx,103.72,19.61
1789601065.057,research-api-orders-service-1,orders-service,193.26,49.1
1789601065.057,research-api-grafana-1,grafana,0.38,43.78
1789601065.057,research-api-products-service-1,products-service,94.75,20.11
1789601065.057,research-api-inventory-service-1,inventory-service,25.23,14.12
1789601065.057,research-api-users-service-1,users-service,83.68,21.1
1789601065.057,research-api-postgres-1,postgres,165.42,141.2
1789601065.057,research-api-prometheus-1,prometheus,0.0,37.41
1789601065.057,research-api-cadvisor-1,cadvisor,0.0,20.93
1789601069.959,research-api-nginx-1,nginx,43.26,22.39
1789601069.959,research-api-orders-service-1,orders-service,784.15,59.01
1789601069.959,research-api-grafana-1,grafana,0.03,43.78
1789601069.959,research-api-products-service-1,products-service,63.74,20.72
1789601069.959,research-api-inventory-service-1,inventory-service,9.34,13.75
1789601069.959,research-api-users-service-1,users-service,24.58,20.45
1789601069.959,research-api-postgres-1,postgres,53.15,141.4
1789601069.959,research-api-prometheus-1,prometheus,0.0,37.41
1789601069.959,research-api-cadvisor-1,cadvisor,0.0,20.48
1789601074.941,research-api-nginx-1,nginx,43.11,22.53
1789601074.941,research-api-orders-service-1,orders-service,878.94,57.11
1789601074.941,research-api-grafana-1,grafana,0.45,43.79
1789601074.941,research-api-products-service-1,products-service,29.47,20.44
1789601074.941,research-api-inventory-service-1,inventory-service,11.63,13.51
1789601074.941,research-api-users-service-1,users-service,23.4,19.49
1789601074.941,research-api-postgres-1,postgres,40.9,140.6
1789601074.941,research-api-prometheus-1,prometheus,0.0,37.41
1789601074.941,research-api-cadvisor-1,cadvisor,0.0,20.48
1789601079.993,research-api-nginx-1,nginx,46.71,23.41
1789601079.993,research-api-orders-service-1,orders-service,547.69,51.58
1789601079.993,research-api-grafana-1,grafana,0.05,43.79
1789601079.993,research-api-products-service-1,products-service,61.71,21.04
1789601079.993,research-api-inventory-service-1,inventory-service,14.61,13.6
1789601079.993,research-api-users-service-1,users-service,54.4,20.62
1789601079.993,research-api-postgres-1,postgres,109.84,142.0
1789601079.993,research-api-prometheus-1,prometheus,0.0,37.41
1789601079.993,research-api-cadvisor-1,cadvisor,0.0,21.11
1789601084.936,research-api-nginx-1,nginx,96.57,20.43
1789601084.936,research-api-orders-service-1,orders-service,262.66,50.86
1789601084.936,research-api-grafana-1,grafana,0.54,43.78
1789601084.936,research-api-products-service-1,products-service,87.07,20.9
1789601084.936,research-api-inventory-service-1,inventory-service,13.39,14.36
1789601084.936,research-api-users-service-1,users-service,76.1,19.52
1789601084.936,research-api-postgres-1,postgres,155.3,141.9
1789601084.936,research-api-prometheus-1,prometheus,0.0,37.41
1789601084.936,research-api-cadvisor-1,cadvisor,0.0,21.11
1789601090.021,research-api-nginx-1,nginx,76.53,21.76
1789601090.021,research-api-orders-service-1,orders-service,445.07,51.17
1789601090.021,research-api-grafana-1,grafana,0.05,43.78
1789601090.021,research-api-products-service-1,products-service,69.66,20.16
1789601090.021,research-api-inventory-service-1,inventory-service,18.36,14.21
1789601090.021,research-api-users-service-1,users-service,63.34,18.98
1789601090.021,research-api-postgres-1,postgres,124.41,142.0
1789601090.021,research-api-prometheus-1,prometheus,0.0,37.41
1789601090.021,research-api-cadvisor-1,cadvisor,0.0,19.66
1789601095.012,research-api-nginx-1,nginx,76.28,22.39
1789601095.012,research-api-orders-service-1,orders-service,577.04,52.35
1789601095.012,research-api-grafana-1,grafana,0.31,43.78
1789601095.012,research-api-products-service-1,products-service,61.84,20.2
1789601095.012,research-api-inventory-service-1,inventory-service,16.25,14.43
1789601095.012,research-api-users-service-1,users-service,53.19,18.95
1789601095.012,research-api-postgres-1,postgres,108.18,143.2
1789601095.012,research-api-prometheus-1,prometheus,0.0,37.41
1789601095.012,research-api-cadvisor-1,cadvisor,0.0,19.66
1789601099.994,research-api-nginx-1,nginx,45.27,22.15
1789601099.994,research-api-orders-service-1,orders-service,791.51,53.75
1789601099.994,research-api-grafana-1,grafana,0.03,43.78
1789601099.994,research-api-products-service-1,products-service,77.17,21.05
1789601099.994,research-api-inventory-service-1,inventory-service,10.29,13.48
1789601099.994,research-api-users-service-1,users-service,32.33,18.91
1789601099.994,research-api-postgres-1,postgres,49.74,143.5
1789601099.994,research-api-prometheus-1,prometheus,0.0,37.41
1789601099.994,research-api-cadvisor-1,cadvisor,0.0,19.67
1789601105.069,research-api-nginx-1,nginx,89.34,20.46
1789601105.069,research-api-orders-service-1,orders-service,193.54,49.49
1789601105.069,research-api-grafana-1,grafana,1.41,43.78
1789601105.069,research-api-products-service-1,products-service,80.52,21.05
1789601105.069,research-api-inventory-service-1,inventory-service,22.92,13.82
1789601105.069,research-api-users-service-1,users-service,78.89,21.27
1789601105.069,research-api-postgres-1,postgres,154.02,144.1
1789601105.069,research-api-prometheus-1,prometheus,0.0,37.48
1789601105.069,research-api-cadvisor-1,cadvisor,0.29,21.17
1789601110.105,research-api-nginx-1,nginx,82.35,20.19
1789601110.105,research-api-orders-service-1,orders-service,169.8,47.97
1789601110.105,research-api-grafana-1,grafana,0.1,43.78
1789601110.105,research-api-products-service-1,products-service,75.28,20.54
1789601110.105,research-api-inventory-service-1,inventory-service,18.65,13.75
1789601110.105,research-api-users-service-1,users-service,69.13,19.02
1789601110.105,research-api-postgres-1,postgres,139.69,144.3
1789601110.105,research-api-prometheus-1,prometheus,0.0,37.48
1789601110.105,research-api-cadvisor-1,cadvisor,0.02,21.22
1789601114.998,research-api-nginx-1,nginx,66.66,21.89
1789601114.998,research-api-orders-service-1,orders-service,401.83,50.97
1789601114.998,research-api-grafana-1,grafana,0.4,43.78
1789601114.998,research-api-products-service-1,products-service,69.57,20.78
1789601114.998,research-api-inventory-service-1,inventory-service,16.19,13.43
1789601114.998,research-api-users-service-1,users-service,66.32,19.8
1789601114.998,research-api-postgres-1,postgres,129.82,144.4
1789601114.998,research-api-prometheus-1,prometheus,0.0,37.49
1789601114.998,research-api-cadvisor-1,cadvisor,0.0,21.22
1789601119.981,research-api-nginx-1,nginx,76.92,21.39
1789601119.981,research-api-orders-service-1,orders-service,406.81,50.08
1789601119.981,research-api-grafana-1,grafana,0.04,43.78
1789601119.981,research-api-products-service-1,products-service,73.33,20.28
1789601119.981,research-api-inventory-service-1,inventory-service,19.27,14.32
1789601119.981,research-api-users-service-1,users-service,67.2,19.79
1789601119.981,research-api-postgres-1,postgres,141.05,146.1
1789601119.981,research-api-prometheus-1,prometheus,0.17,37.48
1789601119.981,research-api-cadvisor-1,cadvisor,0.37,21.69
1789601125.074,research-api-nginx-1,nginx,85.17,20.39
1789601125.074,research-api-orders-service-1,orders-service,263.12,49.2
1789601125.074,research-api-grafana-1,grafana,0.39,43.79
1789601125.074,research-api-products-service-1,products-service,79.18,21.12
1789601125.074,research-api-inventory-service-1,inventory-service,19.99,14.16
1789601125.074,research-api-users-service-1,users-service,74.46,20.32
1789601125.074,research-api-postgres-1,postgres,146.15,146.0
1789601125.074,research-api-prometheus-1,prometheus,0.0,37.48
1789601125.074,research-api-cadvisor-1,cadvisor,0.0,21.69
1789601130.12,research-api-nginx-1,nginx,96.73,21.2
1789601130.12,research-api-orders-service-1,orders-service,247.82,48.85
1789601130.12,research-api-grafana-1,grafana,0.11,43.79
1789601130.12,research-api-products-service-1,products-service,89.21,19.7
1789601130.12,research-api-inventory-service-1,inventory-service,21.63,13.64
1789601130.12,research-api-users-service-1,users-service,77.82,20.04
1789601130.12,research-api-postgres-1,postgres,156.33,146.9
1789601130.12,research-api-prometheus-1,prometheus,0.0,37.48
1789601130.12,research-api-cadvisor-1,cadvisor,0.0,22.16
1789601134.962,research-api-nginx-1,nginx,53.17,22.82
1789601134.962,research-api-orders-service-1,orders-service,666.77,53.28
1789601134.962,research-api-grafana-1,grafana,0.37,43.79
1789601134.962,research-api-products-service-1,products-service,43.93,20.48
1789601134.962,research-api-inventory-service-1,inventory-service,13.86,14.72
1789601134.962,research-api-users-service-1,users-service,37.0,19.95
1789601134.962,research-api-postgres-1,postgres,140.72,148.0
1789601134.962,research-api-prometheus-1,prometheus,0.0,37.49
1789601134.962,research-api-cadvisor-1,cadvisor,0.0,22.16
1789601140.018,research-api-nginx-1,nginx,47.71,23.59
1789601140.018,research-api-orders-service-1,orders-service,633.48,53.0
1789601140.018,research-api-grafana-1,grafana,0.04,43.79
1789601140.018,research-api-products-service-1,products-service,31.9,21.21
1789601140.018,research-api-inventory-service-1,inventory-service,11.68,15.02
1789601140.018,research-api-users-service-1,users-service,25.58,19.82
1789601140.018,research-api-postgres-1,postgres,43.39,148.0
1789601140.018,research-api-prometheus-1,prometheus,0.0,37.48
1789601140.018,research-api-cadvisor-1,cadvisor,0.0,22.42
1789601145.13,research-api-nginx-1,nginx,58.76,23.32
1789601145.13,research-api-orders-service-1,orders-service,803.71,57.23
1789601145.13,research-api-grafana-1,grafana,0.45,43.79
1789601145.13,research-api-products-service-1,products-service,40.27,21.48
1789601145.13,research-api-inventory-service-1,inventory-service,11.88,14.07
1789601145.13,research-api-users-service-1,users-service,36.22,21.13
1789601145.13,research-api-postgres-1,postgres,64.21,147.7
1789601145.13,research-api-prometheus-1,prometheus,0.0,37.49
1789601145.13,research-api-cadvisor-1,cadvisor,0.0,22.42
1789601150.048,research-api-nginx-1,nginx,93.01,19.83
1789601150.048,research-api-orders-service-1,orders-service,255.54,52.84
1789601150.048,research-api-grafana-1,grafana,0.19,43.79
1789601150.048,research-api-products-service-1,products-service,85.58,19.96
1789601150.048,research-api-inventory-service-1,inventory-service,21.89,13.84
1789601150.048,research-api-users-service-1,users-service,77.57,23.29
1789601150.048,research-api-postgres-1,postgres,166.21,147.8
1789601150.048,research-api-prometheus-1,prometheus,0.0,37.49
1789601150.048,research-api-cadvisor-1,cadvisor,0.0,22.93
1789601155.023,research-api-nginx-1,nginx,92.39,20.78
1789601155.023,research-api-orders-service-1,orders-service,328.68,51.06
1789601155.023,research-api-grafana-1,grafana,0.38,43.79
1789601155.023,research-api-products-service-1,products-service,83.21,20.4
1789601155.023,research-api-inventory-service-1,inventory-service,20.71,13.98
1789601155.023,research-api-users-service-1,users-service,79.11,21.17
1789601155.023,research-api-postgres-1,postgres,148.39,148.4
1789601155.023,research-api-prometheus-1,prometheus,0.0,37.49
1789601155.023,research-api-cadvisor-1,cadvisor,0.0,22.93
1789601160.1,research-api-nginx-1,nginx,69.9,21.98
1789601160.1,research-api-orders-service-1,orders-service,458.93,51.38
1789601160.1,research-api-grafana-1,grafana,0.03,43.79
1789601160.1,research-api-products-service-1,products-service,75.27,19.7
1789601160.1,research-api-inventory-service-1,inventory-service,17.0,14.46
1789601160.1,research-api-users-service-1,users-service,67.38,19.16
1789601160.1,research-api-postgres-1,postgres,162.48,148.8
1789601160.1,research-api-prometheus-1,prometheus,0.0,37.49
1789601160.1,research-api-cadvisor-1,cadvisor,0.0,22.93
1789601165.059,research-api-nginx-1,nginx,61.17,22.42
1789601165.059,research-api-orders-service-1,orders-service,589.58,51.76
1789601165.059,research-api-grafana-1,grafana,3.67,43.79
1789601165.059,research-api-products-service-1,products-service,59.37,19.78
1789601165.059,research-api-inventory-service-1,inventory-service,14.49,14.45
1789601165.059,research-api-users-service-1,users-service,51.18,19.75
1789601165.059,research-api-postgres-1,postgres,103.24,148.5
1789601165.059,research-api-prometheus-1,prometheus,0.98,37.49
1789601165.059,research-api-cadvisor-1,cadvisor,2.84,20.0
1789601170.064,research-api-nginx-1,nginx,68.08,21.18
1789601170.064,research-api-orders-service-1,orders-service,502.4,53.68
1789601170.064,research-api-grafana-1,grafana,0.15,43.79
1789601170.064,research-api-products-service-1,products-service,63.63,20.71
1789601170.064,research-api-inventory-service-1,inventory-service,15.1,13.73
1789601170.064,research-api-users-service-1,users-service,50.99,21.55
1789601170.064,research-api-postgres-1,postgres,108.89,149.6
1789601170.064,research-api-prometheus-1,prometheus,0.0,37.49
1789601170.064,research-api-cadvisor-1,cadvisor,0.75,20.25
1789601175.109,research-api-nginx-1,nginx,100.45,21.04
1789601175.109,research-api-orders-service-1,orders-service,176.42,49.13
1789601175.109,research-api-grafana-1,grafana,0.4,43.79
1789601175.109,research-api-products-service-1,products-service,93.1,20.15
1789601175.109,research-api-inventory-service-1,inventory-service,21.71,15.18
1789601175.109,research-api-users-service-1,users-service,57.74,20.21
1789601175.109,research-api-postgres-1,postgres,161.77,151.2
1789601175.109,research-api-prometheus-1,prometheus,0.0,37.49
1789601175.109,research-api-cadvisor-1,cadvisor,0.0,17.89
1789601180.053,research-api-nginx-1,nginx,90.91,20.31
1789601180.053,research-api-orders-service-1,orders-service,327.55,49.5
1789601180.053,research-api-grafana-1,grafana,0.06,43.79
1789601180.053,research-api-products-service-1,products-service,86.36,20.51
1789601180.053,research-api-inventory-service-1,inventory-service,19.3,13.86
1789601180.053,research-api-users-service-1,users-service,76.48,20.29
1789601180.053,research-api-postgres-1,postgres,143.9,150.2
1789601180.053,research-api-prometheus-1,prometheus,0.0,37.49
1789601180.053,research-api-cadvisor-1,cadvisor,0.0,17.89
1789601185.081,research-api-nginx-1,nginx,75.57,20.95
1789601185.081,research-api-orders-service-1,orders-service,404.76,50.25
1789601185.081,research-api-grafana-1,grafana,0.37,43.79
1789601185.081,research-api-products-service-1,products-service,79.14,20.58
1789601185.081,research-api-inventory-service-1,inventory-service,18.39,14.5
1789601185.081,research-api-users-service-1,users-service,66.39,19.62
1789601185.081,research-api-postgres-1,postgres,144.93,151.5
1789601185.081,research-api-prometheus-1,prometheus,0.0,37.49
1789601185.081,research-api-cadvisor-1,cadvisor,0.0,17.9
1789601190.078,research-api-nginx-1,nginx,88.04,20.77
1789601190.078,research-api-orders-service-1,orders-service,406.12,50.74
1789601190.078,research-api-grafana-1,grafana,0.11,43.79
1789601190.078,research-api-products-service-1,products-service,77.26,20.79
1789601190.078,research-api-inventory-service-1,inventory-service,18.86,14.93
1789601190.078,research-api-users-service-1,users-service,66.71,19.93
1789601190.078,research-api-postgres-1,postgres,145.88,151.5
1789601190.078,research-api-prometheus-1,prometheus,0.0,37.49
1789601190.078,research-api-cadvisor-1,cadvisor,0.0,19.17
1789601195.065,research-api-nginx-1,nginx,83.82,21.11
1789601195.065,research-api-orders-service-1,orders-service,267.56,48.77
1789601195.065,research-api-grafana-1,grafana,0.37,43.8
1789601195.065,research-api-products-service-1,products-service,87.55,20.19
1789601195.065,research-api-inventory-service-1,inventory-service,18.93,13.94
1789601195.065,research-api-users-service-1,users-service,77.22,21.09
1789601195.065,research-api-postgres-1,postgres,162.17,152.5
1789601195.065,research-api-prometheus-1,prometheus,0.0,37.49
1789601195.065,research-api-cadvisor-1,cadvisor,0.0,19.17
1789601200.029,research-api-nginx-1,nginx,90.73,20.43
1789601200.029,research-api-orders-service-1,orders-service,328.88,50.03
1789601200.029,research-api-grafana-1,grafana,0.03,43.8
1789601200.029,research-api-products-service-1,products-service,79.04,20.99
1789601200.029,research-api-inventory-service-1,inventory-service,18.02,13.84
1789601200.029,research-api-users-service-1,users-service,72.56,20.91
1789601200.029,research-api-postgres-1,postgres,116.29,152.9
1789601200.029,research-api-prometheus-1,prometheus,0.15,37.49
1789601200.029,research-api-cadvisor-1,cadvisor,0.0,19.2
1789601205.113,research-api-nginx-1,nginx,52.52,22.5
1789601205.113,research-api-orders-service-1,orders-service,807.62,53.64
1789601205.113,research-api-grafana-1,grafana,0.4,43.8
1789601205.113,research-api-products-service-1,products-service,74.69,20.82
1789601205.113,research-api-inventory-service-1,inventory-service,12.99,14.42
1789601205.113,research-api-users-service-1,users-service,30.06,19.38
1789601205.113,research-api-postgres-1,postgres,56.17,153.1
1789601205.113,research-api-prometheus-1,prometheus,0.0,37.49
1789601205.113,research-api-cadvisor-1,cadvisor,0.29,19.2
1789601210.163,research-api-nginx-1,nginx,47.38,22.72
1789601210.163,research-api-orders-service-1,orders-service,794.97,55.01
1789601210.163,research-api-grafana-1,grafana,0.13,43.8
1789601210.163,research-api-products-service-1,products-service,32.85,21.3
1789601210.163,research-api-inventory-service-1,inventory-service,11.16,14.5
1789601210.163,research-api-users-service-1,users-service,25.82,19.91
1789601210.163,research-api-postgres-1,postgres,45.87,153.8
1789601210.163,research-api-prometheus-1,prometheus,0.0,37.49
1789601210.163,research-api-cadvisor-1,cadvisor,0.0,19.49
1789601215.164,research-api-nginx-1,nginx,69.26,20.18
1789601215.164,research-api-orders-service-1,orders-service,532.92,51.62
1789601215.164,research-api-grafana-1,grafana,0.29,43.8
1789601215.164,research-api-products-service-1,products-service,64.77,19.5
1789601215.164,research-api-inventory-service-1,inventory-service,16.14,14.66
1789601215.164,research-api-users-service-1,users-service,58.47,21.09
1789601215.164,research-api-postgres-1,postgres,121.93,154.3
1789601215.164,research-api-prometheus-1,prometheus,0.0,37.49
1789601215.164,research-api-cadvisor-1,cadvisor,0.0,19.49
1789601220.065,research-api-nginx-1,nginx,109.44,20.03
1789601220.065,research-api-orders-service-1,orders-service,188.16,49.89
1789601220.065,research-api-grafana-1,grafana,0.13,44.05
1789601220.065,research-api-products-service-1,products-service,88.07,20.46
1789601220.065,research-api-inventory-service-1,inventory-service,21.49,14.36
1789601220.065,research-api-users-service-1,users-service,81.85,23.01
1789601220.065,research-api-postgres-1,postgres,160.48,154.4
1789601220.065,research-api-prometheus-1,prometheus,0.0,37.73
1789601220.065,research-api-cadvisor-1,cadvisor,0.0,19.78
1789601225.043,research-api-nginx-1,nginx,91.14,19.72
1789601225.043,research-api-orders-service-1,orders-service,250.15,49.87
1789601225.043,research-api-grafana-1,grafana,1.24,43.8
1789601225.043,research-api-products-service-1,products-service,88.92,20.53
1789601225.043,research-api-inventory-service-1,inventory-service,19.71,14.66
1789601225.043,research-api-users-service-1,users-service,74.65,19.95
1789601225.043,research-api-postgres-1,postgres,128.7,154.7
1789601225.043,research-api-prometheus-1,prometheus,0.0,38.36
1789601225.043,research-api-cadvisor-1,cadvisor,1.89,19.82
1789601229.989,research-api-nginx-1,nginx,78.39,19.7
1789601229.989,research-api-orders-service-1,orders-service,328.35,48.06
1789601229.989,research-api-grafana-1,grafana,0.03,43.8
1789601229.989,research-api-products-service-1,products-service,71.11,19.18
1789601229.989,research-api-inventory-service-1,inventory-service,16.62,13.68
1789601229.989,research-api-users-service-1,users-service,65.48,19.88
1789601229.989,research-api-postgres-1,postgres,110.07,155.9
1789601229.989,research-api-prometheus-1,prometheus,0.0,38.36
1789601229.989,research-api-cadvisor-1,cadvisor,0.0,20.63
1789601234.992,research-api-nginx-1,nginx,62.26,19.65
1789601234.992,research-api-orders-service-1,orders-service,252.21,47.23
1789601234.992,research-api-grafana-1,grafana,0.41,43.8
1789601234.992,research-api-products-service-1,products-service,59.11,18.3
1789601234.992,research-api-inventory-service-1,inventory-service,16.41,15.73
1789601234.992,research-api-users-service-1,users-service,52.0,19.26
1789601234.992,research-api-postgres-1,postgres,81.67,156.0
1789601234.992,research-api-prometheus-1,prometheus,0.0,38.43
1789601234.992,research-api-cadvisor-1,cadvisor,0.0,20.63
1789601239.92,research-api-nginx-1,nginx,34.94,19.5
1789601239.92,research-api-orders-service-1,orders-service,70.74,45.22
1789601239.92,research-api-grafana-1,grafana,0.08,43.8
1789601239.92,research-api-products-service-1,products-service,32.18,18.96
1789601239.92,research-api-inventory-service-1,inventory-service,9.68,13.65
1789601239.92,research-api-users-service-1,users-service,32.85,19.37
1789601239.92,research-api-postgres-1,postgres,45.74,155.5
1789601239.92,research-api-prometheus-1,prometheus,0.0,38.45
1789601239.92,research-api-cadvisor-1,cadvisor,0.0,21.14
1789601244.902,research-api-nginx-1,nginx,18.84,19.37
1789601244.902,research-api-orders-service-1,orders-service,43.38,45.5
1789601244.902,research-api-grafana-1,grafana,0.82,43.8
1789601244.902,research-api-products-service-1,products-service,20.98,19.09
1789601244.902,research-api-inventory-service-1,inventory-service,4.21,14.28
1789601244.902,research-api-users-service-1,users-service,22.75,18.69
1789601244.902,research-api-postgres-1,postgres,28.84,155.6
1789601244.902,research-api-prometheus-1,prometheus,1.07,38.7
1789601244.902,research-api-cadvisor-1,cadvisor,0.0,21.14
1789601249.907,research-api-nginx-1,nginx,0.0,15.47
1789601249.907,research-api-orders-service-1,orders-service,0.0,43.55
1789601249.907,research-api-grafana-1,grafana,0.05,43.8
1789601249.907,research-api-products-service-1,products-service,0.0,18.61
1789601249.907,research-api-inventory-service-1,inventory-service,0.0,14.03
1789601249.907,research-api-users-service-1,users-service,0.01,18.12
1789601249.907,research-api-postgres-1,postgres,0.2,154.5
1789601249.907,research-api-prometheus-1,prometheus,0.0,38.45
1789601249.907,research-api-cadvisor-1,cadvisor,0.0,19.71
