timestamp,container,service,cpu_percent,memory_mb
1789601293.227,research-api-nginx-1,nginx,1.49,12.69
1789601293.227,research-api-orders-service-1,orders-service,2.24,5.828
1789601293.227,research-api-grafana-1,grafana,0.04,44.84
1789601293.227,research-api-products-service-1,products-service,1.0,5.895
1789601293.227,research-api-users-service-1,users-service,1.91,5.539
1789601293.227,research-api-inventory-service-1,inventory-service,0.0,5.781
1789601293.227,research-api-postgres-1,postgres,2.17,33.35
1789601293.227,research-api-prometheus-1,prometheus,0.22,27.35
1789601293.227,research-api-cadvisor-1,cadvisor,0.0,15.77
1789601298.234,research-api-nginx-1,nginx,4.54,12.9
1789601298.234,research-api-orders-service-1,orders-service,9.83,9.883
1789601298.234,research-api-grafana-1,grafana,0.05,44.84
1789601298.234,research-api-products-service-1,products-service,5.59,8.312
1789601298.234,research-api-users-service-1,users-service,6.55,8.551
1789601298.234,research-api-inventory-service-1,inventory-service,0.51,7.023
1789601298.234,research-api-postgres-1,postgres,7.14,39.29
1789601298.234,research-api-prometheus-1,prometheus,2.29,28.18
1789601298.234,research-api-cadvisor-1,cadvisor,0.0,16.65
1789601303.231,research-api-nginx-1,nginx,7.16,13.62
1789601303.231,research-api-orders-service-1,orders-service,16.37,9.371
1789601303.231,research-api-grafana-1,grafana,0.05,44.85
1789601303.231,research-api-products-service-1,products-service,7.27,9.613
1789601303.231,research-api-users-service-1,users-service,8.36,9.543
1789601303.231,research-api-inventory-service-1,inventory-service,2.34,7.484
1789601303.231,research-api-postgres-1,postgres,10.68,45.84
1789601303.231,research-api-prometheus-1,prometheus,0.18,27.99
1789601303.231,research-api-cadvisor-1,cadvisor,0.0,16.66
1789601308.247,research-api-nginx-1,nginx,9.94,14.41
1789601308.247,research-api-orders-service-1,orders-service,20.87,10.22
1789601308.247,research-api-grafana-1,grafana,0.06,44.85
1789601308.247,research-api-products-service-1,products-service,12.77,10.14
1789601308.247,research-api-users-service-1,users-service,10.22,9.102
1789601308.247,research-api-inventory-service-1,inventory-service,1.82,7.488
1789601308.247,research-api-postgres-1,postgres,16.1,50.1
1789601308.247,research-api-prometheus-1,prometheus,1.32,28.77
1789601308.247,research-api-cadvisor-1,cadvisor,0.0,16.86
1789601313.223,research-api-nginx-1,nginx,11.24,14.83
1789601313.223,research-api-orders-service-1,orders-service,23.31,12.34
1789601313.223,research-api-grafana-1,grafana,0.05,44.93
1789601313.223,research-api-products-service-1,products-service,13.02,9.98
1789601313.223,research-api-users-service-1,users-service,13.11,9.469
1789601313.223,research-api-inventory-service-1,inventory-service,2.11,7.941
1789601313.223,research-api-postgres-1,postgres,17.26,61.07
1789601313.223,research-api-prometheus-1,prometheus,0.13,28.52
1789601313.223,research-api-cadvisor-1,cadvisor,0.0,16.86
1789601318.221,research-api-nginx-1,nginx,13.04,15.09
1789601318.221,research-api-orders-service-1,orders-service,30.61,12.27
1789601318.221,research-api-grafana-1,grafana,0.06,44.93
1789601318.221,research-api-products-service-1,products-service,16.23,11.75
1789601318.221,research-api-users-service-1,users-service,13.42,9.125
1789601318.221,research-api-inventory-service-1,inventory-service,3.94,8.523
1789601318.221,research-api-postgres-1,postgres,21.37,64.14
1789601318.221,research-api-prometheus-1,prometheus,3.18,30.23
1789601318.221,research-api-cadvisor-1,cadvisor,0.01,16.01
1789601323.232,research-api-nginx-1,nginx,14.52,14.66
1789601323.232,research-api-orders-service-1,orders-service,36.21,12.24
1789601323.232,research-api-grafana-1,grafana,0.05,44.98
1789601323.232,research-api-products-service-1,products-service,17.63,10.51
1789601323.232,research-api-users-service-1,users-service,15.93,10.8
1789601323.232,research-api-inventory-service-1,inventory-service,3.0,9.078
1789601323.232,research-api-postgres-1,postgres,24.71,72.7
1789601323.232,research-api-prometheus-1,prometheus,0.13,30.23
1789601323.232,research-api-cadvisor-1,cadvisor,0.0,16.01
1789601328.205,research-api-nginx-1,nginx,12.26,14.19
1789601328.205,research-api-orders-service-1,orders-service,27.97,11.62
1789601328.205,research-api-grafana-1,grafana,0.05,44.98
1789601328.205,research-api-products-service-1,products-service,15.03,12.94
1789601328.205,research-api-users-service-1,users-service,13.77,10.58
1789601328.205,research-api-inventory-service-1,inventory-service,2.89,8.906
1789601328.205,research-api-postgres-1,postgres,21.35,71.49
1789601328.205,research-api-prometheus-1,prometheus,0.96,30.27
1789601328.205,research-api-cadvisor-1,cadvisor,0.0,16.2
1789601333.235,research-api-nginx-1,nginx,12.41,14.18
1789601333.235,research-api-orders-service-1,orders-service,28.11,13.58
1789601333.235,research-api-grafana-1,grafana,0.07,45.1
1789601333.235,research-api-products-service-1,products-service,14.04,11.27
1789601333.235,research-api-users-service-1,users-service,14.71,10.93
1789601333.235,research-api-inventory-service-1,inventory-service,3.32,8.629
1789601333.235,research-api-postgres-1,postgres,22.2,79.25
1789601333.235,research-api-prometheus-1,prometheus,0.15,30.28
1789601333.235,research-api-cadvisor-1,cadvisor,0.0,16.38
1789601338.225,research-api-nginx-1,nginx,13.8,15.14
1789601338.225,research-api-orders-service-1,orders-service,31.43,12.62
1789601338.225,research-api-grafana-1,grafana,0.03,45.1
1789601338.225,research-api-products-service-1,products-service,15.89,12.32
1789601338.225,research-api-users-service-1,users-service,15.87,11.19
1789601338.225,research-api-inventory-service-1,inventory-service,4.55,8.621
1789601338.225,research-api-postgres-1,postgres,23.61,84.59
1789601338.225,research-api-prometheus-1,prometheus,0.99,30.35
1789601338.225,research-api-cadvisor-1,cadvisor,0.0,16.56
1789601343.207,research-api-nginx-1,nginx,14.92,14.13
1789601343.207,research-api-orders-service-1,orders-service,32.8,13.82
1789601343.207,research-api-grafana-1,grafana,0.04,45.1
1789601343.207,research-api-products-service-1,products-service,18.01,11.68
1789601343.207,research-api-users-service-1,users-service,16.25,11.59
1789601343.207,research-api-inventory-service-1,inventory-service,3.83,9.031
1789601343.207,research-api-postgres-1,postgres,24.65,84.41
1789601343.207,research-api-prometheus-1,prometheus,0.15,30.37
1789601343.207,research-api-cadvisor-1,cadvisor,0.0,16.57
1789601348.226,research-api-nginx-1,nginx,13.73,14.33
1789601348.226,research-api-orders-service-1,orders-service,31.59,13.58
1789601348.226,research-api-grafana-1,grafana,0.06,45.1
1789601348.226,research-api-products-service-1,products-service,15.71,11.34
1789601348.226,research-api-users-service-1,users-service,17.32,11.56
1789601348.226,research-api-inventory-service-1,inventory-service,3.68,8.539
1789601348.226,research-api-postgres-1,postgres,23.04,84.7
1789601348.226,research-api-prometheus-1,prometheus,1.09,30.46
1789601348.226,research-api-cadvisor-1,cadvisor,0.0,17.14
1789601353.264,research-api-nginx-1,nginx,14.22,15.08
1789601353.264,research-api-orders-service-1,orders-service,32.28,16.0
1789601353.264,research-api-grafana-1,grafana,0.04,45.1
1789601353.264,research-api-products-service-1,products-service,14.52,11.87
1789601353.264,research-api-users-service-1,users-service,16.63,11.38
1789601353.264,research-api-inventory-service-1,inventory-service,4.18,9.25
1789601353.264,research-api-postgres-1,postgres,22.98,84.43
1789601353.264,research-api-prometheus-1,prometheus,0.14,30.45
1789601353.264,research-api-cadvisor-1,cadvisor,0.0,17.14
1789601358.235,research-api-nginx-1,nginx,13.08,14.96
1789601358.235,research-api-orders-service-1,orders-service,40.89,14.29
1789601358.235,research-api-grafana-1,grafana,0.04,45.19
1789601358.235,research-api-products-service-1,products-service,16.8,12.46
1789601358.235,research-api-users-service-1,users-service,18.52,10.84
1789601358.235,research-api-inventory-service-1,inventory-service,3.68,9.766
1789601358.235,research-api-postgres-1,postgres,29.79,86.66
1789601358.235,research-api-prometheus-1,prometheus,1.44,30.51
1789601358.235,research-api-cadvisor-1,cadvisor,0.0,17.75
1789601363.238,research-api-nginx-1,nginx,12.77,14.41
1789601363.238,research-api-orders-service-1,orders-service,33.1,15.41
1789601363.238,research-api-grafana-1,grafana,0.06,45.19
1789601363.238,research-api-products-service-1,products-service,17.62,12.08
1789601363.238,research-api-users-service-1,users-service,16.08,11.38
1789601363.238,research-api-inventory-service-1,inventory-service,4.32,9.395
1789601363.238,research-api-postgres-1,postgres,24.15,88.85
1789601363.238,research-api-prometheus-1,prometheus,0.11,30.51
1789601363.238,research-api-cadvisor-1,cadvisor,0.0,17.75
1789601368.219,research-api-nginx-1,nginx,15.38,14.18
1789601368.219,research-api-orders-service-1,orders-service,35.13,15.52
1789601368.219,research-api-grafana-1,grafana,0.05,45.19
1789601368.219,research-api-products-service-1,products-service,17.75,12.68
1789601368.219,research-api-users-service-1,users-service,17.0,12.77
1789601368.219,research-api-inventory-service-1,inventory-service,4.82,9.234
1789601368.219,research-api-postgres-1,postgres,25.18,88.69
1789601368.219,research-api-prometheus-1,prometheus,1.38,30.76
1789601368.219,research-api-cadvisor-1,cadvisor,0.0,18.2
1789601373.242,research-api-nginx-1,nginx,13.97,14.45
1789601373.242,research-api-orders-service-1,orders-service,34.28,15.8
1789601373.242,research-api-grafana-1,grafana,0.04,45.2
1789601373.242,research-api-products-service-1,products-service,16.2,11.44
1789601373.242,research-api-users-service-1,users-service,18.22,11.96
1789601373.242,research-api-inventory-service-1,inventory-service,3.07,9.113
1789601373.242,research-api-postgres-1,postgres,23.18,88.87
1789601373.242,research-api-prometheus-1,prometheus,0.15,30.76
1789601373.242,research-api-cadvisor-1,cadvisor,0.0,18.2
1789601378.258,research-api-nginx-1,nginx,14.31,14.92
1789601378.258,research-api-orders-service-1,orders-service,33.26,14.69
1789601378.258,research-api-grafana-1,grafana,0.08,45.2
1789601378.258,research-api-products-service-1,products-service,16.8,13.93
1789601378.258,research-api-users-service-1,users-service,16.87,12.66
1789601378.258,research-api-inventory-service-1,inventory-service,4.25,8.977
1789601378.258,research-api-postgres-1,postgres,21.17,88.76
1789601378.258,research-api-prometheus-1,prometheus,0.94,30.86
1789601378.258,research-api-cadvisor-1,cadvisor,0.0,18.42
1789601383.241,research-api-nginx-1,nginx,14.14,14.88
1789601383.241,research-api-orders-service-1,orders-service,36.67,15.75
1789601383.241,research-api-grafana-1,grafana,0.05,45.22
1789601383.241,research-api-products-service-1,products-service,16.56,12.48
1789601383.241,research-api-users-service-1,users-service,16.41,11.48
1789601383.241,research-api-inventory-service-1,inventory-service,3.74,9.047
1789601383.241,research-api-postgres-1,postgres,23.08,89.18
1789601383.241,research-api-prometheus-1,prometheus,0.15,30.86
1789601383.241,research-api-cadvisor-1,cadvisor,0.0,18.42
1789601388.212,research-api-nginx-1,nginx,14.89,14.71
1789601388.212,research-api-orders-service-1,orders-service,35.16,14.81
1789601388.212,research-api-grafana-1,grafana,0.04,45.22
1789601388.212,research-api-products-service-1,products-service,20.1,13.48
1789601388.212,research-api-users-service-1,users-service,17.33,12.68
1789601388.212,research-api-inventory-service-1,inventory-service,3.36,9.281
1789601388.212,research-api-postgres-1,postgres,24.42,89.18
1789601388.212,research-api-prometheus-1,prometheus,1.22,30.95
1789601388.212,research-api-cadvisor-1,cadvisor,0.0,19.09
1789601393.214,research-api-nginx-1,nginx,13.85,15.25
1789601393.214,research-api-orders-service-1,orders-service,36.36,16.41
1789601393.214,research-api-grafana-1,grafana,0.06,45.77
1789601393.214,research-api-products-service-1,products-service,15.63,12.78
1789601393.214,research-api-users-service-1,users-service,16.32,11.85
1789601393.214,research-api-inventory-service-1,inventory-service,3.61,9.535
1789601393.214,research-api-postgres-1,postgres,24.17,91.1
1789601393.214,research-api-prometheus-1,prometheus,0.13,30.95
1789601393.214,research-api-cadvisor-1,cadvisor,0.0,19.12
1789601398.234,research-api-nginx-1,nginx,14.91,15.11
1789601398.234,research-api-orders-service-1,orders-service,32.66,15.32
1789601398.234,research-api-grafana-1,grafana,0.04,45.77
1789601398.234,research-api-products-service-1,products-service,17.51,13.43
1789601398.234,research-api-users-service-1,users-service,17.78,12.51
1789601398.234,research-api-inventory-service-1,inventory-service,3.96,10.04
1789601398.234,research-api-postgres-1,postgres,22.86,91.25
1789601398.234,research-api-prometheus-1,prometheus,0.88,35.13
1789601398.234,research-api-cadvisor-1,cadvisor,0.0,19.27
1789601403.217,research-api-nginx-1,nginx,12.81,14.54
1789601403.217,research-api-orders-service-1,orders-service,27.48,15.71
1789601403.217,research-api-grafana-1,grafana,0.05,45.8
1789601403.217,research-api-products-service-1,products-service,15.06,12.43
1789601403.217,research-api-users-service-1,users-service,14.7,11.99
1789601403.217,research-api-inventory-service-1,inventory-service,2.93,9.59
1789601403.217,research-api-postgres-1,postgres,19.99,91.23
1789601403.217,research-api-prometheus-1,prometheus,0.12,35.13
1789601403.217,research-api-cadvisor-1,cadvisor,0.0,19.28
1789601408.281,research-api-nginx-1,nginx,13.76,14.54
1789601408.281,research-api-orders-service-1,orders-service,36.08,14.91
1789601408.281,research-api-grafana-1,grafana,0.06,45.8
1789601408.281,research-api-products-service-1,products-service,16.03,13.69
1789601408.281,research-api-users-service-1,users-service,17.9,12.22
1789601408.281,research-api-inventory-service-1,inventory-service,4.71,9.758
1789601408.281,research-api-postgres-1,postgres,26.78,91.51
1789601408.281,research-api-prometheus-1,prometheus,0.9,35.38
1789601408.281,research-api-cadvisor-1,cadvisor,0.0,19.29
1789601413.244,research-api-nginx-1,nginx,14.61,14.61
1789601413.244,research-api-orders-service-1,orders-service,29.48,16.16
1789601413.244,research-api-grafana-1,grafana,0.08,45.81
1789601413.244,research-api-products-service-1,products-service,16.57,13.8
1789601413.244,research-api-users-service-1,users-service,16.85,13.04
1789601413.244,research-api-inventory-service-1,inventory-service,4.09,10.02
1789601413.244,research-api-postgres-1,postgres,21.3,91.37
1789601413.244,research-api-prometheus-1,prometheus,0.12,35.38
1789601413.244,research-api-cadvisor-1,cadvisor,0.0,19.29
1789601418.208,research-api-nginx-1,nginx,12.63,15.82
1789601418.208,research-api-orders-service-1,orders-service,30.93,15.84
1789601418.208,research-api-grafana-1,grafana,0.05,45.81
1789601418.208,research-api-products-service-1,products-service,15.73,13.37
1789601418.208,research-api-users-service-1,users-service,14.97,12.71
1789601418.208,research-api-inventory-service-1,inventory-service,3.42,9.25
1789601418.208,research-api-postgres-1,postgres,21.08,91.51
1789601418.208,research-api-prometheus-1,prometheus,0.15,35.39
1789601418.208,research-api-cadvisor-1,cadvisor,0.0,19.31
1789601423.271,research-api-nginx-1,nginx,14.3,14.98
1789601423.271,research-api-orders-service-1,orders-service,30.22,17.38
1789601423.271,research-api-grafana-1,grafana,0.08,45.83
1789601423.271,research-api-products-service-1,products-service,14.12,13.89
1789601423.271,research-api-users-service-1,users-service,14.56,12.34
1789601423.271,research-api-inventory-service-1,inventory-service,3.53,9.309
1789601423.271,research-api-postgres-1,postgres,20.24,90.96
1789601423.271,research-api-prometheus-1,prometheus,0.16,35.71
1789601423.271,research-api-cadvisor-1,cadvisor,0.0,19.31
1789601428.244,research-api-nginx-1,nginx,14.3,15.69
1789601428.244,research-api-orders-service-1,orders-service,29.75,15.55
1789601428.244,research-api-grafana-1,grafana,0.04,45.83
1789601428.244,research-api-products-service-1,products-service,17.41,14.4
1789601428.244,research-api-users-service-1,users-service,13.87,13.75
1789601428.244,research-api-inventory-service-1,inventory-service,2.85,9.191
1789601428.244,research-api-postgres-1,postgres,22.12,91.25
1789601428.244,research-api-prometheus-1,prometheus,1.11,36.3
1789601428.244,research-api-cadvisor-1,cadvisor,0.0,19.75
1789601433.228,research-api-nginx-1,nginx,14.63,14.52
1789601433.228,research-api-orders-service-1,orders-service,32.8,15.29
1789601433.228,research-api-grafana-1,grafana,0.03,45.85
1789601433.228,research-api-products-service-1,products-service,16.49,14.3
1789601433.228,research-api-users-service-1,users-service,16.12,13.39
1789601433.228,research-api-inventory-service-1,inventory-service,2.98,9.461
1789601433.228,research-api-postgres-1,postgres,21.98,92.18
1789601433.228,research-api-prometheus-1,prometheus,0.14,36.29
1789601433.228,research-api-cadvisor-1,cadvisor,0.0,19.75
1789601438.259,research-api-nginx-1,nginx,14.72,14.67
1789601438.259,research-api-orders-service-1,orders-service,29.25,15.2
1789601438.259,research-api-grafana-1,grafana,0.07,45.85
1789601438.259,research-api-products-service-1,products-service,18.83,14.06
1789601438.259,research-api-users-service-1,users-service,16.61,12.93
1789601438.259,research-api-inventory-service-1,inventory-service,3.56,10.04
1789601438.259,research-api-postgres-1,postgres,21.65,91.03
1789601438.259,research-api-prometheus-1,prometheus,2.68,36.98
1789601438.259,research-api-cadvisor-1,cadvisor,0.0,19.1
1789601443.261,research-api-nginx-1,nginx,14.47,14.67
1789601443.261,research-api-orders-service-1,orders-service,31.7,15.14
1789601443.261,research-api-grafana-1,grafana,0.04,45.85
1789601443.261,research-api-products-service-1,products-service,16.12,14.05
1789601443.261,research-api-users-service-1,users-service,16.11,13.41
1789601443.261,research-api-inventory-service-1,inventory-service,4.11,10.23
1789601443.261,research-api-postgres-1,postgres,22.38,91.81
1789601443.261,research-api-prometheus-1,prometheus,0.19,37.0
1789601443.261,research-api-cadvisor-1,cadvisor,0.0,19.1
1789601448.25,research-api-nginx-1,nginx,14.4,15.52
1789601448.25,research-api-orders-service-1,orders-service,29.96,16.23
1789601448.25,research-api-grafana-1,grafana,0.05,45.85
1789601448.25,research-api-products-service-1,products-service,16.8,14.61
1789601448.25,research-api-users-service-1,users-service,14.79,12.93
1789601448.25,research-api-inventory-service-1,inventory-service,4.39,10.07
1789601448.25,research-api-postgres-1,postgres,21.08,92.6
1789601448.25,research-api-prometheus-1,prometheus,1.03,37.22
1789601448.25,research-api-cadvisor-1,cadvisor,0.0,19.11
1789601453.233,research-api-nginx-1,nginx,14.25,14.24
1789601453.233,research-api-orders-service-1,orders-service,31.35,17.15
1789601453.233,research-api-grafana-1,grafana,0.1,46.02
1789601453.233,research-api-products-service-1,products-service,16.31,14.42
1789601453.233,research-api-users-service-1,users-service,17.49,13.96
1789601453.233,research-api-inventory-service-1,inventory-service,4.87,10.08
1789601453.233,research-api-postgres-1,postgres,23.66,91.43
1789601453.233,research-api-prometheus-1,prometheus,0.12,37.22
1789601453.233,research-api-cadvisor-1,cadvisor,0.0,19.13
1789601458.241,research-api-nginx-1,nginx,15.5,14.65
1789601458.241,research-api-orders-service-1,orders-service,35.25,15.0
1789601458.241,research-api-grafana-1,grafana,0.05,46.02
1789601458.241,research-api-products-service-1,products-service,17.2,15.27
1789601458.241,research-api-users-service-1,users-service,18.25,13.11
1789601458.241,research-api-inventory-service-1,inventory-service,3.64,9.438
1789601458.241,research-api-postgres-1,postgres,24.71,91.83
1789601458.241,research-api-prometheus-1,prometheus,1.35,37.3
1789601458.241,research-api-cadvisor-1,cadvisor,0.0,19.2
1789601463.27,research-api-nginx-1,nginx,13.81,15.38
1789601463.27,research-api-orders-service-1,orders-service,34.44,16.5
1789601463.27,research-api-grafana-1,grafana,0.07,46.02
1789601463.27,research-api-products-service-1,products-service,15.67,13.52
1789601463.27,research-api-users-service-1,users-service,17.34,13.29
1789601463.27,research-api-inventory-service-1,inventory-service,4.36,9.738
1789601463.27,research-api-postgres-1,postgres,23.24,92.69
1789601463.27,research-api-prometheus-1,prometheus,0.14,37.3
1789601463.27,research-api-cadvisor-1,cadvisor,0.0,19.34
1789601468.239,research-api-nginx-1,nginx,12.75,14.59
1789601468.239,research-api-orders-service-1,orders-service,27.04,15.49
1789601468.239,research-api-grafana-1,grafana,0.13,46.02
1789601468.239,research-api-products-service-1,products-service,18.12,13.95
1789601468.239,research-api-users-service-1,users-service,16.47,12.87
1789601468.239,research-api-inventory-service-1,inventory-service,4.55,10.21
1789601468.239,research-api-postgres-1,postgres,22.51,94.76
1789601468.239,research-api-prometheus-1,prometheus,1.3,37.97
1789601468.239,research-api-cadvisor-1,cadvisor,0.04,19.15
1789601473.252,research-api-nginx-1,nginx,12.09,13.83
1789601473.252,research-api-orders-service-1,orders-service,32.19,14.4
1789601473.252,research-api-grafana-1,grafana,0.03,46.02
1789601473.252,research-api-products-service-1,products-service,13.02,12.97
1789601473.252,research-api-users-service-1,users-service,13.9,13.12
1789601473.252,research-api-inventory-service-1,inventory-service,3.63,9.551
1789601473.252,research-api-postgres-1,postgres,22.86,94.02
1789601473.252,research-api-prometheus-1,prometheus,0.12,37.97
1789601473.252,research-api-cadvisor-1,cadvisor,0.0,19.15
1789601478.272,research-api-nginx-1,nginx,12.18,14.77
1789601478.272,research-api-orders-service-1,orders-service,32.01,15.38
1789601478.272,research-api-grafana-1,grafana,0.04,46.02
1789601478.272,research-api-products-service-1,products-service,14.77,13.49
1789601478.272,research-api-users-service-1,users-service,16.55,13.02
1789601478.272,research-api-inventory-service-1,inventory-service,3.9,10.37
1789601478.272,research-api-postgres-1,postgres,24.72,94.86
1789601478.272,research-api-prometheus-1,prometheus,1.24,38.02
1789601478.272,research-api-cadvisor-1,cadvisor,0.0,19.79
1789601483.249,research-api-nginx-1,nginx,11.99,14.88
1789601483.249,research-api-orders-service-1,orders-service,29.73,16.59
1789601483.249,research-api-grafana-1,grafana,0.06,46.02
1789601483.249,research-api-products-service-1,products-service,13.92,12.56
1789601483.249,research-api-users-service-1,users-service,13.42,12.46
1789601483.249,research-api-inventory-service-1,inventory-service,3.39,9.68
1789601483.249,research-api-postgres-1,postgres,23.68,94.5
1789601483.249,research-api-prometheus-1,prometheus,0.15,38.02
1789601483.249,research-api-cadvisor-1,cadvisor,0.0,19.8
1789601488.24,research-api-nginx-1,nginx,13.85,14.96
1789601488.24,research-api-orders-service-1,orders-service,31.35,15.34
1789601488.24,research-api-grafana-1,grafana,0.04,46.02
1789601488.24,research-api-products-service-1,products-service,16.69,14.38
1789601488.24,research-api-users-service-1,users-service,16.76,12.99
1789601488.24,research-api-inventory-service-1,inventory-service,3.54,10.98
1789601488.24,research-api-postgres-1,postgres,26.55,94.01
1789601488.24,research-api-prometheus-1,prometheus,1.29,38.04
1789601488.24,research-api-cadvisor-1,cadvisor,0.0,19.71
1789601493.244,research-api-nginx-1,nginx,13.82,13.86
1789601493.244,research-api-orders-service-1,orders-service,30.8,16.41
1789601493.244,research-api-grafana-1,grafana,0.06,46.02
1789601493.244,research-api-products-service-1,products-service,15.11,12.99
1789601493.244,research-api-users-service-1,users-service,14.45,11.64
1789601493.244,research-api-inventory-service-1,inventory-service,3.93,10.62
1789601493.244,research-api-postgres-1,postgres,26.45,94.35
1789601493.244,research-api-prometheus-1,prometheus,0.14,38.04
1789601493.244,research-api-cadvisor-1,cadvisor,0.0,19.71
1789601498.281,research-api-nginx-1,nginx,14.52,14.36
1789601498.281,research-api-orders-service-1,orders-service,25.17,15.01
1789601498.281,research-api-grafana-1,grafana,0.08,46.02
1789601498.281,research-api-products-service-1,products-service,16.69,13.95
1789601498.281,research-api-users-service-1,users-service,16.12,12.11
1789601498.281,research-api-inventory-service-1,inventory-service,4.15,10.93
1789601498.281,research-api-postgres-1,postgres,25.25,95.41
1789601498.281,research-api-prometheus-1,prometheus,1.91,38.7
1789601498.281,research-api-cadvisor-1,cadvisor,0.0,19.74
1789601503.242,research-api-nginx-1,nginx,13.67,15.42
1789601503.242,research-api-orders-service-1,orders-service,28.51,15.36
1789601503.242,research-api-grafana-1,grafana,0.07,46.02
1789601503.242,research-api-products-service-1,products-service,12.04,12.47
1789601503.242,research-api-users-service-1,users-service,15.14,12.49
1789601503.242,research-api-inventory-service-1,inventory-service,3.57,9.91
1789601503.242,research-api-postgres-1,postgres,24.7,94.82
1789601503.242,research-api-prometheus-1,prometheus,0.15,38.7
1789601503.242,research-api-cadvisor-1,cadvisor,0.0,19.74
1789601508.256,research-api-nginx-1,nginx,14.35,13.41
1789601508.256,research-api-orders-service-1,orders-service,31.99,14.82
1789601508.256,research-api-grafana-1,grafana,0.05,46.02
1789601508.256,research-api-products-service-1,products-service,14.9,14.27
1789601508.256,research-api-users-service-1,users-service,15.71,13.17
1789601508.256,research-api-inventory-service-1,inventory-service,3.39,10.05
1789601508.256,research-api-postgres-1,postgres,26.88,94.17
1789601508.256,research-api-prometheus-1,prometheus,1.18,39.49
1789601508.256,research-api-cadvisor-1,cadvisor,0.0,19.88
1789601513.285,research-api-nginx-1,nginx,14.2,15.27
1789601513.285,research-api-orders-service-1,orders-service,36.26,16.71
1789601513.285,research-api-grafana-1,grafana,0.09,44.14
1789601513.285,research-api-products-service-1,products-service,13.44,13.38
1789601513.285,research-api-users-service-1,users-service,17.2,13.63
1789601513.285,research-api-inventory-service-1,inventory-service,3.25,9.984
1789601513.285,research-api-postgres-1,postgres,25.11,94.37
1789601513.285,research-api-prometheus-1,prometheus,0.14,39.49
1789601513.285,research-api-cadvisor-1,cadvisor,0.0,19.89
1789601518.255,research-api-nginx-1,nginx,13.01,15.07
1789601518.255,research-api-orders-service-1,orders-service,31.87,15.92
1789601518.255,research-api-grafana-1,grafana,0.04,44.14
1789601518.255,research-api-products-service-1,products-service,17.42,14.57
1789601518.255,research-api-users-service-1,users-service,15.89,13.25
1789601518.255,research-api-inventory-service-1,inventory-service,3.76,9.824
1789601518.255,research-api-postgres-1,postgres,25.88,95.27
1789601518.255,research-api-prometheus-1,prometheus,1.13,39.5
1789601518.255,research-api-cadvisor-1,cadvisor,0.0,18.79
1789601523.232,research-api-nginx-1,nginx,15.19,15.34
1789601523.232,research-api-orders-service-1,orders-service,28.96,16.81
1789601523.232,research-api-grafana-1,grafana,0.05,44.18
1789601523.232,research-api-products-service-1,products-service,17.57,13.5
1789601523.232,research-api-users-service-1,users-service,14.46,12.79
1789601523.232,research-api-inventory-service-1,inventory-service,3.68,10.03
1789601523.232,research-api-postgres-1,postgres,22.78,94.1
1789601523.232,research-api-prometheus-1,prometheus,0.1,39.5
1789601523.232,research-api-cadvisor-1,cadvisor,0.0,18.79
1789601528.258,research-api-nginx-1,nginx,12.31,13.82
1789601528.258,research-api-orders-service-1,orders-service,29.25,15.21
1789601528.258,research-api-grafana-1,grafana,0.06,44.18
1789601528.258,research-api-products-service-1,products-service,17.57,15.32
1789601528.258,research-api-users-service-1,users-service,17.35,12.12
1789601528.258,research-api-inventory-service-1,inventory-service,4.86,10.36
1789601528.258,research-api-postgres-1,postgres,21.47,95.3
1789601528.258,research-api-prometheus-1,prometheus,0.31,39.51
1789601528.258,research-api-cadvisor-1,cadvisor,0.0,19.43
1789601533.281,research-api-nginx-1,nginx,13.56,14.95
1789601533.281,research-api-orders-service-1,orders-service,31.06,16.32
1789601533.281,research-api-grafana-1,grafana,0.03,44.18
1789601533.281,research-api-products-service-1,products-service,14.42,13.78
1789601533.281,research-api-users-service-1,users-service,16.04,12.84
1789601533.281,research-api-inventory-service-1,inventory-service,3.05,10.65
1789601533.281,research-api-postgres-1,postgres,24.59,95.77
1789601533.281,research-api-prometheus-1,prometheus,0.17,39.52
1789601533.281,research-api-cadvisor-1,cadvisor,0.0,19.43
1789601538.265,research-api-nginx-1,nginx,13.32,14.38
1789601538.265,research-api-orders-service-1,orders-service,35.55,15.77
1789601538.265,research-api-grafana-1,grafana,0.05,44.18
1789601538.265,research-api-products-service-1,products-service,19.79,14.25
1789601538.265,research-api-users-service-1,users-service,15.64,12.57
1789601538.265,research-api-inventory-service-1,inventory-service,4.1,11.21
1789601538.265,research-api-postgres-1,postgres,29.18,96.04
1789601538.265,research-api-prometheus-1,prometheus,0.91,39.57
1789601538.265,research-api-cadvisor-1,cadvisor,0.0,19.45
1789601543.24,research-api-nginx-1,nginx,14.35,15.51
1789601543.24,research-api-orders-service-1,orders-service,32.06,17.06
1789601543.24,research-api-grafana-1,grafana,0.05,44.18
1789601543.24,research-api-products-service-1,products-service,16.07,13.71
1789601543.24,research-api-users-service-1,users-service,16.08,12.3
1789601543.24,research-api-inventory-service-1,inventory-service,3.27,10.88
1789601543.24,research-api-postgres-1,postgres,23.48,95.22
1789601543.24,research-api-prometheus-1,prometheus,0.16,39.57
1789601543.24,research-api-cadvisor-1,cadvisor,0.31,19.45
1789601548.273,research-api-nginx-1,nginx,14.21,14.29
1789601548.273,research-api-orders-service-1,orders-service,35.33,15.68
1789601548.273,research-api-grafana-1,grafana,0.05,44.18
1789601548.273,research-api-products-service-1,products-service,17.63,15.99
1789601548.273,research-api-users-service-1,users-service,17.97,12.54
1789601548.273,research-api-inventory-service-1,inventory-service,3.76,10.11
1789601548.273,research-api-postgres-1,postgres,23.44,95.38
1789601548.273,research-api-prometheus-1,prometheus,1.14,39.88
1789601548.273,research-api-cadvisor-1,cadvisor,0.0,19.52
1789601553.293,research-api-nginx-1,nginx,14.69,14.75
1789601553.293,research-api-orders-service-1,orders-service,36.41,17.04
1789601553.293,research-api-grafana-1,grafana,0.05,44.18
1789601553.293,research-api-products-service-1,products-service,15.35,13.89
1789601553.293,research-api-users-service-1,users-service,18.03,12.9
1789601553.293,research-api-inventory-service-1,inventory-service,3.82,10.37
1789601553.293,research-api-postgres-1,postgres,24.73,95.84
1789601553.293,research-api-prometheus-1,prometheus,0.16,39.88
1789601553.293,research-api-cadvisor-1,cadvisor,0.3,19.52
1789601558.285,research-api-nginx-1,nginx,13.53,15.32
1789601558.285,research-api-orders-service-1,orders-service,34.84,16.57
1789601558.285,research-api-grafana-1,grafana,0.08,44.18
1789601558.285,research-api-products-service-1,products-service,17.61,14.54
1789601558.285,research-api-users-service-1,users-service,16.29,12.52
1789601558.285,research-api-inventory-service-1,inventory-service,4.05,11.84
1789601558.285,research-api-postgres-1,postgres,22.21,95.66
1789601558.285,research-api-prometheus-1,prometheus,1.21,39.92
1789601558.285,research-api-cadvisor-1,cadvisor,0.0,19.52
1789601563.274,research-api-nginx-1,nginx,13.59,14.14
1789601563.274,research-api-orders-service-1,orders-service,39.59,17.17
1789601563.274,research-api-grafana-1,grafana,0.05,44.18
1789601563.274,research-api-products-service-1,products-service,16.43,14.14
1789601563.274,research-api-users-service-1,users-service,18.2,12.83
1789601563.274,research-api-inventory-service-1,inventory-service,3.85,11.55
1789601563.274,research-api-postgres-1,postgres,25.23,95.99
1789601563.274,research-api-prometheus-1,prometheus,0.17,39.93
1789601563.274,research-api-cadvisor-1,cadvisor,0.0,19.52
1789601568.261,research-api-nginx-1,nginx,11.92,14.64
1789601568.261,research-api-orders-service-1,orders-service,27.16,15.54
1789601568.261,research-api-grafana-1,grafana,0.05,44.18
1789601568.261,research-api-products-service-1,products-service,16.12,14.59
1789601568.261,research-api-users-service-1,users-service,13.74,14.06
1789601568.261,research-api-inventory-service-1,inventory-service,3.55,11.83
1789601568.261,research-api-postgres-1,postgres,21.17,95.78
1789601568.261,research-api-prometheus-1,prometheus,0.73,39.96
1789601568.261,research-api-cadvisor-1,cadvisor,0.0,20.31
1789601573.278,research-api-nginx-1,nginx,14.96,14.73
1789601573.278,research-api-orders-service-1,orders-service,37.51,16.68
1789601573.278,research-api-grafana-1,grafana,0.07,44.23
1789601573.278,research-api-products-service-1,products-service,18.5,14.25
1789601573.278,research-api-users-service-1,users-service,18.23,13.18
1789601573.278,research-api-inventory-service-1,inventory-service,4.46,11.12
1789601573.278,research-api-postgres-1,postgres,25.28,96.27
1789601573.278,research-api-prometheus-1,prometheus,0.18,39.95
1789601573.278,research-api-cadvisor-1,cadvisor,0.0,18.69
1789601578.262,research-api-nginx-1,nginx,15.24,14.46
1789601578.262,research-api-orders-service-1,orders-service,38.13,15.23
1789601578.262,research-api-grafana-1,grafana,0.05,44.23
1789601578.262,research-api-products-service-1,products-service,18.84,14.35
1789601578.262,research-api-users-service-1,users-service,17.84,13.34
1789601578.262,research-api-inventory-service-1,inventory-service,4.67,11.04
1789601578.262,research-api-postgres-1,postgres,24.53,95.62
1789601578.262,research-api-prometheus-1,prometheus,1.19,39.97
1789601578.262,research-api-cadvisor-1,cadvisor,0.0,18.69
1789601583.301,research-api-nginx-1,nginx,15.0,15.3
1789601583.301,research-api-orders-service-1,orders-service,38.51,15.32
1789601583.301,research-api-grafana-1,grafana,0.04,44.23
1789601583.301,research-api-products-service-1,products-service,18.97,13.43
1789601583.301,research-api-users-service-1,users-service,18.01,12.23
1789601583.301,research-api-inventory-service-1,inventory-service,4.09,10.78
1789601583.301,research-api-postgres-1,postgres,24.55,96.08
1789601583.301,research-api-prometheus-1,prometheus,0.14,39.96
1789601583.301,research-api-cadvisor-1,cadvisor,0.0,18.69
1789601588.291,research-api-nginx-1,nginx,13.7,13.39
1789601588.291,research-api-orders-service-1,orders-service,34.61,16.16
1789601588.291,research-api-grafana-1,grafana,0.04,44.23
1789601588.291,research-api-products-service-1,products-service,15.91,14.32
1789601588.291,research-api-users-service-1,users-service,17.83,12.88
1789601588.291,research-api-inventory-service-1,inventory-service,3.82,10.29
1789601588.291,research-api-postgres-1,postgres,22.09,96.58
1789601588.291,research-api-prometheus-1,prometheus,0.95,39.96
1789601588.291,research-api-cadvisor-1,cadvisor,0.0,19.22
1789601593.272,research-api-nginx-1,nginx,15.15,13.94
1789601593.272,research-api-orders-service-1,orders-service,36.71,17.53
1789601593.272,research-api-grafana-1,grafana,0.04,44.27
1789601593.272,research-api-products-service-1,products-service,17.09,13.25
1789601593.272,research-api-users-service-1,users-service,16.76,12.96
1789601593.272,research-api-inventory-service-1,inventory-service,3.78,10.24
1789601593.272,research-api-postgres-1,postgres,24.26,96.25
1789601593.272,research-api-prometheus-1,prometheus,0.14,39.96
1789601593.272,research-api-cadvisor-1,cadvisor,0.01,19.22
1789601598.254,research-api-nginx-1,nginx,14.91,14.79
1789601598.254,research-api-orders-service-1,orders-service,40.62,15.64
1789601598.254,research-api-grafana-1,grafana,0.05,44.27
1789601598.254,research-api-products-service-1,products-service,17.06,13.44
1789601598.254,research-api-users-service-1,users-service,13.52,13.67
1789601598.254,research-api-inventory-service-1,inventory-service,3.62,10.84
1789601598.254,research-api-postgres-1,postgres,23.86,95.73
1789601598.254,research-api-prometheus-1,prometheus,1.07,39.97
1789601598.254,research-api-cadvisor-1,cadvisor,0.0,19.86
1789601603.291,research-api-nginx-1,nginx,16.82,14.75
1789601603.291,research-api-orders-service-1,orders-service,40.0,16.42
1789601603.291,research-api-grafana-1,grafana,0.09,44.27
1789601603.291,research-api-products-service-1,products-service,19.51,13.04
1789601603.291,research-api-users-service-1,users-service,16.86,12.23
1789601603.291,research-api-inventory-service-1,inventory-service,4.38,11.37
1789601603.291,research-api-postgres-1,postgres,26.84,96.49
1789601603.291,research-api-prometheus-1,prometheus,0.15,39.96
1789601603.291,research-api-cadvisor-1,cadvisor,0.0,19.86
1789601608.288,research-api-nginx-1,nginx,13.98,14.17
1789601608.288,research-api-orders-service-1,orders-service,29.47,15.05
1789601608.288,research-api-grafana-1,grafana,0.05,44.27
1789601608.288,research-api-products-service-1,products-service,17.46,13.32
1789601608.288,research-api-users-service-1,users-service,16.31,13.4
1789601608.288,research-api-inventory-service-1,inventory-service,4.19,10.61
1789601608.288,research-api-postgres-1,postgres,22.06,96.55
1789601608.288,research-api-prometheus-1,prometheus,0.99,40.6
1789601608.288,research-api-cadvisor-1,cadvisor,0.0,19.43
1789601613.272,research-api-nginx-1,nginx,12.66,14.39
1789601613.272,research-api-orders-service-1,orders-service,40.19,18.62
1789601613.272,research-api-grafana-1,grafana,0.05,44.27
1789601613.272,research-api-products-service-1,products-service,17.85,12.82
1789601613.272,research-api-users-service-1,users-service,17.39,12.65
1789601613.272,research-api-inventory-service-1,inventory-service,3.88,11.04
1789601613.272,research-api-postgres-1,postgres,25.54,96.81
1789601613.272,research-api-prometheus-1,prometheus,0.16,40.6
1789601613.272,research-api-cadvisor-1,cadvisor,0.0,19.43
1789601618.263,research-api-nginx-1,nginx,14.44,14.05
1789601618.263,research-api-orders-service-1,orders-service,31.05,15.49
1789601618.263,research-api-grafana-1,grafana,0.04,44.27
1789601618.263,research-api-products-service-1,products-service,18.74,14.05
1789601618.263,research-api-users-service-1,users-service,16.94,13.88
1789601618.263,research-api-inventory-service-1,inventory-service,3.4,10.3
1789601618.263,research-api-postgres-1,postgres,23.33,96.59
1789601618.263,research-api-prometheus-1,prometheus,1.48,40.61
1789601618.263,research-api-cadvisor-1,cadvisor,0.0,19.79
1789601623.307,research-api-nginx-1,nginx,17.5,14.93
1789601623.307,research-api-orders-service-1,orders-service,36.16,16.52
1789601623.307,research-api-grafana-1,grafana,0.06,44.29
1789601623.307,research-api-products-service-1,products-service,21.02,13.78
1789601623.307,research-api-users-service-1,users-service,17.43,12.73
1789601623.307,research-api-inventory-service-1,inventory-service,5.19,10.55
1789601623.307,research-api-postgres-1,postgres,26.08,96.73
1789601623.307,research-api-prometheus-1,prometheus,0.1,40.61
1789601623.307,research-api-cadvisor-1,cadvisor,0.0,19.79
1789601628.279,research-api-nginx-1,nginx,21.48,15.2
1789601628.279,research-api-orders-service-1,orders-service,44.3,17.45
1789601628.279,research-api-grafana-1,grafana,0.05,44.29
1789601628.279,research-api-products-service-1,products-service,21.57,15.34
1789601628.279,research-api-users-service-1,users-service,22.9,13.08
1789601628.279,research-api-inventory-service-1,inventory-service,6.19,10.81
1789601628.279,research-api-postgres-1,postgres,32.95,97.32
1789601628.279,research-api-prometheus-1,prometheus,1.09,40.61
1789601628.279,research-api-cadvisor-1,cadvisor,0.0,19.61
1789601633.254,research-api-nginx-1,nginx,28.67,14.82
1789601633.254,research-api-orders-service-1,orders-service,60.66,17.85
1789601633.254,research-api-grafana-1,grafana,0.09,43.92
1789601633.254,research-api-products-service-1,products-service,28.06,13.85
1789601633.254,research-api-users-service-1,users-service,30.54,13.41
1789601633.254,research-api-inventory-service-1,inventory-service,7.95,11.57
1789601633.254,research-api-postgres-1,postgres,42.09,96.73
1789601633.254,research-api-prometheus-1,prometheus,0.1,40.61
1789601633.254,research-api-cadvisor-1,cadvisor,0.0,18.13
1789601638.271,research-api-nginx-1,nginx,32.63,15.93
1789601638.271,research-api-orders-service-1,orders-service,67.23,16.95
1789601638.271,research-api-grafana-1,grafana,0.03,43.92
1789601638.271,research-api-products-service-1,products-service,33.56,16.02
1789601638.271,research-api-users-service-1,users-service,32.81,13.6
1789601638.271,research-api-inventory-service-1,inventory-service,7.37,11.31
1789601638.271,research-api-postgres-1,postgres,47.14,96.47
1789601638.271,research-api-prometheus-1,prometheus,0.64,40.61
1789601638.271,research-api-cadvisor-1,cadvisor,0.0,18.33
1789601643.245,research-api-nginx-1,nginx,36.83,15.95
1789601643.245,research-api-orders-service-1,orders-service,79.76,17.93
1789601643.245,research-api-grafana-1,grafana,0.06,43.92
1789601643.245,research-api-products-service-1,products-service,35.17,13.89
1789601643.245,research-api-users-service-1,users-service,32.94,14.16
1789601643.245,research-api-inventory-service-1,inventory-service,9.36,10.27
1789601643.245,research-api-postgres-1,postgres,51.19,97.27
1789601643.245,research-api-prometheus-1,prometheus,0.09,40.61
1789601643.245,research-api-cadvisor-1,cadvisor,0.24,18.33
1789601648.28,research-api-nginx-1,nginx,41.12,16.26
1789601648.28,research-api-orders-service-1,orders-service,77.42,17.8
1789601648.28,research-api-grafana-1,grafana,0.06,43.92
1789601648.28,research-api-products-service-1,products-service,40.07,16.18
1789601648.28,research-api-users-service-1,users-service,39.77,14.96
1789601648.28,research-api-inventory-service-1,inventory-service,11.29,10.34
1789601648.28,research-api-postgres-1,postgres,57.25,98.03
1789601648.28,research-api-prometheus-1,prometheus,1.09,40.61
1789601648.28,research-api-cadvisor-1,cadvisor,0.0,19.23
1789601653.256,research-api-nginx-1,nginx,46.14,15.99
1789601653.256,research-api-orders-service-1,orders-service,91.37,17.63
1789601653.256,research-api-grafana-1,grafana,0.04,43.92
1789601653.256,research-api-products-service-1,products-service,43.44,15.29
1789601653.256,research-api-users-service-1,users-service,44.76,14.51
1789601653.256,research-api-inventory-service-1,inventory-service,11.41,10.82
1789601653.256,research-api-postgres-1,postgres,63.95,98.04
1789601653.256,research-api-prometheus-1,prometheus,0.08,40.61
1789601653.256,research-api-cadvisor-1,cadvisor,0.0,19.23
1789601658.266,research-api-nginx-1,nginx,45.09,16.52
1789601658.266,research-api-orders-service-1,orders-service,79.77,18.8
1789601658.266,research-api-grafana-1,grafana,0.04,43.92
1789601658.266,research-api-products-service-1,products-service,43.24,15.32
1789601658.266,research-api-users-service-1,users-service,43.27,14.14
1789601658.266,research-api-inventory-service-1,inventory-service,10.7,11.92
1789601658.266,research-api-postgres-1,postgres,60.54,98.0
1789601658.266,research-api-prometheus-1,prometheus,0.69,40.62
1789601658.266,research-api-cadvisor-1,cadvisor,0.42,19.91
1789601663.262,research-api-nginx-1,nginx,45.99,15.53
1789601663.262,research-api-orders-service-1,orders-service,88.48,20.84
1789601663.262,research-api-grafana-1,grafana,0.07,43.92
1789601663.262,research-api-products-service-1,products-service,42.9,14.74
1789601663.262,research-api-users-service-1,users-service,41.52,14.11
1789601663.262,research-api-inventory-service-1,inventory-service,10.58,10.85
1789601663.262,research-api-postgres-1,postgres,62.6,97.95
1789601663.262,research-api-prometheus-1,prometheus,0.08,40.62
1789601663.262,research-api-cadvisor-1,cadvisor,0.0,19.91
1789601668.243,research-api-nginx-1,nginx,47.11,16.4
1789601668.243,research-api-orders-service-1,orders-service,86.84,19.29
1789601668.243,research-api-grafana-1,grafana,0.05,43.92
1789601668.243,research-api-products-service-1,products-service,42.46,15.46
1789601668.243,research-api-users-service-1,users-service,43.46,13.57
1789601668.243,research-api-inventory-service-1,inventory-service,11.19,11.77
1789601668.243,research-api-postgres-1,postgres,63.4,98.69
1789601668.243,research-api-prometheus-1,prometheus,0.71,41.29
1789601668.243,research-api-cadvisor-1,cadvisor,0.0,19.91
1789601673.269,research-api-nginx-1,nginx,44.93,16.07
1789601673.269,research-api-orders-service-1,orders-service,85.96,19.05
1789601673.269,research-api-grafana-1,grafana,0.06,43.92
1789601673.269,research-api-products-service-1,products-service,42.15,14.84
1789601673.269,research-api-users-service-1,users-service,41.12,13.71
1789601673.269,research-api-inventory-service-1,inventory-service,9.75,11.77
1789601673.269,research-api-postgres-1,postgres,60.21,99.15
1789601673.269,research-api-prometheus-1,prometheus,0.1,41.29
1789601673.269,research-api-cadvisor-1,cadvisor,0.0,19.91
1789601678.25,research-api-nginx-1,nginx,45.1,16.51
1789601678.25,research-api-orders-service-1,orders-service,87.15,18.34
1789601678.25,research-api-grafana-1,grafana,0.07,43.92
1789601678.25,research-api-products-service-1,products-service,41.65,17.34
1789601678.25,research-api-users-service-1,users-service,41.34,14.27
1789601678.25,research-api-inventory-service-1,inventory-service,9.93,11.14
1789601678.25,research-api-postgres-1,postgres,60.61,99.62
1789601678.25,research-api-prometheus-1,prometheus,0.65,41.3
1789601678.25,research-api-cadvisor-1,cadvisor,0.0,19.69
1789601683.244,research-api-nginx-1,nginx,44.53,15.69
1789601683.244,research-api-orders-service-1,orders-service,165.97,19.57
1789601683.244,research-api-grafana-1,grafana,0.04,43.92
1789601683.244,research-api-products-service-1,products-service,44.73,15.65
1789601683.244,research-api-users-service-1,users-service,39.39,13.78
1789601683.244,research-api-inventory-service-1,inventory-service,10.23,11.57
1789601683.244,research-api-postgres-1,postgres,61.41,99.93
1789601683.244,research-api-prometheus-1,prometheus,0.0,41.27
1789601683.244,research-api-cadvisor-1,cadvisor,0.0,19.69
1789601688.256,research-api-nginx-1,nginx,44.9,15.96
1789601688.256,research-api-orders-service-1,orders-service,190.51,19.82
1789601688.256,research-api-grafana-1,grafana,0.04,43.92
1789601688.256,research-api-products-service-1,products-service,41.06,15.39
1789601688.256,research-api-users-service-1,users-service,41.66,14.08
1789601688.256,research-api-inventory-service-1,inventory-service,11.45,10.53
1789601688.256,research-api-postgres-1,postgres,61.08,99.64
1789601688.256,research-api-prometheus-1,prometheus,0.82,41.45
1789601688.256,research-api-cadvisor-1,cadvisor,0.24,19.7
1789601693.268,research-api-nginx-1,nginx,44.63,16.28
1789601693.268,research-api-orders-service-1,orders-service,218.89,20.96
1789601693.268,research-api-grafana-1,grafana,0.06,43.97
1789601693.268,research-api-products-service-1,products-service,43.75,15.68
1789601693.268,research-api-users-service-1,users-service,38.91,14.04
1789601693.268,research-api-inventory-service-1,inventory-service,10.96,10.25
1789601693.268,research-api-postgres-1,postgres,62.91,101.4
1789601693.268,research-api-prometheus-1,prometheus,0.06,41.45
1789601693.268,research-api-cadvisor-1,cadvisor,0.0,19.14
1789601698.27,research-api-nginx-1,nginx,43.37,15.83
1789601698.27,research-api-orders-service-1,orders-service,160.34,21.4
1789601698.27,research-api-grafana-1,grafana,0.03,43.97
1789601698.27,research-api-products-service-1,products-service,41.3,17.23
1789601698.27,research-api-users-service-1,users-service,39.51,14.34
1789601698.27,research-api-inventory-service-1,inventory-service,9.24,11.09
1789601698.27,research-api-postgres-1,postgres,61.34,102.1
1789601698.27,research-api-prometheus-1,prometheus,0.94,41.45
1789601698.27,research-api-cadvisor-1,cadvisor,0.0,19.16
1789601703.301,research-api-nginx-1,nginx,48.43,16.62
1789601703.301,research-api-orders-service-1,orders-service,89.66,20.48
1789601703.301,research-api-grafana-1,grafana,0.03,43.97
1789601703.301,research-api-products-service-1,products-service,44.56,15.38
1789601703.301,research-api-users-service-1,users-service,47.41,14.39
1789601703.301,research-api-inventory-service-1,inventory-service,12.54,11.46
1789601703.301,research-api-postgres-1,postgres,67.73,102.9
1789601703.301,research-api-prometheus-1,prometheus,0.1,41.45
1789601703.301,research-api-cadvisor-1,cadvisor,0.0,19.16
1789601708.303,research-api-nginx-1,nginx,44.92,15.85
1789601708.303,research-api-orders-service-1,orders-service,82.43,20.93
1789601708.303,research-api-grafana-1,grafana,0.05,43.97
1789601708.303,research-api-products-service-1,products-service,43.88,15.43
1789601708.303,research-api-users-service-1,users-service,42.58,13.89
1789601708.303,research-api-inventory-service-1,inventory-service,10.85,11.35
1789601708.303,research-api-postgres-1,postgres,65.37,102.4
1789601708.303,research-api-prometheus-1,prometheus,0.83,41.45
1789601708.303,research-api-cadvisor-1,cadvisor,1.72,18.39
1789601713.292,research-api-nginx-1,nginx,45.63,16.37
1789601713.292,research-api-orders-service-1,orders-service,81.74,21.18
1789601713.292,research-api-grafana-1,grafana,0.03,43.97
1789601713.292,research-api-products-service-1,products-service,42.78,14.72
1789601713.292,research-api-users-service-1,users-service,40.14,13.64
1789601713.292,research-api-inventory-service-1,inventory-service,11.22,10.66
1789601713.292,research-api-postgres-1,postgres,61.21,102.9
1789601713.292,research-api-prometheus-1,prometheus,0.07,41.45
1789601713.292,research-api-cadvisor-1,cadvisor,0.0,18.39
1789601718.285,research-api-nginx-1,nginx,47.32,15.86
1789601718.285,research-api-orders-service-1,orders-service,83.43,20.99
1789601718.285,research-api-grafana-1,grafana,0.05,43.97
1789601718.285,research-api-products-service-1,products-service,45.11,15.12
1789601718.285,research-api-users-service-1,users-service,44.93,13.39
1789601718.285,research-api-inventory-service-1,inventory-service,11.93,12.43
1789601718.285,research-api-postgres-1,postgres,66.26,102.9
1789601718.285,research-api-prometheus-1,prometheus,0.83,42.09
1789601718.285,research-api-cadvisor-1,cadvisor,0.0,18.48
1789601723.278,research-api-nginx-1,nginx,45.88,15.9
1789601723.278,research-api-orders-service-1,orders-service,106.04,20.82
1789601723.278,research-api-grafana-1,grafana,0.06,43.98
1789601723.278,research-api-products-service-1,products-service,41.98,15.32
1789601723.278,research-api-users-service-1,users-service,42.5,13.29
1789601723.278,research-api-inventory-service-1,inventory-service,11.87,11.5
1789601723.278,research-api-postgres-1,postgres,65.37,102.9
1789601723.278,research-api-prometheus-1,prometheus,0.1,42.1
1789601723.278,research-api-cadvisor-1,cadvisor,0.0,18.48
1789601728.274,research-api-nginx-1,nginx,48.12,15.46
1789601728.274,research-api-orders-service-1,orders-service,99.23,20.43
1789601728.274,research-api-grafana-1,grafana,0.04,43.98
1789601728.274,research-api-products-service-1,products-service,44.83,16.23
1789601728.274,research-api-users-service-1,users-service,44.88,13.11
1789601728.274,research-api-inventory-service-1,inventory-service,11.32,11.77
1789601728.274,research-api-postgres-1,postgres,69.08,104.1
1789601728.274,research-api-prometheus-1,prometheus,0.74,42.09
1789601728.274,research-api-cadvisor-1,cadvisor,0.0,18.48
1789601733.279,research-api-nginx-1,nginx,49.69,15.93
1789601733.279,research-api-orders-service-1,orders-service,89.77,20.73
1789601733.279,research-api-grafana-1,grafana,0.03,43.98
1789601733.279,research-api-products-service-1,products-service,48.89,14.84
1789601733.279,research-api-users-service-1,users-service,47.23,13.11
1789601733.279,research-api-inventory-service-1,inventory-service,11.83,11.27
1789601733.279,research-api-postgres-1,postgres,66.05,104.2
1789601733.279,research-api-prometheus-1,prometheus,0.08,42.09
1789601733.279,research-api-cadvisor-1,cadvisor,0.0,18.48
1789601738.267,research-api-nginx-1,nginx,50.46,15.89
1789601738.267,research-api-orders-service-1,orders-service,89.66,20.89
1789601738.267,research-api-grafana-1,grafana,0.08,43.98
1789601738.267,research-api-products-service-1,products-service,46.34,15.36
1789601738.267,research-api-users-service-1,users-service,45.01,14.32
1789601738.267,research-api-inventory-service-1,inventory-service,13.42,10.32
1789601738.267,research-api-postgres-1,postgres,65.16,105.7
1789601738.267,research-api-prometheus-1,prometheus,0.68,42.14
1789601738.267,research-api-cadvisor-1,cadvisor,0.0,19.11
1789601743.276,research-api-nginx-1,nginx,45.66,16.48
1789601743.276,research-api-orders-service-1,orders-service,86.1,19.72
1789601743.276,research-api-grafana-1,grafana,0.04,43.98
1789601743.276,research-api-products-service-1,products-service,42.98,14.71
1789601743.276,research-api-users-service-1,users-service,42.48,14.07
1789601743.276,research-api-inventory-service-1,inventory-service,12.1,10.58
1789601743.276,research-api-postgres-1,postgres,64.39,106.5
1789601743.276,research-api-prometheus-1,prometheus,0.11,42.13
1789601743.276,research-api-cadvisor-1,cadvisor,0.0,19.11
1789601748.286,research-api-nginx-1,nginx,47.29,16.36
1789601748.286,research-api-orders-service-1,orders-service,111.63,21.0
1789601748.286,research-api-grafana-1,grafana,0.03,43.98
1789601748.286,research-api-products-service-1,products-service,45.5,15.46
1789601748.286,research-api-users-service-1,users-service,46.23,14.53
1789601748.286,research-api-inventory-service-1,inventory-service,12.59,12.22
1789601748.286,research-api-postgres-1,postgres,69.25,107.0
1789601748.286,research-api-prometheus-1,prometheus,0.87,42.77
1789601748.286,research-api-cadvisor-1,cadvisor,0.32,20.22
1789601753.3,research-api-nginx-1,nginx,47.37,16.04
1789601753.3,research-api-orders-service-1,orders-service,138.22,19.57
1789601753.3,research-api-grafana-1,grafana,0.08,43.81
1789601753.3,research-api-products-service-1,products-service,43.89,15.81
1789601753.3,research-api-users-service-1,users-service,40.97,13.38
1789601753.3,research-api-inventory-service-1,inventory-service,12.41,11.37
1789601753.3,research-api-postgres-1,postgres,61.81,107.3
1789601753.3,research-api-prometheus-1,prometheus,0.08,42.77
1789601753.3,research-api-cadvisor-1,cadvisor,0.0,19.27
1789601758.294,research-api-nginx-1,nginx,49.5,15.85
1789601758.294,research-api-orders-service-1,orders-service,211.39,22.08
1789601758.294,research-api-grafana-1,grafana,0.05,43.81
1789601758.294,research-api-products-service-1,products-service,44.9,16.63
1789601758.294,research-api-users-service-1,users-service,44.72,14.12
1789601758.294,research-api-inventory-service-1,inventory-service,11.38,12.46
1789601758.294,research-api-postgres-1,postgres,65.75,107.3
1789601758.294,research-api-prometheus-1,prometheus,0.61,42.78
1789601758.294,research-api-cadvisor-1,cadvisor,0.0,19.7
1789601763.279,research-api-nginx-1,nginx,48.25,16.18
1789601763.279,research-api-orders-service-1,orders-service,210.28,21.32
1789601763.279,research-api-grafana-1,grafana,0.04,43.81
1789601763.279,research-api-products-service-1,products-service,44.26,15.14
1789601763.279,research-api-users-service-1,users-service,46.52,14.99
1789601763.279,research-api-inventory-service-1,inventory-service,11.89,11.73
1789601763.279,research-api-postgres-1,postgres,64.27,107.4
1789601763.279,research-api-prometheus-1,prometheus,0.1,42.77
1789601763.279,research-api-cadvisor-1,cadvisor,0.0,19.71
1789601768.282,research-api-nginx-1,nginx,49.93,16.32
1789601768.282,research-api-orders-service-1,orders-service,128.08,20.98
1789601768.282,research-api-grafana-1,grafana,0.07,43.81
1789601768.282,research-api-products-service-1,products-service,49.02,15.25
1789601768.282,research-api-users-service-1,users-service,45.7,14.75
1789601768.282,research-api-inventory-service-1,inventory-service,11.15,12.73
1789601768.282,research-api-postgres-1,postgres,68.3,108.6
1789601768.282,research-api-prometheus-1,prometheus,0.95,42.79
1789601768.282,research-api-cadvisor-1,cadvisor,0.0,19.19
1789601773.298,research-api-nginx-1,nginx,47.06,16.07
1789601773.298,research-api-orders-service-1,orders-service,88.76,21.08
1789601773.298,research-api-grafana-1,grafana,0.04,43.81
1789601773.298,research-api-products-service-1,products-service,46.22,14.89
1789601773.298,research-api-users-service-1,users-service,44.08,13.62
1789601773.298,research-api-inventory-service-1,inventory-service,10.8,11.33
1789601773.298,research-api-postgres-1,postgres,66.92,108.4
1789601773.298,research-api-prometheus-1,prometheus,0.13,42.78
1789601773.298,research-api-cadvisor-1,cadvisor,0.0,19.19
1789601778.301,research-api-nginx-1,nginx,45.95,16.41
1789601778.301,research-api-orders-service-1,orders-service,88.75,21.96
1789601778.301,research-api-grafana-1,grafana,0.04,43.81
1789601778.301,research-api-products-service-1,products-service,43.7,15.44
1789601778.301,research-api-users-service-1,users-service,45.82,13.9
1789601778.301,research-api-inventory-service-1,inventory-service,11.53,11.6
1789601778.301,research-api-postgres-1,postgres,67.05,109.4
1789601778.301,research-api-prometheus-1,prometheus,0.85,42.79
1789601778.301,research-api-cadvisor-1,cadvisor,0.0,19.86
1789601783.298,research-api-nginx-1,nginx,47.37,15.76
1789601783.298,research-api-orders-service-1,orders-service,83.49,21.9
1789601783.298,research-api-grafana-1,grafana,0.07,43.81
1789601783.298,research-api-products-service-1,products-service,44.91,16.24
1789601783.298,research-api-users-service-1,users-service,41.98,13.9
1789601783.298,research-api-inventory-service-1,inventory-service,11.25,11.54
1789601783.298,research-api-postgres-1,postgres,64.63,109.0
1789601783.298,research-api-prometheus-1,prometheus,0.08,42.78
1789601783.298,research-api-cadvisor-1,cadvisor,0.0,19.86
1789601788.273,research-api-nginx-1,nginx,48.35,15.75
1789601788.273,research-api-orders-service-1,orders-service,86.11,22.43
1789601788.273,research-api-grafana-1,grafana,0.04,43.81
1789601788.273,research-api-products-service-1,products-service,45.25,15.57
1789601788.273,research-api-users-service-1,users-service,44.27,14.18
1789601788.273,research-api-inventory-service-1,inventory-service,10.7,12.0
1789601788.273,research-api-postgres-1,postgres,64.9,109.9
1789601788.273,research-api-prometheus-1,prometheus,0.8,42.81
1789601788.273,research-api-cadvisor-1,cadvisor,0.0,19.81
1789601793.284,research-api-nginx-1,nginx,47.96,16.03
1789601793.284,research-api-orders-service-1,orders-service,85.99,22.36
1789601793.284,research-api-grafana-1,grafana,0.04,43.81
1789601793.284,research-api-products-service-1,products-service,44.36,14.85
1789601793.284,research-api-users-service-1,users-service,42.74,14.23
1789601793.284,research-api-inventory-service-1,inventory-service,11.77,11.31
1789601793.284,research-api-postgres-1,postgres,66.11,109.5
1789601793.284,research-api-prometheus-1,prometheus,0.1,42.81
1789601793.284,research-api-cadvisor-1,cadvisor,0.0,19.81
1789601798.275,research-api-nginx-1,nginx,48.93,15.45
1789601798.275,research-api-orders-service-1,orders-service,97.46,21.57
1789601798.275,research-api-grafana-1,grafana,0.06,43.81
1789601798.275,research-api-products-service-1,products-service,45.89,15.71
1789601798.275,research-api-users-service-1,users-service,44.95,14.46
1789601798.275,research-api-inventory-service-1,inventory-service,10.33,13.34
1789601798.275,research-api-postgres-1,postgres,67.96,109.9
1789601798.275,research-api-prometheus-1,prometheus,0.74,42.84
1789601798.275,research-api-cadvisor-1,cadvisor,0.0,19.82
1789601803.304,research-api-nginx-1,nginx,46.76,16.41
1789601803.304,research-api-orders-service-1,orders-service,91.24,21.21
1789601803.304,research-api-grafana-1,grafana,0.04,43.81
1789601803.304,research-api-products-service-1,products-service,45.59,15.33
1789601803.304,research-api-users-service-1,users-service,45.93,13.91
1789601803.304,research-api-inventory-service-1,inventory-service,11.88,11.98
1789601803.304,research-api-postgres-1,postgres,69.11,109.7
1789601803.304,research-api-prometheus-1,prometheus,0.0,42.59
1789601803.304,research-api-cadvisor-1,cadvisor,0.0,19.82
1789601808.295,research-api-nginx-1,nginx,48.65,15.5
1789601808.295,research-api-orders-service-1,orders-service,89.35,21.64
1789601808.295,research-api-grafana-1,grafana,0.03,43.81
1789601808.295,research-api-products-service-1,products-service,44.95,15.7
1789601808.295,research-api-users-service-1,users-service,45.18,13.78
1789601808.295,research-api-inventory-service-1,inventory-service,11.02,12.44
1789601808.295,research-api-postgres-1,postgres,65.98,110.1
1789601808.295,research-api-prometheus-1,prometheus,0.65,42.63
1789601808.295,research-api-cadvisor-1,cadvisor,0.0,20.07
1789601813.292,research-api-nginx-1,nginx,47.09,15.55
1789601813.292,research-api-orders-service-1,orders-service,139.86,21.68
1789601813.292,research-api-grafana-1,grafana,0.04,43.81
1789601813.292,research-api-products-service-1,products-service,46.36,15.97
1789601813.292,research-api-users-service-1,users-service,43.66,13.86
1789601813.292,research-api-inventory-service-1,inventory-service,11.17,11.82
1789601813.292,research-api-postgres-1,postgres,67.54,110.6
1789601813.292,research-api-prometheus-1,prometheus,0.09,42.62
1789601813.292,research-api-cadvisor-1,cadvisor,0.0,20.09
1789601818.314,research-api-nginx-1,nginx,47.21,16.47
1789601818.314,research-api-orders-service-1,orders-service,87.55,21.05
1789601818.314,research-api-grafana-1,grafana,0.05,43.81
1789601818.314,research-api-products-service-1,products-service,46.09,15.01
1789601818.314,research-api-users-service-1,users-service,43.49,13.46
1789601818.314,research-api-inventory-service-1,inventory-service,10.29,13.02
1789601818.314,research-api-postgres-1,postgres,67.02,110.4
1789601818.314,research-api-prometheus-1,prometheus,0.83,42.63
1789601818.314,research-api-cadvisor-1,cadvisor,0.0,21.22
1789601823.298,research-api-nginx-1,nginx,47.92,16.53
1789601823.298,research-api-orders-service-1,orders-service,204.42,20.64
1789601823.298,research-api-grafana-1,grafana,0.04,43.81
1789601823.298,research-api-products-service-1,products-service,45.19,15.34
1789601823.298,research-api-users-service-1,users-service,42.22,13.79
1789601823.298,research-api-inventory-service-1,inventory-service,10.36,12.05
1789601823.298,research-api-postgres-1,postgres,63.88,111.1
1789601823.298,research-api-prometheus-1,prometheus,0.12,42.63
1789601823.298,research-api-cadvisor-1,cadvisor,0.0,21.22
1789601828.3,research-api-nginx-1,nginx,50.43,16.04
1789601828.3,research-api-orders-service-1,orders-service,135.66,21.04
1789601828.3,research-api-grafana-1,grafana,0.08,43.81
1789601828.3,research-api-products-service-1,products-service,47.11,16.88
1789601828.3,research-api-users-service-1,users-service,45.47,14.27
1789601828.3,research-api-inventory-service-1,inventory-service,11.64,12.24
1789601828.3,research-api-postgres-1,postgres,69.06,111.4
1789601828.3,research-api-prometheus-1,prometheus,0.24,42.66
1789601828.3,research-api-cadvisor-1,cadvisor,0.0,21.27
1789601833.315,research-api-nginx-1,nginx,46.92,16.27
1789601833.315,research-api-orders-service-1,orders-service,194.07,20.9
1789601833.315,research-api-grafana-1,grafana,0.04,43.81
1789601833.315,research-api-products-service-1,products-service,45.0,15.02
1789601833.315,research-api-users-service-1,users-service,48.27,13.16
1789601833.315,research-api-inventory-service-1,inventory-service,12.62,11.73
1789601833.315,research-api-postgres-1,postgres,69.78,111.6
1789601833.315,research-api-prometheus-1,prometheus,0.1,42.66
1789601833.315,research-api-cadvisor-1,cadvisor,0.0,21.28
1789601838.304,research-api-nginx-1,nginx,47.9,16.33
1789601838.304,research-api-orders-service-1,orders-service,81.9,21.67
1789601838.304,research-api-grafana-1,grafana,0.04,43.81
1789601838.304,research-api-products-service-1,products-service,45.88,14.95
1789601838.304,research-api-users-service-1,users-service,43.44,13.41
1789601838.304,research-api-inventory-service-1,inventory-service,12.15,12.56
1789601838.304,research-api-postgres-1,postgres,66.14,112.1
1789601838.304,research-api-prometheus-1,prometheus,0.8,42.66
1789601838.304,research-api-cadvisor-1,cadvisor,0.0,20.36
1789601843.309,research-api-nginx-1,nginx,46.5,16.41
1789601843.309,research-api-orders-service-1,orders-service,90.03,20.56
1789601843.309,research-api-grafana-1,grafana,0.05,43.81
1789601843.309,research-api-products-service-1,products-service,44.87,15.67
1789601843.309,research-api-users-service-1,users-service,45.96,12.77
1789601843.309,research-api-inventory-service-1,inventory-service,11.59,11.43
1789601843.309,research-api-postgres-1,postgres,67.94,113.0
1789601843.309,research-api-prometheus-1,prometheus,0.09,42.66
1789601843.309,research-api-cadvisor-1,cadvisor,0.0,20.36
1789601848.304,research-api-nginx-1,nginx,46.21,16.32
1789601848.304,research-api-orders-service-1,orders-service,83.0,21.82
1789601848.304,research-api-grafana-1,grafana,0.04,43.81
1789601848.304,research-api-products-service-1,products-service,42.88,14.77
1789601848.304,research-api-users-service-1,users-service,43.31,14.26
1789601848.304,research-api-inventory-service-1,inventory-service,11.39,12.6
1789601848.304,research-api-postgres-1,postgres,64.38,112.3
1789601848.304,research-api-prometheus-1,prometheus,0.87,42.66
1789601848.304,research-api-cadvisor-1,cadvisor,0.0,20.37
1789601853.297,research-api-nginx-1,nginx,46.78,15.66
1789601853.297,research-api-orders-service-1,orders-service,80.6,21.42
1789601853.297,research-api-grafana-1,grafana,0.04,43.81
1789601853.297,research-api-products-service-1,products-service,41.81,14.26
1789601853.297,research-api-users-service-1,users-service,41.1,14.46
1789601853.297,research-api-inventory-service-1,inventory-service,11.43,11.65
1789601853.297,research-api-postgres-1,postgres,62.67,112.8
1789601853.297,research-api-prometheus-1,prometheus,0.09,42.66
1789601853.297,research-api-cadvisor-1,cadvisor,0.34,20.38
1789601858.283,research-api-nginx-1,nginx,47.05,16.01
1789601858.283,research-api-orders-service-1,orders-service,92.57,20.71
1789601858.283,research-api-grafana-1,grafana,0.04,43.81
1789601858.283,research-api-products-service-1,products-service,43.92,15.23
1789601858.283,research-api-users-service-1,users-service,45.68,14.12
1789601858.283,research-api-inventory-service-1,inventory-service,11.44,12.87
1789601858.283,research-api-postgres-1,postgres,68.3,114.2
1789601858.283,research-api-prometheus-1,prometheus,0.74,42.66
1789601858.283,research-api-cadvisor-1,cadvisor,0.0,19.6
1789601863.306,research-api-nginx-1,nginx,47.93,15.44
1789601863.306,research-api-orders-service-1,orders-service,89.72,22.36
1789601863.306,research-api-grafana-1,grafana,0.06,43.82
1789601863.306,research-api-products-service-1,products-service,43.1,15.2
1789601863.306,research-api-users-service-1,users-service,43.19,14.47
1789601863.306,research-api-inventory-service-1,inventory-service,12.54,11.47
1789601863.306,research-api-postgres-1,postgres,70.04,113.8
1789601863.306,research-api-prometheus-1,prometheus,0.11,42.66
1789601863.306,research-api-cadvisor-1,cadvisor,0.0,19.6
1789601868.296,research-api-nginx-1,nginx,49.33,16.68
1789601868.296,research-api-orders-service-1,orders-service,88.64,20.52
1789601868.296,research-api-grafana-1,grafana,0.03,43.82
1789601868.296,research-api-products-service-1,products-service,47.85,15.4
1789601868.296,research-api-users-service-1,users-service,44.37,14.55
1789601868.296,research-api-inventory-service-1,inventory-service,12.74,12.12
1789601868.296,research-api-postgres-1,postgres,70.6,113.8
1789601868.296,research-api-prometheus-1,prometheus,0.81,42.66
1789601868.296,research-api-cadvisor-1,cadvisor,0.0,19.61
1789601873.309,research-api-nginx-1,nginx,46.35,16.17
1789601873.309,research-api-orders-service-1,orders-service,84.77,20.94
1789601873.309,research-api-grafana-1,grafana,0.08,43.88
1789601873.309,research-api-products-service-1,products-service,41.76,15.14
1789601873.309,research-api-users-service-1,users-service,41.57,15.0
1789601873.309,research-api-inventory-service-1,inventory-service,12.09,12.55
1789601873.309,research-api-postgres-1,postgres,66.98,113.9
1789601873.309,research-api-prometheus-1,prometheus,0.1,42.66
1789601873.309,research-api-cadvisor-1,cadvisor,0.0,16.2
1789601878.305,research-api-nginx-1,nginx,48.47,16.07
1789601878.305,research-api-orders-service-1,orders-service,189.37,20.89
1789601878.305,research-api-grafana-1,grafana,0.05,43.88
1789601878.305,research-api-products-service-1,products-service,46.04,14.59
1789601878.305,research-api-users-service-1,users-service,43.43,13.77
1789601878.305,research-api-inventory-service-1,inventory-service,12.91,12.62
1789601878.305,research-api-postgres-1,postgres,68.03,114.7
1789601878.305,research-api-prometheus-1,prometheus,0.77,42.66
1789601878.305,research-api-cadvisor-1,cadvisor,0.0,16.91
1789601883.326,research-api-nginx-1,nginx,48.25,15.7
1789601883.326,research-api-orders-service-1,orders-service,96.15,22.05
1789601883.326,research-api-grafana-1,grafana,0.04,43.88
1789601883.326,research-api-products-service-1,products-service,45.64,15.57
1789601883.326,research-api-users-service-1,users-service,44.68,13.16
1789601883.326,research-api-inventory-service-1,inventory-service,11.24,12.09
1789601883.326,research-api-postgres-1,postgres,72.33,114.9
1789601883.326,research-api-prometheus-1,prometheus,0.1,42.66
1789601883.326,research-api-cadvisor-1,cadvisor,0.0,16.91
1789601888.334,research-api-nginx-1,nginx,47.32,15.84
1789601888.334,research-api-orders-service-1,orders-service,170.78,21.49
1789601888.334,research-api-grafana-1,grafana,0.06,43.88
1789601888.334,research-api-products-service-1,products-service,46.36,14.86
1789601888.334,research-api-users-service-1,users-service,49.71,14.01
1789601888.334,research-api-inventory-service-1,inventory-service,12.13,13.14
1789601888.334,research-api-postgres-1,postgres,71.42,116.0
1789601888.334,research-api-prometheus-1,prometheus,0.89,42.68
1789601888.334,research-api-cadvisor-1,cadvisor,0.0,17.6
1789601893.328,research-api-nginx-1,nginx,45.79,16.59
1789601893.328,research-api-orders-service-1,orders-service,180.95,20.8
1789601893.328,research-api-grafana-1,grafana,0.04,43.88
1789601893.328,research-api-products-service-1,products-service,43.13,14.54
1789601893.328,research-api-users-service-1,users-service,46.27,13.19
1789601893.328,research-api-inventory-service-1,inventory-service,11.1,11.57
1789601893.328,research-api-postgres-1,postgres,70.53,115.5
1789601893.328,research-api-prometheus-1,prometheus,0.1,42.68
1789601893.328,research-api-cadvisor-1,cadvisor,0.0,17.6
1789601898.305,research-api-nginx-1,nginx,48.25,15.58
1789601898.305,research-api-orders-service-1,orders-service,201.54,21.94
1789601898.305,research-api-grafana-1,grafana,0.03,43.88
1789601898.305,research-api-products-service-1,products-service,47.07,16.09
1789601898.305,research-api-users-service-1,users-service,43.93,13.65
1789601898.305,research-api-inventory-service-1,inventory-service,9.56,12.3
1789601898.305,research-api-postgres-1,postgres,68.54,115.6
1789601898.305,research-api-prometheus-1,prometheus,0.8,42.68
1789601898.305,research-api-cadvisor-1,cadvisor,0.0,18.24
1789601903.309,research-api-nginx-1,nginx,47.15,15.89
1789601903.309,research-api-orders-service-1,orders-service,158.76,20.96
1789601903.309,research-api-grafana-1,grafana,0.05,43.88
1789601903.309,research-api-products-service-1,products-service,45.05,15.04
1789601903.309,research-api-users-service-1,users-service,44.67,13.61
1789601903.309,research-api-inventory-service-1,inventory-service,10.42,11.73
1789601903.309,research-api-postgres-1,postgres,70.88,116.6
1789601903.309,research-api-prometheus-1,prometheus,0.11,42.68
1789601903.309,research-api-cadvisor-1,cadvisor,0.0,18.24
1789601908.297,research-api-nginx-1,nginx,49.66,16.05
1789601908.297,research-api-orders-service-1,orders-service,90.94,21.43
1789601908.297,research-api-grafana-1,grafana,0.04,43.88
1789601908.297,research-api-products-service-1,products-service,48.03,14.19
1789601908.297,research-api-users-service-1,users-service,47.86,13.31
1789601908.297,research-api-inventory-service-1,inventory-service,12.4,12.7
1789601908.297,research-api-postgres-1,postgres,74.3,116.6
1789601908.297,research-api-prometheus-1,prometheus,0.86,42.7
1789601908.297,research-api-cadvisor-1,cadvisor,0.0,19.04
1789601913.305,research-api-nginx-1,nginx,51.07,15.96
1789601913.305,research-api-orders-service-1,orders-service,99.61,20.57
1789601913.305,research-api-grafana-1,grafana,0.05,43.89
1789601913.305,research-api-products-service-1,products-service,49.88,14.72
1789601913.305,research-api-users-service-1,users-service,46.82,14.07
1789601913.305,research-api-inventory-service-1,inventory-service,13.81,12.21
1789601913.305,research-api-postgres-1,postgres,73.18,116.6
1789601913.305,research-api-prometheus-1,prometheus,0.11,42.69
1789601913.305,research-api-cadvisor-1,cadvisor,0.0,19.04
1789601918.305,research-api-nginx-1,nginx,48.02,15.78
1789601918.305,research-api-orders-service-1,orders-service,85.41,21.87
1789601918.305,research-api-grafana-1,grafana,0.08,43.89
1789601918.305,research-api-products-service-1,products-service,44.41,14.72
1789601918.305,research-api-users-service-1,users-service,45.35,13.61
1789601918.305,research-api-inventory-service-1,inventory-service,13.35,13.05
1789601918.305,research-api-postgres-1,postgres,68.22,117.1
1789601918.305,research-api-prometheus-1,prometheus,0.72,42.7
1789601918.305,research-api-cadvisor-1,cadvisor,0.0,19.06
1789601923.331,research-api-nginx-1,nginx,46.28,16.39
1789601923.331,research-api-orders-service-1,orders-service,88.81,20.95
1789601923.331,research-api-grafana-1,grafana,0.04,43.89
1789601923.331,research-api-products-service-1,products-service,43.04,15.37
1789601923.331,research-api-users-service-1,users-service,45.05,14.23
1789601923.331,research-api-inventory-service-1,inventory-service,10.62,12.07
1789601923.331,research-api-postgres-1,postgres,69.45,117.6
1789601923.331,research-api-prometheus-1,prometheus,0.18,42.7
1789601923.331,research-api-cadvisor-1,cadvisor,0.0,19.06
1789601928.317,research-api-nginx-1,nginx,48.14,15.55
1789601928.317,research-api-orders-service-1,orders-service,81.51,22.23
1789601928.317,research-api-grafana-1,grafana,0.04,43.89
1789601928.317,research-api-products-service-1,products-service,42.78,16.29
1789601928.317,research-api-users-service-1,users-service,43.32,13.87
1789601928.317,research-api-inventory-service-1,inventory-service,12.94,12.29
1789601928.317,research-api-postgres-1,postgres,68.37,117.5
1789601928.317,research-api-prometheus-1,prometheus,0.84,42.7
1789601928.317,research-api-cadvisor-1,cadvisor,0.0,20.19
1789601933.311,research-api-nginx-1,nginx,47.95,15.67
1789601933.311,research-api-orders-service-1,orders-service,82.93,21.34
1789601933.311,research-api-grafana-1,grafana,0.05,43.64
1789601933.311,research-api-products-service-1,products-service,45.79,14.22
1789601933.311,research-api-users-service-1,users-service,45.42,13.95
1789601933.311,research-api-inventory-service-1,inventory-service,11.48,11.84
1789601933.311,research-api-postgres-1,postgres,68.11,119.0
1789601933.311,research-api-prometheus-1,prometheus,0.17,42.7
1789601933.311,research-api-cadvisor-1,cadvisor,0.0,20.25
1789601938.299,research-api-nginx-1,nginx,50.62,16.68
1789601938.299,research-api-orders-service-1,orders-service,98.31,20.59
1789601938.299,research-api-grafana-1,grafana,0.04,43.64
1789601938.299,research-api-products-service-1,products-service,44.35,16.08
1789601938.299,research-api-users-service-1,users-service,43.7,15.1
1789601938.299,research-api-inventory-service-1,inventory-service,13.09,12.97
1789601938.299,research-api-postgres-1,postgres,67.84,121.5
1789601938.299,research-api-prometheus-1,prometheus,0.76,42.7
1789601938.299,research-api-cadvisor-1,cadvisor,0.0,20.3
1789601943.301,research-api-nginx-1,nginx,48.25,16.05
1789601943.301,research-api-orders-service-1,orders-service,223.04,21.35
1789601943.301,research-api-grafana-1,grafana,0.02,43.64
1789601943.301,research-api-products-service-1,products-service,43.52,15.34
1789601943.301,research-api-users-service-1,users-service,44.69,14.09
1789601943.301,research-api-inventory-service-1,inventory-service,13.29,11.55
1789601943.301,research-api-postgres-1,postgres,65.08,118.5
1789601943.301,research-api-prometheus-1,prometheus,0.1,42.7
1789601943.301,research-api-cadvisor-1,cadvisor,0.0,20.3
1789601948.321,research-api-nginx-1,nginx,49.41,16.39
1789601948.321,research-api-orders-service-1,orders-service,159.06,20.93
1789601948.321,research-api-grafana-1,grafana,0.05,43.64
1789601948.321,research-api-products-service-1,products-service,45.06,14.45
1789601948.321,research-api-users-service-1,users-service,48.7,14.54
1789601948.321,research-api-inventory-service-1,inventory-service,11.9,12.64
1789601948.321,research-api-postgres-1,postgres,67.71,119.1
1789601948.321,research-api-prometheus-1,prometheus,0.71,42.7
1789601948.321,research-api-cadvisor-1,cadvisor,0.0,20.6
1789601953.316,research-api-nginx-1,nginx,51.91,16.31
1789601953.316,research-api-orders-service-1,orders-service,97.7,20.74
1789601953.316,research-api-grafana-1,grafana,0.04,43.64
1789601953.316,research-api-products-service-1,products-service,47.58,14.78
1789601953.316,research-api-users-service-1,users-service,46.59,15.14
1789601953.316,research-api-inventory-service-1,inventory-service,12.11,11.75
1789601953.316,research-api-postgres-1,postgres,69.85,119.9
1789601953.316,research-api-prometheus-1,prometheus,0.1,42.7
1789601953.316,research-api-cadvisor-1,cadvisor,0.0,20.6
1789601958.346,research-api-nginx-1,nginx,68.34,16.86
1789601958.346,research-api-orders-service-1,orders-service,229.64,21.5
1789601958.346,research-api-grafana-1,grafana,0.03,43.64
1789601958.346,research-api-products-service-1,products-service,65.97,15.13
1789601958.346,research-api-users-service-1,users-service,59.35,14.19
1789601958.346,research-api-inventory-service-1,inventory-service,16.58,12.91
1789601958.346,research-api-postgres-1,postgres,90.85,119.6
1789601958.346,research-api-prometheus-1,prometheus,0.84,42.7
1789601958.346,research-api-cadvisor-1,cadvisor,0.0,21.16
1789601963.437,research-api-nginx-1,nginx,78.03,17.05
1789601963.437,research-api-orders-service-1,orders-service,340.91,23.11
1789601963.437,research-api-grafana-1,grafana,0.08,43.64
1789601963.437,research-api-products-service-1,products-service,76.03,15.17
1789601963.437,research-api-users-service-1,users-service,67.66,15.25
1789601963.437,research-api-inventory-service-1,inventory-service,18.09,12.56
1789601963.437,research-api-postgres-1,postgres,114.23,120.6
1789601963.437,research-api-prometheus-1,prometheus,0.17,42.7
1789601963.437,research-api-cadvisor-1,cadvisor,0.0,21.16
1789601968.498,research-api-nginx-1,nginx,81.48,17.03
1789601968.498,research-api-orders-service-1,orders-service,344.93,25.98
1789601968.498,research-api-grafana-1,grafana,0.04,43.64
1789601968.498,research-api-products-service-1,products-service,73.77,17.27
1789601968.498,research-api-users-service-1,users-service,71.0,14.57
1789601968.498,research-api-inventory-service-1,inventory-service,17.43,13.4
1789601968.498,research-api-postgres-1,postgres,128.4,120.4
1789601968.498,research-api-prometheus-1,prometheus,0.11,42.7
1789601968.498,research-api-cadvisor-1,cadvisor,0.0,21.18
1789601973.495,research-api-nginx-1,nginx,96.9,17.39
1789601973.495,research-api-orders-service-1,orders-service,175.61,27.42
1789601973.495,research-api-grafana-1,grafana,0.04,43.64
1789601973.495,research-api-products-service-1,products-service,88.52,17.42
1789601973.495,research-api-users-service-1,users-service,79.83,15.53
1789601973.495,research-api-inventory-service-1,inventory-service,20.15,11.43
1789601973.495,research-api-postgres-1,postgres,144.11,124.4
1789601973.495,research-api-prometheus-1,prometheus,0.14,42.7
1789601973.495,research-api-cadvisor-1,cadvisor,0.0,21.18
1789601978.546,research-api-nginx-1,nginx,95.28,20.05
1789601978.546,research-api-orders-service-1,orders-service,246.86,30.16
1789601978.546,research-api-grafana-1,grafana,0.05,43.64
1789601978.546,research-api-products-service-1,products-service,91.4,18.35
1789601978.546,research-api-users-service-1,users-service,82.34,16.88
1789601978.546,research-api-inventory-service-1,inventory-service,20.56,14.27
1789601978.546,research-api-postgres-1,postgres,148.45,126.4
1789601978.546,research-api-prometheus-1,prometheus,0.12,42.71
1789601978.546,research-api-cadvisor-1,cadvisor,0.0,21.18
1789601983.629,research-api-nginx-1,nginx,78.3,19.95
1789601983.629,research-api-orders-service-1,orders-service,369.35,34.7
1789601983.629,research-api-grafana-1,grafana,0.03,43.64
1789601983.629,research-api-products-service-1,products-service,80.92,18.36
1789601983.629,research-api-users-service-1,users-service,68.69,18.08
1789601983.629,research-api-inventory-service-1,inventory-service,21.24,13.11
1789601983.629,research-api-postgres-1,postgres,138.49,127.5
1789601983.629,research-api-prometheus-1,prometheus,0.13,42.71
1789601983.629,research-api-cadvisor-1,cadvisor,0.0,21.18
1789601988.553,research-api-nginx-1,nginx,79.53,20.18
1789601988.553,research-api-orders-service-1,orders-service,378.5,33.66
1789601988.553,research-api-grafana-1,grafana,0.03,43.64
1789601988.553,research-api-products-service-1,products-service,75.74,19.9
1789601988.553,research-api-users-service-1,users-service,71.2,19.29
1789601988.553,research-api-inventory-service-1,inventory-service,18.57,15.25
1789601988.553,research-api-postgres-1,postgres,142.31,128.7
1789601988.553,research-api-prometheus-1,prometheus,0.1,43.01
1789601988.553,research-api-cadvisor-1,cadvisor,0.0,21.21
1789601993.608,research-api-nginx-1,nginx,91.52,19.66
1789601993.608,research-api-orders-service-1,orders-service,243.9,32.31
1789601993.608,research-api-grafana-1,grafana,0.05,43.41
1789601993.608,research-api-products-service-1,products-service,86.62,18.76
1789601993.608,research-api-users-service-1,users-service,73.48,19.1
1789601993.608,research-api-inventory-service-1,inventory-service,22.5,12.62
1789601993.608,research-api-postgres-1,postgres,159.05,129.0
1789601993.608,research-api-prometheus-1,prometheus,0.13,43.02
1789601993.608,research-api-cadvisor-1,cadvisor,0.0,20.35
1789601998.579,research-api-nginx-1,nginx,106.55,19.64
1789601998.579,research-api-orders-service-1,orders-service,171.23,39.29
1789601998.579,research-api-grafana-1,grafana,0.03,43.41
1789601998.579,research-api-products-service-1,products-service,93.6,19.78
1789601998.579,research-api-users-service-1,users-service,80.39,19.23
1789601998.579,research-api-inventory-service-1,inventory-service,23.63,14.29
1789601998.579,research-api-postgres-1,postgres,159.01,129.8
1789601998.579,research-api-prometheus-1,prometheus,0.11,43.01
1789601998.579,research-api-cadvisor-1,cadvisor,0.0,20.98
1789602003.612,research-api-nginx-1,nginx,68.67,21.95
1789602003.612,research-api-orders-service-1,orders-service,640.91,50.36
1789602003.612,research-api-grafana-1,grafana,0.06,43.41
1789602003.612,research-api-products-service-1,products-service,53.3,18.72
1789602003.612,research-api-users-service-1,users-service,41.99,17.63
1789602003.612,research-api-inventory-service-1,inventory-service,15.05,14.29
1789602003.612,research-api-postgres-1,postgres,73.79,129.5
1789602003.612,research-api-prometheus-1,prometheus,0.14,43.01
1789602003.612,research-api-cadvisor-1,cadvisor,0.16,20.98
1789602008.583,research-api-nginx-1,nginx,72.97,22.95
1789602008.583,research-api-orders-service-1,orders-service,825.29,54.78
1789602008.583,research-api-grafana-1,grafana,0.08,43.41
1789602008.583,research-api-products-service-1,products-service,38.16,19.64
1789602008.583,research-api-users-service-1,users-service,25.45,18.67
1789602008.583,research-api-inventory-service-1,inventory-service,11.7,15.08
1789602008.583,research-api-postgres-1,postgres,44.79,130.9
1789602008.583,research-api-prometheus-1,prometheus,0.12,43.02
1789602008.583,research-api-cadvisor-1,cadvisor,0.0,20.16
1789602013.554,research-api-nginx-1,nginx,53.5,21.67
1789602013.554,research-api-orders-service-1,orders-service,703.56,55.38
1789602013.554,research-api-grafana-1,grafana,0.06,43.41
1789602013.554,research-api-products-service-1,products-service,49.68,20.09
1789602013.554,research-api-users-service-1,users-service,39.46,19.58
1789602013.554,research-api-inventory-service-1,inventory-service,12.1,13.36
1789602013.554,research-api-postgres-1,postgres,77.97,130.8
1789602013.554,research-api-prometheus-1,prometheus,0.1,43.01
1789602013.554,research-api-cadvisor-1,cadvisor,0.0,20.16
1789602018.558,research-api-nginx-1,nginx,42.66,22.39
1789602018.558,research-api-orders-service-1,orders-service,737.4,56.79
1789602018.558,research-api-grafana-1,grafana,0.07,43.41
1789602018.558,research-api-products-service-1,products-service,84.37,20.52
1789602018.558,research-api-users-service-1,users-service,73.81,19.88
1789602018.558,research-api-inventory-service-1,inventory-service,9.64,13.89
1789602018.558,research-api-postgres-1,postgres,56.22,130.8
1789602018.558,research-api-prometheus-1,prometheus,0.1,43.02
1789602018.558,research-api-cadvisor-1,cadvisor,0.93,20.23
1789602023.637,research-api-nginx-1,nginx,83.33,20.21
1789602023.637,research-api-orders-service-1,orders-service,416.64,50.07
1789602023.637,research-api-grafana-1,grafana,0.07,43.41
1789602023.637,research-api-products-service-1,products-service,83.15,20.34
1789602023.637,research-api-users-service-1,users-service,70.3,19.25
1789602023.637,research-api-inventory-service-1,inventory-service,20.24,14.19
1789602023.637,research-api-postgres-1,postgres,173.66,130.8
1789602023.637,research-api-prometheus-1,prometheus,0.14,43.01
1789602023.637,research-api-cadvisor-1,cadvisor,0.0,20.23
1789602028.6,research-api-nginx-1,nginx,75.35,22.27
1789602028.6,research-api-orders-service-1,orders-service,507.38,48.62
1789602028.6,research-api-grafana-1,grafana,0.05,43.41
1789602028.6,research-api-products-service-1,products-service,71.68,21.74
1789602028.6,research-api-users-service-1,users-service,60.65,19.36
1789602028.6,research-api-inventory-service-1,inventory-service,17.76,14.95
1789602028.6,research-api-postgres-1,postgres,128.3,131.4
1789602028.6,research-api-prometheus-1,prometheus,0.11,43.02
1789602028.6,research-api-cadvisor-1,cadvisor,0.0,20.16
1789602033.616,research-api-nginx-1,nginx,69.95,22.22
1789602033.616,research-api-orders-service-1,orders-service,571.36,51.59
1789602033.616,research-api-grafana-1,grafana,0.06,43.41
1789602033.616,research-api-products-service-1,products-service,62.46,21.67
1789602033.616,research-api-users-service-1,users-service,49.84,18.63
1789602033.616,research-api-inventory-service-1,inventory-service,16.45,13.45
1789602033.616,research-api-postgres-1,postgres,92.66,131.9
1789602033.616,research-api-prometheus-1,prometheus,0.17,43.01
1789602033.616,research-api-cadvisor-1,cadvisor,0.18,20.17
1789602038.602,research-api-nginx-1,nginx,80.54,19.82
1789602038.602,research-api-orders-service-1,orders-service,370.69,48.35
1789602038.602,research-api-grafana-1,grafana,0.08,43.41
1789602038.602,research-api-products-service-1,products-service,72.1,22.23
1789602038.602,research-api-users-service-1,users-service,62.48,19.62
1789602038.602,research-api-inventory-service-1,inventory-service,19.9,13.11
1789602038.602,research-api-postgres-1,postgres,135.21,132.5
1789602038.602,research-api-prometheus-1,prometheus,0.11,43.01
1789602038.602,research-api-cadvisor-1,cadvisor,0.0,20.17
1789602043.655,research-api-nginx-1,nginx,107.43,19.97
1789602043.655,research-api-orders-service-1,orders-service,158.29,46.84
1789602043.655,research-api-grafana-1,grafana,0.06,43.41
1789602043.655,research-api-products-service-1,products-service,98.53,21.37
1789602043.655,research-api-users-service-1,users-service,85.57,19.54
1789602043.655,research-api-inventory-service-1,inventory-service,22.74,13.23
1789602043.655,research-api-postgres-1,postgres,161.04,133.2
1789602043.655,research-api-prometheus-1,prometheus,1.44,41.77
1789602043.655,research-api-cadvisor-1,cadvisor,0.0,20.17
1789602048.633,research-api-nginx-1,nginx,92.36,20.78
1789602048.633,research-api-orders-service-1,orders-service,327.56,46.52
1789602048.633,research-api-grafana-1,grafana,0.05,43.41
1789602048.633,research-api-products-service-1,products-service,79.12,20.92
1789602048.633,research-api-users-service-1,users-service,78.16,19.57
1789602048.633,research-api-inventory-service-1,inventory-service,19.56,13.76
1789602048.633,research-api-postgres-1,postgres,144.9,133.3
1789602048.633,research-api-prometheus-1,prometheus,0.11,41.77
1789602048.633,research-api-cadvisor-1,cadvisor,0.0,21.14
1789602053.608,research-api-nginx-1,nginx,75.03,20.31
1789602053.608,research-api-orders-service-1,orders-service,367.93,48.07
1789602053.608,research-api-grafana-1,grafana,0.09,43.41
1789602053.608,research-api-products-service-1,products-service,74.36,21.37
1789602053.608,research-api-users-service-1,users-service,67.34,19.69
1789602053.608,research-api-inventory-service-1,inventory-service,18.11,13.55
1789602053.608,research-api-postgres-1,postgres,135.58,134.7
1789602053.608,research-api-prometheus-1,prometheus,0.13,41.77
1789602053.608,research-api-cadvisor-1,cadvisor,0.0,21.17
1789602058.581,research-api-nginx-1,nginx,82.35,20.03
1789602058.581,research-api-orders-service-1,orders-service,370.8,48.2
1789602058.581,research-api-grafana-1,grafana,0.05,43.41
1789602058.581,research-api-products-service-1,products-service,79.83,21.32
1789602058.581,research-api-users-service-1,users-service,73.56,18.71
1789602058.581,research-api-inventory-service-1,inventory-service,18.2,15.28
1789602058.581,research-api-postgres-1,postgres,151.72,135.3
1789602058.581,research-api-prometheus-1,prometheus,0.11,41.77
1789602058.581,research-api-cadvisor-1,cadvisor,1.53,21.2
1789602063.623,research-api-nginx-1,nginx,100.64,19.9
1789602063.623,research-api-orders-service-1,orders-service,190.41,48.45
1789602063.623,research-api-grafana-1,grafana,0.07,43.42
1789602063.623,research-api-products-service-1,products-service,92.91,22.12
1789602063.623,research-api-users-service-1,users-service,82.4,18.94
1789602063.623,research-api-inventory-service-1,inventory-service,22.31,13.86
1789602063.623,research-api-postgres-1,postgres,178.37,136.1
1789602063.623,research-api-prometheus-1,prometheus,0.11,41.77
1789602063.623,research-api-cadvisor-1,cadvisor,0.0,21.2
1789602068.594,research-api-nginx-1,nginx,88.51,22.05
1789602068.594,research-api-orders-service-1,orders-service,383.47,49.18
1789602068.594,research-api-grafana-1,grafana,0.09,43.42
1789602068.594,research-api-products-service-1,products-service,79.41,20.86
1789602068.594,research-api-users-service-1,users-service,68.88,18.77
1789602068.594,research-api-inventory-service-1,inventory-service,21.69,15.26
1789602068.594,research-api-postgres-1,postgres,139.64,135.6
1789602068.594,research-api-prometheus-1,prometheus,0.11,41.77
1789602068.594,research-api-cadvisor-1,cadvisor,0.0,21.52
1789602073.621,research-api-nginx-1,nginx,42.85,22.86
1789602073.621,research-api-orders-service-1,orders-service,801.9,52.68
1789602073.621,research-api-grafana-1,grafana,0.06,43.42
1789602073.621,research-api-products-service-1,products-service,63.23,21.09
1789602073.621,research-api-users-service-1,users-service,25.39,19.16
1789602073.621,research-api-inventory-service-1,inventory-service,10.34,14.43
1789602073.621,research-api-postgres-1,postgres,46.93,136.3
1789602073.621,research-api-prometheus-1,prometheus,0.15,41.77
1789602073.621,research-api-cadvisor-1,cadvisor,0.0,21.55
1789602078.685,research-api-nginx-1,nginx,39.93,23.54
1789602078.685,research-api-orders-service-1,orders-service,875.2,53.52
1789602078.685,research-api-grafana-1,grafana,0.04,43.42
1789602078.685,research-api-products-service-1,products-service,29.94,20.95
1789602078.685,research-api-users-service-1,users-service,20.96,17.65
1789602078.685,research-api-inventory-service-1,inventory-service,9.03,14.57
1789602078.685,research-api-postgres-1,postgres,44.06,135.7
1789602078.685,research-api-prometheus-1,prometheus,0.0,41.77
1789602078.685,research-api-cadvisor-1,cadvisor,0.0,21.57
1789602083.624,research-api-nginx-1,nginx,69.9,20.21
1789602083.624,research-api-orders-service-1,orders-service,481.75,51.25
1789602083.624,research-api-grafana-1,grafana,0.07,43.42
1789602083.624,research-api-products-service-1,products-service,68.61,20.72
1789602083.624,research-api-users-service-1,users-service,61.21,21.46
1789602083.624,research-api-inventory-service-1,inventory-service,15.37,14.0
1789602083.624,research-api-postgres-1,postgres,130.98,137.3
1789602083.624,research-api-prometheus-1,prometheus,0.1,41.77
1789602083.624,research-api-cadvisor-1,cadvisor,0.0,21.57
1789602088.611,research-api-nginx-1,nginx,92.89,20.68
1789602088.611,research-api-orders-service-1,orders-service,286.64,50.85
1789602088.611,research-api-grafana-1,grafana,0.04,43.42
1789602088.611,research-api-products-service-1,products-service,86.81,19.77
1789602088.611,research-api-users-service-1,users-service,79.67,18.95
1789602088.611,research-api-inventory-service-1,inventory-service,20.34,14.44
1789602088.611,research-api-postgres-1,postgres,149.56,137.3
1789602088.611,research-api-prometheus-1,prometheus,0.13,41.78
1789602088.611,research-api-cadvisor-1,cadvisor,0.0,21.59
1789602093.644,research-api-nginx-1,nginx,70.44,21.48
1789602093.644,research-api-orders-service-1,orders-service,429.56,51.17
1789602093.644,research-api-grafana-1,grafana,0.04,43.42
1789602093.644,research-api-products-service-1,products-service,67.02,19.64
1789602093.644,research-api-users-service-1,users-service,64.9,19.34
1789602093.644,research-api-inventory-service-1,inventory-service,17.06,14.27
1789602093.644,research-api-postgres-1,postgres,127.35,137.8
1789602093.644,research-api-prometheus-1,prometheus,0.12,41.77
1789602093.644,research-api-cadvisor-1,cadvisor,0.0,21.59
1789602098.607,research-api-nginx-1,nginx,73.65,21.69
1789602098.607,research-api-orders-service-1,orders-service,387.52,51.16
1789602098.607,research-api-grafana-1,grafana,0.04,43.42
1789602098.607,research-api-products-service-1,products-service,78.93,20.23
1789602098.607,research-api-users-service-1,users-service,68.25,20.07
1789602098.607,research-api-inventory-service-1,inventory-service,19.49,14.83
1789602098.607,research-api-postgres-1,postgres,131.21,137.6
1789602098.607,research-api-prometheus-1,prometheus,0.11,41.82
1789602098.607,research-api-cadvisor-1,cadvisor,0.96,21.6
1789602103.677,research-api-nginx-1,nginx,60.95,21.75
1789602103.677,research-api-orders-service-1,orders-service,517.09,54.76
1789602103.677,research-api-grafana-1,grafana,0.05,43.42
1789602103.677,research-api-products-service-1,products-service,60.56,20.33
1789602103.677,research-api-users-service-1,users-service,47.82,19.58
1789602103.677,research-api-inventory-service-1,inventory-service,13.54,14.71
1789602103.677,research-api-postgres-1,postgres,97.96,139.0
1789602103.677,research-api-prometheus-1,prometheus,0.13,41.82
1789602103.677,research-api-cadvisor-1,cadvisor,0.0,21.6
1789602108.745,research-api-nginx-1,nginx,57.07,22.0
1789602108.745,research-api-orders-service-1,orders-service,185.04,49.36
1789602108.745,research-api-grafana-1,grafana,0.04,43.42
1789602108.745,research-api-products-service-1,products-service,101.26,20.96
1789602108.745,research-api-users-service-1,users-service,86.29,19.44
1789602108.745,research-api-inventory-service-1,inventory-service,23.06,14.71
1789602108.745,research-api-postgres-1,postgres,174.45,139.2
1789602108.745,research-api-prometheus-1,prometheus,0.0,41.82
1789602108.745,research-api-cadvisor-1,cadvisor,0.0,21.61
1789602113.723,research-api-nginx-1,nginx,98.74,21.07
1789602113.723,research-api-orders-service-1,orders-service,227.46,49.32
1789602113.723,research-api-grafana-1,grafana,0.04,43.42
1789602113.723,research-api-products-service-1,products-service,86.63,20.12
1789602113.723,research-api-users-service-1,users-service,84.32,20.06
1789602113.723,research-api-inventory-service-1,inventory-service,23.39,14.05
1789602113.723,research-api-postgres-1,postgres,169.38,139.7
1789602113.723,research-api-prometheus-1,prometheus,0.0,41.82
1789602113.723,research-api-cadvisor-1,cadvisor,0.0,19.34
1789602118.64,research-api-nginx-1,nginx,83.99,20.86
1789602118.64,research-api-orders-service-1,orders-service,368.02,48.38
1789602118.64,research-api-grafana-1,grafana,0.04,43.42
1789602118.64,research-api-products-service-1,products-service,83.39,20.02
1789602118.64,research-api-users-service-1,users-service,73.99,19.59
1789602118.64,research-api-inventory-service-1,inventory-service,20.46,15.03
1789602118.64,research-api-postgres-1,postgres,143.62,140.4
1789602118.64,research-api-prometheus-1,prometheus,0.1,41.83
1789602118.64,research-api-cadvisor-1,cadvisor,0.0,19.34
1789602123.717,research-api-nginx-1,nginx,72.97,20.6
1789602123.717,research-api-orders-service-1,orders-service,401.52,50.95
1789602123.717,research-api-grafana-1,grafana,0.04,43.42
1789602123.717,research-api-products-service-1,products-service,75.79,20.88
1789602123.717,research-api-users-service-1,users-service,68.6,19.6
1789602123.717,research-api-inventory-service-1,inventory-service,17.84,13.36
1789602123.717,research-api-postgres-1,postgres,138.33,140.7
1789602123.717,research-api-prometheus-1,prometheus,0.13,41.83
1789602123.717,research-api-cadvisor-1,cadvisor,0.0,19.34
1789602128.755,research-api-nginx-1,nginx,93.92,20.73
1789602128.755,research-api-orders-service-1,orders-service,385.5,48.04
1789602128.755,research-api-grafana-1,grafana,0.06,43.42
1789602128.755,research-api-products-service-1,products-service,79.66,20.61
1789602128.755,research-api-users-service-1,users-service,72.16,20.71
1789602128.755,research-api-inventory-service-1,inventory-service,21.55,14.48
1789602128.755,research-api-postgres-1,postgres,138.68,141.5
1789602128.755,research-api-prometheus-1,prometheus,0.0,41.84
1789602128.755,research-api-cadvisor-1,cadvisor,0.0,19.34
1789602133.677,research-api-nginx-1,nginx,78.55,20.59
1789602133.677,research-api-orders-service-1,orders-service,401.96,52.36
1789602133.677,research-api-grafana-1,grafana,0.05,43.43
1789602133.677,research-api-products-service-1,products-service,80.94,21.15
1789602133.677,research-api-users-service-1,users-service,65.63,19.46
1789602133.677,research-api-inventory-service-1,inventory-service,19.26,13.32
1789602133.677,research-api-postgres-1,postgres,137.4,141.5
1789602133.677,research-api-prometheus-1,prometheus,0.11,41.84
1789602133.677,research-api-cadvisor-1,cadvisor,0.0,17.95
1789602138.733,research-api-nginx-1,nginx,85.37,21.79
1789602138.733,research-api-orders-service-1,orders-service,646.13,53.11
1789602138.733,research-api-grafana-1,grafana,0.06,43.43
1789602138.733,research-api-products-service-1,products-service,52.29,19.88
1789602138.733,research-api-users-service-1,users-service,39.85,19.55
1789602138.733,research-api-inventory-service-1,inventory-service,14.64,14.39
1789602138.733,research-api-postgres-1,postgres,81.16,141.6
1789602138.733,research-api-prometheus-1,prometheus,0.0,41.84
1789602138.733,research-api-cadvisor-1,cadvisor,0.0,17.96
1789602143.773,research-api-nginx-1,nginx,49.45,23.61
1789602143.773,research-api-orders-service-1,orders-service,789.23,55.89
1789602143.773,research-api-grafana-1,grafana,0.09,43.43
1789602143.773,research-api-products-service-1,products-service,33.22,20.19
1789602143.773,research-api-users-service-1,users-service,26.11,20.45
1789602143.773,research-api-inventory-service-1,inventory-service,10.91,14.83
1789602143.773,research-api-postgres-1,postgres,44.96,141.6
1789602143.773,research-api-prometheus-1,prometheus,0.12,41.84
1789602143.773,research-api-cadvisor-1,cadvisor,0.0,17.96
1789602148.771,research-api-nginx-1,nginx,49.72,23.04
1789602148.771,research-api-orders-service-1,orders-service,744.0,54.31
1789602148.771,research-api-grafana-1,grafana,0.04,43.43
1789602148.771,research-api-products-service-1,products-service,33.99,20.96
1789602148.771,research-api-users-service-1,users-service,38.64,21.85
1789602148.771,research-api-inventory-service-1,inventory-service,11.46,15.27
1789602148.771,research-api-postgres-1,postgres,76.91,142.5
1789602148.771,research-api-prometheus-1,prometheus,0.0,41.84
1789602148.771,research-api-cadvisor-1,cadvisor,0.0,18.82
1789602153.643,research-api-nginx-1,nginx,97.42,20.43
1789602153.643,research-api-orders-service-1,orders-service,180.84,50.54
1789602153.643,research-api-grafana-1,grafana,0.06,43.43
1789602153.643,research-api-products-service-1,products-service,96.69,21.36
1789602153.643,research-api-users-service-1,users-service,86.69,23.96
1789602153.643,research-api-inventory-service-1,inventory-service,21.07,14.35
1789602153.643,research-api-postgres-1,postgres,171.17,142.9
1789602153.643,research-api-prometheus-1,prometheus,0.11,41.84
1789602153.643,research-api-cadvisor-1,cadvisor,0.0,18.82
1789602158.724,research-api-nginx-1,nginx,89.8,21.04
1789602158.724,research-api-orders-service-1,orders-service,331.38,51.68
1789602158.724,research-api-grafana-1,grafana,0.05,43.43
1789602158.724,research-api-products-service-1,products-service,80.76,20.69
1789602158.724,research-api-users-service-1,users-service,81.02,20.27
1789602158.724,research-api-inventory-service-1,inventory-service,19.3,16.34
1789602158.724,research-api-postgres-1,postgres,135.97,142.7
1789602158.724,research-api-prometheus-1,prometheus,0.0,41.84
1789602158.724,research-api-cadvisor-1,cadvisor,0.0,18.82
1789602163.776,research-api-nginx-1,nginx,70.79,21.96
1789602163.776,research-api-orders-service-1,orders-service,414.17,49.7
1789602163.776,research-api-grafana-1,grafana,0.04,43.43
1789602163.776,research-api-products-service-1,products-service,69.03,20.52
1789602163.776,research-api-users-service-1,users-service,68.17,20.21
1789602163.776,research-api-inventory-service-1,inventory-service,16.68,14.69
1789602163.776,research-api-postgres-1,postgres,128.81,143.7
1789602163.776,research-api-prometheus-1,prometheus,1.93,41.84
1789602163.776,research-api-cadvisor-1,cadvisor,0.0,18.82
1789602168.856,research-api-nginx-1,nginx,73.59,21.9
1789602168.856,research-api-orders-service-1,orders-service,522.77,50.06
1789602168.856,research-api-grafana-1,grafana,0.04,43.43
1789602168.856,research-api-products-service-1,products-service,66.8,20.15
1789602168.856,research-api-users-service-1,users-service,58.05,19.21
1789602168.856,research-api-inventory-service-1,inventory-service,19.43,14.36
1789602168.856,research-api-postgres-1,postgres,112.15,144.4
1789602168.856,research-api-prometheus-1,prometheus,0.0,41.84
1789602168.856,research-api-cadvisor-1,cadvisor,0.0,19.23
1789602173.795,research-api-nginx-1,nginx,79.77,19.89
1789602173.795,research-api-orders-service-1,orders-service,364.35,49.69
1789602173.795,research-api-grafana-1,grafana,0.07,43.43
1789602173.795,research-api-products-service-1,products-service,66.99,20.97
1789602173.795,research-api-users-service-1,users-service,64.19,20.49
1789602173.795,research-api-inventory-service-1,inventory-service,17.19,13.96
1789602173.795,research-api-postgres-1,postgres,131.03,144.7
1789602173.795,research-api-prometheus-1,prometheus,0.15,41.84
1789602173.795,research-api-cadvisor-1,cadvisor,0.0,19.98
1789602178.682,research-api-nginx-1,nginx,106.1,19.91
1789602178.682,research-api-orders-service-1,orders-service,162.23,47.67
1789602178.682,research-api-grafana-1,grafana,0.05,43.43
1789602178.682,research-api-products-service-1,products-service,93.73,20.49
1789602178.682,research-api-users-service-1,users-service,82.16,19.71
1789602178.682,research-api-inventory-service-1,inventory-service,23.83,13.87
1789602178.682,research-api-postgres-1,postgres,146.28,144.1
1789602178.682,research-api-prometheus-1,prometheus,0.0,41.85
1789602178.682,research-api-cadvisor-1,cadvisor,0.0,18.97
1789602183.825,research-api-nginx-1,nginx,92.71,19.17
1789602183.825,research-api-orders-service-1,orders-service,276.82,48.43
1789602183.825,research-api-grafana-1,grafana,0.05,43.43
1789602183.825,research-api-products-service-1,products-service,90.75,19.38
1789602183.825,research-api-users-service-1,users-service,74.37,19.82
1789602183.825,research-api-inventory-service-1,inventory-service,21.08,13.41
1789602183.825,research-api-postgres-1,postgres,143.71,146.1
1789602183.825,research-api-prometheus-1,prometheus,0.27,41.84
1789602183.825,research-api-cadvisor-1,cadvisor,0.0,18.97
1789602188.754,research-api-nginx-1,nginx,80.97,20.31
1789602188.754,research-api-orders-service-1,orders-service,309.91,49.13
1789602188.754,research-api-grafana-1,grafana,0.09,43.43
1789602188.754,research-api-products-service-1,products-service,78.39,19.42
1789602188.754,research-api-users-service-1,users-service,70.02,20.23
1789602188.754,research-api-inventory-service-1,inventory-service,18.88,14.81
1789602188.754,research-api-postgres-1,postgres,144.82,147.0
1789602188.754,research-api-prometheus-1,prometheus,0.0,42.48
1789602188.754,research-api-cadvisor-1,cadvisor,0.0,19.78
1789602193.715,research-api-nginx-1,nginx,72.67,20.49
1789602193.715,research-api-orders-service-1,orders-service,455.7,49.3
1789602193.715,research-api-grafana-1,grafana,0.04,43.43
1789602193.715,research-api-products-service-1,products-service,70.68,19.57
1789602193.715,research-api-users-service-1,users-service,66.01,19.8
1789602193.715,research-api-inventory-service-1,inventory-service,17.77,14.26
1789602193.715,research-api-postgres-1,postgres,127.64,147.6
1789602193.715,research-api-prometheus-1,prometheus,0.13,42.48
1789602193.715,research-api-cadvisor-1,cadvisor,0.0,19.78
1789602198.743,research-api-nginx-1,nginx,94.21,21.2
1789602198.743,research-api-orders-service-1,orders-service,270.97,49.74
1789602198.743,research-api-grafana-1,grafana,0.06,43.43
1789602198.743,research-api-products-service-1,products-service,84.07,20.79
1789602198.743,research-api-users-service-1,users-service,74.96,18.94
1789602198.743,research-api-inventory-service-1,inventory-service,11.09,15.11
1789602198.743,research-api-postgres-1,postgres,161.44,147.4
1789602198.743,research-api-prometheus-1,prometheus,0.0,42.48
1789602198.743,research-api-cadvisor-1,cadvisor,0.0,19.78
1789602203.69,research-api-nginx-1,nginx,75.2,20.21
1789602203.69,research-api-orders-service-1,orders-service,464.28,55.84
1789602203.69,research-api-grafana-1,grafana,0.05,43.43
1789602203.69,research-api-products-service-1,products-service,65.11,19.64
1789602203.69,research-api-users-service-1,users-service,56.18,19.24
1789602203.69,research-api-inventory-service-1,inventory-service,17.27,14.68
1789602203.69,research-api-postgres-1,postgres,114.73,146.7
1789602203.69,research-api-prometheus-1,prometheus,0.12,42.48
1789602203.69,research-api-cadvisor-1,cadvisor,0.0,19.79
1789602208.75,research-api-nginx-1,nginx,47.91,23.16
1789602208.75,research-api-orders-service-1,orders-service,741.69,53.66
1789602208.75,research-api-grafana-1,grafana,0.04,43.43
1789602208.75,research-api-products-service-1,products-service,34.93,20.54
1789602208.75,research-api-users-service-1,users-service,62.48,19.48
1789602208.75,research-api-inventory-service-1,inventory-service,10.54,14.19
1789602208.75,research-api-postgres-1,postgres,55.73,147.3
1789602208.75,research-api-prometheus-1,prometheus,0.0,42.49
1789602208.75,research-api-cadvisor-1,cadvisor,0.0,19.79
1789602213.818,research-api-nginx-1,nginx,39.01,24.14
1789602213.818,research-api-orders-service-1,orders-service,506.47,52.6
1789602213.818,research-api-grafana-1,grafana,0.04,43.43
1789602213.818,research-api-products-service-1,products-service,31.24,20.03
1789602213.818,research-api-users-service-1,users-service,55.21,19.71
1789602213.818,research-api-inventory-service-1,inventory-service,9.57,14.07
1789602213.818,research-api-postgres-1,postgres,40.68,148.4
1789602213.818,research-api-prometheus-1,prometheus,0.17,42.48
1789602213.818,research-api-cadvisor-1,cadvisor,0.0,19.79
1789602218.715,research-api-nginx-1,nginx,65.75,19.95
1789602218.715,research-api-orders-service-1,orders-service,446.45,51.54
1789602218.715,research-api-grafana-1,grafana,0.06,43.43
1789602218.715,research-api-products-service-1,products-service,74.04,21.04
1789602218.715,research-api-users-service-1,users-service,21.86,19.91
1789602218.715,research-api-inventory-service-1,inventory-service,15.68,15.11
1789602218.715,research-api-postgres-1,postgres,112.85,148.5
1789602218.715,research-api-prometheus-1,prometheus,0.0,42.48
1789602218.715,research-api-cadvisor-1,cadvisor,0.0,20.49
1789602223.938,research-api-nginx-1,nginx,100.94,20.7
1789602223.938,research-api-orders-service-1,orders-service,203.9,52.43
1789602223.938,research-api-grafana-1,grafana,0.04,43.43
1789602223.938,research-api-products-service-1,products-service,91.96,20.49
1789602223.938,research-api-users-service-1,users-service,73.78,21.69
1789602223.938,research-api-inventory-service-1,inventory-service,22.4,13.95
1789602223.938,research-api-postgres-1,postgres,150.18,148.9
1789602223.938,research-api-prometheus-1,prometheus,0.19,42.48
1789602223.938,research-api-cadvisor-1,cadvisor,0.0,20.49
1789602228.755,research-api-nginx-1,nginx,80.1,21.1
1789602228.755,research-api-orders-service-1,orders-service,390.8,51.56
1789602228.755,research-api-grafana-1,grafana,0.05,43.43
1789602228.755,research-api-products-service-1,products-service,76.73,21.58
1789602228.755,research-api-users-service-1,users-service,70.45,20.91
1789602228.755,research-api-inventory-service-1,inventory-service,18.33,13.92
1789602228.755,research-api-postgres-1,postgres,134.54,149.9
1789602228.755,research-api-prometheus-1,prometheus,0.0,42.48
1789602228.755,research-api-cadvisor-1,cadvisor,0.0,21.14
1789602233.745,research-api-nginx-1,nginx,80.98,21.64
1789602233.745,research-api-orders-service-1,orders-service,365.28,51.01
1789602233.745,research-api-grafana-1,grafana,0.06,43.45
1789602233.745,research-api-products-service-1,products-service,77.52,21.01
1789602233.745,research-api-users-service-1,users-service,67.05,20.19
1789602233.745,research-api-inventory-service-1,inventory-service,20.42,14.0
1789602233.745,research-api-postgres-1,postgres,130.57,149.7
1789602233.745,research-api-prometheus-1,prometheus,0.13,42.48
1789602233.745,research-api-cadvisor-1,cadvisor,0.23,19.5
1789602238.746,research-api-nginx-1,nginx,61.73,22.26
1789602238.746,research-api-orders-service-1,orders-service,566.49,53.41
1789602238.746,research-api-grafana-1,grafana,0.05,43.45
1789602238.746,research-api-products-service-1,products-service,61.41,20.73
1789602238.746,research-api-users-service-1,users-service,45.63,19.71
1789602238.746,research-api-inventory-service-1,inventory-service,16.36,13.54
1789602238.746,research-api-postgres-1,postgres,95.94,151.1
1789602238.746,research-api-prometheus-1,prometheus,0.0,42.48
1789602238.746,research-api-cadvisor-1,cadvisor,0.0,20.14
1789602243.789,research-api-nginx-1,nginx,99.07,21.48
1789602243.789,research-api-orders-service-1,orders-service,442.11,50.33
1789602243.789,research-api-grafana-1,grafana,0.05,43.45
1789602243.789,research-api-products-service-1,products-service,91.32,19.84
1789602243.789,research-api-users-service-1,users-service,79.53,19.55
1789602243.789,research-api-inventory-service-1,inventory-service,16.87,15.05
1789602243.789,research-api-postgres-1,postgres,168.86,151.2
1789602243.789,research-api-prometheus-1,prometheus,0.12,42.48
1789602243.789,research-api-cadvisor-1,cadvisor,0.0,20.14
1789602248.857,research-api-nginx-1,nginx,98.11,20.84
1789602248.857,research-api-orders-service-1,orders-service,223.93,48.69
1789602248.857,research-api-grafana-1,grafana,0.06,43.45
1789602248.857,research-api-products-service-1,products-service,90.45,21.16
1789602248.857,research-api-users-service-1,users-service,90.41,20.45
1789602248.857,research-api-inventory-service-1,inventory-service,22.88,15.11
1789602248.857,research-api-postgres-1,postgres,156.4,151.2
1789602248.857,research-api-prometheus-1,prometheus,0.0,42.49
1789602248.857,research-api-cadvisor-1,cadvisor,0.24,20.54
1789602253.787,research-api-nginx-1,nginx,70.9,21.23
1789602253.787,research-api-orders-service-1,orders-service,380.43,49.37
1789602253.787,research-api-grafana-1,grafana,0.04,43.45
1789602253.787,research-api-products-service-1,products-service,71.47,20.07
1789602253.787,research-api-users-service-1,users-service,65.32,19.62
1789602253.787,research-api-inventory-service-1,inventory-service,17.26,13.84
1789602253.787,research-api-postgres-1,postgres,134.32,152.9
1789602253.787,research-api-prometheus-1,prometheus,0.11,42.49
1789602253.787,research-api-cadvisor-1,cadvisor,0.0,20.54
1789602258.833,research-api-nginx-1,nginx,83.73,21.51
1789602258.833,research-api-orders-service-1,orders-service,385.63,51.32
1789602258.833,research-api-grafana-1,grafana,0.05,43.45
1789602258.833,research-api-products-service-1,products-service,79.05,21.39
1789602258.833,research-api-users-service-1,users-service,68.75,20.24
1789602258.833,research-api-inventory-service-1,inventory-service,20.11,14.93
1789602258.833,research-api-postgres-1,postgres,143.02,152.6
1789602258.833,research-api-prometheus-1,prometheus,0.0,42.5
1789602258.833,research-api-cadvisor-1,cadvisor,0.0,20.55
1789602263.795,research-api-nginx-1,nginx,65.07,21.29
1789602263.795,research-api-orders-service-1,orders-service,461.79,51.22
1789602263.795,research-api-grafana-1,grafana,0.07,43.45
1789602263.795,research-api-products-service-1,products-service,60.13,20.79
1789602263.795,research-api-users-service-1,users-service,58.34,21.91
1789602263.795,research-api-inventory-service-1,inventory-service,13.02,14.05
1789602263.795,research-api-postgres-1,postgres,118.73,152.7
1789602263.795,research-api-prometheus-1,prometheus,0.14,42.5
1789602263.795,research-api-cadvisor-1,cadvisor,0.0,20.56
1789602268.756,research-api-nginx-1,nginx,96.18,22.13
1789602268.756,research-api-orders-service-1,orders-service,328.0,51.09
1789602268.756,research-api-grafana-1,grafana,0.04,43.45
1789602268.756,research-api-products-service-1,products-service,84.7,20.75
1789602268.756,research-api-users-service-1,users-service,76.01,21.74
1789602268.756,research-api-inventory-service-1,inventory-service,21.62,15.21
1789602268.756,research-api-postgres-1,postgres,150.44,153.8
1789602268.756,research-api-prometheus-1,prometheus,0.0,43.14
1789602268.756,research-api-cadvisor-1,cadvisor,0.0,20.57
1789602273.828,research-api-nginx-1,nginx,49.73,23.05
1789602273.828,research-api-orders-service-1,orders-service,744.92,54.72
1789602273.828,research-api-grafana-1,grafana,0.04,43.45
1789602273.828,research-api-products-service-1,products-service,81.76,21.29
1789602273.828,research-api-users-service-1,users-service,29.99,20.74
1789602273.828,research-api-inventory-service-1,inventory-service,11.41,14.27
1789602273.828,research-api-postgres-1,postgres,61.55,153.6
1789602273.828,research-api-prometheus-1,prometheus,0.11,43.13
1789602273.828,research-api-cadvisor-1,cadvisor,0.0,20.57
1789602278.915,research-api-nginx-1,nginx,49.71,23.02
1789602278.915,research-api-orders-service-1,orders-service,786.07,53.2
1789602278.915,research-api-grafana-1,grafana,0.08,43.45
1789602278.915,research-api-products-service-1,products-service,39.46,21.81
1789602278.915,research-api-users-service-1,users-service,25.75,20.43
1789602278.915,research-api-inventory-service-1,inventory-service,12.71,15.93
1789602278.915,research-api-postgres-1,postgres,47.15,154.1
1789602278.915,research-api-prometheus-1,prometheus,0.0,43.14
1789602278.915,research-api-cadvisor-1,cadvisor,0.0,21.72
1789602283.836,research-api-nginx-1,nginx,50.6,22.51
1789602283.836,research-api-orders-service-1,orders-service,691.93,54.54
1789602283.836,research-api-grafana-1,grafana,0.06,43.45
1789602283.836,research-api-products-service-1,products-service,40.54,21.64
1789602283.836,research-api-users-service-1,users-service,33.53,21.45
1789602283.836,research-api-inventory-service-1,inventory-service,12.38,14.41
1789602283.836,research-api-postgres-1,postgres,60.06,155.0
1789602283.836,research-api-prometheus-1,prometheus,1.75,43.14
1789602283.836,research-api-cadvisor-1,cadvisor,0.0,21.72
1789602288.838,research-api-nginx-1,nginx,97.45,20.34
1789602288.838,research-api-orders-service-1,orders-service,155.66,48.87
1789602288.838,research-api-grafana-1,grafana,0.05,43.45
1789602288.838,research-api-products-service-1,products-service,81.2,20.25
1789602288.838,research-api-users-service-1,users-service,76.04,21.13
1789602288.838,research-api-inventory-service-1,inventory-service,20.64,14.98
1789602288.838,research-api-postgres-1,postgres,146.03,154.9
1789602288.838,research-api-prometheus-1,prometheus,0.0,43.14
1789602288.838,research-api-cadvisor-1,cadvisor,0.0,22.34
1789602293.801,research-api-nginx-1,nginx,82.93,19.79
1789602293.801,research-api-orders-service-1,orders-service,136.46,47.73
1789602293.801,research-api-grafana-1,grafana,0.08,43.46
1789602293.801,research-api-products-service-1,products-service,70.19,20.16
1789602293.801,research-api-users-service-1,users-service,73.06,21.04
1789602293.801,research-api-inventory-service-1,inventory-service,19.46,13.39
1789602293.801,research-api-postgres-1,postgres,116.6,155.1
1789602293.801,research-api-prometheus-1,prometheus,0.25,43.13
1789602293.801,research-api-cadvisor-1,cadvisor,0.0,19.06
1789602298.635,research-api-nginx-1,nginx,62.93,20.21
1789602298.635,research-api-orders-service-1,orders-service,102.28,47.29
1789602298.635,research-api-grafana-1,grafana,0.06,43.46
1789602298.635,research-api-products-service-1,products-service,55.68,20.66
1789602298.635,research-api-users-service-1,users-service,58.17,19.18
1789602298.635,research-api-inventory-service-1,inventory-service,14.77,15.07
1789602298.635,research-api-postgres-1,postgres,83.07,154.9
1789602298.635,research-api-prometheus-1,prometheus,0.0,43.13
1789602298.635,research-api-cadvisor-1,cadvisor,0.0,19.07
1789602303.623,research-api-nginx-1,nginx,34.31,20.13
1789602303.623,research-api-orders-service-1,orders-service,60.02,45.91
1789602303.623,research-api-grafana-1,grafana,0.07,43.46
1789602303.623,research-api-products-service-1,products-service,30.83,19.75
1789602303.623,research-api-users-service-1,users-service,31.78,19.12
1789602303.623,research-api-inventory-service-1,inventory-service,10.53,15.76
1789602303.623,research-api-postgres-1,postgres,47.57,156.2
1789602303.623,research-api-prometheus-1,prometheus,0.11,43.13
1789602303.623,research-api-cadvisor-1,cadvisor,0.0,19.07
1789602308.599,research-api-nginx-1,nginx,17.13,19.3
1789602308.599,research-api-orders-service-1,orders-service,33.64,46.23
1789602308.599,research-api-grafana-1,grafana,0.13,43.46
1789602308.599,research-api-products-service-1,products-service,18.12,19.53
1789602308.599,research-api-users-service-1,users-service,18.94,19.57
1789602308.599,research-api-inventory-service-1,inventory-service,2.96,14.39
1789602308.599,research-api-postgres-1,postgres,26.62,155.9
1789602308.599,research-api-prometheus-1,prometheus,0.07,43.13
1789602308.599,research-api-cadvisor-1,cadvisor,0.0,18.33
1789602313.621,research-api-nginx-1,nginx,0.0,15.61
1789602313.621,research-api-orders-service-1,orders-service,3.07,45.03
1789602313.621,research-api-grafana-1,grafana,0.06,43.46
1789602313.621,research-api-products-service-1,products-service,0.02,19.33
1789602313.621,research-api-users-service-1,users-service,0.0,17.81
1789602313.621,research-api-inventory-service-1,inventory-service,0.0,14.39
1789602313.621,research-api-postgres-1,postgres,0.17,154.4
1789602313.621,research-api-prometheus-1,prometheus,0.17,43.13
1789602313.621,research-api-cadvisor-1,cadvisor,0.0,18.33
