stage,descricao,run,metric,unit,target,load_level,samples,mean,p95,max
Stage 01,Monolito completo,1,process_cpu_percent,percentual de um nucleo,monolith,low,30,37.953,41.535,41.64
Stage 01,Monolito completo,1,process_cpu_percent,percentual de um nucleo,monolith,medium,30,78.864,82.982,83.44
Stage 01,Monolito completo,1,process_cpu_percent,percentual de um nucleo,monolith,high,30,162.061,170.659,170.78
Stage 01,Monolito completo,1,process_cpu_percent,percentual de um nucleo,cadvisor,low,30,0.267,0.32,0.34
Stage 01,Monolito completo,1,process_cpu_percent,percentual de um nucleo,cadvisor,medium,30,0.197,0.26,0.26
Stage 01,Monolito completo,1,process_cpu_percent,percentual de um nucleo,cadvisor,high,30,0.157,0.18,0.2
Stage 01,Monolito completo,1,process_cpu_percent,percentual de um nucleo,prometheus,low,30,0.215,0.273,0.28
Stage 01,Monolito completo,1,process_cpu_percent,percentual de um nucleo,prometheus,medium,30,0.139,0.16,0.18
Stage 01,Monolito completo,1,process_cpu_percent,percentual de um nucleo,prometheus,high,30,0.116,0.14,0.14
Stage 01,Monolito completo,1,process_memory_mb,MB,monolith,low,30,24.838,25.407,25.465
Stage 01,Monolito completo,1,process_memory_mb,MB,monolith,medium,30,30.712,31.575,32.02
Stage 01,Monolito completo,1,process_memory_mb,MB,monolith,high,30,40.613,41.099,41.141
Stage 01,Monolito completo,1,process_memory_mb,MB,cadvisor,low,30,41.202,42.445,42.57
Stage 01,Monolito completo,1,process_memory_mb,MB,cadvisor,medium,30,41.858,42.977,42.977
Stage 01,Monolito completo,1,process_memory_mb,MB,cadvisor,high,30,42.157,43.048,43.062
Stage 01,Monolito completo,1,process_memory_mb,MB,prometheus,low,30,87.08,90.047,90.047
Stage 01,Monolito completo,1,process_memory_mb,MB,prometheus,medium,30,89.711,90.438,90.438
Stage 01,Monolito completo,1,process_memory_mb,MB,prometheus,high,30,88.548,89.535,89.535
Stage 01,Monolito completo,1,goroutines,goroutines,monolith,low,30,59.433,60.0,69.0
Stage 01,Monolito completo,1,goroutines,goroutines,monolith,medium,30,211.067,220.1,225.0
Stage 01,Monolito completo,1,goroutines,goroutines,monolith,high,30,518.533,539.1,540.0
Stage 01,Monolito completo,1,goroutines,goroutines,cadvisor,low,30,26.9,28.0,28.0
Stage 01,Monolito completo,1,goroutines,goroutines,cadvisor,medium,30,27.067,28.0,28.0
Stage 01,Monolito completo,1,goroutines,goroutines,cadvisor,high,30,26.8,28.0,28.0
Stage 01,Monolito completo,1,goroutines,goroutines,prometheus,low,30,36.167,37.0,38.0
Stage 01,Monolito completo,1,goroutines,goroutines,prometheus,medium,30,36.067,36.55,37.0
Stage 01,Monolito completo,1,goroutines,goroutines,prometheus,high,30,36.033,36.0,37.0
Stage 01,Monolito completo,1,heap_alloc_mb,MB,monolith,low,30,3.864,4.383,4.877
Stage 01,Monolito completo,1,heap_alloc_mb,MB,monolith,medium,30,6.053,7.282,7.605
Stage 01,Monolito completo,1,heap_alloc_mb,MB,monolith,high,30,10.317,13.314,13.367
Stage 01,Monolito completo,1,heap_alloc_mb,MB,cadvisor,low,30,6.412,7.734,8.688
Stage 01,Monolito completo,1,heap_alloc_mb,MB,cadvisor,medium,30,6.415,7.985,8.285
Stage 01,Monolito completo,1,heap_alloc_mb,MB,cadvisor,high,30,6.307,7.624,8.165
Stage 01,Monolito completo,1,heap_alloc_mb,MB,prometheus,low,30,26.636,31.212,32.14
Stage 01,Monolito completo,1,heap_alloc_mb,MB,prometheus,medium,30,26.598,29.866,30.386
Stage 01,Monolito completo,1,heap_alloc_mb,MB,prometheus,high,30,27.195,30.919,31.372
Stage 01,Monolito completo,1,gc_pause_ms,ms,monolith,low,30,0.459,0.529,0.534
Stage 01,Monolito completo,1,gc_pause_ms,ms,monolith,medium,30,0.446,0.504,0.508
Stage 01,Monolito completo,1,gc_pause_ms,ms,monolith,high,30,0.397,0.436,0.461
Stage 01,Monolito completo,1,gc_pause_ms,ms,cadvisor,low,30,0.167,0.279,0.303
Stage 01,Monolito completo,1,gc_pause_ms,ms,cadvisor,medium,30,0.135,0.188,0.2
Stage 01,Monolito completo,1,gc_pause_ms,ms,cadvisor,high,30,0.135,0.215,0.241
Stage 01,Monolito completo,1,gc_pause_ms,ms,prometheus,low,30,0.128,0.311,0.311
Stage 01,Monolito completo,1,gc_pause_ms,ms,prometheus,medium,30,0.035,0.116,0.141
Stage 01,Monolito completo,1,gc_pause_ms,ms,prometheus,high,30,0.033,0.106,0.106
Stage 01,Monolito completo,1,pool_acquired_conns,conexoes,monolith,low,30,0.133,0.0,4.0
Stage 01,Monolito completo,1,pool_acquired_conns,conexoes,monolith,medium,30,0.933,4.55,8.0
Stage 01,Monolito completo,1,pool_acquired_conns,conexoes,monolith,high,30,4.367,11.0,14.0
Stage 01,Monolito completo,1,pool_idle_conns,conexoes,monolith,low,30,13.867,14.0,14.0
Stage 01,Monolito completo,1,pool_idle_conns,conexoes,monolith,medium,30,13.067,14.0,14.0
Stage 01,Monolito completo,1,pool_idle_conns,conexoes,monolith,high,30,9.633,14.0,14.0
Stage 01,Monolito completo,1,pool_total_conns,conexoes,monolith,low,30,14.0,14.0,14.0
Stage 01,Monolito completo,1,pool_total_conns,conexoes,monolith,medium,30,14.0,14.0,14.0
Stage 01,Monolito completo,1,pool_total_conns,conexoes,monolith,high,30,14.0,14.0,14.0
Stage 01,Monolito completo,1,pool_wait_per_acquire_ms,ms,monolith,low,30,0.014,0.021,0.033
Stage 01,Monolito completo,1,pool_wait_per_acquire_ms,ms,monolith,medium,30,0.158,0.208,0.215
Stage 01,Monolito completo,1,pool_wait_per_acquire_ms,ms,monolith,high,30,0.076,0.114,0.129
Stage 01,Monolito completo,1,pool_empty_acquire_per_s,por segundo,monolith,low,30,5.511,9.127,10.24
Stage 01,Monolito completo,1,pool_empty_acquire_per_s,por segundo,monolith,medium,30,242.301,310.773,312.74
Stage 01,Monolito completo,1,pool_empty_acquire_per_s,por segundo,monolith,high,30,437.862,584.958,623.9
Stage 01,Monolito completo,1,cpu_percent,percentual de um nucleo,api,low,60,41.711,46.945,49.92
Stage 01,Monolito completo,1,cpu_percent,percentual de um nucleo,api,medium,60,82.907,97.962,101.16
Stage 01,Monolito completo,1,cpu_percent,percentual de um nucleo,api,high,60,174.965,187.148,189.31
Stage 01,Monolito completo,1,memory_mb,MB,api,low,60,18.309,19.073,19.33
Stage 01,Monolito completo,1,memory_mb,MB,api,medium,60,24.69,25.578,25.94
Stage 01,Monolito completo,1,memory_mb,MB,api,high,60,36.05,36.743,37.2
Stage 01,Monolito completo,1,cpu_percent,percentual de um nucleo,grafana,low,60,0.064,0.11,0.13
Stage 01,Monolito completo,1,cpu_percent,percentual de um nucleo,grafana,medium,60,0.057,0.09,0.12
Stage 01,Monolito completo,1,cpu_percent,percentual de um nucleo,grafana,high,60,0.054,0.09,0.11
Stage 01,Monolito completo,1,memory_mb,MB,grafana,low,60,45.821,47.43,47.43
Stage 01,Monolito completo,1,memory_mb,MB,grafana,medium,60,43.867,43.91,44.14
Stage 01,Monolito completo,1,memory_mb,MB,grafana,high,60,43.79,43.815,44.02
Stage 01,Monolito completo,1,cpu_percent,percentual de um nucleo,postgres,low,60,30.637,35.405,36.88
Stage 01,Monolito completo,1,cpu_percent,percentual de um nucleo,postgres,medium,60,66.277,76.911,81.8
Stage 01,Monolito completo,1,cpu_percent,percentual de um nucleo,postgres,high,60,146.695,152.831,155.84
Stage 01,Monolito completo,1,memory_mb,MB,postgres,low,60,62.479,64.755,65.3
Stage 01,Monolito completo,1,memory_mb,MB,postgres,medium,60,75.619,83.887,85.36
Stage 01,Monolito completo,1,memory_mb,MB,postgres,high,60,111.779,132.43,134.9
Stage 01,Monolito completo,1,cpu_percent,percentual de um nucleo,prometheus,low,60,0.578,1.488,4.67
Stage 01,Monolito completo,1,cpu_percent,percentual de um nucleo,prometheus,medium,60,0.371,1.034,1.37
Stage 01,Monolito completo,1,cpu_percent,percentual de um nucleo,prometheus,high,60,0.33,0.722,0.93
Stage 01,Monolito completo,1,memory_mb,MB,prometheus,low,60,37.816,40.257,40.45
Stage 01,Monolito completo,1,memory_mb,MB,prometheus,medium,60,39.569,40.431,40.64
Stage 01,Monolito completo,1,memory_mb,MB,prometheus,high,60,38.686,39.651,39.88
Stage 01,Monolito completo,1,cpu_percent,percentual de um nucleo,cadvisor,low,60,0.059,0.394,1.19
Stage 01,Monolito completo,1,cpu_percent,percentual de um nucleo,cadvisor,medium,60,0.023,0.27,0.33
Stage 01,Monolito completo,1,cpu_percent,percentual de um nucleo,cadvisor,high,60,0.046,0.32,0.65
Stage 01,Monolito completo,1,memory_mb,MB,cadvisor,low,60,18.61,19.722,20.06
Stage 01,Monolito completo,1,memory_mb,MB,cadvisor,medium,60,19.158,19.91,20.11
Stage 01,Monolito completo,1,memory_mb,MB,cadvisor,high,60,19.14,20.05,20.06
Stage 01,Monolito completo,2,process_cpu_percent,percentual de um nucleo,monolith,low,30,37.29,41.241,41.4
Stage 01,Monolito completo,2,process_cpu_percent,percentual de um nucleo,monolith,medium,30,77.813,82.867,83.52
Stage 01,Monolito completo,2,process_cpu_percent,percentual de um nucleo,monolith,high,30,159.145,169.473,169.54
Stage 01,Monolito completo,2,process_cpu_percent,percentual de um nucleo,cadvisor,low,30,0.269,0.331,0.439
Stage 01,Monolito completo,2,process_cpu_percent,percentual de um nucleo,cadvisor,medium,30,0.199,0.251,0.28
Stage 01,Monolito completo,2,process_cpu_percent,percentual de um nucleo,cadvisor,high,30,0.157,0.2,0.22
Stage 01,Monolito completo,2,process_cpu_percent,percentual de um nucleo,prometheus,low,30,0.189,0.26,0.28
Stage 01,Monolito completo,2,process_cpu_percent,percentual de um nucleo,prometheus,medium,30,0.145,0.18,0.18
Stage 01,Monolito completo,2,process_cpu_percent,percentual de um nucleo,prometheus,high,30,0.127,0.16,0.16
Stage 01,Monolito completo,2,process_memory_mb,MB,monolith,low,30,24.395,25.235,25.68
Stage 01,Monolito completo,2,process_memory_mb,MB,monolith,medium,30,30.421,31.023,31.113
Stage 01,Monolito completo,2,process_memory_mb,MB,monolith,high,30,40.251,40.953,41.07
Stage 01,Monolito completo,2,process_memory_mb,MB,cadvisor,low,30,40.632,41.629,41.672
Stage 01,Monolito completo,2,process_memory_mb,MB,cadvisor,medium,30,41.723,42.559,42.934
Stage 01,Monolito completo,2,process_memory_mb,MB,cadvisor,high,30,42.474,43.318,43.676
Stage 01,Monolito completo,2,process_memory_mb,MB,prometheus,low,30,88.621,90.047,90.047
Stage 01,Monolito completo,2,process_memory_mb,MB,prometheus,medium,30,89.148,89.281,89.406
Stage 01,Monolito completo,2,process_memory_mb,MB,prometheus,high,30,89.188,89.719,89.719
Stage 01,Monolito completo,2,goroutines,goroutines,monolith,low,30,58.867,60.0,61.0
Stage 01,Monolito completo,2,goroutines,goroutines,monolith,medium,30,210.9,224.0,224.0
Stage 01,Monolito completo,2,goroutines,goroutines,monolith,high,30,510.333,524.75,532.0
Stage 01,Monolito completo,2,goroutines,goroutines,cadvisor,low,30,26.867,28.0,28.0
Stage 01,Monolito completo,2,goroutines,goroutines,cadvisor,medium,30,26.967,28.0,28.0
Stage 01,Monolito completo,2,goroutines,goroutines,cadvisor,high,30,26.867,28.0,28.0
Stage 01,Monolito completo,2,goroutines,goroutines,prometheus,low,30,36.033,36.0,37.0
Stage 01,Monolito completo,2,goroutines,goroutines,prometheus,medium,30,36.1,37.0,37.0
Stage 01,Monolito completo,2,goroutines,goroutines,prometheus,high,30,36.267,37.0,37.0
Stage 01,Monolito completo,2,heap_alloc_mb,MB,monolith,low,30,3.908,4.481,4.581
Stage 01,Monolito completo,2,heap_alloc_mb,MB,monolith,medium,30,6.206,7.365,7.763
Stage 01,Monolito completo,2,heap_alloc_mb,MB,monolith,high,30,10.194,12.232,12.426
Stage 01,Monolito completo,2,heap_alloc_mb,MB,cadvisor,low,30,6.388,7.998,8.251
Stage 01,Monolito completo,2,heap_alloc_mb,MB,cadvisor,medium,30,6.473,7.571,8.944
Stage 01,Monolito completo,2,heap_alloc_mb,MB,cadvisor,high,30,6.682,8.282,9.01
Stage 01,Monolito completo,2,heap_alloc_mb,MB,prometheus,low,30,26.122,31.067,31.678
Stage 01,Monolito completo,2,heap_alloc_mb,MB,prometheus,medium,30,26.259,29.584,30.013
Stage 01,Monolito completo,2,heap_alloc_mb,MB,prometheus,high,30,26.466,28.648,29.022
Stage 01,Monolito completo,2,gc_pause_ms,ms,monolith,low,30,0.47,0.577,0.581
Stage 01,Monolito completo,2,gc_pause_ms,ms,monolith,medium,30,0.436,0.512,0.514
Stage 01,Monolito completo,2,gc_pause_ms,ms,monolith,high,30,0.402,0.44,0.466
Stage 01,Monolito completo,2,gc_pause_ms,ms,cadvisor,low,30,0.192,0.27,0.289
Stage 01,Monolito completo,2,gc_pause_ms,ms,cadvisor,medium,30,0.141,0.241,0.254
Stage 01,Monolito completo,2,gc_pause_ms,ms,cadvisor,high,30,0.136,0.161,0.161
Stage 01,Monolito completo,2,gc_pause_ms,ms,prometheus,low,30,0.06,0.189,0.189
Stage 01,Monolito completo,2,gc_pause_ms,ms,prometheus,medium,30,0.031,0.104,0.104
Stage 01,Monolito completo,2,gc_pause_ms,ms,prometheus,high,30,0.038,0.098,0.098
Stage 01,Monolito completo,2,pool_acquired_conns,conexoes,monolith,low,30,0.0,0.0,0.0
Stage 01,Monolito completo,2,pool_acquired_conns,conexoes,monolith,medium,30,1.567,6.55,7.0
Stage 01,Monolito completo,2,pool_acquired_conns,conexoes,monolith,high,30,2.167,6.0,10.0
Stage 01,Monolito completo,2,pool_idle_conns,conexoes,monolith,low,30,13.767,14.0,14.0
Stage 01,Monolito completo,2,pool_idle_conns,conexoes,monolith,medium,30,12.433,14.0,14.0
Stage 01,Monolito completo,2,pool_idle_conns,conexoes,monolith,high,30,11.833,14.0,14.0
Stage 01,Monolito completo,2,pool_total_conns,conexoes,monolith,low,30,13.767,14.0,14.0
Stage 01,Monolito completo,2,pool_total_conns,conexoes,monolith,medium,30,14.0,14.0,14.0
Stage 01,Monolito completo,2,pool_total_conns,conexoes,monolith,high,30,14.0,14.0,14.0
Stage 01,Monolito completo,2,pool_wait_per_acquire_ms,ms,monolith,low,30,0.013,0.017,0.03
Stage 01,Monolito completo,2,pool_wait_per_acquire_ms,ms,monolith,medium,30,0.143,0.221,0.231
Stage 01,Monolito completo,2,pool_wait_per_acquire_ms,ms,monolith,high,30,0.066,0.091,0.135
Stage 01,Monolito completo,2,pool_empty_acquire_per_s,por segundo,monolith,low,30,5.447,8.4,9.1
Stage 01,Monolito completo,2,pool_empty_acquire_per_s,por segundo,monolith,medium,30,209.763,312.774,323.18
Stage 01,Monolito completo,2,pool_empty_acquire_per_s,por segundo,monolith,high,30,399.113,448.768,481.04
Stage 01,Monolito completo,2,cpu_percent,percentual de um nucleo,api,low,60,40.991,45.088,46.95
Stage 01,Monolito completo,2,cpu_percent,percentual de um nucleo,api,medium,60,84.15,101.516,108.81
Stage 01,Monolito completo,2,cpu_percent,percentual de um nucleo,api,high,60,173.472,181.512,183.77
Stage 01,Monolito completo,2,memory_mb,MB,api,low,60,18.425,19.22,19.31
Stage 01,Monolito completo,2,memory_mb,MB,api,medium,60,24.885,25.625,25.84
Stage 01,Monolito completo,2,memory_mb,MB,api,high,60,36.131,36.844,37.07
Stage 01,Monolito completo,2,cpu_percent,percentual de um nucleo,grafana,low,60,0.055,0.08,0.1
Stage 01,Monolito completo,2,cpu_percent,percentual de um nucleo,grafana,medium,60,0.057,0.1,0.13
Stage 01,Monolito completo,2,cpu_percent,percentual de um nucleo,grafana,high,60,0.053,0.08,0.09
Stage 01,Monolito completo,2,memory_mb,MB,grafana,low,60,48.013,50.07,50.32
Stage 01,Monolito completo,2,memory_mb,MB,grafana,medium,60,44.61,44.85,44.85
Stage 01,Monolito completo,2,memory_mb,MB,grafana,high,60,44.548,44.56,44.81
Stage 01,Monolito completo,2,cpu_percent,percentual de um nucleo,postgres,low,60,29.789,34.428,34.76
Stage 01,Monolito completo,2,cpu_percent,percentual de um nucleo,postgres,medium,60,66.206,78.004,83.76
Stage 01,Monolito completo,2,cpu_percent,percentual de um nucleo,postgres,high,60,145.647,151.134,153.91
Stage 01,Monolito completo,2,memory_mb,MB,postgres,low,60,62.78,65.122,65.62
Stage 01,Monolito completo,2,memory_mb,MB,postgres,medium,60,75.892,84.349,85.36
Stage 01,Monolito completo,2,memory_mb,MB,postgres,high,60,111.814,132.415,134.7
Stage 01,Monolito completo,2,cpu_percent,percentual de um nucleo,prometheus,low,60,0.0,0.0,0.0
Stage 01,Monolito completo,2,cpu_percent,percentual de um nucleo,prometheus,medium,60,0.001,0.0,0.07
Stage 01,Monolito completo,2,cpu_percent,percentual de um nucleo,prometheus,high,60,0.024,0.05,0.09
Stage 01,Monolito completo,2,memory_mb,MB,prometheus,low,60,38.213,39.56,39.56
Stage 01,Monolito completo,2,memory_mb,MB,prometheus,medium,60,38.419,38.66,38.67
Stage 01,Monolito completo,2,memory_mb,MB,prometheus,high,60,38.245,38.71,38.72
Stage 01,Monolito completo,2,cpu_percent,percentual de um nucleo,cadvisor,low,60,0.03,0.311,0.65
Stage 01,Monolito completo,2,cpu_percent,percentual de um nucleo,cadvisor,medium,60,0.042,0.39,0.86
Stage 01,Monolito completo,2,cpu_percent,percentual de um nucleo,cadvisor,high,60,0.026,0.24,0.32
Stage 01,Monolito completo,2,memory_mb,MB,cadvisor,low,60,18.321,19.256,19.74
Stage 01,Monolito completo,2,memory_mb,MB,cadvisor,medium,60,19.262,20.032,20.36
Stage 01,Monolito completo,2,memory_mb,MB,cadvisor,high,60,19.851,20.685,21.05
Stage 01,Monolito completo,3,process_cpu_percent,percentual de um nucleo,monolith,low,30,38.019,42.08,42.3
Stage 01,Monolito completo,3,process_cpu_percent,percentual de um nucleo,monolith,medium,30,77.297,81.641,82.42
Stage 01,Monolito completo,3,process_cpu_percent,percentual de um nucleo,monolith,high,30,161.688,170.488,170.61
Stage 01,Monolito completo,3,process_cpu_percent,percentual de um nucleo,cadvisor,low,30,0.276,0.4,0.457
Stage 01,Monolito completo,3,process_cpu_percent,percentual de um nucleo,cadvisor,medium,30,0.181,0.22,0.26
Stage 01,Monolito completo,3,process_cpu_percent,percentual de um nucleo,cadvisor,high,30,0.15,0.18,0.2
Stage 01,Monolito completo,3,process_cpu_percent,percentual de um nucleo,prometheus,low,30,0.21,0.24,0.508
Stage 01,Monolito completo,3,process_cpu_percent,percentual de um nucleo,prometheus,medium,30,0.152,0.18,0.18
Stage 01,Monolito completo,3,process_cpu_percent,percentual de um nucleo,prometheus,high,30,0.123,0.14,0.16
Stage 01,Monolito completo,3,process_memory_mb,MB,monolith,low,30,24.489,25.309,25.492
Stage 01,Monolito completo,3,process_memory_mb,MB,monolith,medium,30,30.405,30.936,31.168
Stage 01,Monolito completo,3,process_memory_mb,MB,monolith,high,30,40.649,41.322,41.5
Stage 01,Monolito completo,3,process_memory_mb,MB,cadvisor,low,30,40.884,43.091,43.281
Stage 01,Monolito completo,3,process_memory_mb,MB,cadvisor,medium,30,41.802,42.789,42.863
Stage 01,Monolito completo,3,process_memory_mb,MB,cadvisor,high,30,43.38,44.548,44.66
Stage 01,Monolito completo,3,process_memory_mb,MB,prometheus,low,30,91.368,91.973,91.973
Stage 01,Monolito completo,3,process_memory_mb,MB,prometheus,medium,30,89.368,91.973,91.973
Stage 01,Monolito completo,3,process_memory_mb,MB,prometheus,high,30,88.978,90.223,90.223
Stage 01,Monolito completo,3,goroutines,goroutines,monolith,low,30,60.267,64.1,77.0
Stage 01,Monolito completo,3,goroutines,goroutines,monolith,medium,30,210.733,223.0,224.0
Stage 01,Monolito completo,3,goroutines,goroutines,monolith,high,30,518.8,542.1,548.0
Stage 01,Monolito completo,3,goroutines,goroutines,cadvisor,low,30,26.767,28.0,28.0
Stage 01,Monolito completo,3,goroutines,goroutines,cadvisor,medium,30,26.933,28.0,28.0
Stage 01,Monolito completo,3,goroutines,goroutines,cadvisor,high,30,26.933,28.0,28.0
Stage 01,Monolito completo,3,goroutines,goroutines,prometheus,low,30,36.033,36.0,37.0
Stage 01,Monolito completo,3,goroutines,goroutines,prometheus,medium,30,36.1,37.0,37.0
Stage 01,Monolito completo,3,goroutines,goroutines,prometheus,high,30,36.167,37.0,37.0
Stage 01,Monolito completo,3,heap_alloc_mb,MB,monolith,low,30,3.838,4.482,4.798
Stage 01,Monolito completo,3,heap_alloc_mb,MB,monolith,medium,30,6.02,6.843,7.227
Stage 01,Monolito completo,3,heap_alloc_mb,MB,monolith,high,30,10.666,12.963,13.17
Stage 01,Monolito completo,3,heap_alloc_mb,MB,cadvisor,low,30,6.309,8.369,9.78
Stage 01,Monolito completo,3,heap_alloc_mb,MB,cadvisor,medium,30,6.584,8.15,8.963
Stage 01,Monolito completo,3,heap_alloc_mb,MB,cadvisor,high,30,6.896,8.716,9.083
Stage 01,Monolito completo,3,heap_alloc_mb,MB,prometheus,low,30,22.797,26.258,26.866
Stage 01,Monolito completo,3,heap_alloc_mb,MB,prometheus,medium,30,22.904,26.127,26.652
Stage 01,Monolito completo,3,heap_alloc_mb,MB,prometheus,high,30,22.254,25.985,26.323
Stage 01,Monolito completo,3,gc_pause_ms,ms,monolith,low,30,0.463,0.568,0.574
Stage 01,Monolito completo,3,gc_pause_ms,ms,monolith,medium,30,0.425,0.51,0.526
Stage 01,Monolito completo,3,gc_pause_ms,ms,monolith,high,30,0.397,0.424,0.433
Stage 01,Monolito completo,3,gc_pause_ms,ms,cadvisor,low,30,0.251,0.61,0.644
Stage 01,Monolito completo,3,gc_pause_ms,ms,cadvisor,medium,30,0.163,0.46,0.461
Stage 01,Monolito completo,3,gc_pause_ms,ms,cadvisor,high,30,0.189,0.445,0.446
Stage 01,Monolito completo,3,gc_pause_ms,ms,prometheus,low,30,0.066,0.14,0.165
Stage 01,Monolito completo,3,gc_pause_ms,ms,prometheus,medium,30,0.026,0.071,0.071
Stage 01,Monolito completo,3,gc_pause_ms,ms,prometheus,high,30,0.045,0.165,0.165
Stage 01,Monolito completo,3,pool_acquired_conns,conexoes,monolith,low,30,0.367,2.55,4.0
Stage 01,Monolito completo,3,pool_acquired_conns,conexoes,monolith,medium,30,0.933,5.55,7.0
Stage 01,Monolito completo,3,pool_acquired_conns,conexoes,monolith,high,30,4.433,13.0,13.0
Stage 01,Monolito completo,3,pool_idle_conns,conexoes,monolith,low,30,13.533,14.0,14.0
Stage 01,Monolito completo,3,pool_idle_conns,conexoes,monolith,medium,30,13.067,14.0,14.0
Stage 01,Monolito completo,3,pool_idle_conns,conexoes,monolith,high,30,9.567,14.0,14.0
Stage 01,Monolito completo,3,pool_total_conns,conexoes,monolith,low,30,13.9,14.0,14.0
Stage 01,Monolito completo,3,pool_total_conns,conexoes,monolith,medium,30,14.0,14.0,14.0
Stage 01,Monolito completo,3,pool_total_conns,conexoes,monolith,high,30,14.0,14.0,14.0
Stage 01,Monolito completo,3,pool_wait_per_acquire_ms,ms,monolith,low,30,0.012,0.016,0.027
Stage 01,Monolito completo,3,pool_wait_per_acquire_ms,ms,monolith,medium,30,0.131,0.215,0.241
Stage 01,Monolito completo,3,pool_wait_per_acquire_ms,ms,monolith,high,30,0.067,0.085,0.117
Stage 01,Monolito completo,3,pool_empty_acquire_per_s,por segundo,monolith,low,30,5.237,6.895,6.98
Stage 01,Monolito completo,3,pool_empty_acquire_per_s,por segundo,monolith,medium,30,198.458,302.078,324.18
Stage 01,Monolito completo,3,pool_empty_acquire_per_s,por segundo,monolith,high,30,403.762,474.191,503.1
Stage 01,Monolito completo,3,cpu_percent,percentual de um nucleo,api,low,60,41.847,46.688,47.61
Stage 01,Monolito completo,3,cpu_percent,percentual de um nucleo,api,medium,60,82.321,96.846,105.2
Stage 01,Monolito completo,3,cpu_percent,percentual de um nucleo,api,high,60,173.856,182.44,183.85
Stage 01,Monolito completo,3,memory_mb,MB,api,low,60,18.608,19.882,20.25
Stage 01,Monolito completo,3,memory_mb,MB,api,medium,60,24.639,25.354,26.02
Stage 01,Monolito completo,3,memory_mb,MB,api,high,60,36.171,36.951,37.08
Stage 01,Monolito completo,3,cpu_percent,percentual de um nucleo,grafana,low,60,0.067,0.113,0.19
Stage 01,Monolito completo,3,cpu_percent,percentual de um nucleo,grafana,medium,60,0.055,0.1,0.16
Stage 01,Monolito completo,3,cpu_percent,percentual de um nucleo,grafana,high,60,0.046,0.07,0.08
Stage 01,Monolito completo,3,memory_mb,MB,grafana,low,60,46.528,48.77,48.78
Stage 01,Monolito completo,3,memory_mb,MB,grafana,medium,60,43.174,43.45,43.46
Stage 01,Monolito completo,3,memory_mb,MB,grafana,high,60,43.034,43.05,43.27
Stage 01,Monolito completo,3,cpu_percent,percentual de um nucleo,postgres,low,60,30.402,34.439,38.61
Stage 01,Monolito completo,3,cpu_percent,percentual de um nucleo,postgres,medium,60,65.496,75.532,79.16
Stage 01,Monolito completo,3,cpu_percent,percentual de um nucleo,postgres,high,60,146.892,152.523,156.2
Stage 01,Monolito completo,3,memory_mb,MB,postgres,low,60,62.506,65.234,65.56
Stage 01,Monolito completo,3,memory_mb,MB,postgres,medium,60,75.79,84.011,85.19
Stage 01,Monolito completo,3,memory_mb,MB,postgres,high,60,111.865,133.015,134.6
Stage 01,Monolito completo,3,cpu_percent,percentual de um nucleo,prometheus,low,60,0.301,0.45,2.52
Stage 01,Monolito completo,3,cpu_percent,percentual de um nucleo,prometheus,medium,60,0.192,0.36,0.39
Stage 01,Monolito completo,3,cpu_percent,percentual de um nucleo,prometheus,high,60,0.188,0.31,0.38
Stage 01,Monolito completo,3,memory_mb,MB,prometheus,low,60,40.218,40.931,41.04
Stage 01,Monolito completo,3,memory_mb,MB,prometheus,medium,60,38.014,40.811,41.07
Stage 01,Monolito completo,3,memory_mb,MB,prometheus,high,60,37.262,38.84,39.34
Stage 01,Monolito completo,3,cpu_percent,percentual de um nucleo,cadvisor,low,60,0.962,2.581,3.32
Stage 01,Monolito completo,3,cpu_percent,percentual de um nucleo,cadvisor,medium,60,0.541,1.699,2.52
Stage 01,Monolito completo,3,cpu_percent,percentual de um nucleo,cadvisor,high,60,0.546,1.534,2.14
Stage 01,Monolito completo,3,memory_mb,MB,cadvisor,low,60,19.108,21.127,22.4
Stage 01,Monolito completo,3,memory_mb,MB,cadvisor,medium,60,19.908,20.939,21.62
Stage 01,Monolito completo,3,memory_mb,MB,cadvisor,high,60,21.008,21.97,22.91
Stage 01b,Monolito atras do NGINX (controle),1,process_cpu_percent,percentual de um nucleo,monolith,low,30,45.934,51.528,51.66
Stage 01b,Monolito atras do NGINX (controle),1,process_cpu_percent,percentual de um nucleo,monolith,medium,30,98.238,106.391,106.48
Stage 01b,Monolito atras do NGINX (controle),1,process_cpu_percent,percentual de um nucleo,monolith,high,30,142.282,146.585,147.209
Stage 01b,Monolito atras do NGINX (controle),1,process_cpu_percent,percentual de um nucleo,cadvisor,low,30,0.253,0.34,0.36
Stage 01b,Monolito atras do NGINX (controle),1,process_cpu_percent,percentual de um nucleo,cadvisor,medium,30,0.159,0.2,0.22
Stage 01b,Monolito atras do NGINX (controle),1,process_cpu_percent,percentual de um nucleo,cadvisor,high,30,0.18,0.24,0.26
Stage 01b,Monolito atras do NGINX (controle),1,process_cpu_percent,percentual de um nucleo,prometheus,low,30,0.182,0.235,0.28
Stage 01b,Monolito atras do NGINX (controle),1,process_cpu_percent,percentual de um nucleo,prometheus,medium,30,0.114,0.151,0.16
Stage 01b,Monolito atras do NGINX (controle),1,process_cpu_percent,percentual de um nucleo,prometheus,high,30,0.139,0.16,0.18
Stage 01b,Monolito atras do NGINX (controle),1,process_memory_mb,MB,monolith,low,30,24.381,25.295,25.352
Stage 01b,Monolito atras do NGINX (controle),1,process_memory_mb,MB,monolith,medium,30,25.337,26.302,27.004
Stage 01b,Monolito atras do NGINX (controle),1,process_memory_mb,MB,monolith,high,30,32.561,34.35,36.289
Stage 01b,Monolito atras do NGINX (controle),1,process_memory_mb,MB,cadvisor,low,30,40.717,42.47,42.629
Stage 01b,Monolito atras do NGINX (controle),1,process_memory_mb,MB,cadvisor,medium,30,42.095,43.039,43.043
Stage 01b,Monolito atras do NGINX (controle),1,process_memory_mb,MB,cadvisor,high,30,42.966,44.586,44.695
Stage 01b,Monolito atras do NGINX (controle),1,process_memory_mb,MB,prometheus,low,30,82.655,86.98,87.605
Stage 01b,Monolito atras do NGINX (controle),1,process_memory_mb,MB,prometheus,medium,30,86.751,87.965,87.965
Stage 01b,Monolito atras do NGINX (controle),1,process_memory_mb,MB,prometheus,high,30,84.264,85.691,86.305
Stage 01b,Monolito atras do NGINX (controle),1,goroutines,goroutines,monolith,low,30,11.267,19.1,24.0
Stage 01b,Monolito atras do NGINX (controle),1,goroutines,goroutines,monolith,medium,30,17.433,35.55,53.0
Stage 01b,Monolito atras do NGINX (controle),1,goroutines,goroutines,monolith,high,30,137.7,238.95,310.0
Stage 01b,Monolito atras do NGINX (controle),1,goroutines,goroutines,cadvisor,low,30,26.733,28.0,28.0
Stage 01b,Monolito atras do NGINX (controle),1,goroutines,goroutines,cadvisor,medium,30,27.1,28.0,28.0
Stage 01b,Monolito atras do NGINX (controle),1,goroutines,goroutines,cadvisor,high,30,26.5,28.0,28.0
Stage 01b,Monolito atras do NGINX (controle),1,goroutines,goroutines,prometheus,low,30,36.1,37.0,37.0
Stage 01b,Monolito atras do NGINX (controle),1,goroutines,goroutines,prometheus,medium,30,36.1,37.0,37.0
Stage 01b,Monolito atras do NGINX (controle),1,goroutines,goroutines,prometheus,high,30,36.133,37.0,37.0
Stage 01b,Monolito atras do NGINX (controle),1,heap_alloc_mb,MB,monolith,low,30,4.407,4.967,5.031
Stage 01b,Monolito atras do NGINX (controle),1,heap_alloc_mb,MB,monolith,medium,30,4.51,5.179,5.268
Stage 01b,Monolito atras do NGINX (controle),1,heap_alloc_mb,MB,monolith,high,30,7.739,9.525,10.258
Stage 01b,Monolito atras do NGINX (controle),1,heap_alloc_mb,MB,cadvisor,low,30,6.346,8.119,8.588
Stage 01b,Monolito atras do NGINX (controle),1,heap_alloc_mb,MB,cadvisor,medium,30,6.6,8.097,8.44
Stage 01b,Monolito atras do NGINX (controle),1,heap_alloc_mb,MB,cadvisor,high,30,7.394,9.041,9.731
Stage 01b,Monolito atras do NGINX (controle),1,heap_alloc_mb,MB,prometheus,low,30,20.285,23.914,24.467
Stage 01b,Monolito atras do NGINX (controle),1,heap_alloc_mb,MB,prometheus,medium,30,19.77,21.991,22.402
Stage 01b,Monolito atras do NGINX (controle),1,heap_alloc_mb,MB,prometheus,high,30,19.403,22.154,22.415
Stage 01b,Monolito atras do NGINX (controle),1,gc_pause_ms,ms,monolith,low,30,0.488,0.562,0.574
Stage 01b,Monolito atras do NGINX (controle),1,gc_pause_ms,ms,monolith,medium,30,0.44,0.526,0.539
Stage 01b,Monolito atras do NGINX (controle),1,gc_pause_ms,ms,monolith,high,30,2.31,2.652,2.722
Stage 01b,Monolito atras do NGINX (controle),1,gc_pause_ms,ms,cadvisor,low,30,0.209,0.324,0.333
Stage 01b,Monolito atras do NGINX (controle),1,gc_pause_ms,ms,cadvisor,medium,30,0.229,0.642,0.942
Stage 01b,Monolito atras do NGINX (controle),1,gc_pause_ms,ms,cadvisor,high,30,1.538,9.061,10.17
Stage 01b,Monolito atras do NGINX (controle),1,gc_pause_ms,ms,prometheus,low,30,0.091,0.297,0.297
Stage 01b,Monolito atras do NGINX (controle),1,gc_pause_ms,ms,prometheus,medium,30,0.098,0.514,0.514
Stage 01b,Monolito atras do NGINX (controle),1,gc_pause_ms,ms,prometheus,high,30,0.05,0.153,0.153
Stage 01b,Monolito atras do NGINX (controle),1,pool_acquired_conns,conexoes,monolith,low,30,0.5,2.55,5.0
Stage 01b,Monolito atras do NGINX (controle),1,pool_acquired_conns,conexoes,monolith,medium,30,1.833,6.1,9.0
Stage 01b,Monolito atras do NGINX (controle),1,pool_acquired_conns,conexoes,monolith,high,30,6.567,14.0,14.0
Stage 01b,Monolito atras do NGINX (controle),1,pool_idle_conns,conexoes,monolith,low,30,13.3,14.0,14.0
Stage 01b,Monolito atras do NGINX (controle),1,pool_idle_conns,conexoes,monolith,medium,30,12.167,14.0,14.0
Stage 01b,Monolito atras do NGINX (controle),1,pool_idle_conns,conexoes,monolith,high,30,7.433,14.0,14.0
Stage 01b,Monolito atras do NGINX (controle),1,pool_total_conns,conexoes,monolith,low,30,13.8,14.0,14.0
Stage 01b,Monolito atras do NGINX (controle),1,pool_total_conns,conexoes,monolith,medium,30,14.0,14.0,14.0
Stage 01b,Monolito atras do NGINX (controle),1,pool_total_conns,conexoes,monolith,high,30,14.0,14.0,14.0
Stage 01b,Monolito atras do NGINX (controle),1,pool_wait_per_acquire_ms,ms,monolith,low,30,0.004,0.016,0.02
Stage 01b,Monolito atras do NGINX (controle),1,pool_wait_per_acquire_ms,ms,monolith,medium,30,0.027,0.055,0.066
Stage 01b,Monolito atras do NGINX (controle),1,pool_wait_per_acquire_ms,ms,monolith,high,30,2.916,3.78,3.846
Stage 01b,Monolito atras do NGINX (controle),1,pool_empty_acquire_per_s,por segundo,monolith,low,30,0.275,0.726,0.8
Stage 01b,Monolito atras do NGINX (controle),1,pool_empty_acquire_per_s,por segundo,monolith,medium,30,28.203,52.658,57.68
Stage 01b,Monolito atras do NGINX (controle),1,pool_empty_acquire_per_s,por segundo,monolith,high,30,1058.553,1216.449,1249.86
Stage 01b,Monolito atras do NGINX (controle),1,cpu_percent,percentual de um nucleo,nginx,low,60,26.045,29.341,30.94
Stage 01b,Monolito atras do NGINX (controle),1,cpu_percent,percentual de um nucleo,nginx,medium,60,176.867,607.98,660.13
Stage 01b,Monolito atras do NGINX (controle),1,cpu_percent,percentual de um nucleo,nginx,high,60,601.192,775.814,805.95
Stage 01b,Monolito atras do NGINX (controle),1,memory_mb,MB,nginx,low,60,19.363,20.09,20.37
Stage 01b,Monolito atras do NGINX (controle),1,memory_mb,MB,nginx,medium,60,23.195,24.313,24.67
Stage 01b,Monolito atras do NGINX (controle),1,memory_mb,MB,nginx,high,60,26.459,28.453,28.91
Stage 01b,Monolito atras do NGINX (controle),1,cpu_percent,percentual de um nucleo,grafana,low,60,0.074,0.11,0.8
Stage 01b,Monolito atras do NGINX (controle),1,cpu_percent,percentual de um nucleo,grafana,medium,60,0.046,0.07,0.09
Stage 01b,Monolito atras do NGINX (controle),1,cpu_percent,percentual de um nucleo,grafana,high,60,0.059,0.1,0.14
Stage 01b,Monolito atras do NGINX (controle),1,memory_mb,MB,grafana,low,60,47.786,51.78,51.78
Stage 01b,Monolito atras do NGINX (controle),1,memory_mb,MB,grafana,medium,60,44.752,44.8,44.8
Stage 01b,Monolito atras do NGINX (controle),1,memory_mb,MB,grafana,high,60,44.655,44.82,45.07
Stage 01b,Monolito atras do NGINX (controle),1,cpu_percent,percentual de um nucleo,api,low,60,50.676,56.964,61.7
Stage 01b,Monolito atras do NGINX (controle),1,cpu_percent,percentual de um nucleo,api,medium,60,106.436,116.933,119.62
Stage 01b,Monolito atras do NGINX (controle),1,cpu_percent,percentual de um nucleo,api,high,60,147.732,238.621,243.85
Stage 01b,Monolito atras do NGINX (controle),1,memory_mb,MB,api,low,60,18.209,19.413,19.94
Stage 01b,Monolito atras do NGINX (controle),1,memory_mb,MB,api,medium,60,19.549,21.52,22.32
Stage 01b,Monolito atras do NGINX (controle),1,memory_mb,MB,api,high,60,27.046,29.146,29.99
Stage 01b,Monolito atras do NGINX (controle),1,cpu_percent,percentual de um nucleo,postgres,low,60,28.855,33.995,37.04
Stage 01b,Monolito atras do NGINX (controle),1,cpu_percent,percentual de um nucleo,postgres,medium,60,61.371,67.626,70.88
Stage 01b,Monolito atras do NGINX (controle),1,cpu_percent,percentual de um nucleo,postgres,high,60,87.182,153.986,159.21
Stage 01b,Monolito atras do NGINX (controle),1,memory_mb,MB,postgres,low,60,62.237,64.814,65.57
Stage 01b,Monolito atras do NGINX (controle),1,memory_mb,MB,postgres,medium,60,74.918,83.1,83.99
Stage 01b,Monolito atras do NGINX (controle),1,memory_mb,MB,postgres,high,60,97.169,106.925,108.1
Stage 01b,Monolito atras do NGINX (controle),1,cpu_percent,percentual de um nucleo,prometheus,low,60,0.052,0.191,0.22
Stage 01b,Monolito atras do NGINX (controle),1,cpu_percent,percentual de um nucleo,prometheus,medium,60,0.062,0.14,1.05
Stage 01b,Monolito atras do NGINX (controle),1,cpu_percent,percentual de um nucleo,prometheus,high,60,0.095,0.182,1.93
Stage 01b,Monolito atras do NGINX (controle),1,memory_mb,MB,prometheus,low,60,32.206,36.77,36.8
Stage 01b,Monolito atras do NGINX (controle),1,memory_mb,MB,prometheus,medium,60,35.755,36.86,37.3
Stage 01b,Monolito atras do NGINX (controle),1,memory_mb,MB,prometheus,high,60,33.3,34.495,35.36
Stage 01b,Monolito atras do NGINX (controle),1,cpu_percent,percentual de um nucleo,cadvisor,low,60,0.041,0.312,0.56
Stage 01b,Monolito atras do NGINX (controle),1,cpu_percent,percentual de um nucleo,cadvisor,medium,60,0.019,0.05,0.29
Stage 01b,Monolito atras do NGINX (controle),1,cpu_percent,percentual de um nucleo,cadvisor,high,60,0.043,0.202,1.44
Stage 01b,Monolito atras do NGINX (controle),1,memory_mb,MB,cadvisor,low,60,18.312,19.89,19.95
Stage 01b,Monolito atras do NGINX (controle),1,memory_mb,MB,cadvisor,medium,60,19.67,20.48,20.48
Stage 01b,Monolito atras do NGINX (controle),1,memory_mb,MB,cadvisor,high,60,20.105,21.86,22.04
Stage 01b,Monolito atras do NGINX (controle),2,process_cpu_percent,percentual de um nucleo,monolith,low,30,46.035,51.789,51.82
Stage 01b,Monolito atras do NGINX (controle),2,process_cpu_percent,percentual de um nucleo,monolith,medium,30,98.795,105.84,105.916
Stage 01b,Monolito atras do NGINX (controle),2,process_cpu_percent,percentual de um nucleo,monolith,high,30,142.851,146.792,147.114
Stage 01b,Monolito atras do NGINX (controle),2,process_cpu_percent,percentual de um nucleo,cadvisor,low,30,0.265,0.351,0.38
Stage 01b,Monolito atras do NGINX (controle),2,process_cpu_percent,percentual de um nucleo,cadvisor,medium,30,0.157,0.211,0.22
Stage 01b,Monolito atras do NGINX (controle),2,process_cpu_percent,percentual de um nucleo,cadvisor,high,30,0.192,0.24,0.26
Stage 01b,Monolito atras do NGINX (controle),2,process_cpu_percent,percentual de um nucleo,prometheus,low,30,0.196,0.24,0.26
Stage 01b,Monolito atras do NGINX (controle),2,process_cpu_percent,percentual de um nucleo,prometheus,medium,30,0.116,0.14,0.14
Stage 01b,Monolito atras do NGINX (controle),2,process_cpu_percent,percentual de um nucleo,prometheus,high,30,0.137,0.171,0.18
Stage 01b,Monolito atras do NGINX (controle),2,process_memory_mb,MB,monolith,low,30,24.096,24.951,25.094
Stage 01b,Monolito atras do NGINX (controle),2,process_memory_mb,MB,monolith,medium,30,25.654,27.781,28.379
Stage 01b,Monolito atras do NGINX (controle),2,process_memory_mb,MB,monolith,high,30,31.94,33.917,34.555
Stage 01b,Monolito atras do NGINX (controle),2,process_memory_mb,MB,cadvisor,low,30,39.937,41.142,41.562
Stage 01b,Monolito atras do NGINX (controle),2,process_memory_mb,MB,cadvisor,medium,30,41.501,42.566,42.566
Stage 01b,Monolito atras do NGINX (controle),2,process_memory_mb,MB,cadvisor,high,30,42.554,44.672,44.891
Stage 01b,Monolito atras do NGINX (controle),2,process_memory_mb,MB,prometheus,low,30,84.693,90.102,90.102
Stage 01b,Monolito atras do NGINX (controle),2,process_memory_mb,MB,prometheus,medium,30,89.132,91.277,91.727
Stage 01b,Monolito atras do NGINX (controle),2,process_memory_mb,MB,prometheus,high,30,91.943,91.977,91.977
Stage 01b,Monolito atras do NGINX (controle),2,goroutines,goroutines,monolith,low,30,11.433,18.0,22.0
Stage 01b,Monolito atras do NGINX (controle),2,goroutines,goroutines,monolith,medium,30,20.267,60.5,77.0
Stage 01b,Monolito atras do NGINX (controle),2,goroutines,goroutines,monolith,high,30,143.9,233.65,421.0
Stage 01b,Monolito atras do NGINX (controle),2,goroutines,goroutines,cadvisor,low,30,26.767,28.0,28.0
Stage 01b,Monolito atras do NGINX (controle),2,goroutines,goroutines,cadvisor,medium,30,26.8,28.0,28.0
Stage 01b,Monolito atras do NGINX (controle),2,goroutines,goroutines,cadvisor,high,30,26.6,28.0,28.0
Stage 01b,Monolito atras do NGINX (controle),2,goroutines,goroutines,prometheus,low,30,36.167,37.0,38.0
Stage 01b,Monolito atras do NGINX (controle),2,goroutines,goroutines,prometheus,medium,30,36.033,36.0,37.0
Stage 01b,Monolito atras do NGINX (controle),2,goroutines,goroutines,prometheus,high,30,36.1,37.0,37.0
Stage 01b,Monolito atras do NGINX (controle),2,heap_alloc_mb,MB,monolith,low,30,4.305,5.088,5.373
Stage 01b,Monolito atras do NGINX (controle),2,heap_alloc_mb,MB,monolith,medium,30,4.444,5.265,5.841
Stage 01b,Monolito atras do NGINX (controle),2,heap_alloc_mb,MB,monolith,high,30,7.108,9.192,9.508
Stage 01b,Monolito atras do NGINX (controle),2,heap_alloc_mb,MB,cadvisor,low,30,6.29,8.056,8.258
Stage 01b,Monolito atras do NGINX (controle),2,heap_alloc_mb,MB,cadvisor,medium,30,6.44,8.013,8.181
Stage 01b,Monolito atras do NGINX (controle),2,heap_alloc_mb,MB,cadvisor,high,30,7.019,8.445,10.351
Stage 01b,Monolito atras do NGINX (controle),2,heap_alloc_mb,MB,prometheus,low,30,22.115,27.938,28.888
Stage 01b,Monolito atras do NGINX (controle),2,heap_alloc_mb,MB,prometheus,medium,30,24.964,29.692,30.279
Stage 01b,Monolito atras do NGINX (controle),2,heap_alloc_mb,MB,prometheus,high,30,25.619,29.286,29.522
Stage 01b,Monolito atras do NGINX (controle),2,gc_pause_ms,ms,monolith,low,30,0.502,0.636,0.697
Stage 01b,Monolito atras do NGINX (controle),2,gc_pause_ms,ms,monolith,medium,30,0.427,0.527,0.547
Stage 01b,Monolito atras do NGINX (controle),2,gc_pause_ms,ms,monolith,high,30,2.287,2.639,2.666
Stage 01b,Monolito atras do NGINX (controle),2,gc_pause_ms,ms,cadvisor,low,30,0.227,0.528,0.637
Stage 01b,Monolito atras do NGINX (controle),2,gc_pause_ms,ms,cadvisor,medium,30,0.212,0.469,0.478
Stage 01b,Monolito atras do NGINX (controle),2,gc_pause_ms,ms,cadvisor,high,30,0.666,1.487,2.045
Stage 01b,Monolito atras do NGINX (controle),2,gc_pause_ms,ms,prometheus,low,30,0.083,0.196,0.196
Stage 01b,Monolito atras do NGINX (controle),2,gc_pause_ms,ms,prometheus,medium,30,0.047,0.15,0.15
Stage 01b,Monolito atras do NGINX (controle),2,gc_pause_ms,ms,prometheus,high,30,0.05,0.153,0.153
Stage 01b,Monolito atras do NGINX (controle),2,pool_acquired_conns,conexoes,monolith,low,30,0.567,2.0,4.0
Stage 01b,Monolito atras do NGINX (controle),2,pool_acquired_conns,conexoes,monolith,medium,30,1.367,4.65,10.0
Stage 01b,Monolito atras do NGINX (controle),2,pool_acquired_conns,conexoes,monolith,high,30,4.533,10.0,14.0
Stage 01b,Monolito atras do NGINX (controle),2,pool_idle_conns,conexoes,monolith,low,30,13.267,14.0,14.0
Stage 01b,Monolito atras do NGINX (controle),2,pool_idle_conns,conexoes,monolith,medium,30,12.633,14.0,14.0
Stage 01b,Monolito atras do NGINX (controle),2,pool_idle_conns,conexoes,monolith,high,30,9.467,14.0,14.0
Stage 01b,Monolito atras do NGINX (controle),2,pool_total_conns,conexoes,monolith,low,30,13.833,14.0,14.0
Stage 01b,Monolito atras do NGINX (controle),2,pool_total_conns,conexoes,monolith,medium,30,14.0,14.0,14.0
Stage 01b,Monolito atras do NGINX (controle),2,pool_total_conns,conexoes,monolith,high,30,14.0,14.0,14.0
Stage 01b,Monolito atras do NGINX (controle),2,pool_wait_per_acquire_ms,ms,monolith,low,30,0.004,0.014,0.022
Stage 01b,Monolito atras do NGINX (controle),2,pool_wait_per_acquire_ms,ms,monolith,medium,30,0.033,0.065,0.066
Stage 01b,Monolito atras do NGINX (controle),2,pool_wait_per_acquire_ms,ms,monolith,high,30,2.904,3.408,3.598
Stage 01b,Monolito atras do NGINX (controle),2,pool_empty_acquire_per_s,por segundo,monolith,low,30,0.26,0.4,0.46
Stage 01b,Monolito atras do NGINX (controle),2,pool_empty_acquire_per_s,por segundo,monolith,medium,30,30.95,51.903,61.462
Stage 01b,Monolito atras do NGINX (controle),2,pool_empty_acquire_per_s,por segundo,monolith,high,30,1027.16,1148.282,1180.793
Stage 01b,Monolito atras do NGINX (controle),2,cpu_percent,percentual de um nucleo,nginx,low,60,25.955,29.453,29.62
Stage 01b,Monolito atras do NGINX (controle),2,cpu_percent,percentual de um nucleo,nginx,medium,60,158.017,440.125,611.46
Stage 01b,Monolito atras do NGINX (controle),2,cpu_percent,percentual de um nucleo,nginx,high,60,596.325,781.101,805.96
Stage 01b,Monolito atras do NGINX (controle),2,memory_mb,MB,nginx,low,60,15.542,16.111,16.59
Stage 01b,Monolito atras do NGINX (controle),2,memory_mb,MB,nginx,medium,60,19.39,20.386,20.7
Stage 01b,Monolito atras do NGINX (controle),2,memory_mb,MB,nginx,high,60,23.168,24.868,26.07
Stage 01b,Monolito atras do NGINX (controle),2,cpu_percent,percentual de um nucleo,api,low,60,51.447,58.807,60.64
Stage 01b,Monolito atras do NGINX (controle),2,cpu_percent,percentual de um nucleo,api,medium,60,107.042,115.285,119.52
Stage 01b,Monolito atras do NGINX (controle),2,cpu_percent,percentual de um nucleo,api,high,60,147.264,240.934,273.01
Stage 01b,Monolito atras do NGINX (controle),2,memory_mb,MB,api,low,60,17.761,18.733,18.96
Stage 01b,Monolito atras do NGINX (controle),2,memory_mb,MB,api,medium,60,19.495,21.166,22.22
Stage 01b,Monolito atras do NGINX (controle),2,memory_mb,MB,api,high,60,26.389,28.033,28.99
Stage 01b,Monolito atras do NGINX (controle),2,cpu_percent,percentual de um nucleo,grafana,low,60,0.064,0.11,0.19
Stage 01b,Monolito atras do NGINX (controle),2,cpu_percent,percentual de um nucleo,grafana,medium,60,0.054,0.1,0.12
Stage 01b,Monolito atras do NGINX (controle),2,cpu_percent,percentual de um nucleo,grafana,high,60,0.057,0.111,0.15
Stage 01b,Monolito atras do NGINX (controle),2,memory_mb,MB,grafana,low,60,44.697,45.75,45.75
Stage 01b,Monolito atras do NGINX (controle),2,memory_mb,MB,grafana,medium,60,43.341,43.36,43.48
Stage 01b,Monolito atras do NGINX (controle),2,memory_mb,MB,grafana,high,60,43.375,43.391,43.62
Stage 01b,Monolito atras do NGINX (controle),2,cpu_percent,percentual de um nucleo,postgres,low,60,29.938,33.566,37.26
Stage 01b,Monolito atras do NGINX (controle),2,cpu_percent,percentual de um nucleo,postgres,medium,60,63.301,69.338,70.52
Stage 01b,Monolito atras do NGINX (controle),2,cpu_percent,percentual de um nucleo,postgres,high,60,88.4,142.674,161.77
Stage 01b,Monolito atras do NGINX (controle),2,memory_mb,MB,postgres,low,60,62.148,64.433,64.81
Stage 01b,Monolito atras do NGINX (controle),2,memory_mb,MB,postgres,medium,60,74.965,83.27,83.82
Stage 01b,Monolito atras do NGINX (controle),2,memory_mb,MB,postgres,high,60,97.123,107.21,108.1
Stage 01b,Monolito atras do NGINX (controle),2,cpu_percent,percentual de um nucleo,prometheus,low,60,0.0,0.0,0.0
Stage 01b,Monolito atras do NGINX (controle),2,cpu_percent,percentual de um nucleo,prometheus,medium,60,0.006,0.0,0.2
Stage 01b,Monolito atras do NGINX (controle),2,cpu_percent,percentual de um nucleo,prometheus,high,60,0.002,0.0,0.12
Stage 01b,Monolito atras do NGINX (controle),2,memory_mb,MB,prometheus,low,60,35.214,39.95,40.13
Stage 01b,Monolito atras do NGINX (controle),2,memory_mb,MB,prometheus,medium,60,39.107,41.7,41.93
Stage 01b,Monolito atras do NGINX (controle),2,memory_mb,MB,prometheus,high,60,41.928,42.18,42.22
Stage 01b,Monolito atras do NGINX (controle),2,cpu_percent,percentual de um nucleo,cadvisor,low,60,0.035,0.343,0.4
Stage 01b,Monolito atras do NGINX (controle),2,cpu_percent,percentual de um nucleo,cadvisor,medium,60,0.026,0.25,0.39
Stage 01b,Monolito atras do NGINX (controle),2,cpu_percent,percentual de um nucleo,cadvisor,high,60,0.123,0.854,1.68
Stage 01b,Monolito atras do NGINX (controle),2,memory_mb,MB,cadvisor,low,60,17.785,19.11,19.27
Stage 01b,Monolito atras do NGINX (controle),2,memory_mb,MB,cadvisor,medium,60,18.941,20.051,20.16
Stage 01b,Monolito atras do NGINX (controle),2,memory_mb,MB,cadvisor,high,60,20.009,22.163,22.34
Stage 01b,Monolito atras do NGINX (controle),3,process_cpu_percent,percentual de um nucleo,monolith,low,30,46.099,50.833,51.12
Stage 01b,Monolito atras do NGINX (controle),3,process_cpu_percent,percentual de um nucleo,monolith,medium,30,98.987,105.671,105.96
Stage 01b,Monolito atras do NGINX (controle),3,process_cpu_percent,percentual de um nucleo,monolith,high,30,144.532,149.094,151.84
Stage 01b,Monolito atras do NGINX (controle),3,process_cpu_percent,percentual de um nucleo,cadvisor,low,30,0.266,0.32,0.465
Stage 01b,Monolito atras do NGINX (controle),3,process_cpu_percent,percentual de um nucleo,cadvisor,medium,30,0.16,0.231,0.24
Stage 01b,Monolito atras do NGINX (controle),3,process_cpu_percent,percentual de um nucleo,cadvisor,high,30,0.185,0.24,0.24
Stage 01b,Monolito atras do NGINX (controle),3,process_cpu_percent,percentual de um nucleo,prometheus,low,30,0.17,0.22,0.25
Stage 01b,Monolito atras do NGINX (controle),3,process_cpu_percent,percentual de um nucleo,prometheus,medium,30,0.112,0.14,0.14
Stage 01b,Monolito atras do NGINX (controle),3,process_cpu_percent,percentual de um nucleo,prometheus,high,30,0.13,0.16,0.16
Stage 01b,Monolito atras do NGINX (controle),3,process_memory_mb,MB,monolith,low,30,23.938,24.785,24.828
Stage 01b,Monolito atras do NGINX (controle),3,process_memory_mb,MB,monolith,medium,30,25.285,26.979,27.996
Stage 01b,Monolito atras do NGINX (controle),3,process_memory_mb,MB,monolith,high,30,33.127,37.118,38.648
Stage 01b,Monolito atras do NGINX (controle),3,process_memory_mb,MB,cadvisor,low,30,41.422,42.704,43.266
Stage 01b,Monolito atras do NGINX (controle),3,process_memory_mb,MB,cadvisor,medium,30,42.104,44.0,44.0
Stage 01b,Monolito atras do NGINX (controle),3,process_memory_mb,MB,cadvisor,high,30,42.018,43.728,44.008
Stage 01b,Monolito atras do NGINX (controle),3,process_memory_mb,MB,prometheus,low,30,86.005,88.43,88.43
Stage 01b,Monolito atras do NGINX (controle),3,process_memory_mb,MB,prometheus,medium,30,87.998,89.18,89.18
Stage 01b,Monolito atras do NGINX (controle),3,process_memory_mb,MB,prometheus,high,30,85.455,86.227,86.227
Stage 01b,Monolito atras do NGINX (controle),3,goroutines,goroutines,monolith,low,30,11.267,21.85,31.0
Stage 01b,Monolito atras do NGINX (controle),3,goroutines,goroutines,monolith,medium,30,16.2,34.3,55.0
Stage 01b,Monolito atras do NGINX (controle),3,goroutines,goroutines,monolith,high,30,156.367,281.35,325.0
Stage 01b,Monolito atras do NGINX (controle),3,goroutines,goroutines,cadvisor,low,30,27.0,28.0,28.0
Stage 01b,Monolito atras do NGINX (controle),3,goroutines,goroutines,cadvisor,medium,30,26.5,27.0,28.0
Stage 01b,Monolito atras do NGINX (controle),3,goroutines,goroutines,cadvisor,high,30,26.467,27.0,28.0
Stage 01b,Monolito atras do NGINX (controle),3,goroutines,goroutines,prometheus,low,30,36.3,37.0,38.0
Stage 01b,Monolito atras do NGINX (controle),3,goroutines,goroutines,prometheus,medium,30,36.133,37.0,37.0
Stage 01b,Monolito atras do NGINX (controle),3,goroutines,goroutines,prometheus,high,30,36.267,37.0,38.0
Stage 01b,Monolito atras do NGINX (controle),3,heap_alloc_mb,MB,monolith,low,30,4.209,5.001,5.749
Stage 01b,Monolito atras do NGINX (controle),3,heap_alloc_mb,MB,monolith,medium,30,4.439,5.154,5.579
Stage 01b,Monolito atras do NGINX (controle),3,heap_alloc_mb,MB,monolith,high,30,7.84,10.127,10.686
Stage 01b,Monolito atras do NGINX (controle),3,heap_alloc_mb,MB,cadvisor,low,30,6.543,7.787,9.354
Stage 01b,Monolito atras do NGINX (controle),3,heap_alloc_mb,MB,cadvisor,medium,30,6.698,8.539,8.879
Stage 01b,Monolito atras do NGINX (controle),3,heap_alloc_mb,MB,cadvisor,high,30,6.937,8.972,9.459
Stage 01b,Monolito atras do NGINX (controle),3,heap_alloc_mb,MB,prometheus,low,30,22.479,27.535,28.479
Stage 01b,Monolito atras do NGINX (controle),3,heap_alloc_mb,MB,prometheus,medium,30,24.859,28.953,29.434
Stage 01b,Monolito atras do NGINX (controle),3,heap_alloc_mb,MB,prometheus,high,30,24.493,26.899,27.261
Stage 01b,Monolito atras do NGINX (controle),3,gc_pause_ms,ms,monolith,low,30,0.503,0.579,0.592
Stage 01b,Monolito atras do NGINX (controle),3,gc_pause_ms,ms,monolith,medium,30,0.376,0.49,0.534
Stage 01b,Monolito atras do NGINX (controle),3,gc_pause_ms,ms,monolith,high,30,2.525,2.91,2.936
Stage 01b,Monolito atras do NGINX (controle),3,gc_pause_ms,ms,cadvisor,low,30,0.177,0.259,0.276
Stage 01b,Monolito atras do NGINX (controle),3,gc_pause_ms,ms,cadvisor,medium,30,0.109,0.149,0.336
Stage 01b,Monolito atras do NGINX (controle),3,gc_pause_ms,ms,cadvisor,high,30,1.203,2.871,3.347
Stage 01b,Monolito atras do NGINX (controle),3,gc_pause_ms,ms,prometheus,low,30,0.079,0.184,0.184
Stage 01b,Monolito atras do NGINX (controle),3,gc_pause_ms,ms,prometheus,medium,30,0.039,0.111,0.111
Stage 01b,Monolito atras do NGINX (controle),3,gc_pause_ms,ms,prometheus,high,30,0.19,1.052,1.052
Stage 01b,Monolito atras do NGINX (controle),3,pool_acquired_conns,conexoes,monolith,low,30,0.433,2.0,6.0
Stage 01b,Monolito atras do NGINX (controle),3,pool_acquired_conns,conexoes,monolith,medium,30,1.267,4.0,6.0
Stage 01b,Monolito atras do NGINX (controle),3,pool_acquired_conns,conexoes,monolith,high,30,7.533,14.0,14.0
Stage 01b,Monolito atras do NGINX (controle),3,pool_idle_conns,conexoes,monolith,low,30,13.567,14.0,14.0
Stage 01b,Monolito atras do NGINX (controle),3,pool_idle_conns,conexoes,monolith,medium,30,12.733,14.0,14.0
Stage 01b,Monolito atras do NGINX (controle),3,pool_idle_conns,conexoes,monolith,high,30,6.467,14.0,14.0
Stage 01b,Monolito atras do NGINX (controle),3,pool_total_conns,conexoes,monolith,low,30,14.0,14.0,14.0
Stage 01b,Monolito atras do NGINX (controle),3,pool_total_conns,conexoes,monolith,medium,30,14.0,14.0,14.0
Stage 01b,Monolito atras do NGINX (controle),3,pool_total_conns,conexoes,monolith,high,30,14.0,14.0,14.0
Stage 01b,Monolito atras do NGINX (controle),3,pool_wait_per_acquire_ms,ms,monolith,low,30,0.004,0.014,0.025
Stage 01b,Monolito atras do NGINX (controle),3,pool_wait_per_acquire_ms,ms,monolith,medium,30,0.014,0.033,0.042
Stage 01b,Monolito atras do NGINX (controle),3,pool_wait_per_acquire_ms,ms,monolith,high,30,3.536,4.429,4.481
Stage 01b,Monolito atras do NGINX (controle),3,pool_empty_acquire_per_s,por segundo,monolith,low,30,0.377,0.815,0.965
Stage 01b,Monolito atras do NGINX (controle),3,pool_empty_acquire_per_s,por segundo,monolith,medium,30,15.921,36.604,44.88
Stage 01b,Monolito atras do NGINX (controle),3,pool_empty_acquire_per_s,por segundo,monolith,high,30,1133.817,1267.963,1292.14
Stage 01b,Monolito atras do NGINX (controle),3,cpu_percent,percentual de um nucleo,nginx,low,60,26.027,29.906,31.92
Stage 01b,Monolito atras do NGINX (controle),3,cpu_percent,percentual de um nucleo,nginx,medium,60,127.927,433.081,595.16
Stage 01b,Monolito atras do NGINX (controle),3,cpu_percent,percentual de um nucleo,nginx,high,60,575.996,755.042,775.64
Stage 01b,Monolito atras do NGINX (controle),3,memory_mb,MB,nginx,low,60,15.659,16.312,16.57
Stage 01b,Monolito atras do NGINX (controle),3,memory_mb,MB,nginx,medium,60,19.122,20.188,20.61
Stage 01b,Monolito atras do NGINX (controle),3,memory_mb,MB,nginx,high,60,23.057,25.051,25.34
Stage 01b,Monolito atras do NGINX (controle),3,cpu_percent,percentual de um nucleo,grafana,low,60,0.117,0.24,0.34
Stage 01b,Monolito atras do NGINX (controle),3,cpu_percent,percentual de um nucleo,grafana,medium,60,0.091,0.17,0.22
Stage 01b,Monolito atras do NGINX (controle),3,cpu_percent,percentual de um nucleo,grafana,high,60,0.188,0.523,0.93
Stage 01b,Monolito atras do NGINX (controle),3,memory_mb,MB,grafana,low,60,47.0,49.32,49.33
Stage 01b,Monolito atras do NGINX (controle),3,memory_mb,MB,grafana,medium,60,43.597,43.61,43.84
Stage 01b,Monolito atras do NGINX (controle),3,memory_mb,MB,grafana,high,60,43.693,43.91,44.4
Stage 01b,Monolito atras do NGINX (controle),3,cpu_percent,percentual de um nucleo,api,low,60,50.366,58.572,59.29
Stage 01b,Monolito atras do NGINX (controle),3,cpu_percent,percentual de um nucleo,api,medium,60,105.302,115.523,120.29
Stage 01b,Monolito atras do NGINX (controle),3,cpu_percent,percentual de um nucleo,api,high,60,148.226,224.941,254.81
Stage 01b,Monolito atras do NGINX (controle),3,memory_mb,MB,api,low,60,17.837,18.556,18.92
Stage 01b,Monolito atras do NGINX (controle),3,memory_mb,MB,api,medium,60,18.972,20.691,22.71
Stage 01b,Monolito atras do NGINX (controle),3,memory_mb,MB,api,high,60,26.851,29.299,32.04
Stage 01b,Monolito atras do NGINX (controle),3,cpu_percent,percentual de um nucleo,postgres,low,60,28.748,33.175,34.67
Stage 01b,Monolito atras do NGINX (controle),3,cpu_percent,percentual de um nucleo,postgres,medium,60,62.774,67.076,69.25
Stage 01b,Monolito atras do NGINX (controle),3,cpu_percent,percentual de um nucleo,postgres,high,60,89.67,142.064,157.23
Stage 01b,Monolito atras do NGINX (controle),3,memory_mb,MB,postgres,low,60,62.551,64.646,65.04
Stage 01b,Monolito atras do NGINX (controle),3,memory_mb,MB,postgres,medium,60,75.414,83.926,84.63
Stage 01b,Monolito atras do NGINX (controle),3,memory_mb,MB,postgres,high,60,97.843,107.905,108.8
Stage 01b,Monolito atras do NGINX (controle),3,cpu_percent,percentual de um nucleo,prometheus,low,60,0.119,0.342,1.72
Stage 01b,Monolito atras do NGINX (controle),3,cpu_percent,percentual de um nucleo,prometheus,medium,60,0.098,0.215,1.18
Stage 01b,Monolito atras do NGINX (controle),3,cpu_percent,percentual de um nucleo,prometheus,high,60,0.062,0.201,0.26
Stage 01b,Monolito atras do NGINX (controle),3,memory_mb,MB,prometheus,low,60,35.433,37.422,37.89
Stage 01b,Monolito atras do NGINX (controle),3,memory_mb,MB,prometheus,medium,60,36.903,38.291,38.93
Stage 01b,Monolito atras do NGINX (controle),3,memory_mb,MB,prometheus,high,60,34.309,35.55,35.93
Stage 01b,Monolito atras do NGINX (controle),3,cpu_percent,percentual de um nucleo,cadvisor,low,60,0.079,0.364,1.78
Stage 01b,Monolito atras do NGINX (controle),3,cpu_percent,percentual de um nucleo,cadvisor,medium,60,0.088,0.854,1.42
Stage 01b,Monolito atras do NGINX (controle),3,cpu_percent,percentual de um nucleo,cadvisor,high,60,0.205,1.197,2.94
Stage 01b,Monolito atras do NGINX (controle),3,memory_mb,MB,cadvisor,low,60,18.922,20.457,20.95
Stage 01b,Monolito atras do NGINX (controle),3,memory_mb,MB,cadvisor,medium,60,19.5,21.06,21.08
Stage 01b,Monolito atras do NGINX (controle),3,memory_mb,MB,cadvisor,high,60,19.494,21.71,21.73
Stage 02,Users extraido,1,process_cpu_percent,percentual de um nucleo,cadvisor,low,30,0.236,0.291,0.32
Stage 02,Users extraido,1,process_cpu_percent,percentual de um nucleo,cadvisor,medium,30,0.171,0.211,0.24
Stage 02,Users extraido,1,process_cpu_percent,percentual de um nucleo,cadvisor,high,30,0.181,0.24,0.24
Stage 02,Users extraido,1,process_cpu_percent,percentual de um nucleo,prometheus,low,30,0.193,0.271,0.325
Stage 02,Users extraido,1,process_cpu_percent,percentual de um nucleo,prometheus,medium,30,0.125,0.171,0.18
Stage 02,Users extraido,1,process_cpu_percent,percentual de um nucleo,prometheus,high,30,0.149,0.2,0.2
Stage 02,Users extraido,1,process_cpu_percent,percentual de um nucleo,monolith-partial,low,30,38.161,42.68,42.981
Stage 02,Users extraido,1,process_cpu_percent,percentual de um nucleo,monolith-partial,medium,30,83.42,88.108,88.94
Stage 02,Users extraido,1,process_cpu_percent,percentual de um nucleo,monolith-partial,high,30,149.918,157.668,158.003
Stage 02,Users extraido,1,process_cpu_percent,percentual de um nucleo,users-service,low,30,12.893,14.571,14.66
Stage 02,Users extraido,1,process_cpu_percent,percentual de um nucleo,users-service,medium,30,30.415,32.502,32.64
Stage 02,Users extraido,1,process_cpu_percent,percentual de um nucleo,users-service,high,30,50.949,54.475,54.98
Stage 02,Users extraido,1,process_memory_mb,MB,cadvisor,low,30,40.757,41.893,42.164
Stage 02,Users extraido,1,process_memory_mb,MB,cadvisor,medium,30,41.935,43.479,44.047
Stage 02,Users extraido,1,process_memory_mb,MB,cadvisor,high,30,42.71,44.355,44.48
Stage 02,Users extraido,1,process_memory_mb,MB,prometheus,low,30,82.364,85.539,85.664
Stage 02,Users extraido,1,process_memory_mb,MB,prometheus,medium,30,84.085,85.848,85.848
Stage 02,Users extraido,1,process_memory_mb,MB,prometheus,high,30,84.802,86.041,86.223
Stage 02,Users extraido,1,process_memory_mb,MB,monolith-partial,low,30,24.01,24.879,24.934
Stage 02,Users extraido,1,process_memory_mb,MB,monolith-partial,medium,30,24.585,25.17,25.324
Stage 02,Users extraido,1,process_memory_mb,MB,monolith-partial,high,30,30.042,32.017,33.906
Stage 02,Users extraido,1,process_memory_mb,MB,users-service,low,30,18.291,18.972,19.039
Stage 02,Users extraido,1,process_memory_mb,MB,users-service,medium,30,19.022,19.487,19.789
Stage 02,Users extraido,1,process_memory_mb,MB,users-service,high,30,22.729,23.563,23.887
Stage 02,Users extraido,1,goroutines,goroutines,cadvisor,low,30,26.967,28.0,28.0
Stage 02,Users extraido,1,goroutines,goroutines,cadvisor,medium,30,26.933,28.0,28.0
Stage 02,Users extraido,1,goroutines,goroutines,cadvisor,high,30,26.467,27.0,28.0
Stage 02,Users extraido,1,goroutines,goroutines,prometheus,low,30,39.167,40.0,40.0
Stage 02,Users extraido,1,goroutines,goroutines,prometheus,medium,30,39.0,39.0,39.0
Stage 02,Users extraido,1,goroutines,goroutines,prometheus,high,30,39.033,39.0,40.0
Stage 02,Users extraido,1,goroutines,goroutines,monolith-partial,low,30,11.367,19.0,24.0
Stage 02,Users extraido,1,goroutines,goroutines,monolith-partial,medium,30,12.767,22.0,27.0
Stage 02,Users extraido,1,goroutines,goroutines,monolith-partial,high,30,122.967,246.8,319.0
Stage 02,Users extraido,1,goroutines,goroutines,users-service,low,30,9.367,10.0,11.0
Stage 02,Users extraido,1,goroutines,goroutines,users-service,medium,30,9.9,14.55,17.0
Stage 02,Users extraido,1,goroutines,goroutines,users-service,high,30,33.833,64.75,73.0
Stage 02,Users extraido,1,heap_alloc_mb,MB,cadvisor,low,30,6.413,8.334,9.233
Stage 02,Users extraido,1,heap_alloc_mb,MB,cadvisor,medium,30,6.841,8.843,9.325
Stage 02,Users extraido,1,heap_alloc_mb,MB,cadvisor,high,30,6.928,9.078,9.472
Stage 02,Users extraido,1,heap_alloc_mb,MB,prometheus,low,30,19.99,24.237,24.759
Stage 02,Users extraido,1,heap_alloc_mb,MB,prometheus,medium,30,19.288,23.304,23.777
Stage 02,Users extraido,1,heap_alloc_mb,MB,prometheus,high,30,20.363,23.162,23.515
Stage 02,Users extraido,1,heap_alloc_mb,MB,monolith-partial,low,30,4.327,5.254,5.345
Stage 02,Users extraido,1,heap_alloc_mb,MB,monolith-partial,medium,30,4.456,5.255,5.306
Stage 02,Users extraido,1,heap_alloc_mb,MB,monolith-partial,high,30,6.552,8.806,9.809
Stage 02,Users extraido,1,heap_alloc_mb,MB,users-service,low,30,2.041,2.625,2.673
Stage 02,Users extraido,1,heap_alloc_mb,MB,users-service,medium,30,2.206,2.868,3.002
Stage 02,Users extraido,1,heap_alloc_mb,MB,users-service,high,30,3.352,4.12,4.301
Stage 02,Users extraido,1,gc_pause_ms,ms,cadvisor,low,30,0.135,0.226,0.23
Stage 02,Users extraido,1,gc_pause_ms,ms,cadvisor,medium,30,0.161,0.25,0.251
Stage 02,Users extraido,1,gc_pause_ms,ms,cadvisor,high,30,0.33,0.866,0.893
Stage 02,Users extraido,1,gc_pause_ms,ms,prometheus,low,30,0.053,0.133,0.133
Stage 02,Users extraido,1,gc_pause_ms,ms,prometheus,medium,30,0.047,0.125,0.125
Stage 02,Users extraido,1,gc_pause_ms,ms,prometheus,high,30,0.2,1.088,1.088
Stage 02,Users extraido,1,gc_pause_ms,ms,monolith-partial,low,30,0.428,0.529,0.534
Stage 02,Users extraido,1,gc_pause_ms,ms,monolith-partial,medium,30,0.276,0.305,0.331
Stage 02,Users extraido,1,gc_pause_ms,ms,monolith-partial,high,30,2.187,2.456,2.507
Stage 02,Users extraido,1,gc_pause_ms,ms,users-service,low,30,0.336,0.578,0.583
Stage 02,Users extraido,1,gc_pause_ms,ms,users-service,medium,30,0.214,0.254,0.255
Stage 02,Users extraido,1,gc_pause_ms,ms,users-service,high,30,1.347,1.697,1.711
Stage 02,Users extraido,1,pool_acquired_conns,conexoes,monolith-partial,low,30,0.4,2.55,3.0
Stage 02,Users extraido,1,pool_acquired_conns,conexoes,monolith-partial,medium,30,0.933,3.55,5.0
Stage 02,Users extraido,1,pool_acquired_conns,conexoes,monolith-partial,high,30,8.233,14.0,14.0
Stage 02,Users extraido,1,pool_acquired_conns,conexoes,users-service,low,30,0.0,0.0,0.0
Stage 02,Users extraido,1,pool_acquired_conns,conexoes,users-service,medium,30,0.167,1.1,3.0
Stage 02,Users extraido,1,pool_acquired_conns,conexoes,users-service,high,30,0.967,3.1,10.0
Stage 02,Users extraido,1,pool_idle_conns,conexoes,monolith-partial,low,30,13.4,14.0,14.0
Stage 02,Users extraido,1,pool_idle_conns,conexoes,monolith-partial,medium,30,13.067,14.0,14.0
Stage 02,Users extraido,1,pool_idle_conns,conexoes,monolith-partial,high,30,5.767,14.0,14.0
Stage 02,Users extraido,1,pool_idle_conns,conexoes,users-service,low,30,7.5,8.0,8.0
Stage 02,Users extraido,1,pool_idle_conns,conexoes,users-service,medium,30,8.833,10.0,10.0
Stage 02,Users extraido,1,pool_idle_conns,conexoes,users-service,high,30,13.0,14.0,14.0
Stage 02,Users extraido,1,pool_total_conns,conexoes,monolith-partial,low,30,13.8,14.0,14.0
Stage 02,Users extraido,1,pool_total_conns,conexoes,monolith-partial,medium,30,14.0,14.0,14.0
Stage 02,Users extraido,1,pool_total_conns,conexoes,monolith-partial,high,30,14.0,14.0,14.0
Stage 02,Users extraido,1,pool_total_conns,conexoes,users-service,low,30,7.5,8.0,8.0
Stage 02,Users extraido,1,pool_total_conns,conexoes,users-service,medium,30,9.0,10.0,10.0
Stage 02,Users extraido,1,pool_total_conns,conexoes,users-service,high,30,13.967,14.0,14.0
Stage 02,Users extraido,1,pool_wait_per_acquire_ms,ms,monolith-partial,low,30,0.004,0.016,0.021
Stage 02,Users extraido,1,pool_wait_per_acquire_ms,ms,monolith-partial,medium,30,0.001,0.002,0.002
Stage 02,Users extraido,1,pool_wait_per_acquire_ms,ms,monolith-partial,high,30,1.977,2.488,2.585
Stage 02,Users extraido,1,pool_wait_per_acquire_ms,ms,users-service,low,30,0.005,0.014,0.03
Stage 02,Users extraido,1,pool_wait_per_acquire_ms,ms,users-service,medium,30,0.002,0.002,0.002
Stage 02,Users extraido,1,pool_wait_per_acquire_ms,ms,users-service,high,30,0.025,0.045,0.05
Stage 02,Users extraido,1,pool_empty_acquire_per_s,por segundo,monolith-partial,low,30,0.05,0.25,0.258
Stage 02,Users extraido,1,pool_empty_acquire_per_s,por segundo,monolith-partial,medium,30,0.199,0.682,0.72
Stage 02,Users extraido,1,pool_empty_acquire_per_s,por segundo,monolith-partial,high,30,696.081,849.122,867.36
Stage 02,Users extraido,1,pool_empty_acquire_per_s,por segundo,users-service,low,30,0.023,0.1,0.12
Stage 02,Users extraido,1,pool_empty_acquire_per_s,por segundo,users-service,medium,30,0.005,0.02,0.02
Stage 02,Users extraido,1,pool_empty_acquire_per_s,por segundo,users-service,high,30,11.411,17.87,18.64
Stage 02,Users extraido,1,cpu_percent,percentual de um nucleo,nginx,low,60,26.525,31.027,32.55
Stage 02,Users extraido,1,cpu_percent,percentual de um nucleo,nginx,medium,60,66.136,69.46,77.25
Stage 02,Users extraido,1,cpu_percent,percentual de um nucleo,nginx,high,60,482.479,712.606,727.06
Stage 02,Users extraido,1,memory_mb,MB,nginx,low,60,15.871,16.52,16.93
Stage 02,Users extraido,1,memory_mb,MB,nginx,medium,60,18.874,19.439,19.65
Stage 02,Users extraido,1,memory_mb,MB,nginx,high,60,22.982,24.827,25.84
Stage 02,Users extraido,1,cpu_percent,percentual de um nucleo,grafana,low,60,0.101,0.131,1.5
Stage 02,Users extraido,1,cpu_percent,percentual de um nucleo,grafana,medium,60,0.063,0.081,0.49
Stage 02,Users extraido,1,cpu_percent,percentual de um nucleo,grafana,high,60,0.15,0.081,3.61
Stage 02,Users extraido,1,memory_mb,MB,grafana,low,60,46.566,48.7,48.71
Stage 02,Users extraido,1,memory_mb,MB,grafana,medium,60,43.364,43.84,43.84
Stage 02,Users extraido,1,memory_mb,MB,grafana,high,60,43.204,43.22,43.43
Stage 02,Users extraido,1,cpu_percent,percentual de um nucleo,monolith-partial,low,60,43.177,49.27,50.73
Stage 02,Users extraido,1,cpu_percent,percentual de um nucleo,monolith-partial,medium,60,90.607,97.08,106.93
Stage 02,Users extraido,1,cpu_percent,percentual de um nucleo,monolith-partial,high,60,150.274,217.66,221.5
Stage 02,Users extraido,1,memory_mb,MB,monolith-partial,low,60,17.263,18.22,18.98
Stage 02,Users extraido,1,memory_mb,MB,monolith-partial,medium,60,18.179,19.056,19.29
Stage 02,Users extraido,1,memory_mb,MB,monolith-partial,high,60,23.849,25.548,26.6
Stage 02,Users extraido,1,cpu_percent,percentual de um nucleo,users-service,low,60,15.495,18.896,19.37
Stage 02,Users extraido,1,cpu_percent,percentual de um nucleo,users-service,medium,60,33.469,36.404,39.77
Stage 02,Users extraido,1,cpu_percent,percentual de um nucleo,users-service,high,60,50.429,80.966,88.79
Stage 02,Users extraido,1,memory_mb,MB,users-service,low,60,12.233,13.312,13.84
Stage 02,Users extraido,1,memory_mb,MB,users-service,medium,60,12.798,13.606,14.07
Stage 02,Users extraido,1,memory_mb,MB,users-service,high,60,16.744,18.451,18.76
Stage 02,Users extraido,1,cpu_percent,percentual de um nucleo,postgres,low,60,30.197,36.057,40.99
Stage 02,Users extraido,1,cpu_percent,percentual de um nucleo,postgres,medium,60,67.009,86.168,88.97
Stage 02,Users extraido,1,cpu_percent,percentual de um nucleo,postgres,high,60,116.34,169.484,177.72
Stage 02,Users extraido,1,memory_mb,MB,postgres,low,60,74.965,77.803,78.18
Stage 02,Users extraido,1,memory_mb,MB,postgres,medium,60,90.466,100.22,102.0
Stage 02,Users extraido,1,memory_mb,MB,postgres,high,60,125.04,137.91,139.2
Stage 02,Users extraido,1,cpu_percent,percentual de um nucleo,prometheus,low,60,0.121,0.201,2.22
Stage 02,Users extraido,1,cpu_percent,percentual de um nucleo,prometheus,medium,60,0.061,0.12,0.95
Stage 02,Users extraido,1,cpu_percent,percentual de um nucleo,prometheus,high,60,0.072,0.12,1.19
Stage 02,Users extraido,1,memory_mb,MB,prometheus,low,60,32.536,35.32,35.46
Stage 02,Users extraido,1,memory_mb,MB,prometheus,medium,60,33.436,35.421,35.44
Stage 02,Users extraido,1,memory_mb,MB,prometheus,high,60,34.308,35.77,35.8
Stage 02,Users extraido,1,cpu_percent,percentual de um nucleo,cadvisor,low,60,0.125,0.393,4.67
Stage 02,Users extraido,1,cpu_percent,percentual de um nucleo,cadvisor,medium,60,0.051,0.27,1.43
Stage 02,Users extraido,1,cpu_percent,percentual de um nucleo,cadvisor,high,60,0.169,1.146,2.01
Stage 02,Users extraido,1,memory_mb,MB,cadvisor,low,60,18.499,19.604,20.17
Stage 02,Users extraido,1,memory_mb,MB,cadvisor,medium,60,19.435,21.27,21.36
Stage 02,Users extraido,1,memory_mb,MB,cadvisor,high,60,20.255,21.787,21.95
Stage 02,Users extraido,2,process_cpu_percent,percentual de um nucleo,cadvisor,low,30,0.248,0.3,0.32
Stage 02,Users extraido,2,process_cpu_percent,percentual de um nucleo,cadvisor,medium,30,0.163,0.2,0.24
Stage 02,Users extraido,2,process_cpu_percent,percentual de um nucleo,cadvisor,high,30,0.197,0.24,0.24
Stage 02,Users extraido,2,process_cpu_percent,percentual de um nucleo,prometheus,low,30,0.199,0.26,0.28
Stage 02,Users extraido,2,process_cpu_percent,percentual de um nucleo,prometheus,medium,30,0.118,0.14,0.16
Stage 02,Users extraido,2,process_cpu_percent,percentual de um nucleo,prometheus,high,30,0.151,0.18,0.18
Stage 02,Users extraido,2,process_cpu_percent,percentual de um nucleo,monolith-partial,low,30,37.731,41.891,42.1
Stage 02,Users extraido,2,process_cpu_percent,percentual de um nucleo,monolith-partial,medium,30,81.495,87.432,87.66
Stage 02,Users extraido,2,process_cpu_percent,percentual de um nucleo,monolith-partial,high,30,148.23,157.576,160.0
Stage 02,Users extraido,2,process_cpu_percent,percentual de um nucleo,users-service,low,30,13.2,14.642,14.68
Stage 02,Users extraido,2,process_cpu_percent,percentual de um nucleo,users-service,medium,30,30.445,32.142,32.22
Stage 02,Users extraido,2,process_cpu_percent,percentual de um nucleo,users-service,high,30,50.854,53.806,54.21
Stage 02,Users extraido,2,process_memory_mb,MB,cadvisor,low,30,40.261,41.129,41.715
Stage 02,Users extraido,2,process_memory_mb,MB,cadvisor,medium,30,42.106,43.326,43.465
Stage 02,Users extraido,2,process_memory_mb,MB,cadvisor,high,30,42.214,44.372,44.484
Stage 02,Users extraido,2,process_memory_mb,MB,prometheus,low,30,83.143,85.295,85.477
Stage 02,Users extraido,2,process_memory_mb,MB,prometheus,medium,30,86.952,87.42,87.602
Stage 02,Users extraido,2,process_memory_mb,MB,prometheus,high,30,87.315,88.015,88.098
Stage 02,Users extraido,2,process_memory_mb,MB,monolith-partial,low,30,23.427,24.837,25.156
Stage 02,Users extraido,2,process_memory_mb,MB,monolith-partial,medium,30,24.591,25.086,25.164
Stage 02,Users extraido,2,process_memory_mb,MB,monolith-partial,high,30,30.14,30.964,31.988
Stage 02,Users extraido,2,process_memory_mb,MB,users-service,low,30,18.57,19.102,19.328
Stage 02,Users extraido,2,process_memory_mb,MB,users-service,medium,30,19.074,19.581,19.957
Stage 02,Users extraido,2,process_memory_mb,MB,users-service,high,30,22.926,23.646,24.742
Stage 02,Users extraido,2,goroutines,goroutines,cadvisor,low,30,26.767,28.0,28.0
Stage 02,Users extraido,2,goroutines,goroutines,cadvisor,medium,30,27.1,28.0,28.0
Stage 02,Users extraido,2,goroutines,goroutines,cadvisor,high,30,26.6,27.55,28.0
Stage 02,Users extraido,2,goroutines,goroutines,prometheus,low,30,39.033,39.0,40.0
Stage 02,Users extraido,2,goroutines,goroutines,prometheus,medium,30,39.033,39.0,40.0
Stage 02,Users extraido,2,goroutines,goroutines,prometheus,high,30,39.167,40.0,41.0
Stage 02,Users extraido,2,goroutines,goroutines,monolith-partial,low,30,11.1,24.85,28.0
Stage 02,Users extraido,2,goroutines,goroutines,monolith-partial,medium,30,11.433,18.65,20.0
Stage 02,Users extraido,2,goroutines,goroutines,monolith-partial,high,30,90.133,154.05,207.0
Stage 02,Users extraido,2,goroutines,goroutines,users-service,low,30,9.667,12.1,19.0
Stage 02,Users extraido,2,goroutines,goroutines,users-service,medium,30,9.533,12.0,16.0
Stage 02,Users extraido,2,goroutines,goroutines,users-service,high,30,36.767,66.55,89.0
Stage 02,Users extraido,2,heap_alloc_mb,MB,cadvisor,low,30,6.139,7.733,8.191
Stage 02,Users extraido,2,heap_alloc_mb,MB,cadvisor,medium,30,6.798,8.587,9.185
Stage 02,Users extraido,2,heap_alloc_mb,MB,cadvisor,high,30,6.935,9.819,10.581
Stage 02,Users extraido,2,heap_alloc_mb,MB,prometheus,low,30,23.401,27.307,27.694
Stage 02,Users extraido,2,heap_alloc_mb,MB,prometheus,medium,30,25.523,27.892,28.227
Stage 02,Users extraido,2,heap_alloc_mb,MB,prometheus,high,30,24.662,28.1,28.571
Stage 02,Users extraido,2,heap_alloc_mb,MB,monolith-partial,low,30,4.17,4.928,5.138
Stage 02,Users extraido,2,heap_alloc_mb,MB,monolith-partial,medium,30,4.21,4.819,5.28
Stage 02,Users extraido,2,heap_alloc_mb,MB,monolith-partial,high,30,6.484,8.318,8.926
Stage 02,Users extraido,2,heap_alloc_mb,MB,users-service,low,30,2.129,2.613,2.861
Stage 02,Users extraido,2,heap_alloc_mb,MB,users-service,medium,30,2.274,2.716,3.108
Stage 02,Users extraido,2,heap_alloc_mb,MB,users-service,high,30,3.299,4.177,5.51
Stage 02,Users extraido,2,gc_pause_ms,ms,cadvisor,low,30,0.142,0.186,0.202
Stage 02,Users extraido,2,gc_pause_ms,ms,cadvisor,medium,30,0.146,0.212,0.227
Stage 02,Users extraido,2,gc_pause_ms,ms,cadvisor,high,30,0.626,1.589,1.628
Stage 02,Users extraido,2,gc_pause_ms,ms,prometheus,low,30,0.055,0.19,0.19
Stage 02,Users extraido,2,gc_pause_ms,ms,prometheus,medium,30,0.029,0.089,0.089
Stage 02,Users extraido,2,gc_pause_ms,ms,prometheus,high,30,0.071,0.304,0.304
Stage 02,Users extraido,2,gc_pause_ms,ms,monolith-partial,low,30,0.453,0.539,0.543
Stage 02,Users extraido,2,gc_pause_ms,ms,monolith-partial,medium,30,0.287,0.379,0.408
Stage 02,Users extraido,2,gc_pause_ms,ms,monolith-partial,high,30,2.446,2.783,2.911
Stage 02,Users extraido,2,gc_pause_ms,ms,users-service,low,30,0.318,0.436,0.492
Stage 02,Users extraido,2,gc_pause_ms,ms,users-service,medium,30,0.202,0.246,0.283
Stage 02,Users extraido,2,gc_pause_ms,ms,users-service,high,30,1.603,2.036,2.065
Stage 02,Users extraido,2,pool_acquired_conns,conexoes,monolith-partial,low,30,0.567,4.1,7.0
Stage 02,Users extraido,2,pool_acquired_conns,conexoes,monolith-partial,medium,30,0.6,2.0,3.0
Stage 02,Users extraido,2,pool_acquired_conns,conexoes,monolith-partial,high,30,5.933,14.0,14.0
Stage 02,Users extraido,2,pool_acquired_conns,conexoes,users-service,low,30,0.167,1.0,3.0
Stage 02,Users extraido,2,pool_acquired_conns,conexoes,users-service,medium,30,0.1,0.55,2.0
Stage 02,Users extraido,2,pool_acquired_conns,conexoes,users-service,high,30,1.733,8.95,14.0
Stage 02,Users extraido,2,pool_idle_conns,conexoes,monolith-partial,low,30,13.033,14.0,14.0
Stage 02,Users extraido,2,pool_idle_conns,conexoes,monolith-partial,medium,30,13.4,14.0,14.0
Stage 02,Users extraido,2,pool_idle_conns,conexoes,monolith-partial,high,30,8.067,14.0,14.0
Stage 02,Users extraido,2,pool_idle_conns,conexoes,users-service,low,30,7.9,9.0,9.0
Stage 02,Users extraido,2,pool_idle_conns,conexoes,users-service,medium,30,9.333,10.0,10.0
Stage 02,Users extraido,2,pool_idle_conns,conexoes,users-service,high,30,12.267,14.0,14.0
Stage 02,Users extraido,2,pool_total_conns,conexoes,monolith-partial,low,30,13.6,14.0,14.0
Stage 02,Users extraido,2,pool_total_conns,conexoes,monolith-partial,medium,30,14.0,14.0,14.0
Stage 02,Users extraido,2,pool_total_conns,conexoes,monolith-partial,high,30,14.0,14.0,14.0
Stage 02,Users extraido,2,pool_total_conns,conexoes,users-service,low,30,8.067,9.0,9.0
Stage 02,Users extraido,2,pool_total_conns,conexoes,users-service,medium,30,9.433,10.0,10.0
Stage 02,Users extraido,2,pool_total_conns,conexoes,users-service,high,30,14.0,14.0,14.0
Stage 02,Users extraido,2,pool_wait_per_acquire_ms,ms,monolith-partial,low,30,0.005,0.017,0.029
Stage 02,Users extraido,2,pool_wait_per_acquire_ms,ms,monolith-partial,medium,30,0.001,0.001,0.001
Stage 02,Users extraido,2,pool_wait_per_acquire_ms,ms,monolith-partial,high,30,2.652,3.196,3.254
Stage 02,Users extraido,2,pool_wait_per_acquire_ms,ms,users-service,low,30,0.005,0.016,0.02
Stage 02,Users extraido,2,pool_wait_per_acquire_ms,ms,users-service,medium,30,0.002,0.002,0.002
Stage 02,Users extraido,2,pool_wait_per_acquire_ms,ms,users-service,high,30,0.034,0.061,0.071
Stage 02,Users extraido,2,pool_empty_acquire_per_s,por segundo,monolith-partial,low,30,0.087,0.22,0.241
Stage 02,Users extraido,2,pool_empty_acquire_per_s,por segundo,monolith-partial,medium,30,0.344,0.733,0.98
Stage 02,Users extraido,2,pool_empty_acquire_per_s,por segundo,monolith-partial,high,30,808.224,964.768,975.6
Stage 02,Users extraido,2,pool_empty_acquire_per_s,por segundo,users-service,low,30,0.025,0.1,0.1
Stage 02,Users extraido,2,pool_empty_acquire_per_s,por segundo,users-service,medium,30,0.003,0.02,0.02
Stage 02,Users extraido,2,pool_empty_acquire_per_s,por segundo,users-service,high,30,12.627,18.917,19.5
Stage 02,Users extraido,2,cpu_percent,percentual de um nucleo,nginx,low,60,27.095,30.433,31.01
Stage 02,Users extraido,2,cpu_percent,percentual de um nucleo,nginx,medium,60,65.615,69.037,71.61
Stage 02,Users extraido,2,cpu_percent,percentual de um nucleo,nginx,high,60,445.891,682.136,689.02
Stage 02,Users extraido,2,memory_mb,MB,nginx,low,60,15.683,16.342,16.5
Stage 02,Users extraido,2,memory_mb,MB,nginx,medium,60,18.605,19.181,19.61
Stage 02,Users extraido,2,memory_mb,MB,nginx,high,60,22.441,24.428,25.23
Stage 02,Users extraido,2,cpu_percent,percentual de um nucleo,grafana,low,60,0.139,0.652,1.46
Stage 02,Users extraido,2,cpu_percent,percentual de um nucleo,grafana,medium,60,0.128,0.39,3.21
Stage 02,Users extraido,2,cpu_percent,percentual de um nucleo,grafana,high,60,0.088,0.102,1.41
Stage 02,Users extraido,2,memory_mb,MB,grafana,low,60,47.431,49.95,50.16
Stage 02,Users extraido,2,memory_mb,MB,grafana,medium,60,44.119,44.23,44.23
Stage 02,Users extraido,2,memory_mb,MB,grafana,high,60,43.896,43.91,44.16
Stage 02,Users extraido,2,cpu_percent,percentual de um nucleo,monolith-partial,low,60,43.386,51.016,52.39
Stage 02,Users extraido,2,cpu_percent,percentual de um nucleo,monolith-partial,medium,60,89.006,96.281,98.81
Stage 02,Users extraido,2,cpu_percent,percentual de um nucleo,monolith-partial,high,60,145.28,211.198,219.55
Stage 02,Users extraido,2,memory_mb,MB,monolith-partial,low,60,17.344,18.743,19.03
Stage 02,Users extraido,2,memory_mb,MB,monolith-partial,medium,60,18.229,19.113,19.25
Stage 02,Users extraido,2,memory_mb,MB,monolith-partial,high,60,24.322,26.009,29.67
Stage 02,Users extraido,2,cpu_percent,percentual de um nucleo,users-service,low,60,15.323,18.063,18.9
Stage 02,Users extraido,2,cpu_percent,percentual de um nucleo,users-service,medium,60,32.88,35.319,36.58
Stage 02,Users extraido,2,cpu_percent,percentual de um nucleo,users-service,high,60,51.023,74.845,81.89
Stage 02,Users extraido,2,memory_mb,MB,users-service,low,60,12.062,13.167,13.66
Stage 02,Users extraido,2,memory_mb,MB,users-service,medium,60,12.81,13.803,13.98
Stage 02,Users extraido,2,memory_mb,MB,users-service,high,60,16.772,18.022,18.36
Stage 02,Users extraido,2,cpu_percent,percentual de um nucleo,postgres,low,60,29.184,35.741,39.61
Stage 02,Users extraido,2,cpu_percent,percentual de um nucleo,postgres,medium,60,66.108,82.367,89.94
Stage 02,Users extraido,2,cpu_percent,percentual de um nucleo,postgres,high,60,115.055,164.12,176.25
Stage 02,Users extraido,2,memory_mb,MB,postgres,low,60,75.506,79.301,79.71
Stage 02,Users extraido,2,memory_mb,MB,postgres,medium,60,90.995,100.415,101.3
Stage 02,Users extraido,2,memory_mb,MB,postgres,high,60,124.57,137.01,138.3
Stage 02,Users extraido,2,cpu_percent,percentual de um nucleo,prometheus,low,60,0.442,1.361,2.75
Stage 02,Users extraido,2,cpu_percent,percentual de um nucleo,prometheus,medium,60,0.321,0.801,1.03
Stage 02,Users extraido,2,cpu_percent,percentual de um nucleo,prometheus,high,60,0.439,1.101,1.6
Stage 02,Users extraido,2,memory_mb,MB,prometheus,low,60,33.334,35.592,36.21
Stage 02,Users extraido,2,memory_mb,MB,prometheus,medium,60,36.903,37.566,38.1
Stage 02,Users extraido,2,memory_mb,MB,prometheus,high,60,36.845,37.68,37.92
Stage 02,Users extraido,2,cpu_percent,percentual de um nucleo,cadvisor,low,60,0.073,0.381,2.86
Stage 02,Users extraido,2,cpu_percent,percentual de um nucleo,cadvisor,medium,60,0.009,0.0,0.3
Stage 02,Users extraido,2,cpu_percent,percentual de um nucleo,cadvisor,high,60,0.11,0.895,1.73
Stage 02,Users extraido,2,memory_mb,MB,cadvisor,low,60,18.038,18.91,19.0
Stage 02,Users extraido,2,memory_mb,MB,cadvisor,medium,60,19.623,20.73,21.09
Stage 02,Users extraido,2,memory_mb,MB,cadvisor,high,60,19.636,21.88,21.91
Stage 02,Users extraido,3,process_cpu_percent,percentual de um nucleo,cadvisor,low,30,0.247,0.291,0.32
Stage 02,Users extraido,3,process_cpu_percent,percentual de um nucleo,cadvisor,medium,30,0.171,0.22,0.24
Stage 02,Users extraido,3,process_cpu_percent,percentual de um nucleo,cadvisor,high,30,0.22,0.311,0.32
Stage 02,Users extraido,3,process_cpu_percent,percentual de um nucleo,prometheus,low,30,0.216,0.26,0.467
Stage 02,Users extraido,3,process_cpu_percent,percentual de um nucleo,prometheus,medium,30,0.125,0.151,0.16
Stage 02,Users extraido,3,process_cpu_percent,percentual de um nucleo,prometheus,high,30,0.152,0.18,0.18
Stage 02,Users extraido,3,process_cpu_percent,percentual de um nucleo,monolith-partial,low,30,37.996,41.784,42.02
Stage 02,Users extraido,3,process_cpu_percent,percentual de um nucleo,monolith-partial,medium,30,82.685,88.757,89.02
Stage 02,Users extraido,3,process_cpu_percent,percentual de um nucleo,monolith-partial,high,30,148.767,157.478,158.354
Stage 02,Users extraido,3,process_cpu_percent,percentual de um nucleo,users-service,low,30,12.939,14.471,14.5
Stage 02,Users extraido,3,process_cpu_percent,percentual de um nucleo,users-service,medium,30,30.383,33.008,33.08
Stage 02,Users extraido,3,process_cpu_percent,percentual de um nucleo,users-service,high,30,50.43,53.82,53.94
Stage 02,Users extraido,3,process_memory_mb,MB,cadvisor,low,30,40.253,41.539,41.855
Stage 02,Users extraido,3,process_memory_mb,MB,cadvisor,medium,30,42.295,43.417,43.586
Stage 02,Users extraido,3,process_memory_mb,MB,cadvisor,high,30,42.1,43.398,43.449
Stage 02,Users extraido,3,process_memory_mb,MB,prometheus,low,30,83.844,85.84,85.84
Stage 02,Users extraido,3,process_memory_mb,MB,prometheus,medium,30,86.719,88.965,89.215
Stage 02,Users extraido,3,process_memory_mb,MB,prometheus,high,30,89.431,89.84,89.84
Stage 02,Users extraido,3,process_memory_mb,MB,monolith-partial,low,30,23.851,24.61,24.805
Stage 02,Users extraido,3,process_memory_mb,MB,monolith-partial,medium,30,24.594,25.424,25.598
Stage 02,Users extraido,3,process_memory_mb,MB,monolith-partial,high,30,30.157,31.169,31.441
Stage 02,Users extraido,3,process_memory_mb,MB,users-service,low,30,18.393,18.899,19.102
Stage 02,Users extraido,3,process_memory_mb,MB,users-service,medium,30,19.351,19.721,19.789
Stage 02,Users extraido,3,process_memory_mb,MB,users-service,high,30,22.788,23.493,23.965
Stage 02,Users extraido,3,goroutines,goroutines,cadvisor,low,30,26.833,28.0,28.0
Stage 02,Users extraido,3,goroutines,goroutines,cadvisor,medium,30,26.767,28.0,28.0
Stage 02,Users extraido,3,goroutines,goroutines,cadvisor,high,30,26.6,28.0,28.0
Stage 02,Users extraido,3,goroutines,goroutines,prometheus,low,30,39.1,40.0,40.0
Stage 02,Users extraido,3,goroutines,goroutines,prometheus,medium,30,39.0,39.0,39.0
Stage 02,Users extraido,3,goroutines,goroutines,prometheus,high,30,39.2,40.0,40.0
Stage 02,Users extraido,3,goroutines,goroutines,monolith-partial,low,30,11.633,23.2,31.0
Stage 02,Users extraido,3,goroutines,goroutines,monolith-partial,medium,30,13.7,24.0,26.0
Stage 02,Users extraido,3,goroutines,goroutines,monolith-partial,high,30,99.2,190.3,257.0
Stage 02,Users extraido,3,goroutines,goroutines,users-service,low,30,9.2,10.0,12.0
Stage 02,Users extraido,3,goroutines,goroutines,users-service,medium,30,9.667,13.65,16.0
Stage 02,Users extraido,3,goroutines,goroutines,users-service,high,30,32.433,63.95,78.0
Stage 02,Users extraido,3,heap_alloc_mb,MB,cadvisor,low,30,6.34,8.363,8.445
Stage 02,Users extraido,3,heap_alloc_mb,MB,cadvisor,medium,30,6.558,8.465,8.871
Stage 02,Users extraido,3,heap_alloc_mb,MB,cadvisor,high,30,6.984,8.92,8.984
Stage 02,Users extraido,3,heap_alloc_mb,MB,prometheus,low,30,19.747,22.391,22.83
Stage 02,Users extraido,3,heap_alloc_mb,MB,prometheus,medium,30,24.81,29.569,30.315
Stage 02,Users extraido,3,heap_alloc_mb,MB,prometheus,high,30,25.546,28.079,28.582
Stage 02,Users extraido,3,heap_alloc_mb,MB,monolith-partial,low,30,4.158,4.905,5.056
Stage 02,Users extraido,3,heap_alloc_mb,MB,monolith-partial,medium,30,4.302,5.01,5.1
Stage 02,Users extraido,3,heap_alloc_mb,MB,monolith-partial,high,30,5.973,6.915,7.117
Stage 02,Users extraido,3,heap_alloc_mb,MB,users-service,low,30,1.994,2.632,2.698
Stage 02,Users extraido,3,heap_alloc_mb,MB,users-service,medium,30,2.357,2.99,3.173
Stage 02,Users extraido,3,heap_alloc_mb,MB,users-service,high,30,3.43,4.137,4.418
Stage 02,Users extraido,3,gc_pause_ms,ms,cadvisor,low,30,0.164,0.225,0.228
Stage 02,Users extraido,3,gc_pause_ms,ms,cadvisor,medium,30,0.132,0.24,0.257
Stage 02,Users extraido,3,gc_pause_ms,ms,cadvisor,high,30,2.531,12.443,12.465
Stage 02,Users extraido,3,gc_pause_ms,ms,prometheus,low,30,0.047,0.115,0.115
Stage 02,Users extraido,3,gc_pause_ms,ms,prometheus,medium,30,0.03,0.132,0.132
Stage 02,Users extraido,3,gc_pause_ms,ms,prometheus,high,30,0.06,0.208,0.208
Stage 02,Users extraido,3,gc_pause_ms,ms,monolith-partial,low,30,0.451,0.542,0.572
Stage 02,Users extraido,3,gc_pause_ms,ms,monolith-partial,medium,30,0.294,0.336,0.392
Stage 02,Users extraido,3,gc_pause_ms,ms,monolith-partial,high,30,2.479,2.92,2.971
Stage 02,Users extraido,3,gc_pause_ms,ms,users-service,low,30,0.293,0.384,0.403
Stage 02,Users extraido,3,gc_pause_ms,ms,users-service,medium,30,0.234,0.298,0.331
Stage 02,Users extraido,3,gc_pause_ms,ms,users-service,high,30,1.465,1.742,1.868
Stage 02,Users extraido,3,pool_acquired_conns,conexoes,monolith-partial,low,30,0.6,3.55,7.0
Stage 02,Users extraido,3,pool_acquired_conns,conexoes,monolith-partial,medium,30,1.233,4.55,5.0
Stage 02,Users extraido,3,pool_acquired_conns,conexoes,monolith-partial,high,30,7.533,14.0,14.0
Stage 02,Users extraido,3,pool_acquired_conns,conexoes,users-service,low,30,0.0,0.0,0.0
Stage 02,Users extraido,3,pool_acquired_conns,conexoes,users-service,medium,30,0.167,1.55,2.0
Stage 02,Users extraido,3,pool_acquired_conns,conexoes,users-service,high,30,0.467,2.55,4.0
Stage 02,Users extraido,3,pool_idle_conns,conexoes,monolith-partial,low,30,13.167,14.0,14.0
Stage 02,Users extraido,3,pool_idle_conns,conexoes,monolith-partial,medium,30,12.767,14.0,14.0
Stage 02,Users extraido,3,pool_idle_conns,conexoes,monolith-partial,high,30,6.467,14.0,14.0
Stage 02,Users extraido,3,pool_idle_conns,conexoes,users-service,low,30,6.733,7.0,7.0
Stage 02,Users extraido,3,pool_idle_conns,conexoes,users-service,medium,30,9.433,10.0,10.0
Stage 02,Users extraido,3,pool_idle_conns,conexoes,users-service,high,30,13.5,14.0,14.0
Stage 02,Users extraido,3,pool_total_conns,conexoes,monolith-partial,low,30,13.767,14.0,14.0
Stage 02,Users extraido,3,pool_total_conns,conexoes,monolith-partial,medium,30,14.0,14.0,14.0
Stage 02,Users extraido,3,pool_total_conns,conexoes,monolith-partial,high,30,14.0,14.0,14.0
Stage 02,Users extraido,3,pool_total_conns,conexoes,users-service,low,30,6.733,7.0,7.0
Stage 02,Users extraido,3,pool_total_conns,conexoes,users-service,medium,30,9.6,10.0,10.0
Stage 02,Users extraido,3,pool_total_conns,conexoes,users-service,high,30,13.967,14.0,14.0
Stage 02,Users extraido,3,pool_wait_per_acquire_ms,ms,monolith-partial,low,30,0.004,0.015,0.024
Stage 02,Users extraido,3,pool_wait_per_acquire_ms,ms,monolith-partial,medium,30,0.002,0.004,0.004
Stage 02,Users extraido,3,pool_wait_per_acquire_ms,ms,monolith-partial,high,30,2.698,3.582,3.672
Stage 02,Users extraido,3,pool_wait_per_acquire_ms,ms,users-service,low,30,0.006,0.022,0.037
Stage 02,Users extraido,3,pool_wait_per_acquire_ms,ms,users-service,medium,30,0.002,0.003,0.003
Stage 02,Users extraido,3,pool_wait_per_acquire_ms,ms,users-service,high,30,0.026,0.036,0.038
Stage 02,Users extraido,3,pool_empty_acquire_per_s,por segundo,monolith-partial,low,30,0.072,0.227,0.24
Stage 02,Users extraido,3,pool_empty_acquire_per_s,por segundo,monolith-partial,medium,30,0.791,2.54,2.64
Stage 02,Users extraido,3,pool_empty_acquire_per_s,por segundo,monolith-partial,high,30,830.138,994.186,1007.4
Stage 02,Users extraido,3,pool_empty_acquire_per_s,por segundo,users-service,low,30,0.02,0.1,0.1
Stage 02,Users extraido,3,pool_empty_acquire_per_s,por segundo,users-service,medium,30,0.01,0.06,0.06
Stage 02,Users extraido,3,pool_empty_acquire_per_s,por segundo,users-service,high,30,12.64,16.852,17.0
Stage 02,Users extraido,3,cpu_percent,percentual de um nucleo,nginx,low,60,27.161,30.779,31.48
Stage 02,Users extraido,3,cpu_percent,percentual de um nucleo,nginx,medium,60,66.066,70.163,84.68
Stage 02,Users extraido,3,cpu_percent,percentual de um nucleo,nginx,high,60,401.718,672.689,709.23
Stage 02,Users extraido,3,memory_mb,MB,nginx,low,60,15.763,16.394,16.69
Stage 02,Users extraido,3,memory_mb,MB,nginx,medium,60,18.695,19.402,19.56
Stage 02,Users extraido,3,memory_mb,MB,nginx,high,60,22.328,24.201,24.8
Stage 02,Users extraido,3,cpu_percent,percentual de um nucleo,users-service,low,60,14.451,17.267,18.56
Stage 02,Users extraido,3,cpu_percent,percentual de um nucleo,users-service,medium,60,33.311,35.972,37.27
Stage 02,Users extraido,3,cpu_percent,percentual de um nucleo,users-service,high,60,53.934,77.95,81.57
Stage 02,Users extraido,3,memory_mb,MB,users-service,low,60,12.011,13.165,13.5
Stage 02,Users extraido,3,memory_mb,MB,users-service,medium,60,12.706,13.681,14.4
Stage 02,Users extraido,3,memory_mb,MB,users-service,high,60,16.187,17.293,17.7
Stage 02,Users extraido,3,cpu_percent,percentual de um nucleo,monolith-partial,low,60,43.488,50.856,55.98
Stage 02,Users extraido,3,cpu_percent,percentual de um nucleo,monolith-partial,medium,60,90.758,99.192,108.98
Stage 02,Users extraido,3,cpu_percent,percentual de um nucleo,monolith-partial,high,60,159.115,215.219,222.91
Stage 02,Users extraido,3,memory_mb,MB,monolith-partial,low,60,17.51,18.816,19.24
Stage 02,Users extraido,3,memory_mb,MB,monolith-partial,medium,60,18.067,18.836,19.43
Stage 02,Users extraido,3,memory_mb,MB,monolith-partial,high,60,24.348,26.046,27.12
Stage 02,Users extraido,3,cpu_percent,percentual de um nucleo,grafana,low,60,0.09,0.43,0.48
Stage 02,Users extraido,3,cpu_percent,percentual de um nucleo,grafana,medium,60,0.146,0.094,5.48
Stage 02,Users extraido,3,cpu_percent,percentual de um nucleo,grafana,high,60,0.066,0.111,0.34
Stage 02,Users extraido,3,memory_mb,MB,grafana,low,60,52.665,56.42,56.68
Stage 02,Users extraido,3,memory_mb,MB,grafana,medium,60,47.573,47.64,48.05
Stage 02,Users extraido,3,memory_mb,MB,grafana,high,60,47.145,47.16,47.56
Stage 02,Users extraido,3,cpu_percent,percentual de um nucleo,postgres,low,60,30.163,37.393,40.13
Stage 02,Users extraido,3,cpu_percent,percentual de um nucleo,postgres,medium,60,66.986,80.263,90.51
Stage 02,Users extraido,3,cpu_percent,percentual de um nucleo,postgres,high,60,122.243,165.974,177.39
Stage 02,Users extraido,3,memory_mb,MB,postgres,low,60,73.68,76.294,76.8
Stage 02,Users extraido,3,memory_mb,MB,postgres,medium,60,91.683,100.71,102.0
Stage 02,Users extraido,3,memory_mb,MB,postgres,high,60,125.155,137.34,138.9
Stage 02,Users extraido,3,cpu_percent,percentual de um nucleo,prometheus,low,60,0.076,0.18,0.2
Stage 02,Users extraido,3,cpu_percent,percentual de um nucleo,prometheus,medium,60,0.066,0.13,1.07
Stage 02,Users extraido,3,cpu_percent,percentual de um nucleo,prometheus,high,60,0.11,0.27,0.29
Stage 02,Users extraido,3,memory_mb,MB,prometheus,low,60,32.243,33.971,34.21
Stage 02,Users extraido,3,memory_mb,MB,prometheus,medium,60,35.088,37.278,37.85
Stage 02,Users extraido,3,memory_mb,MB,prometheus,high,60,37.653,38.361,38.38
Stage 02,Users extraido,3,cpu_percent,percentual de um nucleo,cadvisor,low,60,0.022,0.01,0.91
Stage 02,Users extraido,3,cpu_percent,percentual de um nucleo,cadvisor,medium,60,0.025,0.25,0.28
Stage 02,Users extraido,3,cpu_percent,percentual de um nucleo,cadvisor,high,60,0.577,1.717,2.12
Stage 02,Users extraido,3,memory_mb,MB,cadvisor,low,60,17.738,19.15,19.43
Stage 02,Users extraido,3,memory_mb,MB,cadvisor,medium,60,19.38,20.84,20.92
Stage 02,Users extraido,3,memory_mb,MB,cadvisor,high,60,19.721,21.047,21.27
Stage 03,Products extraido,1,process_cpu_percent,percentual de um nucleo,cadvisor,low,30,0.263,0.32,0.34
Stage 03,Products extraido,1,process_cpu_percent,percentual de um nucleo,cadvisor,medium,30,0.163,0.24,0.3
Stage 03,Products extraido,1,process_cpu_percent,percentual de um nucleo,cadvisor,high,30,0.206,0.291,0.32
Stage 03,Products extraido,1,process_cpu_percent,percentual de um nucleo,prometheus,low,30,0.22,0.298,0.34
Stage 03,Products extraido,1,process_cpu_percent,percentual de um nucleo,prometheus,medium,30,0.135,0.18,0.18
Stage 03,Products extraido,1,process_cpu_percent,percentual de um nucleo,prometheus,high,30,0.166,0.2,0.2
Stage 03,Products extraido,1,process_cpu_percent,percentual de um nucleo,monolith-partial,low,30,25.912,28.391,28.42
Stage 03,Products extraido,1,process_cpu_percent,percentual de um nucleo,monolith-partial,medium,30,58.962,62.948,63.18
Stage 03,Products extraido,1,process_cpu_percent,percentual de um nucleo,monolith-partial,high,30,136.105,140.873,140.98
Stage 03,Products extraido,1,process_cpu_percent,percentual de um nucleo,products-service,low,30,16.665,18.711,18.839
Stage 03,Products extraido,1,process_cpu_percent,percentual de um nucleo,products-service,medium,30,39.048,42.266,42.36
Stage 03,Products extraido,1,process_cpu_percent,percentual de um nucleo,products-service,high,30,87.384,91.493,91.6
Stage 03,Products extraido,1,process_cpu_percent,percentual de um nucleo,users-service,low,30,13.206,14.553,14.601
Stage 03,Products extraido,1,process_cpu_percent,percentual de um nucleo,users-service,medium,30,31.689,34.062,34.18
Stage 03,Products extraido,1,process_cpu_percent,percentual de um nucleo,users-service,high,30,69.68,71.862,72.024
Stage 03,Products extraido,1,process_memory_mb,MB,cadvisor,low,30,41.142,42.752,42.816
Stage 03,Products extraido,1,process_memory_mb,MB,cadvisor,medium,30,42.459,43.303,43.812
Stage 03,Products extraido,1,process_memory_mb,MB,cadvisor,high,30,42.954,44.254,44.75
Stage 03,Products extraido,1,process_memory_mb,MB,prometheus,low,30,81.514,84.245,84.414
Stage 03,Products extraido,1,process_memory_mb,MB,prometheus,medium,30,86.434,87.914,87.914
Stage 03,Products extraido,1,process_memory_mb,MB,prometheus,high,30,84.395,85.371,85.371
Stage 03,Products extraido,1,process_memory_mb,MB,monolith-partial,low,30,22.407,23.925,24.465
Stage 03,Products extraido,1,process_memory_mb,MB,monolith-partial,medium,30,24.193,25.001,25.348
Stage 03,Products extraido,1,process_memory_mb,MB,monolith-partial,high,30,27.834,28.655,28.742
Stage 03,Products extraido,1,process_memory_mb,MB,products-service,low,30,19.961,20.615,20.746
Stage 03,Products extraido,1,process_memory_mb,MB,products-service,medium,30,21.652,22.503,22.531
Stage 03,Products extraido,1,process_memory_mb,MB,products-service,high,30,25.162,25.853,25.875
Stage 03,Products extraido,1,process_memory_mb,MB,users-service,low,30,18.579,19.215,19.414
Stage 03,Products extraido,1,process_memory_mb,MB,users-service,medium,30,19.488,19.942,20.102
Stage 03,Products extraido,1,process_memory_mb,MB,users-service,high,30,22.172,22.862,23.086
Stage 03,Products extraido,1,goroutines,goroutines,cadvisor,low,30,27.167,28.0,28.0
Stage 03,Products extraido,1,goroutines,goroutines,cadvisor,medium,30,26.767,28.0,28.0
Stage 03,Products extraido,1,goroutines,goroutines,cadvisor,high,30,26.5,28.0,28.0
Stage 03,Products extraido,1,goroutines,goroutines,prometheus,low,30,42.167,43.0,43.0
Stage 03,Products extraido,1,goroutines,goroutines,prometheus,medium,30,42.1,43.0,43.0
Stage 03,Products extraido,1,goroutines,goroutines,prometheus,high,30,42.067,42.55,43.0
Stage 03,Products extraido,1,goroutines,goroutines,monolith-partial,low,30,9.6,12.0,13.0
Stage 03,Products extraido,1,goroutines,goroutines,monolith-partial,medium,30,12.633,20.2,38.0
Stage 03,Products extraido,1,goroutines,goroutines,monolith-partial,high,30,43.633,79.55,83.0
Stage 03,Products extraido,1,goroutines,goroutines,products-service,low,30,10.3,15.0,19.0
Stage 03,Products extraido,1,goroutines,goroutines,products-service,medium,30,10.233,15.0,15.0
Stage 03,Products extraido,1,goroutines,goroutines,products-service,high,30,20.4,43.4,60.0
Stage 03,Products extraido,1,goroutines,goroutines,users-service,low,30,9.767,12.2,19.0
Stage 03,Products extraido,1,goroutines,goroutines,users-service,medium,30,9.967,14.1,15.0
Stage 03,Products extraido,1,goroutines,goroutines,users-service,high,30,18.8,36.75,39.0
Stage 03,Products extraido,1,heap_alloc_mb,MB,cadvisor,low,30,6.378,7.339,8.749
Stage 03,Products extraido,1,heap_alloc_mb,MB,cadvisor,medium,30,6.616,7.682,7.96
Stage 03,Products extraido,1,heap_alloc_mb,MB,cadvisor,high,30,6.94,8.797,9.591
Stage 03,Products extraido,1,heap_alloc_mb,MB,prometheus,low,30,19.502,22.226,22.555
Stage 03,Products extraido,1,heap_alloc_mb,MB,prometheus,medium,30,21.251,25.584,26.644
Stage 03,Products extraido,1,heap_alloc_mb,MB,prometheus,high,30,20.189,22.51,22.969
Stage 03,Products extraido,1,heap_alloc_mb,MB,monolith-partial,low,30,3.614,4.495,4.958
Stage 03,Products extraido,1,heap_alloc_mb,MB,monolith-partial,medium,30,4.491,5.574,5.759
Stage 03,Products extraido,1,heap_alloc_mb,MB,monolith-partial,high,30,5.277,6.433,6.698
Stage 03,Products extraido,1,heap_alloc_mb,MB,products-service,low,30,2.81,3.628,3.735
Stage 03,Products extraido,1,heap_alloc_mb,MB,products-service,medium,30,3.621,4.713,5.038
Stage 03,Products extraido,1,heap_alloc_mb,MB,products-service,high,30,4.31,5.794,6.262
Stage 03,Products extraido,1,heap_alloc_mb,MB,users-service,low,30,2.093,2.539,2.706
Stage 03,Products extraido,1,heap_alloc_mb,MB,users-service,medium,30,2.485,3.193,3.376
Stage 03,Products extraido,1,heap_alloc_mb,MB,users-service,high,30,3.132,3.658,4.374
Stage 03,Products extraido,1,gc_pause_ms,ms,cadvisor,low,30,0.204,0.298,0.307
Stage 03,Products extraido,1,gc_pause_ms,ms,cadvisor,medium,30,0.124,0.219,0.23
Stage 03,Products extraido,1,gc_pause_ms,ms,cadvisor,high,30,0.332,0.825,1.134
Stage 03,Products extraido,1,gc_pause_ms,ms,prometheus,low,30,0.06,0.139,0.139
Stage 03,Products extraido,1,gc_pause_ms,ms,prometheus,medium,30,0.029,0.094,0.094
Stage 03,Products extraido,1,gc_pause_ms,ms,prometheus,high,30,0.042,0.107,0.107
Stage 03,Products extraido,1,gc_pause_ms,ms,monolith-partial,low,30,0.411,0.502,0.523
Stage 03,Products extraido,1,gc_pause_ms,ms,monolith-partial,medium,30,0.268,0.295,0.342
Stage 03,Products extraido,1,gc_pause_ms,ms,monolith-partial,high,30,2.202,2.472,2.487
Stage 03,Products extraido,1,gc_pause_ms,ms,products-service,low,30,0.351,0.446,0.469
Stage 03,Products extraido,1,gc_pause_ms,ms,products-service,medium,30,0.228,0.259,0.264
Stage 03,Products extraido,1,gc_pause_ms,ms,products-service,high,30,1.778,2.023,2.057
Stage 03,Products extraido,1,gc_pause_ms,ms,users-service,low,30,0.349,0.541,0.554
Stage 03,Products extraido,1,gc_pause_ms,ms,users-service,medium,30,0.247,0.346,0.359
Stage 03,Products extraido,1,gc_pause_ms,ms,users-service,high,30,1.698,1.987,2.043
Stage 03,Products extraido,1,pool_acquired_conns,conexoes,monolith-partial-03,low,30,0.1,1.0,1.0
Stage 03,Products extraido,1,pool_acquired_conns,conexoes,monolith-partial-03,medium,30,1.033,3.0,9.0
Stage 03,Products extraido,1,pool_acquired_conns,conexoes,monolith-partial-03,high,30,8.167,14.0,14.0
Stage 03,Products extraido,1,pool_acquired_conns,conexoes,products-service,low,30,0.3,1.55,3.0
Stage 03,Products extraido,1,pool_acquired_conns,conexoes,products-service,medium,30,0.167,1.0,1.0
Stage 03,Products extraido,1,pool_acquired_conns,conexoes,products-service,high,30,1.867,6.55,8.0
Stage 03,Products extraido,1,pool_acquired_conns,conexoes,users-service,low,30,0.167,1.1,3.0
Stage 03,Products extraido,1,pool_acquired_conns,conexoes,users-service,medium,30,0.167,1.55,2.0
Stage 03,Products extraido,1,pool_acquired_conns,conexoes,users-service,high,30,1.533,4.55,6.0
Stage 03,Products extraido,1,pool_idle_conns,conexoes,monolith-partial-03,low,30,10.867,12.0,12.0
Stage 03,Products extraido,1,pool_idle_conns,conexoes,monolith-partial-03,medium,30,12.467,14.0,14.0
Stage 03,Products extraido,1,pool_idle_conns,conexoes,monolith-partial-03,high,30,5.833,12.0,13.0
Stage 03,Products extraido,1,pool_idle_conns,conexoes,products-service,low,30,8.233,9.0,9.0
Stage 03,Products extraido,1,pool_idle_conns,conexoes,products-service,medium,30,11.333,13.0,13.0
Stage 03,Products extraido,1,pool_idle_conns,conexoes,products-service,high,30,12.133,14.0,14.0
Stage 03,Products extraido,1,pool_idle_conns,conexoes,users-service,low,30,7.533,8.55,9.0
Stage 03,Products extraido,1,pool_idle_conns,conexoes,users-service,medium,30,10.4,11.0,11.0
Stage 03,Products extraido,1,pool_idle_conns,conexoes,users-service,high,30,12.467,14.0,14.0
Stage 03,Products extraido,1,pool_total_conns,conexoes,monolith-partial-03,low,30,10.967,12.0,12.0
Stage 03,Products extraido,1,pool_total_conns,conexoes,monolith-partial-03,medium,30,13.5,14.0,14.0
Stage 03,Products extraido,1,pool_total_conns,conexoes,monolith-partial-03,high,30,14.0,14.0,14.0
Stage 03,Products extraido,1,pool_total_conns,conexoes,products-service,low,30,8.533,9.0,9.0
Stage 03,Products extraido,1,pool_total_conns,conexoes,products-service,medium,30,11.5,13.0,13.0
Stage 03,Products extraido,1,pool_total_conns,conexoes,products-service,high,30,14.0,14.0,14.0
Stage 03,Products extraido,1,pool_total_conns,conexoes,users-service,low,30,7.7,8.55,9.0
Stage 03,Products extraido,1,pool_total_conns,conexoes,users-service,medium,30,10.567,11.0,11.0
Stage 03,Products extraido,1,pool_total_conns,conexoes,users-service,high,30,14.0,14.0,14.0
Stage 03,Products extraido,1,pool_wait_per_acquire_ms,ms,monolith-partial-03,low,30,0.005,0.018,0.029
Stage 03,Products extraido,1,pool_wait_per_acquire_ms,ms,monolith-partial-03,medium,30,0.001,0.002,0.002
Stage 03,Products extraido,1,pool_wait_per_acquire_ms,ms,monolith-partial-03,high,30,1.971,2.462,2.488
Stage 03,Products extraido,1,pool_wait_per_acquire_ms,ms,products-service,low,30,0.005,0.015,0.026
Stage 03,Products extraido,1,pool_wait_per_acquire_ms,ms,products-service,medium,30,0.002,0.002,0.002
Stage 03,Products extraido,1,pool_wait_per_acquire_ms,ms,products-service,high,30,0.049,0.072,0.072
Stage 03,Products extraido,1,pool_wait_per_acquire_ms,ms,users-service,low,30,0.005,0.018,0.029
Stage 03,Products extraido,1,pool_wait_per_acquire_ms,ms,users-service,medium,30,0.002,0.002,0.002
Stage 03,Products extraido,1,pool_wait_per_acquire_ms,ms,users-service,high,30,0.023,0.031,0.032
Stage 03,Products extraido,1,pool_empty_acquire_per_s,por segundo,monolith-partial-03,low,30,0.032,0.145,0.16
Stage 03,Products extraido,1,pool_empty_acquire_per_s,por segundo,monolith-partial-03,medium,30,0.08,0.311,0.34
Stage 03,Products extraido,1,pool_empty_acquire_per_s,por segundo,monolith-partial-03,high,30,431.314,496.644,498.88
Stage 03,Products extraido,1,pool_empty_acquire_per_s,por segundo,products-service,low,30,0.026,0.1,0.14
Stage 03,Products extraido,1,pool_empty_acquire_per_s,por segundo,products-service,medium,30,0.013,0.06,0.06
Stage 03,Products extraido,1,pool_empty_acquire_per_s,por segundo,products-service,high,30,33.615,41.803,44.06
Stage 03,Products extraido,1,pool_empty_acquire_per_s,por segundo,users-service,low,30,0.022,0.1,0.1
Stage 03,Products extraido,1,pool_empty_acquire_per_s,por segundo,users-service,medium,30,0.007,0.04,0.04
Stage 03,Products extraido,1,pool_empty_acquire_per_s,por segundo,users-service,high,30,14.831,18.442,19.16
Stage 03,Products extraido,1,cpu_percent,percentual de um nucleo,nginx,low,60,27.186,30.515,32.38
Stage 03,Products extraido,1,cpu_percent,percentual de um nucleo,nginx,medium,60,69.487,75.854,76.78
Stage 03,Products extraido,1,cpu_percent,percentual de um nucleo,nginx,high,60,167.459,175.98,178.27
Stage 03,Products extraido,1,memory_mb,MB,nginx,low,60,16.038,16.731,16.77
Stage 03,Products extraido,1,memory_mb,MB,nginx,medium,60,19.2,19.84,20.09
Stage 03,Products extraido,1,memory_mb,MB,nginx,high,60,21.596,22.59,23.47
Stage 03,Products extraido,1,cpu_percent,percentual de um nucleo,grafana,low,60,0.112,0.426,1.24
Stage 03,Products extraido,1,cpu_percent,percentual de um nucleo,grafana,medium,60,0.056,0.1,0.48
Stage 03,Products extraido,1,cpu_percent,percentual de um nucleo,grafana,high,60,0.06,0.09,0.43
Stage 03,Products extraido,1,memory_mb,MB,grafana,low,60,48.266,50.39,50.39
Stage 03,Products extraido,1,memory_mb,MB,grafana,medium,60,45.136,45.19,45.19
Stage 03,Products extraido,1,memory_mb,MB,grafana,high,60,45.049,45.06,45.06
Stage 03,Products extraido,1,cpu_percent,percentual de um nucleo,users-service,low,60,14.473,17.713,18.68
Stage 03,Products extraido,1,cpu_percent,percentual de um nucleo,users-service,medium,60,34.523,37.183,38.69
Stage 03,Products extraido,1,cpu_percent,percentual de um nucleo,users-service,high,60,72.439,78.304,79.8
Stage 03,Products extraido,1,memory_mb,MB,users-service,low,60,11.603,12.851,13.26
Stage 03,Products extraido,1,memory_mb,MB,users-service,medium,60,12.547,13.393,13.86
Stage 03,Products extraido,1,memory_mb,MB,users-service,high,60,15.181,15.96,16.5
Stage 03,Products extraido,1,cpu_percent,percentual de um nucleo,products-service,low,60,18.957,21.983,25.03
Stage 03,Products extraido,1,cpu_percent,percentual de um nucleo,products-service,medium,60,42.829,46.676,48.48
Stage 03,Products extraido,1,cpu_percent,percentual de um nucleo,products-service,high,60,92.267,98.93,99.91
Stage 03,Products extraido,1,memory_mb,MB,products-service,low,60,13.179,14.562,14.98
Stage 03,Products extraido,1,memory_mb,MB,products-service,medium,60,15.227,16.581,17.06
Stage 03,Products extraido,1,memory_mb,MB,products-service,high,60,18.51,19.419,20.07
Stage 03,Products extraido,1,cpu_percent,percentual de um nucleo,monolith-partial,low,60,28.923,33.968,34.6
Stage 03,Products extraido,1,cpu_percent,percentual de um nucleo,monolith-partial,medium,60,64.271,70.186,71.37
Stage 03,Products extraido,1,cpu_percent,percentual de um nucleo,monolith-partial,high,60,140.641,151.967,161.27
Stage 03,Products extraido,1,memory_mb,MB,monolith-partial,low,60,15.599,16.943,18.59
Stage 03,Products extraido,1,memory_mb,MB,monolith-partial,medium,60,17.41,18.621,18.84
Stage 03,Products extraido,1,memory_mb,MB,monolith-partial,high,60,21.281,22.145,22.96
Stage 03,Products extraido,1,cpu_percent,percentual de um nucleo,postgres,low,60,30.34,36.226,40.09
Stage 03,Products extraido,1,cpu_percent,percentual de um nucleo,postgres,medium,60,70.036,89.079,92.64
Stage 03,Products extraido,1,cpu_percent,percentual de um nucleo,postgres,high,60,171.958,195.787,208.41
Stage 03,Products extraido,1,memory_mb,MB,postgres,low,60,83.984,90.319,91.27
Stage 03,Products extraido,1,memory_mb,MB,postgres,medium,60,111.966,124.5,126.2
Stage 03,Products extraido,1,memory_mb,MB,postgres,high,60,155.552,173.325,175.0
Stage 03,Products extraido,1,cpu_percent,percentual de um nucleo,prometheus,low,60,0.858,2.034,4.91
Stage 03,Products extraido,1,cpu_percent,percentual de um nucleo,prometheus,medium,60,0.44,1.14,1.54
Stage 03,Products extraido,1,cpu_percent,percentual de um nucleo,prometheus,high,60,0.292,1.18,1.25
Stage 03,Products extraido,1,memory_mb,MB,prometheus,low,60,31.809,34.63,34.66
Stage 03,Products extraido,1,memory_mb,MB,prometheus,medium,60,36.294,37.882,37.92
Stage 03,Products extraido,1,memory_mb,MB,prometheus,high,60,34.236,35.06,35.06
Stage 03,Products extraido,1,cpu_percent,percentual de um nucleo,cadvisor,low,60,0.983,3.272,3.83
Stage 03,Products extraido,1,cpu_percent,percentual de um nucleo,cadvisor,medium,60,0.505,1.412,1.66
Stage 03,Products extraido,1,cpu_percent,percentual de um nucleo,cadvisor,high,60,0.727,2.047,3.4
Stage 03,Products extraido,1,memory_mb,MB,cadvisor,low,60,18.781,20.21,20.68
Stage 03,Products extraido,1,memory_mb,MB,cadvisor,medium,60,19.775,20.651,20.75
Stage 03,Products extraido,1,memory_mb,MB,cadvisor,high,60,20.276,21.95,22.03
Stage 03,Products extraido,2,process_cpu_percent,percentual de um nucleo,cadvisor,low,30,0.233,0.32,0.32
Stage 03,Products extraido,2,process_cpu_percent,percentual de um nucleo,cadvisor,medium,30,0.165,0.22,0.22
Stage 03,Products extraido,2,process_cpu_percent,percentual de um nucleo,cadvisor,high,30,0.193,0.231,0.24
Stage 03,Products extraido,2,process_cpu_percent,percentual de um nucleo,prometheus,low,30,0.223,0.28,0.28
Stage 03,Products extraido,2,process_cpu_percent,percentual de um nucleo,prometheus,medium,30,0.139,0.16,0.18
Stage 03,Products extraido,2,process_cpu_percent,percentual de um nucleo,prometheus,high,30,0.169,0.2,0.2
Stage 03,Products extraido,2,process_cpu_percent,percentual de um nucleo,monolith-partial,low,30,25.114,27.852,27.88
Stage 03,Products extraido,2,process_cpu_percent,percentual de um nucleo,monolith-partial,medium,30,57.941,62.08,62.64
Stage 03,Products extraido,2,process_cpu_percent,percentual de um nucleo,monolith-partial,high,30,135.123,140.149,140.66
Stage 03,Products extraido,2,process_cpu_percent,percentual de um nucleo,products-service,low,30,16.494,18.265,18.32
Stage 03,Products extraido,2,process_cpu_percent,percentual de um nucleo,products-service,medium,30,39.57,41.72,41.72
Stage 03,Products extraido,2,process_cpu_percent,percentual de um nucleo,products-service,high,30,87.893,91.046,91.444
Stage 03,Products extraido,2,process_cpu_percent,percentual de um nucleo,users-service,low,30,12.854,14.406,14.48
Stage 03,Products extraido,2,process_cpu_percent,percentual de um nucleo,users-service,medium,30,31.263,33.462,33.62
Stage 03,Products extraido,2,process_cpu_percent,percentual de um nucleo,users-service,high,30,68.814,71.689,71.9
Stage 03,Products extraido,2,process_memory_mb,MB,cadvisor,low,30,40.615,42.547,42.547
Stage 03,Products extraido,2,process_memory_mb,MB,cadvisor,medium,30,42.076,43.677,43.703
Stage 03,Products extraido,2,process_memory_mb,MB,cadvisor,high,30,42.677,44.362,44.453
Stage 03,Products extraido,2,process_memory_mb,MB,prometheus,low,30,84.393,86.547,86.547
Stage 03,Products extraido,2,process_memory_mb,MB,prometheus,medium,30,86.926,87.047,87.047
Stage 03,Products extraido,2,process_memory_mb,MB,prometheus,high,30,89.214,89.922,89.922
Stage 03,Products extraido,2,process_memory_mb,MB,monolith-partial,low,30,23.351,24.903,24.949
Stage 03,Products extraido,2,process_memory_mb,MB,monolith-partial,medium,30,24.822,25.405,25.449
Stage 03,Products extraido,2,process_memory_mb,MB,monolith-partial,high,30,28.193,29.091,29.453
Stage 03,Products extraido,2,process_memory_mb,MB,products-service,low,30,19.578,21.032,21.316
Stage 03,Products extraido,2,process_memory_mb,MB,products-service,medium,30,21.201,21.69,21.812
Stage 03,Products extraido,2,process_memory_mb,MB,products-service,high,30,25.045,25.892,26.188
Stage 03,Products extraido,2,process_memory_mb,MB,users-service,low,30,18.142,18.752,18.859
Stage 03,Products extraido,2,process_memory_mb,MB,users-service,medium,30,19.448,20.187,20.277
Stage 03,Products extraido,2,process_memory_mb,MB,users-service,high,30,22.144,22.691,22.844
Stage 03,Products extraido,2,goroutines,goroutines,cadvisor,low,30,26.933,28.0,28.0
Stage 03,Products extraido,2,goroutines,goroutines,cadvisor,medium,30,26.833,28.0,28.0
Stage 03,Products extraido,2,goroutines,goroutines,cadvisor,high,30,26.6,28.0,28.0
Stage 03,Products extraido,2,goroutines,goroutines,prometheus,low,30,42.067,42.55,43.0
Stage 03,Products extraido,2,goroutines,goroutines,prometheus,medium,30,42.167,43.0,43.0
Stage 03,Products extraido,2,goroutines,goroutines,prometheus,high,30,42.667,44.0,53.0
Stage 03,Products extraido,2,goroutines,goroutines,monolith-partial,low,30,10.767,17.55,19.0
Stage 03,Products extraido,2,goroutines,goroutines,monolith-partial,medium,30,12.1,18.55,19.0
Stage 03,Products extraido,2,goroutines,goroutines,monolith-partial,high,30,53.267,100.7,112.0
Stage 03,Products extraido,2,goroutines,goroutines,products-service,low,30,9.5,12.55,13.0
Stage 03,Products extraido,2,goroutines,goroutines,products-service,medium,30,9.733,12.55,14.0
Stage 03,Products extraido,2,goroutines,goroutines,products-service,high,30,19.1,36.5,49.0
Stage 03,Products extraido,2,goroutines,goroutines,users-service,low,30,9.967,14.55,18.0
Stage 03,Products extraido,2,goroutines,goroutines,users-service,medium,30,9.733,13.0,13.0
Stage 03,Products extraido,2,goroutines,goroutines,users-service,high,30,15.533,30.55,31.0
Stage 03,Products extraido,2,heap_alloc_mb,MB,cadvisor,low,30,6.037,7.525,8.178
Stage 03,Products extraido,2,heap_alloc_mb,MB,cadvisor,medium,30,6.629,8.509,9.363
Stage 03,Products extraido,2,heap_alloc_mb,MB,cadvisor,high,30,6.746,8.581,8.976
Stage 03,Products extraido,2,heap_alloc_mb,MB,prometheus,low,30,24.033,27.912,28.415
Stage 03,Products extraido,2,heap_alloc_mb,MB,prometheus,medium,30,24.771,26.805,27.755
Stage 03,Products extraido,2,heap_alloc_mb,MB,prometheus,high,30,26.727,29.827,30.1
Stage 03,Products extraido,2,heap_alloc_mb,MB,monolith-partial,low,30,4.393,6.023,6.235
Stage 03,Products extraido,2,heap_alloc_mb,MB,monolith-partial,medium,30,4.675,5.535,5.855
Stage 03,Products extraido,2,heap_alloc_mb,MB,monolith-partial,high,30,5.696,7.142,7.658
Stage 03,Products extraido,2,heap_alloc_mb,MB,products-service,low,30,2.722,3.706,3.819
Stage 03,Products extraido,2,heap_alloc_mb,MB,products-service,medium,30,3.275,4.104,4.189
Stage 03,Products extraido,2,heap_alloc_mb,MB,products-service,high,30,4.635,5.802,6.016
Stage 03,Products extraido,2,heap_alloc_mb,MB,users-service,low,30,2.1,2.758,2.851
Stage 03,Products extraido,2,heap_alloc_mb,MB,users-service,medium,30,2.783,3.388,3.409
Stage 03,Products extraido,2,heap_alloc_mb,MB,users-service,high,30,3.137,3.867,3.91
Stage 03,Products extraido,2,gc_pause_ms,ms,cadvisor,low,30,0.157,0.235,0.247
Stage 03,Products extraido,2,gc_pause_ms,ms,cadvisor,medium,30,0.121,0.179,0.227
Stage 03,Products extraido,2,gc_pause_ms,ms,cadvisor,high,30,0.628,1.908,1.94
Stage 03,Products extraido,2,gc_pause_ms,ms,prometheus,low,30,0.049,0.13,0.13
Stage 03,Products extraido,2,gc_pause_ms,ms,prometheus,medium,30,0.047,0.104,0.104
Stage 03,Products extraido,2,gc_pause_ms,ms,prometheus,high,30,0.045,0.151,0.193
Stage 03,Products extraido,2,gc_pause_ms,ms,monolith-partial,low,30,0.417,0.483,0.506
Stage 03,Products extraido,2,gc_pause_ms,ms,monolith-partial,medium,30,0.252,0.287,0.296
Stage 03,Products extraido,2,gc_pause_ms,ms,monolith-partial,high,30,2.225,2.506,2.575
Stage 03,Products extraido,2,gc_pause_ms,ms,products-service,low,30,0.362,0.477,0.511
Stage 03,Products extraido,2,gc_pause_ms,ms,products-service,medium,30,0.239,0.279,0.28
Stage 03,Products extraido,2,gc_pause_ms,ms,products-service,high,30,1.872,2.217,2.236
Stage 03,Products extraido,2,gc_pause_ms,ms,users-service,low,30,0.342,0.443,0.49
Stage 03,Products extraido,2,gc_pause_ms,ms,users-service,medium,30,0.235,0.298,0.333
Stage 03,Products extraido,2,gc_pause_ms,ms,users-service,high,30,1.51,1.739,1.811
Stage 03,Products extraido,2,pool_acquired_conns,conexoes,monolith-partial-03,low,30,0.267,2.1,3.0
Stage 03,Products extraido,2,pool_acquired_conns,conexoes,monolith-partial-03,medium,30,0.633,2.55,3.0
Stage 03,Products extraido,2,pool_acquired_conns,conexoes,monolith-partial-03,high,30,9.033,14.0,14.0
Stage 03,Products extraido,2,pool_acquired_conns,conexoes,products-service,low,30,0.067,0.55,1.0
Stage 03,Products extraido,2,pool_acquired_conns,conexoes,products-service,medium,30,0.1,1.0,1.0
Stage 03,Products extraido,2,pool_acquired_conns,conexoes,products-service,high,30,1.867,6.0,7.0
Stage 03,Products extraido,2,pool_acquired_conns,conexoes,users-service,low,30,0.233,1.55,3.0
Stage 03,Products extraido,2,pool_acquired_conns,conexoes,users-service,medium,30,0.133,1.0,1.0
Stage 03,Products extraido,2,pool_acquired_conns,conexoes,users-service,high,30,0.9,3.0,4.0
Stage 03,Products extraido,2,pool_idle_conns,conexoes,monolith-partial-03,low,30,13.033,14.0,14.0
Stage 03,Products extraido,2,pool_idle_conns,conexoes,monolith-partial-03,medium,30,13.367,14.0,14.0
Stage 03,Products extraido,2,pool_idle_conns,conexoes,monolith-partial-03,high,30,4.967,12.0,12.0
Stage 03,Products extraido,2,pool_idle_conns,conexoes,products-service,low,30,7.633,10.0,10.0
Stage 03,Products extraido,2,pool_idle_conns,conexoes,products-service,medium,30,9.9,10.0,10.0
Stage 03,Products extraido,2,pool_idle_conns,conexoes,products-service,high,30,12.133,14.0,14.0
Stage 03,Products extraido,2,pool_idle_conns,conexoes,users-service,low,30,7.767,9.0,9.0
Stage 03,Products extraido,2,pool_idle_conns,conexoes,users-service,medium,30,11.467,12.0,12.0
Stage 03,Products extraido,2,pool_idle_conns,conexoes,users-service,high,30,13.1,14.0,14.0
Stage 03,Products extraido,2,pool_total_conns,conexoes,monolith-partial-03,low,30,13.3,14.0,14.0
Stage 03,Products extraido,2,pool_total_conns,conexoes,monolith-partial-03,medium,30,14.0,14.0,14.0
Stage 03,Products extraido,2,pool_total_conns,conexoes,monolith-partial-03,high,30,14.0,14.0,14.0
Stage 03,Products extraido,2,pool_total_conns,conexoes,products-service,low,30,7.7,10.0,10.0
Stage 03,Products extraido,2,pool_total_conns,conexoes,products-service,medium,30,10.0,10.0,10.0
Stage 03,Products extraido,2,pool_total_conns,conexoes,products-service,high,30,14.0,14.0,14.0
Stage 03,Products extraido,2,pool_total_conns,conexoes,users-service,low,30,8.0,9.0,9.0
Stage 03,Products extraido,2,pool_total_conns,conexoes,users-service,medium,30,11.6,12.0,12.0
Stage 03,Products extraido,2,pool_total_conns,conexoes,users-service,high,30,14.0,14.0,14.0
Stage 03,Products extraido,2,pool_wait_per_acquire_ms,ms,monolith-partial-03,low,30,0.006,0.027,0.029
Stage 03,Products extraido,2,pool_wait_per_acquire_ms,ms,monolith-partial-03,medium,30,0.001,0.001,0.002
Stage 03,Products extraido,2,pool_wait_per_acquire_ms,ms,monolith-partial-03,high,30,2.06,2.522,2.575
Stage 03,Products extraido,2,pool_wait_per_acquire_ms,ms,products-service,low,30,0.005,0.013,0.023
Stage 03,Products extraido,2,pool_wait_per_acquire_ms,ms,products-service,medium,30,0.002,0.002,0.002
Stage 03,Products extraido,2,pool_wait_per_acquire_ms,ms,products-service,high,30,0.054,0.068,0.079
Stage 03,Products extraido,2,pool_wait_per_acquire_ms,ms,users-service,low,30,0.006,0.017,0.033
Stage 03,Products extraido,2,pool_wait_per_acquire_ms,ms,users-service,medium,30,0.002,0.003,0.003
Stage 03,Products extraido,2,pool_wait_per_acquire_ms,ms,users-service,high,30,0.025,0.037,0.037
Stage 03,Products extraido,2,pool_empty_acquire_per_s,por segundo,monolith-partial-03,low,30,0.041,0.191,0.2
Stage 03,Products extraido,2,pool_empty_acquire_per_s,por segundo,monolith-partial-03,medium,30,0.01,0.04,0.04
Stage 03,Products extraido,2,pool_empty_acquire_per_s,por segundo,monolith-partial-03,high,30,436.598,502.291,506.12
Stage 03,Products extraido,2,pool_empty_acquire_per_s,por segundo,products-service,low,30,0.028,0.098,0.1
Stage 03,Products extraido,2,pool_empty_acquire_per_s,por segundo,products-service,medium,30,0.0,0.0,0.0
Stage 03,Products extraido,2,pool_empty_acquire_per_s,por segundo,products-service,high,30,38.764,48.37,51.3
Stage 03,Products extraido,2,pool_empty_acquire_per_s,por segundo,users-service,low,30,0.027,0.111,0.12
Stage 03,Products extraido,2,pool_empty_acquire_per_s,por segundo,users-service,medium,30,0.01,0.06,0.06
Stage 03,Products extraido,2,pool_empty_acquire_per_s,por segundo,users-service,high,30,14.536,18.263,19.12
Stage 03,Products extraido,2,cpu_percent,percentual de um nucleo,nginx,low,60,27.243,31.09,31.22
Stage 03,Products extraido,2,cpu_percent,percentual de um nucleo,nginx,medium,60,69.567,73.377,76.1
Stage 03,Products extraido,2,cpu_percent,percentual de um nucleo,nginx,high,60,167.145,175.912,178.85
Stage 03,Products extraido,2,memory_mb,MB,nginx,low,60,16.175,17.05,17.18
Stage 03,Products extraido,2,memory_mb,MB,nginx,medium,60,19.224,19.981,20.12
Stage 03,Products extraido,2,memory_mb,MB,nginx,high,60,21.612,22.318,22.61
Stage 03,Products extraido,2,cpu_percent,percentual de um nucleo,products-service,low,60,18.259,21.436,23.87
Stage 03,Products extraido,2,cpu_percent,percentual de um nucleo,products-service,medium,60,42.974,46.128,46.5
Stage 03,Products extraido,2,cpu_percent,percentual de um nucleo,products-service,high,60,90.969,99.284,101.19
Stage 03,Products extraido,2,memory_mb,MB,products-service,low,60,12.595,14.069,14.51
Stage 03,Products extraido,2,memory_mb,MB,products-service,medium,60,14.44,15.233,15.41
Stage 03,Products extraido,2,memory_mb,MB,products-service,high,60,18.22,19.279,19.76
Stage 03,Products extraido,2,cpu_percent,percentual de um nucleo,monolith-partial,low,60,28.555,33.042,34.69
Stage 03,Products extraido,2,cpu_percent,percentual de um nucleo,monolith-partial,medium,60,63.716,68.47,70.51
Stage 03,Products extraido,2,cpu_percent,percentual de um nucleo,monolith-partial,high,60,142.106,155.684,160.5
Stage 03,Products extraido,2,memory_mb,MB,monolith-partial,low,60,16.381,17.921,18.0
Stage 03,Products extraido,2,memory_mb,MB,monolith-partial,medium,60,17.875,18.73,19.25
Stage 03,Products extraido,2,memory_mb,MB,monolith-partial,high,60,21.719,23.025,23.25
Stage 03,Products extraido,2,cpu_percent,percentual de um nucleo,users-service,low,60,14.662,17.256,19.38
Stage 03,Products extraido,2,cpu_percent,percentual de um nucleo,users-service,medium,60,34.39,37.364,39.86
Stage 03,Products extraido,2,cpu_percent,percentual de um nucleo,users-service,high,60,72.193,77.493,81.51
Stage 03,Products extraido,2,memory_mb,MB,users-service,low,60,11.635,12.832,13.48
Stage 03,Products extraido,2,memory_mb,MB,users-service,medium,60,13.147,14.492,14.63
Stage 03,Products extraido,2,memory_mb,MB,users-service,high,60,15.521,16.441,16.69
Stage 03,Products extraido,2,cpu_percent,percentual de um nucleo,grafana,low,60,0.077,0.13,0.75
Stage 03,Products extraido,2,cpu_percent,percentual de um nucleo,grafana,medium,60,0.108,0.08,1.97
Stage 03,Products extraido,2,cpu_percent,percentual de um nucleo,grafana,high,60,0.179,0.199,2.81
Stage 03,Products extraido,2,memory_mb,MB,grafana,low,60,48.875,52.41,52.42
Stage 03,Products extraido,2,memory_mb,MB,grafana,medium,60,43.656,43.71,43.71
Stage 03,Products extraido,2,memory_mb,MB,grafana,high,60,43.43,43.45,43.71
Stage 03,Products extraido,2,cpu_percent,percentual de um nucleo,postgres,low,60,29.736,36.448,38.52
Stage 03,Products extraido,2,cpu_percent,percentual de um nucleo,postgres,medium,60,69.935,87.05,89.85
Stage 03,Products extraido,2,cpu_percent,percentual de um nucleo,postgres,high,60,173.488,199.703,215.53
Stage 03,Products extraido,2,memory_mb,MB,postgres,low,60,88.465,96.733,96.84
Stage 03,Products extraido,2,memory_mb,MB,postgres,medium,60,112.126,121.025,122.5
Stage 03,Products extraido,2,memory_mb,MB,postgres,high,60,155.65,173.68,177.7
Stage 03,Products extraido,2,cpu_percent,percentual de um nucleo,prometheus,low,60,0.003,0.0,0.17
Stage 03,Products extraido,2,cpu_percent,percentual de um nucleo,prometheus,medium,60,0.003,0.0,0.11
Stage 03,Products extraido,2,cpu_percent,percentual de um nucleo,prometheus,high,60,0.532,0.94,1.46
Stage 03,Products extraido,2,memory_mb,MB,prometheus,low,60,33.41,35.32,35.34
Stage 03,Products extraido,2,memory_mb,MB,prometheus,medium,60,35.592,35.71,36.08
Stage 03,Products extraido,2,memory_mb,MB,prometheus,high,60,37.648,38.27,38.5
Stage 03,Products extraido,2,cpu_percent,percentual de um nucleo,cadvisor,low,60,0.044,0.294,1.21
Stage 03,Products extraido,2,cpu_percent,percentual de um nucleo,cadvisor,medium,60,0.05,0.271,1.16
Stage 03,Products extraido,2,cpu_percent,percentual de um nucleo,cadvisor,high,60,0.552,1.697,2.13
Stage 03,Products extraido,2,memory_mb,MB,cadvisor,low,60,18.276,20.27,20.28
Stage 03,Products extraido,2,memory_mb,MB,cadvisor,medium,60,19.412,20.94,20.95
Stage 03,Products extraido,2,memory_mb,MB,cadvisor,high,60,19.805,21.64,22.02
Stage 03,Products extraido,3,process_cpu_percent,percentual de um nucleo,cadvisor,low,30,0.271,0.32,0.34
Stage 03,Products extraido,3,process_cpu_percent,percentual de um nucleo,cadvisor,medium,30,0.172,0.22,0.24
Stage 03,Products extraido,3,process_cpu_percent,percentual de um nucleo,cadvisor,high,30,0.195,0.24,0.26
Stage 03,Products extraido,3,process_cpu_percent,percentual de um nucleo,prometheus,low,30,0.235,0.28,0.505
Stage 03,Products extraido,3,process_cpu_percent,percentual de um nucleo,prometheus,medium,30,0.143,0.171,0.18
Stage 03,Products extraido,3,process_cpu_percent,percentual de um nucleo,prometheus,high,30,0.171,0.2,0.22
Stage 03,Products extraido,3,process_cpu_percent,percentual de um nucleo,monolith-partial,low,30,25.639,28.357,28.52
Stage 03,Products extraido,3,process_cpu_percent,percentual de um nucleo,monolith-partial,medium,30,58.219,61.491,61.88
Stage 03,Products extraido,3,process_cpu_percent,percentual de um nucleo,monolith-partial,high,30,135.628,140.735,141.3
Stage 03,Products extraido,3,process_cpu_percent,percentual de um nucleo,products-service,low,30,16.505,18.522,18.561
Stage 03,Products extraido,3,process_cpu_percent,percentual de um nucleo,products-service,medium,30,38.776,41.299,41.402
Stage 03,Products extraido,3,process_cpu_percent,percentual de um nucleo,products-service,high,30,87.105,90.609,90.764
Stage 03,Products extraido,3,process_cpu_percent,percentual de um nucleo,users-service,low,30,13.139,14.591,14.62
Stage 03,Products extraido,3,process_cpu_percent,percentual de um nucleo,users-service,medium,30,31.254,33.311,33.34
Stage 03,Products extraido,3,process_cpu_percent,percentual de um nucleo,users-service,high,30,69.064,71.493,71.736
Stage 03,Products extraido,3,process_memory_mb,MB,cadvisor,low,30,40.731,42.338,42.816
Stage 03,Products extraido,3,process_memory_mb,MB,cadvisor,medium,30,42.309,43.305,43.305
Stage 03,Products extraido,3,process_memory_mb,MB,cadvisor,high,30,43.352,44.535,44.652
Stage 03,Products extraido,3,process_memory_mb,MB,prometheus,low,30,85.861,86.859,86.859
Stage 03,Products extraido,3,process_memory_mb,MB,prometheus,medium,30,89.173,90.234,90.234
Stage 03,Products extraido,3,process_memory_mb,MB,prometheus,high,30,89.113,90.082,90.082
Stage 03,Products extraido,3,process_memory_mb,MB,monolith-partial,low,30,23.162,24.848,25.016
Stage 03,Products extraido,3,process_memory_mb,MB,monolith-partial,medium,30,24.498,24.924,24.977
Stage 03,Products extraido,3,process_memory_mb,MB,monolith-partial,high,30,28.285,29.517,29.738
Stage 03,Products extraido,3,process_memory_mb,MB,products-service,low,30,19.887,20.79,21.156
Stage 03,Products extraido,3,process_memory_mb,MB,products-service,medium,30,22.065,23.017,23.152
Stage 03,Products extraido,3,process_memory_mb,MB,products-service,high,30,24.635,25.443,25.648
Stage 03,Products extraido,3,process_memory_mb,MB,users-service,low,30,18.234,18.78,18.988
Stage 03,Products extraido,3,process_memory_mb,MB,users-service,medium,30,18.888,19.434,19.648
Stage 03,Products extraido,3,process_memory_mb,MB,users-service,high,30,22.059,22.829,22.957
Stage 03,Products extraido,3,goroutines,goroutines,cadvisor,low,30,27.1,28.0,28.0
Stage 03,Products extraido,3,goroutines,goroutines,cadvisor,medium,30,26.967,28.0,28.0
Stage 03,Products extraido,3,goroutines,goroutines,cadvisor,high,30,26.367,27.55,28.0
Stage 03,Products extraido,3,goroutines,goroutines,prometheus,low,30,42.167,43.0,44.0
Stage 03,Products extraido,3,goroutines,goroutines,prometheus,medium,30,42.067,42.55,43.0
Stage 03,Products extraido,3,goroutines,goroutines,prometheus,high,30,42.2,43.0,44.0
Stage 03,Products extraido,3,goroutines,goroutines,monolith-partial,low,30,10.833,19.4,25.0
Stage 03,Products extraido,3,goroutines,goroutines,monolith-partial,medium,30,10.9,15.0,15.0
Stage 03,Products extraido,3,goroutines,goroutines,monolith-partial,high,30,42.367,77.5,89.0
Stage 03,Products extraido,3,goroutines,goroutines,products-service,low,30,9.6,12.55,15.0
Stage 03,Products extraido,3,goroutines,goroutines,products-service,medium,30,10.3,16.55,17.0
Stage 03,Products extraido,3,goroutines,goroutines,products-service,high,30,18.867,33.2,38.0
Stage 03,Products extraido,3,goroutines,goroutines,users-service,low,30,9.167,10.0,12.0
Stage 03,Products extraido,3,goroutines,goroutines,users-service,medium,30,9.733,13.1,15.0
Stage 03,Products extraido,3,goroutines,goroutines,users-service,high,30,19.333,31.75,35.0
Stage 03,Products extraido,3,heap_alloc_mb,MB,cadvisor,low,30,6.219,8.215,9.013
Stage 03,Products extraido,3,heap_alloc_mb,MB,cadvisor,medium,30,6.473,8.277,8.785
Stage 03,Products extraido,3,heap_alloc_mb,MB,cadvisor,high,30,7.209,9.451,10.109
Stage 03,Products extraido,3,heap_alloc_mb,MB,prometheus,low,30,23.899,27.723,28.228
Stage 03,Products extraido,3,heap_alloc_mb,MB,prometheus,medium,30,26.255,30.082,30.764
Stage 03,Products extraido,3,heap_alloc_mb,MB,prometheus,high,30,26.239,28.784,29.262
Stage 03,Products extraido,3,heap_alloc_mb,MB,monolith-partial,low,30,4.045,5.393,5.732
Stage 03,Products extraido,3,heap_alloc_mb,MB,monolith-partial,medium,30,4.566,5.315,6.091
Stage 03,Products extraido,3,heap_alloc_mb,MB,monolith-partial,high,30,5.472,6.771,7.209
Stage 03,Products extraido,3,heap_alloc_mb,MB,products-service,low,30,3.157,4.072,4.274
Stage 03,Products extraido,3,heap_alloc_mb,MB,products-service,medium,30,4.049,5.227,5.335
Stage 03,Products extraido,3,heap_alloc_mb,MB,products-service,high,30,4.564,5.589,7.068
Stage 03,Products extraido,3,heap_alloc_mb,MB,users-service,low,30,1.983,2.552,2.599
Stage 03,Products extraido,3,heap_alloc_mb,MB,users-service,medium,30,2.185,2.825,2.907
Stage 03,Products extraido,3,heap_alloc_mb,MB,users-service,high,30,3.105,3.97,4.328
Stage 03,Products extraido,3,gc_pause_ms,ms,cadvisor,low,30,0.194,0.287,0.299
Stage 03,Products extraido,3,gc_pause_ms,ms,cadvisor,medium,30,0.198,0.381,0.402
Stage 03,Products extraido,3,gc_pause_ms,ms,cadvisor,high,30,0.467,1.016,1.083
Stage 03,Products extraido,3,gc_pause_ms,ms,prometheus,low,30,0.109,0.372,0.372
Stage 03,Products extraido,3,gc_pause_ms,ms,prometheus,medium,30,0.052,0.145,0.145
Stage 03,Products extraido,3,gc_pause_ms,ms,prometheus,high,30,0.054,0.186,0.186
Stage 03,Products extraido,3,gc_pause_ms,ms,monolith-partial,low,30,0.393,0.496,0.546
Stage 03,Products extraido,3,gc_pause_ms,ms,monolith-partial,medium,30,0.241,0.259,0.33
Stage 03,Products extraido,3,gc_pause_ms,ms,monolith-partial,high,30,2.128,2.346,2.346
Stage 03,Products extraido,3,gc_pause_ms,ms,products-service,low,30,0.322,0.415,0.445
Stage 03,Products extraido,3,gc_pause_ms,ms,products-service,medium,30,0.205,0.229,0.236
Stage 03,Products extraido,3,gc_pause_ms,ms,products-service,high,30,1.716,1.971,2.028
Stage 03,Products extraido,3,gc_pause_ms,ms,users-service,low,30,0.333,0.484,0.503
Stage 03,Products extraido,3,gc_pause_ms,ms,users-service,medium,30,0.215,0.243,0.249
Stage 03,Products extraido,3,gc_pause_ms,ms,users-service,high,30,1.656,2.117,2.154
Stage 03,Products extraido,3,pool_acquired_conns,conexoes,monolith-partial-03,low,30,0.533,3.1,5.0
Stage 03,Products extraido,3,pool_acquired_conns,conexoes,monolith-partial-03,medium,30,0.567,2.0,2.0
Stage 03,Products extraido,3,pool_acquired_conns,conexoes,monolith-partial-03,high,30,7.633,13.0,14.0
Stage 03,Products extraido,3,pool_acquired_conns,conexoes,products-service,low,30,0.167,1.0,2.0
Stage 03,Products extraido,3,pool_acquired_conns,conexoes,products-service,medium,30,0.267,2.0,3.0
Stage 03,Products extraido,3,pool_acquired_conns,conexoes,products-service,high,30,1.667,4.55,6.0
Stage 03,Products extraido,3,pool_acquired_conns,conexoes,users-service,low,30,0.033,0.0,1.0
Stage 03,Products extraido,3,pool_acquired_conns,conexoes,users-service,medium,30,0.167,1.55,2.0
Stage 03,Products extraido,3,pool_acquired_conns,conexoes,users-service,high,30,1.633,3.55,4.0
Stage 03,Products extraido,3,pool_idle_conns,conexoes,monolith-partial-03,low,30,12.1,14.0,14.0
Stage 03,Products extraido,3,pool_idle_conns,conexoes,monolith-partial-03,medium,30,13.433,14.0,14.0
Stage 03,Products extraido,3,pool_idle_conns,conexoes,monolith-partial-03,high,30,6.367,13.55,14.0
Stage 03,Products extraido,3,pool_idle_conns,conexoes,products-service,low,30,8.967,11.0,11.0
Stage 03,Products extraido,3,pool_idle_conns,conexoes,products-service,medium,30,12.8,14.0,14.0
Stage 03,Products extraido,3,pool_idle_conns,conexoes,products-service,high,30,12.333,14.0,14.0
Stage 03,Products extraido,3,pool_idle_conns,conexoes,users-service,low,30,7.4,8.0,8.0
Stage 03,Products extraido,3,pool_idle_conns,conexoes,users-service,medium,30,8.6,9.0,9.0
Stage 03,Products extraido,3,pool_idle_conns,conexoes,users-service,high,30,12.367,14.0,14.0
Stage 03,Products extraido,3,pool_total_conns,conexoes,monolith-partial-03,low,30,12.633,14.0,14.0
Stage 03,Products extraido,3,pool_total_conns,conexoes,monolith-partial-03,medium,30,14.0,14.0,14.0
Stage 03,Products extraido,3,pool_total_conns,conexoes,monolith-partial-03,high,30,14.0,14.0,14.0
Stage 03,Products extraido,3,pool_total_conns,conexoes,products-service,low,30,9.133,11.0,11.0
Stage 03,Products extraido,3,pool_total_conns,conexoes,products-service,medium,30,13.067,14.0,14.0
Stage 03,Products extraido,3,pool_total_conns,conexoes,products-service,high,30,14.0,14.0,14.0
Stage 03,Products extraido,3,pool_total_conns,conexoes,users-service,low,30,7.433,8.0,8.0
Stage 03,Products extraido,3,pool_total_conns,conexoes,users-service,medium,30,8.767,9.0,10.0
Stage 03,Products extraido,3,pool_total_conns,conexoes,users-service,high,30,14.0,14.0,14.0
Stage 03,Products extraido,3,pool_wait_per_acquire_ms,ms,monolith-partial-03,low,30,0.006,0.021,0.04
Stage 03,Products extraido,3,pool_wait_per_acquire_ms,ms,monolith-partial-03,medium,30,0.001,0.001,0.001
Stage 03,Products extraido,3,pool_wait_per_acquire_ms,ms,monolith-partial-03,high,30,1.874,2.316,2.425
Stage 03,Products extraido,3,pool_wait_per_acquire_ms,ms,products-service,low,30,0.006,0.018,0.024
Stage 03,Products extraido,3,pool_wait_per_acquire_ms,ms,products-service,medium,30,0.002,0.002,0.003
Stage 03,Products extraido,3,pool_wait_per_acquire_ms,ms,products-service,high,30,0.052,0.067,0.07
Stage 03,Products extraido,3,pool_wait_per_acquire_ms,ms,users-service,low,30,0.005,0.017,0.036
Stage 03,Products extraido,3,pool_wait_per_acquire_ms,ms,users-service,medium,30,0.002,0.002,0.002
Stage 03,Products extraido,3,pool_wait_per_acquire_ms,ms,users-service,high,30,0.029,0.043,0.048
Stage 03,Products extraido,3,pool_empty_acquire_per_s,por segundo,monolith-partial-03,low,30,0.039,0.153,0.154
Stage 03,Products extraido,3,pool_empty_acquire_per_s,por segundo,monolith-partial-03,medium,30,0.013,0.04,0.04
Stage 03,Products extraido,3,pool_empty_acquire_per_s,por segundo,monolith-partial-03,high,30,414.272,485.047,493.68
Stage 03,Products extraido,3,pool_empty_acquire_per_s,por segundo,products-service,low,30,0.032,0.111,0.12
Stage 03,Products extraido,3,pool_empty_acquire_per_s,por segundo,products-service,medium,30,0.011,0.06,0.06
Stage 03,Products extraido,3,pool_empty_acquire_per_s,por segundo,products-service,high,30,34.62,44.665,45.758
Stage 03,Products extraido,3,pool_empty_acquire_per_s,por segundo,users-service,low,30,0.021,0.1,0.101
Stage 03,Products extraido,3,pool_empty_acquire_per_s,por segundo,users-service,medium,30,0.004,0.02,0.02
Stage 03,Products extraido,3,pool_empty_acquire_per_s,por segundo,users-service,high,30,15.928,20.239,20.5
Stage 03,Products extraido,3,cpu_percent,percentual de um nucleo,nginx,low,60,27.604,30.927,31.93
Stage 03,Products extraido,3,cpu_percent,percentual de um nucleo,nginx,medium,60,68.464,71.849,74.95
Stage 03,Products extraido,3,cpu_percent,percentual de um nucleo,nginx,high,60,167.553,178.046,178.73
Stage 03,Products extraido,3,memory_mb,MB,nginx,low,60,16.048,16.671,17.11
Stage 03,Products extraido,3,memory_mb,MB,nginx,medium,60,19.124,19.663,19.86
Stage 03,Products extraido,3,memory_mb,MB,nginx,high,60,21.699,22.692,23.03
Stage 03,Products extraido,3,cpu_percent,percentual de um nucleo,users-service,low,60,14.947,17.3,17.6
Stage 03,Products extraido,3,cpu_percent,percentual de um nucleo,users-service,medium,60,34.138,37.393,38.42
Stage 03,Products extraido,3,cpu_percent,percentual de um nucleo,users-service,high,60,71.922,78.877,80.35
Stage 03,Products extraido,3,memory_mb,MB,users-service,low,60,11.495,12.349,12.75
Stage 03,Products extraido,3,memory_mb,MB,users-service,medium,60,12.196,13.331,13.68
Stage 03,Products extraido,3,memory_mb,MB,users-service,high,60,15.338,16.323,16.88
Stage 03,Products extraido,3,cpu_percent,percentual de um nucleo,grafana,low,60,0.138,0.348,0.62
Stage 03,Products extraido,3,cpu_percent,percentual de um nucleo,grafana,medium,60,0.098,0.173,0.33
Stage 03,Products extraido,3,cpu_percent,percentual de um nucleo,grafana,high,60,0.097,0.17,0.17
Stage 03,Products extraido,3,memory_mb,MB,grafana,low,60,52.266,54.9,54.91
Stage 03,Products extraido,3,memory_mb,MB,grafana,medium,60,48.427,48.52,48.7
Stage 03,Products extraido,3,memory_mb,MB,grafana,high,60,47.938,47.94,48.29
Stage 03,Products extraido,3,cpu_percent,percentual de um nucleo,monolith-partial,low,60,28.688,33.624,36.77
Stage 03,Products extraido,3,cpu_percent,percentual de um nucleo,monolith-partial,medium,60,62.787,68.21,70.66
Stage 03,Products extraido,3,cpu_percent,percentual de um nucleo,monolith-partial,high,60,140.766,150.575,159.02
Stage 03,Products extraido,3,memory_mb,MB,monolith-partial,low,60,16.251,17.984,18.21
Stage 03,Products extraido,3,memory_mb,MB,monolith-partial,medium,60,17.541,18.282,18.32
Stage 03,Products extraido,3,memory_mb,MB,monolith-partial,high,60,21.651,22.544,23.27
Stage 03,Products extraido,3,cpu_percent,percentual de um nucleo,products-service,low,60,18.934,21.938,23.12
Stage 03,Products extraido,3,cpu_percent,percentual de um nucleo,products-service,medium,60,42.424,45.897,46.64
Stage 03,Products extraido,3,cpu_percent,percentual de um nucleo,products-service,high,60,90.907,98.029,104.03
Stage 03,Products extraido,3,memory_mb,MB,products-service,low,60,12.966,14.024,14.8
Stage 03,Products extraido,3,memory_mb,MB,products-service,medium,60,15.114,16.266,16.92
Stage 03,Products extraido,3,memory_mb,MB,products-service,high,60,17.886,18.73,19.04
Stage 03,Products extraido,3,cpu_percent,percentual de um nucleo,postgres,low,60,30.368,36.188,38.33
Stage 03,Products extraido,3,cpu_percent,percentual de um nucleo,postgres,medium,60,68.091,84.876,92.66
Stage 03,Products extraido,3,cpu_percent,percentual de um nucleo,postgres,high,60,170.991,182.994,221.43
Stage 03,Products extraido,3,memory_mb,MB,postgres,low,60,87.974,96.546,98.51
Stage 03,Products extraido,3,memory_mb,MB,postgres,medium,60,112.192,124.015,125.2
Stage 03,Products extraido,3,memory_mb,MB,postgres,high,60,155.312,173.23,175.4
Stage 03,Products extraido,3,cpu_percent,percentual de um nucleo,prometheus,low,60,0.622,1.643,3.62
Stage 03,Products extraido,3,cpu_percent,percentual de um nucleo,prometheus,medium,60,0.42,1.002,1.24
Stage 03,Products extraido,3,cpu_percent,percentual de um nucleo,prometheus,high,60,0.134,0.28,1.0
Stage 03,Products extraido,3,memory_mb,MB,prometheus,low,60,35.154,35.81,35.96
Stage 03,Products extraido,3,memory_mb,MB,prometheus,medium,60,38.134,39.15,39.16
Stage 03,Products extraido,3,memory_mb,MB,prometheus,high,60,37.975,38.83,38.84
Stage 03,Products extraido,3,cpu_percent,percentual de um nucleo,cadvisor,low,60,0.907,2.629,2.91
Stage 03,Products extraido,3,cpu_percent,percentual de um nucleo,cadvisor,medium,60,0.552,1.486,1.98
Stage 03,Products extraido,3,cpu_percent,percentual de um nucleo,cadvisor,high,60,0.706,1.924,3.81
Stage 03,Products extraido,3,memory_mb,MB,cadvisor,low,60,18.013,19.346,19.46
Stage 03,Products extraido,3,memory_mb,MB,cadvisor,medium,60,19.362,20.337,21.12
Stage 03,Products extraido,3,memory_mb,MB,cadvisor,high,60,20.241,21.57,21.64
Stage 04,Orders e Inventory extraidos,1,process_cpu_percent,percentual de um nucleo,cadvisor,low,30,0.228,0.271,0.28
Stage 04,Orders e Inventory extraidos,1,process_cpu_percent,percentual de um nucleo,cadvisor,medium,30,0.201,0.32,0.32
Stage 04,Orders e Inventory extraidos,1,process_cpu_percent,percentual de um nucleo,cadvisor,high,30,0.217,0.271,0.28
Stage 04,Orders e Inventory extraidos,1,process_cpu_percent,percentual de um nucleo,inventory-service,low,30,4.437,4.902,4.92
Stage 04,Orders e Inventory extraidos,1,process_cpu_percent,percentual de um nucleo,inventory-service,medium,30,14.914,16.322,16.36
Stage 04,Orders e Inventory extraidos,1,process_cpu_percent,percentual de um nucleo,inventory-service,high,30,23.804,25.342,25.6
Stage 04,Orders e Inventory extraidos,1,process_cpu_percent,percentual de um nucleo,prometheus,low,30,0.209,0.292,0.34
Stage 04,Orders e Inventory extraidos,1,process_cpu_percent,percentual de um nucleo,prometheus,medium,30,0.165,0.2,0.2
Stage 04,Orders e Inventory extraidos,1,process_cpu_percent,percentual de um nucleo,prometheus,high,30,0.185,0.22,0.24
Stage 04,Orders e Inventory extraidos,1,process_cpu_percent,percentual de um nucleo,orders-service,low,30,29.128,32.411,32.46
Stage 04,Orders e Inventory extraidos,1,process_cpu_percent,percentual de um nucleo,orders-service,medium,30,126.987,152.863,153.58
Stage 04,Orders e Inventory extraidos,1,process_cpu_percent,percentual de um nucleo,orders-service,high,30,382.673,437.511,439.16
Stage 04,Orders e Inventory extraidos,1,process_cpu_percent,percentual de um nucleo,products-service,low,30,16.993,19.031,19.04
Stage 04,Orders e Inventory extraidos,1,process_cpu_percent,percentual de um nucleo,products-service,medium,30,55.454,61.664,61.9
Stage 04,Orders e Inventory extraidos,1,process_cpu_percent,percentual de um nucleo,products-service,high,30,84.434,90.464,90.66
Stage 04,Orders e Inventory extraidos,1,process_cpu_percent,percentual de um nucleo,users-service,low,30,16.294,17.813,18.02
Stage 04,Orders e Inventory extraidos,1,process_cpu_percent,percentual de um nucleo,users-service,medium,30,52.849,57.782,57.84
Stage 04,Orders e Inventory extraidos,1,process_cpu_percent,percentual de um nucleo,users-service,high,30,73.093,77.736,78.36
Stage 04,Orders e Inventory extraidos,1,process_memory_mb,MB,cadvisor,low,30,40.472,41.996,41.996
Stage 04,Orders e Inventory extraidos,1,process_memory_mb,MB,cadvisor,medium,30,41.562,43.122,43.359
Stage 04,Orders e Inventory extraidos,1,process_memory_mb,MB,cadvisor,high,30,42.906,44.788,44.949
Stage 04,Orders e Inventory extraidos,1,process_memory_mb,MB,inventory-service,low,30,17.58,18.757,18.98
Stage 04,Orders e Inventory extraidos,1,process_memory_mb,MB,inventory-service,medium,30,18.269,18.685,18.785
Stage 04,Orders e Inventory extraidos,1,process_memory_mb,MB,inventory-service,high,30,20.566,21.007,21.117
Stage 04,Orders e Inventory extraidos,1,process_memory_mb,MB,prometheus,low,30,82.239,85.414,85.414
Stage 04,Orders e Inventory extraidos,1,process_memory_mb,MB,prometheus,medium,30,85.593,86.233,86.289
Stage 04,Orders e Inventory extraidos,1,process_memory_mb,MB,prometheus,high,30,86.765,88.207,88.207
Stage 04,Orders e Inventory extraidos,1,process_memory_mb,MB,orders-service,low,30,20.72,21.43,21.77
Stage 04,Orders e Inventory extraidos,1,process_memory_mb,MB,orders-service,medium,30,23.128,24.018,24.25
Stage 04,Orders e Inventory extraidos,1,process_memory_mb,MB,orders-service,high,30,38.253,45.75,48.797
Stage 04,Orders e Inventory extraidos,1,process_memory_mb,MB,products-service,low,30,19.547,20.37,20.504
Stage 04,Orders e Inventory extraidos,1,process_memory_mb,MB,products-service,medium,30,21.536,22.271,22.512
Stage 04,Orders e Inventory extraidos,1,process_memory_mb,MB,products-service,high,30,25.28,25.908,26.023
Stage 04,Orders e Inventory extraidos,1,process_memory_mb,MB,users-service,low,30,18.724,19.275,19.328
Stage 04,Orders e Inventory extraidos,1,process_memory_mb,MB,users-service,medium,30,19.755,20.435,20.562
Stage 04,Orders e Inventory extraidos,1,process_memory_mb,MB,users-service,high,30,23.353,24.196,24.379
Stage 04,Orders e Inventory extraidos,1,goroutines,goroutines,cadvisor,low,30,26.967,28.0,28.0
Stage 04,Orders e Inventory extraidos,1,goroutines,goroutines,cadvisor,medium,30,26.8,28.0,28.0
Stage 04,Orders e Inventory extraidos,1,goroutines,goroutines,cadvisor,high,30,26.567,28.0,28.0
Stage 04,Orders e Inventory extraidos,1,goroutines,goroutines,inventory-service,low,30,9.233,10.0,10.0
Stage 04,Orders e Inventory extraidos,1,goroutines,goroutines,inventory-service,medium,30,9.733,12.55,13.0
Stage 04,Orders e Inventory extraidos,1,goroutines,goroutines,inventory-service,high,30,12.533,22.0,32.0
Stage 04,Orders e Inventory extraidos,1,goroutines,goroutines,prometheus,low,30,45.167,46.0,46.0
Stage 04,Orders e Inventory extraidos,1,goroutines,goroutines,prometheus,medium,30,45.133,46.0,46.0
Stage 04,Orders e Inventory extraidos,1,goroutines,goroutines,prometheus,high,30,45.033,45.0,46.0
Stage 04,Orders e Inventory extraidos,1,goroutines,goroutines,orders-service,low,30,14.367,20.1,24.0
Stage 04,Orders e Inventory extraidos,1,goroutines,goroutines,orders-service,medium,30,20.467,32.75,35.0
Stage 04,Orders e Inventory extraidos,1,goroutines,goroutines,orders-service,high,30,278.0,742.15,930.0
Stage 04,Orders e Inventory extraidos,1,goroutines,goroutines,products-service,low,30,11.533,14.1,17.0
Stage 04,Orders e Inventory extraidos,1,goroutines,goroutines,products-service,medium,30,13.833,19.2,23.0
Stage 04,Orders e Inventory extraidos,1,goroutines,goroutines,products-service,high,30,23.267,38.55,40.0
Stage 04,Orders e Inventory extraidos,1,goroutines,goroutines,users-service,low,30,10.567,15.0,16.0
Stage 04,Orders e Inventory extraidos,1,goroutines,goroutines,users-service,medium,30,11.367,15.55,19.0
Stage 04,Orders e Inventory extraidos,1,goroutines,goroutines,users-service,high,30,23.533,49.85,61.0
Stage 04,Orders e Inventory extraidos,1,heap_alloc_mb,MB,cadvisor,low,30,6.231,7.935,8.4
Stage 04,Orders e Inventory extraidos,1,heap_alloc_mb,MB,cadvisor,medium,30,6.762,8.795,9.122
Stage 04,Orders e Inventory extraidos,1,heap_alloc_mb,MB,cadvisor,high,30,7.376,9.11,10.375
Stage 04,Orders e Inventory extraidos,1,heap_alloc_mb,MB,inventory-service,low,30,1.989,2.844,2.966
Stage 04,Orders e Inventory extraidos,1,heap_alloc_mb,MB,inventory-service,medium,30,1.995,2.8,2.861
Stage 04,Orders e Inventory extraidos,1,heap_alloc_mb,MB,inventory-service,high,30,2.862,3.554,3.737
Stage 04,Orders e Inventory extraidos,1,heap_alloc_mb,MB,prometheus,low,30,20.012,22.924,23.69
Stage 04,Orders e Inventory extraidos,1,heap_alloc_mb,MB,prometheus,medium,30,20.192,22.937,23.562
Stage 04,Orders e Inventory extraidos,1,heap_alloc_mb,MB,prometheus,high,30,21.395,25.026,25.666
Stage 04,Orders e Inventory extraidos,1,heap_alloc_mb,MB,orders-service,low,30,2.342,2.763,2.881
Stage 04,Orders e Inventory extraidos,1,heap_alloc_mb,MB,orders-service,medium,30,3.167,3.546,4.064
Stage 04,Orders e Inventory extraidos,1,heap_alloc_mb,MB,orders-service,high,30,8.101,12.549,14.269
Stage 04,Orders e Inventory extraidos,1,heap_alloc_mb,MB,products-service,low,30,2.712,3.409,3.613
Stage 04,Orders e Inventory extraidos,1,heap_alloc_mb,MB,products-service,medium,30,3.479,4.888,5.049
Stage 04,Orders e Inventory extraidos,1,heap_alloc_mb,MB,products-service,high,30,4.42,5.236,5.989
Stage 04,Orders e Inventory extraidos,1,heap_alloc_mb,MB,users-service,low,30,2.11,2.53,2.619
Stage 04,Orders e Inventory extraidos,1,heap_alloc_mb,MB,users-service,medium,30,2.682,3.236,3.459
Stage 04,Orders e Inventory extraidos,1,heap_alloc_mb,MB,users-service,high,30,3.516,4.06,4.636
Stage 04,Orders e Inventory extraidos,1,gc_pause_ms,ms,cadvisor,low,30,0.179,0.249,0.284
Stage 04,Orders e Inventory extraidos,1,gc_pause_ms,ms,cadvisor,medium,30,0.481,1.389,2.026
Stage 04,Orders e Inventory extraidos,1,gc_pause_ms,ms,cadvisor,high,30,0.505,1.471,1.728
Stage 04,Orders e Inventory extraidos,1,gc_pause_ms,ms,inventory-service,low,30,0.186,0.239,0.241
Stage 04,Orders e Inventory extraidos,1,gc_pause_ms,ms,inventory-service,medium,30,0.231,0.31,0.319
Stage 04,Orders e Inventory extraidos,1,gc_pause_ms,ms,inventory-service,high,30,1.385,2.208,2.335
Stage 04,Orders e Inventory extraidos,1,gc_pause_ms,ms,prometheus,low,30,0.047,0.127,0.127
Stage 04,Orders e Inventory extraidos,1,gc_pause_ms,ms,prometheus,medium,30,0.044,0.101,0.101
Stage 04,Orders e Inventory extraidos,1,gc_pause_ms,ms,prometheus,high,30,0.223,1.286,1.286
Stage 04,Orders e Inventory extraidos,1,gc_pause_ms,ms,orders-service,low,30,0.351,0.391,0.408
Stage 04,Orders e Inventory extraidos,1,gc_pause_ms,ms,orders-service,medium,30,0.495,0.611,0.622
Stage 04,Orders e Inventory extraidos,1,gc_pause_ms,ms,orders-service,high,30,6.261,7.678,7.78
Stage 04,Orders e Inventory extraidos,1,gc_pause_ms,ms,products-service,low,30,0.308,0.379,0.418
Stage 04,Orders e Inventory extraidos,1,gc_pause_ms,ms,products-service,medium,30,0.391,0.483,0.489
Stage 04,Orders e Inventory extraidos,1,gc_pause_ms,ms,products-service,high,30,2.521,2.819,2.861
Stage 04,Orders e Inventory extraidos,1,gc_pause_ms,ms,users-service,low,30,0.302,0.387,0.393
Stage 04,Orders e Inventory extraidos,1,gc_pause_ms,ms,users-service,medium,30,0.399,0.515,0.553
Stage 04,Orders e Inventory extraidos,1,gc_pause_ms,ms,users-service,high,30,2.419,2.901,2.934
Stage 04,Orders e Inventory extraidos,1,pool_acquired_conns,conexoes,inventory-service,low,30,0.0,0.0,0.0
Stage 04,Orders e Inventory extraidos,1,pool_acquired_conns,conexoes,inventory-service,medium,30,0.1,1.0,1.0
Stage 04,Orders e Inventory extraidos,1,pool_acquired_conns,conexoes,inventory-service,high,30,0.533,2.55,5.0
Stage 04,Orders e Inventory extraidos,1,pool_acquired_conns,conexoes,orders-service,low,30,0.2,1.0,2.0
Stage 04,Orders e Inventory extraidos,1,pool_acquired_conns,conexoes,orders-service,medium,30,1.133,3.55,4.0
Stage 04,Orders e Inventory extraidos,1,pool_acquired_conns,conexoes,orders-service,high,30,11.133,14.0,14.0
Stage 04,Orders e Inventory extraidos,1,pool_acquired_conns,conexoes,products-service,low,30,0.167,1.0,2.0
Stage 04,Orders e Inventory extraidos,1,pool_acquired_conns,conexoes,products-service,medium,30,0.633,2.0,3.0
Stage 04,Orders e Inventory extraidos,1,pool_acquired_conns,conexoes,products-service,high,30,2.133,6.0,7.0
Stage 04,Orders e Inventory extraidos,1,pool_acquired_conns,conexoes,users-service,low,30,0.133,1.0,1.0
Stage 04,Orders e Inventory extraidos,1,pool_acquired_conns,conexoes,users-service,medium,30,0.4,2.0,3.0
Stage 04,Orders e Inventory extraidos,1,pool_acquired_conns,conexoes,users-service,high,30,2.633,9.65,13.0
Stage 04,Orders e Inventory extraidos,1,pool_idle_conns,conexoes,inventory-service,low,30,4.0,5.0,5.0
Stage 04,Orders e Inventory extraidos,1,pool_idle_conns,conexoes,inventory-service,medium,30,4.9,5.0,5.0
Stage 04,Orders e Inventory extraidos,1,pool_idle_conns,conexoes,inventory-service,high,30,13.467,14.0,14.0
Stage 04,Orders e Inventory extraidos,1,pool_idle_conns,conexoes,orders-service,low,30,8.867,10.0,10.0
Stage 04,Orders e Inventory extraidos,1,pool_idle_conns,conexoes,orders-service,medium,30,11.967,14.0,14.0
Stage 04,Orders e Inventory extraidos,1,pool_idle_conns,conexoes,orders-service,high,30,2.867,8.65,11.0
Stage 04,Orders e Inventory extraidos,1,pool_idle_conns,conexoes,products-service,low,30,7.967,9.0,9.0
Stage 04,Orders e Inventory extraidos,1,pool_idle_conns,conexoes,products-service,medium,30,10.5,12.0,12.0
Stage 04,Orders e Inventory extraidos,1,pool_idle_conns,conexoes,products-service,high,30,11.867,14.0,14.0
Stage 04,Orders e Inventory extraidos,1,pool_idle_conns,conexoes,users-service,low,30,8.1,9.0,9.0
Stage 04,Orders e Inventory extraidos,1,pool_idle_conns,conexoes,users-service,medium,30,10.333,11.0,11.0
Stage 04,Orders e Inventory extraidos,1,pool_idle_conns,conexoes,users-service,high,30,11.367,14.0,14.0
Stage 04,Orders e Inventory extraidos,1,pool_total_conns,conexoes,inventory-service,low,30,4.0,5.0,5.0
Stage 04,Orders e Inventory extraidos,1,pool_total_conns,conexoes,inventory-service,medium,30,5.0,5.0,5.0
Stage 04,Orders e Inventory extraidos,1,pool_total_conns,conexoes,inventory-service,high,30,14.0,14.0,14.0
Stage 04,Orders e Inventory extraidos,1,pool_total_conns,conexoes,orders-service,low,30,9.067,10.0,10.0
Stage 04,Orders e Inventory extraidos,1,pool_total_conns,conexoes,orders-service,medium,30,13.1,14.0,14.0
Stage 04,Orders e Inventory extraidos,1,pool_total_conns,conexoes,orders-service,high,30,14.0,14.0,14.0
Stage 04,Orders e Inventory extraidos,1,pool_total_conns,conexoes,products-service,low,30,8.133,9.0,9.0
Stage 04,Orders e Inventory extraidos,1,pool_total_conns,conexoes,products-service,medium,30,11.133,12.0,12.0
Stage 04,Orders e Inventory extraidos,1,pool_total_conns,conexoes,products-service,high,30,14.0,14.0,14.0
Stage 04,Orders e Inventory extraidos,1,pool_total_conns,conexoes,users-service,low,30,8.233,9.0,9.0
Stage 04,Orders e Inventory extraidos,1,pool_total_conns,conexoes,users-service,medium,30,10.733,11.0,11.0
Stage 04,Orders e Inventory extraidos,1,pool_total_conns,conexoes,users-service,high,30,14.0,14.0,14.0
Stage 04,Orders e Inventory extraidos,1,pool_wait_per_acquire_ms,ms,inventory-service,low,30,0.006,0.021,0.036
Stage 04,Orders e Inventory extraidos,1,pool_wait_per_acquire_ms,ms,inventory-service,medium,30,0.002,0.003,0.003
Stage 04,Orders e Inventory extraidos,1,pool_wait_per_acquire_ms,ms,inventory-service,high,30,0.007,0.018,0.021
Stage 04,Orders e Inventory extraidos,1,pool_wait_per_acquire_ms,ms,orders-service,low,30,0.005,0.024,0.03
Stage 04,Orders e Inventory extraidos,1,pool_wait_per_acquire_ms,ms,orders-service,medium,30,0.002,0.004,0.004
Stage 04,Orders e Inventory extraidos,1,pool_wait_per_acquire_ms,ms,orders-service,high,30,52.031,69.714,70.175
Stage 04,Orders e Inventory extraidos,1,pool_wait_per_acquire_ms,ms,products-service,low,30,0.004,0.012,0.02
Stage 04,Orders e Inventory extraidos,1,pool_wait_per_acquire_ms,ms,products-service,medium,30,0.002,0.002,0.002
Stage 04,Orders e Inventory extraidos,1,pool_wait_per_acquire_ms,ms,products-service,high,30,0.127,0.162,0.166
Stage 04,Orders e Inventory extraidos,1,pool_wait_per_acquire_ms,ms,users-service,low,30,0.003,0.012,0.015
Stage 04,Orders e Inventory extraidos,1,pool_wait_per_acquire_ms,ms,users-service,medium,30,0.002,0.002,0.002
Stage 04,Orders e Inventory extraidos,1,pool_wait_per_acquire_ms,ms,users-service,high,30,0.178,0.242,0.293
Stage 04,Orders e Inventory extraidos,1,pool_empty_acquire_per_s,por segundo,inventory-service,low,30,0.012,0.039,0.04
Stage 04,Orders e Inventory extraidos,1,pool_empty_acquire_per_s,por segundo,inventory-service,medium,30,0.0,0.0,0.0
Stage 04,Orders e Inventory extraidos,1,pool_empty_acquire_per_s,por segundo,inventory-service,high,30,0.242,0.491,0.52
Stage 04,Orders e Inventory extraidos,1,pool_empty_acquire_per_s,por segundo,orders-service,low,30,0.029,0.135,0.16
Stage 04,Orders e Inventory extraidos,1,pool_empty_acquire_per_s,por segundo,orders-service,medium,30,0.043,0.18,0.2
Stage 04,Orders e Inventory extraidos,1,pool_empty_acquire_per_s,por segundo,orders-service,high,30,516.238,601.644,620.76
Stage 04,Orders e Inventory extraidos,1,pool_empty_acquire_per_s,por segundo,products-service,low,30,0.026,0.106,0.12
Stage 04,Orders e Inventory extraidos,1,pool_empty_acquire_per_s,por segundo,products-service,medium,30,0.01,0.04,0.04
Stage 04,Orders e Inventory extraidos,1,pool_empty_acquire_per_s,por segundo,products-service,high,30,72.613,89.413,97.46
Stage 04,Orders e Inventory extraidos,1,pool_empty_acquire_per_s,por segundo,users-service,low,30,0.024,0.119,0.135
Stage 04,Orders e Inventory extraidos,1,pool_empty_acquire_per_s,por segundo,users-service,medium,30,0.007,0.04,0.04
Stage 04,Orders e Inventory extraidos,1,pool_empty_acquire_per_s,por segundo,users-service,high,30,76.485,94.51,98.66
Stage 04,Orders e Inventory extraidos,1,cpu_percent,percentual de um nucleo,nginx,low,60,22.84,28.771,30.19
Stage 04,Orders e Inventory extraidos,1,cpu_percent,percentual de um nucleo,nginx,medium,60,85.431,93.108,95.49
Stage 04,Orders e Inventory extraidos,1,cpu_percent,percentual de um nucleo,nginx,high,60,127.766,164.45,170.79
Stage 04,Orders e Inventory extraidos,1,memory_mb,MB,nginx,low,60,16.056,16.711,16.86
Stage 04,Orders e Inventory extraidos,1,memory_mb,MB,nginx,medium,60,19.608,20.233,20.52
Stage 04,Orders e Inventory extraidos,1,memory_mb,MB,nginx,high,60,23.241,25.929,26.53
Stage 04,Orders e Inventory extraidos,1,cpu_percent,percentual de um nucleo,orders-service,low,60,32.464,41.316,44.93
Stage 04,Orders e Inventory extraidos,1,cpu_percent,percentual de um nucleo,orders-service,medium,60,147.307,275.586,288.53
Stage 04,Orders e Inventory extraidos,1,cpu_percent,percentual de um nucleo,orders-service,high,60,415.915,781.032,785.94
Stage 04,Orders e Inventory extraidos,1,memory_mb,MB,orders-service,low,60,14.674,15.71,16.3
Stage 04,Orders e Inventory extraidos,1,memory_mb,MB,orders-service,medium,60,20.706,22.374,22.66
Stage 04,Orders e Inventory extraidos,1,memory_mb,MB,orders-service,high,60,42.478,51.431,54.7
Stage 04,Orders e Inventory extraidos,1,cpu_percent,percentual de um nucleo,products-service,low,60,18.88,23.248,24.86
Stage 04,Orders e Inventory extraidos,1,cpu_percent,percentual de um nucleo,products-service,medium,60,62.51,68.314,70.93
Stage 04,Orders e Inventory extraidos,1,cpu_percent,percentual de um nucleo,products-service,high,60,85.65,109.435,113.02
Stage 04,Orders e Inventory extraidos,1,memory_mb,MB,products-service,low,60,13.068,14.653,15.54
Stage 04,Orders e Inventory extraidos,1,memory_mb,MB,products-service,medium,60,14.732,15.751,16.59
Stage 04,Orders e Inventory extraidos,1,memory_mb,MB,products-service,high,60,18.458,19.4,19.77
Stage 04,Orders e Inventory extraidos,1,cpu_percent,percentual de um nucleo,inventory-service,low,60,4.822,6.336,7.62
Stage 04,Orders e Inventory extraidos,1,cpu_percent,percentual de um nucleo,inventory-service,medium,60,16.152,18.518,19.26
Stage 04,Orders e Inventory extraidos,1,cpu_percent,percentual de um nucleo,inventory-service,high,60,24.057,30.703,32.3
Stage 04,Orders e Inventory extraidos,1,memory_mb,MB,inventory-service,low,60,9.77,10.972,11.41
Stage 04,Orders e Inventory extraidos,1,memory_mb,MB,inventory-service,medium,60,10.378,11.219,11.94
Stage 04,Orders e Inventory extraidos,1,memory_mb,MB,inventory-service,high,60,12.957,13.858,14.95
Stage 04,Orders e Inventory extraidos,1,cpu_percent,percentual de um nucleo,users-service,low,60,17.98,22.697,23.67
Stage 04,Orders e Inventory extraidos,1,cpu_percent,percentual de um nucleo,users-service,medium,60,58.278,62.697,66.4
Stage 04,Orders e Inventory extraidos,1,cpu_percent,percentual de um nucleo,users-service,high,60,74.864,93.0,101.87
Stage 04,Orders e Inventory extraidos,1,memory_mb,MB,users-service,low,60,11.717,12.925,13.26
Stage 04,Orders e Inventory extraidos,1,memory_mb,MB,users-service,medium,60,12.717,13.77,14.09
Stage 04,Orders e Inventory extraidos,1,memory_mb,MB,users-service,high,60,16.644,18.021,18.55
Stage 04,Orders e Inventory extraidos,1,cpu_percent,percentual de um nucleo,grafana,low,60,0.109,0.2,0.29
Stage 04,Orders e Inventory extraidos,1,cpu_percent,percentual de um nucleo,grafana,medium,60,0.096,0.18,0.21
Stage 04,Orders e Inventory extraidos,1,cpu_percent,percentual de um nucleo,grafana,high,60,0.087,0.15,0.16
Stage 04,Orders e Inventory extraidos,1,memory_mb,MB,grafana,low,60,49.215,52.43,52.44
Stage 04,Orders e Inventory extraidos,1,memory_mb,MB,grafana,medium,60,44.353,44.38,44.38
Stage 04,Orders e Inventory extraidos,1,memory_mb,MB,grafana,high,60,44.387,44.41,44.41
Stage 04,Orders e Inventory extraidos,1,cpu_percent,percentual de um nucleo,postgres,low,60,22.581,27.991,30.02
Stage 04,Orders e Inventory extraidos,1,cpu_percent,percentual de um nucleo,postgres,medium,60,74.494,82.976,86.66
Stage 04,Orders e Inventory extraidos,1,cpu_percent,percentual de um nucleo,postgres,high,60,119.23,156.528,165.58
Stage 04,Orders e Inventory extraidos,1,memory_mb,MB,postgres,low,60,85.316,92.786,93.24
Stage 04,Orders e Inventory extraidos,1,memory_mb,MB,postgres,medium,60,116.695,128.15,129.5
Stage 04,Orders e Inventory extraidos,1,memory_mb,MB,postgres,high,60,169.448,181.71,182.9
Stage 04,Orders e Inventory extraidos,1,cpu_percent,percentual de um nucleo,prometheus,low,60,0.396,1.124,1.55
Stage 04,Orders e Inventory extraidos,1,cpu_percent,percentual de um nucleo,prometheus,medium,60,0.368,0.886,1.25
Stage 04,Orders e Inventory extraidos,1,cpu_percent,percentual de um nucleo,prometheus,high,60,0.006,0.005,0.14
Stage 04,Orders e Inventory extraidos,1,memory_mb,MB,prometheus,low,60,32.34,35.059,35.28
Stage 04,Orders e Inventory extraidos,1,memory_mb,MB,prometheus,medium,60,34.903,35.67,35.68
Stage 04,Orders e Inventory extraidos,1,memory_mb,MB,prometheus,high,60,36.168,37.59,37.59
Stage 04,Orders e Inventory extraidos,1,cpu_percent,percentual de um nucleo,cadvisor,low,60,0.012,0.01,0.35
Stage 04,Orders e Inventory extraidos,1,cpu_percent,percentual de um nucleo,cadvisor,medium,60,0.035,0.292,0.98
Stage 04,Orders e Inventory extraidos,1,cpu_percent,percentual de um nucleo,cadvisor,high,60,0.065,0.323,1.05
Stage 04,Orders e Inventory extraidos,1,memory_mb,MB,cadvisor,low,60,18.584,19.96,20.67
Stage 04,Orders e Inventory extraidos,1,memory_mb,MB,cadvisor,medium,60,19.224,21.09,21.24
Stage 04,Orders e Inventory extraidos,1,memory_mb,MB,cadvisor,high,60,20.925,22.553,22.8
Stage 04,Orders e Inventory extraidos,2,process_cpu_percent,percentual de um nucleo,cadvisor,low,30,0.226,0.291,0.32
Stage 04,Orders e Inventory extraidos,2,process_cpu_percent,percentual de um nucleo,cadvisor,medium,30,0.195,0.24,0.24
Stage 04,Orders e Inventory extraidos,2,process_cpu_percent,percentual de um nucleo,cadvisor,high,30,0.217,0.271,0.28
Stage 04,Orders e Inventory extraidos,2,process_cpu_percent,percentual de um nucleo,inventory-service,low,30,4.513,4.931,4.94
Stage 04,Orders e Inventory extraidos,2,process_cpu_percent,percentual de um nucleo,inventory-service,medium,30,15.234,16.664,16.761
Stage 04,Orders e Inventory extraidos,2,process_cpu_percent,percentual de um nucleo,inventory-service,high,30,23.087,24.406,24.56
Stage 04,Orders e Inventory extraidos,2,process_cpu_percent,percentual de um nucleo,prometheus,low,30,0.199,0.231,0.28
Stage 04,Orders e Inventory extraidos,2,process_cpu_percent,percentual de um nucleo,prometheus,medium,30,0.165,0.211,0.22
Stage 04,Orders e Inventory extraidos,2,process_cpu_percent,percentual de um nucleo,prometheus,high,30,0.189,0.22,0.22
Stage 04,Orders e Inventory extraidos,2,process_cpu_percent,percentual de um nucleo,orders-service,low,30,29.614,32.402,32.66
Stage 04,Orders e Inventory extraidos,2,process_cpu_percent,percentual de um nucleo,orders-service,medium,30,128.865,153.919,155.54
Stage 04,Orders e Inventory extraidos,2,process_cpu_percent,percentual de um nucleo,orders-service,high,30,361.472,407.887,410.1
Stage 04,Orders e Inventory extraidos,2,process_cpu_percent,percentual de um nucleo,products-service,low,30,17.547,19.295,19.36
Stage 04,Orders e Inventory extraidos,2,process_cpu_percent,percentual de um nucleo,products-service,medium,30,56.404,62.342,62.6
Stage 04,Orders e Inventory extraidos,2,process_cpu_percent,percentual de um nucleo,products-service,high,30,82.64,87.205,88.4
Stage 04,Orders e Inventory extraidos,2,process_cpu_percent,percentual de um nucleo,users-service,low,30,16.775,18.424,18.48
Stage 04,Orders e Inventory extraidos,2,process_cpu_percent,percentual de um nucleo,users-service,medium,30,53.043,59.101,59.62
Stage 04,Orders e Inventory extraidos,2,process_cpu_percent,percentual de um nucleo,users-service,high,30,71.61,76.351,76.84
Stage 04,Orders e Inventory extraidos,2,process_memory_mb,MB,cadvisor,low,30,40.831,42.452,42.832
Stage 04,Orders e Inventory extraidos,2,process_memory_mb,MB,cadvisor,medium,30,42.666,43.795,43.797
Stage 04,Orders e Inventory extraidos,2,process_memory_mb,MB,cadvisor,high,30,43.491,45.353,45.543
Stage 04,Orders e Inventory extraidos,2,process_memory_mb,MB,inventory-service,low,30,17.804,19.002,19.059
Stage 04,Orders e Inventory extraidos,2,process_memory_mb,MB,inventory-service,medium,30,18.379,18.71,18.828
Stage 04,Orders e Inventory extraidos,2,process_memory_mb,MB,inventory-service,high,30,20.802,21.414,21.473
Stage 04,Orders e Inventory extraidos,2,process_memory_mb,MB,prometheus,low,30,107.864,115.537,115.594
Stage 04,Orders e Inventory extraidos,2,process_memory_mb,MB,prometheus,medium,30,89.57,90.176,90.176
Stage 04,Orders e Inventory extraidos,2,process_memory_mb,MB,prometheus,high,30,90.88,92.082,92.082
Stage 04,Orders e Inventory extraidos,2,process_memory_mb,MB,orders-service,low,30,20.983,21.768,21.809
Stage 04,Orders e Inventory extraidos,2,process_memory_mb,MB,orders-service,medium,30,23.555,24.309,24.723
Stage 04,Orders e Inventory extraidos,2,process_memory_mb,MB,orders-service,high,30,37.292,45.123,46.809
Stage 04,Orders e Inventory extraidos,2,process_memory_mb,MB,products-service,low,30,20.103,21.268,21.523
Stage 04,Orders e Inventory extraidos,2,process_memory_mb,MB,products-service,medium,30,22.421,23.23,23.523
Stage 04,Orders e Inventory extraidos,2,process_memory_mb,MB,products-service,high,30,25.271,25.882,26.281
Stage 04,Orders e Inventory extraidos,2,process_memory_mb,MB,users-service,low,30,18.846,19.605,19.797
Stage 04,Orders e Inventory extraidos,2,process_memory_mb,MB,users-service,medium,30,20.779,21.409,21.496
Stage 04,Orders e Inventory extraidos,2,process_memory_mb,MB,users-service,high,30,23.699,24.7,25.754
Stage 04,Orders e Inventory extraidos,2,goroutines,goroutines,cadvisor,low,30,27.0,28.0,28.0
Stage 04,Orders e Inventory extraidos,2,goroutines,goroutines,cadvisor,medium,30,26.733,28.0,28.0
Stage 04,Orders e Inventory extraidos,2,goroutines,goroutines,cadvisor,high,30,26.533,28.0,28.0
Stage 04,Orders e Inventory extraidos,2,goroutines,goroutines,inventory-service,low,30,9.667,12.55,14.0
Stage 04,Orders e Inventory extraidos,2,goroutines,goroutines,inventory-service,medium,30,9.767,13.0,13.0
Stage 04,Orders e Inventory extraidos,2,goroutines,goroutines,inventory-service,high,30,13.633,20.2,49.0
Stage 04,Orders e Inventory extraidos,2,goroutines,goroutines,prometheus,low,30,45.133,46.0,46.0
Stage 04,Orders e Inventory extraidos,2,goroutines,goroutines,prometheus,medium,30,45.1,46.0,46.0
Stage 04,Orders e Inventory extraidos,2,goroutines,goroutines,prometheus,high,30,45.133,46.0,47.0
Stage 04,Orders e Inventory extraidos,2,goroutines,goroutines,orders-service,low,30,14.333,20.1,28.0
Stage 04,Orders e Inventory extraidos,2,goroutines,goroutines,orders-service,medium,30,21.7,31.65,34.0
Stage 04,Orders e Inventory extraidos,2,goroutines,goroutines,orders-service,high,30,278.6,635.65,764.0
Stage 04,Orders e Inventory extraidos,2,goroutines,goroutines,products-service,low,30,11.733,15.0,17.0
Stage 04,Orders e Inventory extraidos,2,goroutines,goroutines,products-service,medium,30,14.6,24.0,24.0
Stage 04,Orders e Inventory extraidos,2,goroutines,goroutines,products-service,high,30,31.533,74.15,85.0
Stage 04,Orders e Inventory extraidos,2,goroutines,goroutines,users-service,low,30,9.5,12.1,14.0
Stage 04,Orders e Inventory extraidos,2,goroutines,goroutines,users-service,medium,30,11.567,17.1,20.0
Stage 04,Orders e Inventory extraidos,2,goroutines,goroutines,users-service,high,30,35.933,75.0,152.0
Stage 04,Orders e Inventory extraidos,2,heap_alloc_mb,MB,cadvisor,low,30,5.924,7.341,7.761
Stage 04,Orders e Inventory extraidos,2,heap_alloc_mb,MB,cadvisor,medium,30,6.758,8.369,9.527
Stage 04,Orders e Inventory extraidos,2,heap_alloc_mb,MB,cadvisor,high,30,7.313,9.581,9.933
Stage 04,Orders e Inventory extraidos,2,heap_alloc_mb,MB,inventory-service,low,30,1.932,2.829,2.93
Stage 04,Orders e Inventory extraidos,2,heap_alloc_mb,MB,inventory-service,medium,30,2.05,2.687,2.732
Stage 04,Orders e Inventory extraidos,2,heap_alloc_mb,MB,inventory-service,high,30,3.045,3.943,3.999
Stage 04,Orders e Inventory extraidos,2,heap_alloc_mb,MB,prometheus,low,30,31.099,56.998,57.676
Stage 04,Orders e Inventory extraidos,2,heap_alloc_mb,MB,prometheus,medium,30,21.029,23.553,24.452
Stage 04,Orders e Inventory extraidos,2,heap_alloc_mb,MB,prometheus,high,30,23.68,27.891,28.571
Stage 04,Orders e Inventory extraidos,2,heap_alloc_mb,MB,orders-service,low,30,2.505,2.831,3.176
Stage 04,Orders e Inventory extraidos,2,heap_alloc_mb,MB,orders-service,medium,30,3.255,3.919,4.248
Stage 04,Orders e Inventory extraidos,2,heap_alloc_mb,MB,orders-service,high,30,7.646,12.321,16.639
Stage 04,Orders e Inventory extraidos,2,heap_alloc_mb,MB,products-service,low,30,3.059,4.271,4.59
Stage 04,Orders e Inventory extraidos,2,heap_alloc_mb,MB,products-service,medium,30,4.055,4.961,5.477
Stage 04,Orders e Inventory extraidos,2,heap_alloc_mb,MB,products-service,high,30,4.711,6.071,6.362
Stage 04,Orders e Inventory extraidos,2,heap_alloc_mb,MB,users-service,low,30,2.236,2.738,3.009
Stage 04,Orders e Inventory extraidos,2,heap_alloc_mb,MB,users-service,medium,30,3.096,3.909,4.028
Stage 04,Orders e Inventory extraidos,2,heap_alloc_mb,MB,users-service,high,30,3.449,4.242,4.862
Stage 04,Orders e Inventory extraidos,2,gc_pause_ms,ms,cadvisor,low,30,0.15,0.278,0.307
Stage 04,Orders e Inventory extraidos,2,gc_pause_ms,ms,cadvisor,medium,30,0.178,0.253,0.309
Stage 04,Orders e Inventory extraidos,2,gc_pause_ms,ms,cadvisor,high,30,2.928,17.755,17.817
Stage 04,Orders e Inventory extraidos,2,gc_pause_ms,ms,inventory-service,low,30,0.205,0.274,0.318
Stage 04,Orders e Inventory extraidos,2,gc_pause_ms,ms,inventory-service,medium,30,0.282,0.487,0.523
Stage 04,Orders e Inventory extraidos,2,gc_pause_ms,ms,inventory-service,high,30,1.421,2.219,2.708
Stage 04,Orders e Inventory extraidos,2,gc_pause_ms,ms,prometheus,low,30,0.073,0.362,0.362
Stage 04,Orders e Inventory extraidos,2,gc_pause_ms,ms,prometheus,medium,30,0.035,0.086,0.086
Stage 04,Orders e Inventory extraidos,2,gc_pause_ms,ms,prometheus,high,30,0.054,0.191,0.191
Stage 04,Orders e Inventory extraidos,2,gc_pause_ms,ms,orders-service,low,30,0.409,0.466,0.469
Stage 04,Orders e Inventory extraidos,2,gc_pause_ms,ms,orders-service,medium,30,0.602,0.92,0.983
Stage 04,Orders e Inventory extraidos,2,gc_pause_ms,ms,orders-service,high,30,6.287,7.767,8.283
Stage 04,Orders e Inventory extraidos,2,gc_pause_ms,ms,products-service,low,30,0.405,0.517,0.544
Stage 04,Orders e Inventory extraidos,2,gc_pause_ms,ms,products-service,medium,30,0.446,0.567,0.589
Stage 04,Orders e Inventory extraidos,2,gc_pause_ms,ms,products-service,high,30,2.842,3.324,3.359
Stage 04,Orders e Inventory extraidos,2,gc_pause_ms,ms,users-service,low,30,0.321,0.403,0.41
Stage 04,Orders e Inventory extraidos,2,gc_pause_ms,ms,users-service,medium,30,0.528,1.151,1.218
Stage 04,Orders e Inventory extraidos,2,gc_pause_ms,ms,users-service,high,30,2.491,2.997,3.025
Stage 04,Orders e Inventory extraidos,2,pool_acquired_conns,conexoes,inventory-service,low,30,0.1,1.0,1.0
Stage 04,Orders e Inventory extraidos,2,pool_acquired_conns,conexoes,inventory-service,medium,30,0.167,1.0,1.0
Stage 04,Orders e Inventory extraidos,2,pool_acquired_conns,conexoes,inventory-service,high,30,0.9,3.55,10.0
Stage 04,Orders e Inventory extraidos,2,pool_acquired_conns,conexoes,orders-service,low,30,0.267,1.55,2.0
Stage 04,Orders e Inventory extraidos,2,pool_acquired_conns,conexoes,orders-service,medium,30,1.4,4.0,5.0
Stage 04,Orders e Inventory extraidos,2,pool_acquired_conns,conexoes,orders-service,high,30,12.533,14.0,14.0
Stage 04,Orders e Inventory extraidos,2,pool_acquired_conns,conexoes,products-service,low,30,0.1,1.0,1.0
Stage 04,Orders e Inventory extraidos,2,pool_acquired_conns,conexoes,products-service,medium,30,0.733,2.55,4.0
Stage 04,Orders e Inventory extraidos,2,pool_acquired_conns,conexoes,products-service,high,30,3.533,10.65,14.0
Stage 04,Orders e Inventory extraidos,2,pool_acquired_conns,conexoes,users-service,low,30,0.1,1.0,1.0
Stage 04,Orders e Inventory extraidos,2,pool_acquired_conns,conexoes,users-service,medium,30,0.367,1.55,2.0
Stage 04,Orders e Inventory extraidos,2,pool_acquired_conns,conexoes,users-service,high,30,3.667,13.55,14.0
Stage 04,Orders e Inventory extraidos,2,pool_idle_conns,conexoes,inventory-service,low,30,4.267,6.0,6.0
Stage 04,Orders e Inventory extraidos,2,pool_idle_conns,conexoes,inventory-service,medium,30,6.667,7.0,7.0
Stage 04,Orders e Inventory extraidos,2,pool_idle_conns,conexoes,inventory-service,high,30,13.1,14.0,14.0
Stage 04,Orders e Inventory extraidos,2,pool_idle_conns,conexoes,orders-service,low,30,10.2,11.0,11.0
Stage 04,Orders e Inventory extraidos,2,pool_idle_conns,conexoes,orders-service,medium,30,12.433,14.0,14.0
Stage 04,Orders e Inventory extraidos,2,pool_idle_conns,conexoes,orders-service,high,30,1.467,6.0,10.0
Stage 04,Orders e Inventory extraidos,2,pool_idle_conns,conexoes,products-service,low,30,9.733,11.0,11.0
Stage 04,Orders e Inventory extraidos,2,pool_idle_conns,conexoes,products-service,medium,30,12.8,14.0,14.0
Stage 04,Orders e Inventory extraidos,2,pool_idle_conns,conexoes,products-service,high,30,10.467,14.0,14.0
Stage 04,Orders e Inventory extraidos,2,pool_idle_conns,conexoes,users-service,low,30,8.4,10.0,10.0
Stage 04,Orders e Inventory extraidos,2,pool_idle_conns,conexoes,users-service,medium,30,13.167,14.0,14.0
Stage 04,Orders e Inventory extraidos,2,pool_idle_conns,conexoes,users-service,high,30,10.333,14.0,14.0
Stage 04,Orders e Inventory extraidos,2,pool_total_conns,conexoes,inventory-service,low,30,4.367,6.0,6.0
Stage 04,Orders e Inventory extraidos,2,pool_total_conns,conexoes,inventory-service,medium,30,6.833,7.0,7.0
Stage 04,Orders e Inventory extraidos,2,pool_total_conns,conexoes,inventory-service,high,30,14.0,14.0,14.0
Stage 04,Orders e Inventory extraidos,2,pool_total_conns,conexoes,orders-service,low,30,10.467,11.0,11.0
Stage 04,Orders e Inventory extraidos,2,pool_total_conns,conexoes,orders-service,medium,30,13.833,14.0,14.0
Stage 04,Orders e Inventory extraidos,2,pool_total_conns,conexoes,orders-service,high,30,14.0,14.0,14.0
Stage 04,Orders e Inventory extraidos,2,pool_total_conns,conexoes,products-service,low,30,9.833,11.0,11.0
Stage 04,Orders e Inventory extraidos,2,pool_total_conns,conexoes,products-service,medium,30,13.533,14.0,14.0
Stage 04,Orders e Inventory extraidos,2,pool_total_conns,conexoes,products-service,high,30,14.0,14.0,14.0
Stage 04,Orders e Inventory extraidos,2,pool_total_conns,conexoes,users-service,low,30,8.5,10.0,10.0
Stage 04,Orders e Inventory extraidos,2,pool_total_conns,conexoes,users-service,medium,30,13.533,14.0,14.0
Stage 04,Orders e Inventory extraidos,2,pool_total_conns,conexoes,users-service,high,30,14.0,14.0,14.0
Stage 04,Orders e Inventory extraidos,2,pool_wait_per_acquire_ms,ms,inventory-service,low,30,0.007,0.021,0.037
Stage 04,Orders e Inventory extraidos,2,pool_wait_per_acquire_ms,ms,inventory-service,medium,30,0.003,0.006,0.006
Stage 04,Orders e Inventory extraidos,2,pool_wait_per_acquire_ms,ms,inventory-service,high,30,0.006,0.017,0.02
Stage 04,Orders e Inventory extraidos,2,pool_wait_per_acquire_ms,ms,orders-service,low,30,0.006,0.022,0.043
Stage 04,Orders e Inventory extraidos,2,pool_wait_per_acquire_ms,ms,orders-service,medium,30,0.008,0.037,0.037
Stage 04,Orders e Inventory extraidos,2,pool_wait_per_acquire_ms,ms,orders-service,high,30,52.446,70.446,73.521
Stage 04,Orders e Inventory extraidos,2,pool_wait_per_acquire_ms,ms,products-service,low,30,0.004,0.012,0.022
Stage 04,Orders e Inventory extraidos,2,pool_wait_per_acquire_ms,ms,products-service,medium,30,0.002,0.004,0.004
Stage 04,Orders e Inventory extraidos,2,pool_wait_per_acquire_ms,ms,products-service,high,30,0.173,0.228,0.234
Stage 04,Orders e Inventory extraidos,2,pool_wait_per_acquire_ms,ms,users-service,low,30,0.005,0.014,0.03
Stage 04,Orders e Inventory extraidos,2,pool_wait_per_acquire_ms,ms,users-service,medium,30,0.002,0.004,0.004
Stage 04,Orders e Inventory extraidos,2,pool_wait_per_acquire_ms,ms,users-service,high,30,0.221,0.355,0.388
Stage 04,Orders e Inventory extraidos,2,pool_empty_acquire_per_s,por segundo,inventory-service,low,30,0.016,0.04,0.06
Stage 04,Orders e Inventory extraidos,2,pool_empty_acquire_per_s,por segundo,inventory-service,medium,30,0.003,0.02,0.02
Stage 04,Orders e Inventory extraidos,2,pool_empty_acquire_per_s,por segundo,inventory-service,high,30,0.253,0.504,0.54
Stage 04,Orders e Inventory extraidos,2,pool_empty_acquire_per_s,por segundo,orders-service,low,30,0.03,0.136,0.137
Stage 04,Orders e Inventory extraidos,2,pool_empty_acquire_per_s,por segundo,orders-service,medium,30,0.227,1.182,1.22
Stage 04,Orders e Inventory extraidos,2,pool_empty_acquire_per_s,por segundo,orders-service,high,30,525.346,601.02,615.3
Stage 04,Orders e Inventory extraidos,2,pool_empty_acquire_per_s,por segundo,products-service,low,30,0.031,0.12,0.14
Stage 04,Orders e Inventory extraidos,2,pool_empty_acquire_per_s,por segundo,products-service,medium,30,0.049,0.26,0.26
Stage 04,Orders e Inventory extraidos,2,pool_empty_acquire_per_s,por segundo,products-service,high,30,91.053,112.91,118.402
Stage 04,Orders e Inventory extraidos,2,pool_empty_acquire_per_s,por segundo,users-service,low,30,0.03,0.1,0.112
Stage 04,Orders e Inventory extraidos,2,pool_empty_acquire_per_s,por segundo,users-service,medium,30,0.063,0.36,0.38
Stage 04,Orders e Inventory extraidos,2,pool_empty_acquire_per_s,por segundo,users-service,high,30,87.629,109.596,110.84
Stage 04,Orders e Inventory extraidos,2,cpu_percent,percentual de um nucleo,nginx,low,60,22.949,25.76,26.64
Stage 04,Orders e Inventory extraidos,2,cpu_percent,percentual de um nucleo,nginx,medium,60,87.229,97.537,100.95
Stage 04,Orders e Inventory extraidos,2,cpu_percent,percentual de um nucleo,nginx,high,60,128.441,156.904,161.24
Stage 04,Orders e Inventory extraidos,2,memory_mb,MB,nginx,low,60,19.316,20.277,20.68
Stage 04,Orders e Inventory extraidos,2,memory_mb,MB,nginx,medium,60,23.046,23.781,24.03
Stage 04,Orders e Inventory extraidos,2,memory_mb,MB,nginx,high,60,26.23,28.402,29.83
Stage 04,Orders e Inventory extraidos,2,cpu_percent,percentual de um nucleo,orders-service,low,60,32.039,36.913,43.6
Stage 04,Orders e Inventory extraidos,2,cpu_percent,percentual de um nucleo,orders-service,medium,60,141.029,265.636,282.25
Stage 04,Orders e Inventory extraidos,2,cpu_percent,percentual de um nucleo,orders-service,high,60,365.221,628.88,673.43
Stage 04,Orders e Inventory extraidos,2,memory_mb,MB,orders-service,low,60,14.554,15.973,16.61
Stage 04,Orders e Inventory extraidos,2,memory_mb,MB,orders-service,medium,60,20.959,22.072,22.41
Stage 04,Orders e Inventory extraidos,2,memory_mb,MB,orders-service,high,60,40.203,47.185,50.84
Stage 04,Orders e Inventory extraidos,2,cpu_percent,percentual de um nucleo,users-service,low,60,18.509,21.125,23.89
Stage 04,Orders e Inventory extraidos,2,cpu_percent,percentual de um nucleo,users-service,medium,60,58.684,64.284,66.53
Stage 04,Orders e Inventory extraidos,2,cpu_percent,percentual de um nucleo,users-service,high,60,73.672,89.762,93.07
Stage 04,Orders e Inventory extraidos,2,memory_mb,MB,users-service,low,60,11.9,13.072,13.55
Stage 04,Orders e Inventory extraidos,2,memory_mb,MB,users-service,medium,60,13.629,14.502,14.75
Stage 04,Orders e Inventory extraidos,2,memory_mb,MB,users-service,high,60,16.747,18.121,19.36
Stage 04,Orders e Inventory extraidos,2,cpu_percent,percentual de um nucleo,inventory-service,low,60,4.849,6.173,7.11
Stage 04,Orders e Inventory extraidos,2,cpu_percent,percentual de um nucleo,inventory-service,medium,60,16.58,18.75,19.16
Stage 04,Orders e Inventory extraidos,2,cpu_percent,percentual de um nucleo,inventory-service,high,60,23.798,29.302,29.76
Stage 04,Orders e Inventory extraidos,2,memory_mb,MB,inventory-service,low,60,9.619,10.489,11.7
Stage 04,Orders e Inventory extraidos,2,memory_mb,MB,inventory-service,medium,60,10.489,11.423,11.68
Stage 04,Orders e Inventory extraidos,2,memory_mb,MB,inventory-service,high,60,12.966,13.87,14.86
Stage 04,Orders e Inventory extraidos,2,cpu_percent,percentual de um nucleo,products-service,low,60,18.71,22.272,23.99
Stage 04,Orders e Inventory extraidos,2,cpu_percent,percentual de um nucleo,products-service,medium,60,62.321,69.247,71.15
Stage 04,Orders e Inventory extraidos,2,cpu_percent,percentual de um nucleo,products-service,high,60,86.596,104.391,108.68
Stage 04,Orders e Inventory extraidos,2,memory_mb,MB,products-service,low,60,13.042,14.85,15.0
Stage 04,Orders e Inventory extraidos,2,memory_mb,MB,products-service,medium,60,15.472,16.822,16.98
Stage 04,Orders e Inventory extraidos,2,memory_mb,MB,products-service,high,60,18.412,19.352,20.62
Stage 04,Orders e Inventory extraidos,2,cpu_percent,percentual de um nucleo,grafana,low,60,0.067,0.131,0.19
Stage 04,Orders e Inventory extraidos,2,cpu_percent,percentual de um nucleo,grafana,medium,60,0.239,0.931,1.34
Stage 04,Orders e Inventory extraidos,2,cpu_percent,percentual de um nucleo,grafana,high,60,0.296,1.254,1.4
Stage 04,Orders e Inventory extraidos,2,memory_mb,MB,grafana,low,60,117.653,119.6,119.6
Stage 04,Orders e Inventory extraidos,2,memory_mb,MB,grafana,medium,60,115.183,115.51,115.7
Stage 04,Orders e Inventory extraidos,2,memory_mb,MB,grafana,high,60,115.0,115.0,115.0
Stage 04,Orders e Inventory extraidos,2,cpu_percent,percentual de um nucleo,postgres,low,60,21.455,24.892,26.7
Stage 04,Orders e Inventory extraidos,2,cpu_percent,percentual de um nucleo,postgres,medium,60,74.3,80.605,87.54
Stage 04,Orders e Inventory extraidos,2,cpu_percent,percentual de um nucleo,postgres,high,60,120.846,147.962,158.47
Stage 04,Orders e Inventory extraidos,2,memory_mb,MB,postgres,low,60,111.445,121.01,121.5
Stage 04,Orders e Inventory extraidos,2,memory_mb,MB,postgres,medium,60,149.378,159.61,160.4
Stage 04,Orders e Inventory extraidos,2,memory_mb,MB,postgres,high,60,188.35,200.13,201.3
Stage 04,Orders e Inventory extraidos,2,cpu_percent,percentual de um nucleo,prometheus,low,60,0.055,0.08,0.21
Stage 04,Orders e Inventory extraidos,2,cpu_percent,percentual de um nucleo,prometheus,medium,60,0.047,0.07,0.08
Stage 04,Orders e Inventory extraidos,2,cpu_percent,percentual de um nucleo,prometheus,high,60,0.077,0.12,2.08
Stage 04,Orders e Inventory extraidos,2,memory_mb,MB,prometheus,low,60,85.056,93.5,93.57
Stage 04,Orders e Inventory extraidos,2,memory_mb,MB,prometheus,medium,60,66.831,67.55,67.56
Stage 04,Orders e Inventory extraidos,2,memory_mb,MB,prometheus,high,60,68.486,69.73,69.96
Stage 04,Orders e Inventory extraidos,2,cpu_percent,percentual de um nucleo,cadvisor,low,60,0.405,3.203,5.0
Stage 04,Orders e Inventory extraidos,2,cpu_percent,percentual de um nucleo,cadvisor,medium,60,0.296,2.037,5.06
Stage 04,Orders e Inventory extraidos,2,cpu_percent,percentual de um nucleo,cadvisor,high,60,0.208,1.825,3.69
Stage 04,Orders e Inventory extraidos,2,memory_mb,MB,cadvisor,low,60,18.44,19.84,20.12
Stage 04,Orders e Inventory extraidos,2,memory_mb,MB,cadvisor,medium,60,19.793,21.22,21.61
Stage 04,Orders e Inventory extraidos,2,memory_mb,MB,cadvisor,high,60,20.712,23.003,23.11
Stage 04,Orders e Inventory extraidos,3,process_cpu_percent,percentual de um nucleo,cadvisor,low,30,0.267,0.351,0.36
Stage 04,Orders e Inventory extraidos,3,process_cpu_percent,percentual de um nucleo,cadvisor,medium,30,0.189,0.238,0.24
Stage 04,Orders e Inventory extraidos,3,process_cpu_percent,percentual de um nucleo,cadvisor,high,30,0.211,0.26,0.26
Stage 04,Orders e Inventory extraidos,3,process_cpu_percent,percentual de um nucleo,inventory-service,low,30,4.421,4.935,5.0
Stage 04,Orders e Inventory extraidos,3,process_cpu_percent,percentual de um nucleo,inventory-service,medium,30,15.162,16.58,16.6
Stage 04,Orders e Inventory extraidos,3,process_cpu_percent,percentual de um nucleo,inventory-service,high,30,23.451,24.523,24.881
Stage 04,Orders e Inventory extraidos,3,process_cpu_percent,percentual de um nucleo,prometheus,low,30,0.247,0.399,0.485
Stage 04,Orders e Inventory extraidos,3,process_cpu_percent,percentual de um nucleo,prometheus,medium,30,0.173,0.211,0.24
Stage 04,Orders e Inventory extraidos,3,process_cpu_percent,percentual de um nucleo,prometheus,high,30,0.194,0.231,0.24
Stage 04,Orders e Inventory extraidos,3,process_cpu_percent,percentual de um nucleo,orders-service,low,30,30.023,33.166,33.32
Stage 04,Orders e Inventory extraidos,3,process_cpu_percent,percentual de um nucleo,orders-service,medium,30,125.631,151.188,152.98
Stage 04,Orders e Inventory extraidos,3,process_cpu_percent,percentual de um nucleo,orders-service,high,30,357.995,404.786,412.04
Stage 04,Orders e Inventory extraidos,3,process_cpu_percent,percentual de um nucleo,products-service,low,30,17.376,19.191,19.24
Stage 04,Orders e Inventory extraidos,3,process_cpu_percent,percentual de um nucleo,products-service,medium,30,54.842,60.776,60.94
Stage 04,Orders e Inventory extraidos,3,process_cpu_percent,percentual de um nucleo,products-service,high,30,83.056,87.72,88.596
Stage 04,Orders e Inventory extraidos,3,process_cpu_percent,percentual de um nucleo,users-service,low,30,16.766,18.291,18.42
Stage 04,Orders e Inventory extraidos,3,process_cpu_percent,percentual de um nucleo,users-service,medium,30,52.703,57.44,57.52
Stage 04,Orders e Inventory extraidos,3,process_cpu_percent,percentual de um nucleo,users-service,high,30,72.393,76.33,76.538
Stage 04,Orders e Inventory extraidos,3,process_memory_mb,MB,cadvisor,low,30,39.882,41.069,41.227
Stage 04,Orders e Inventory extraidos,3,process_memory_mb,MB,cadvisor,medium,30,41.991,43.154,43.562
Stage 04,Orders e Inventory extraidos,3,process_memory_mb,MB,cadvisor,high,30,42.98,44.029,44.266
Stage 04,Orders e Inventory extraidos,3,process_memory_mb,MB,inventory-service,low,30,17.604,18.186,18.574
Stage 04,Orders e Inventory extraidos,3,process_memory_mb,MB,inventory-service,medium,30,18.111,18.508,18.527
Stage 04,Orders e Inventory extraidos,3,process_memory_mb,MB,inventory-service,high,30,20.595,21.128,21.254
Stage 04,Orders e Inventory extraidos,3,process_memory_mb,MB,prometheus,low,30,88.913,91.849,92.324
Stage 04,Orders e Inventory extraidos,3,process_memory_mb,MB,prometheus,medium,30,92.991,93.961,93.961
Stage 04,Orders e Inventory extraidos,3,process_memory_mb,MB,prometheus,high,30,92.543,92.918,92.918
Stage 04,Orders e Inventory extraidos,3,process_memory_mb,MB,orders-service,low,30,20.906,21.999,22.059
Stage 04,Orders e Inventory extraidos,3,process_memory_mb,MB,orders-service,medium,30,23.084,24.038,24.141
Stage 04,Orders e Inventory extraidos,3,process_memory_mb,MB,orders-service,high,30,37.445,46.262,49.82
Stage 04,Orders e Inventory extraidos,3,process_memory_mb,MB,products-service,low,30,20.263,21.75,21.859
Stage 04,Orders e Inventory extraidos,3,process_memory_mb,MB,products-service,medium,30,22.511,23.302,23.875
Stage 04,Orders e Inventory extraidos,3,process_memory_mb,MB,products-service,high,30,25.513,26.621,26.961
Stage 04,Orders e Inventory extraidos,3,process_memory_mb,MB,users-service,low,30,18.868,19.463,19.559
Stage 04,Orders e Inventory extraidos,3,process_memory_mb,MB,users-service,medium,30,19.924,20.475,20.574
Stage 04,Orders e Inventory extraidos,3,process_memory_mb,MB,users-service,high,30,23.689,24.576,25.234
Stage 04,Orders e Inventory extraidos,3,goroutines,goroutines,cadvisor,low,30,26.933,28.0,28.0
Stage 04,Orders e Inventory extraidos,3,goroutines,goroutines,cadvisor,medium,30,26.667,28.0,28.0
Stage 04,Orders e Inventory extraidos,3,goroutines,goroutines,cadvisor,high,30,26.5,28.0,28.0
Stage 04,Orders e Inventory extraidos,3,goroutines,goroutines,inventory-service,low,30,9.2,10.0,12.0
Stage 04,Orders e Inventory extraidos,3,goroutines,goroutines,inventory-service,medium,30,9.667,12.0,13.0
Stage 04,Orders e Inventory extraidos,3,goroutines,goroutines,inventory-service,high,30,12.0,16.55,24.0
Stage 04,Orders e Inventory extraidos,3,goroutines,goroutines,prometheus,low,30,45.033,46.0,46.0
Stage 04,Orders e Inventory extraidos,3,goroutines,goroutines,prometheus,medium,30,45.133,46.0,46.0
Stage 04,Orders e Inventory extraidos,3,goroutines,goroutines,prometheus,high,30,45.267,46.0,47.0
Stage 04,Orders e Inventory extraidos,3,goroutines,goroutines,orders-service,low,30,14.367,19.0,32.0
Stage 04,Orders e Inventory extraidos,3,goroutines,goroutines,orders-service,medium,30,23.233,36.0,43.0
Stage 04,Orders e Inventory extraidos,3,goroutines,goroutines,orders-service,high,30,260.833,599.35,735.0
Stage 04,Orders e Inventory extraidos,3,goroutines,goroutines,products-service,low,30,12.033,15.55,18.0
Stage 04,Orders e Inventory extraidos,3,goroutines,goroutines,products-service,medium,30,13.367,17.55,19.0
Stage 04,Orders e Inventory extraidos,3,goroutines,goroutines,products-service,high,30,28.067,52.5,72.0
Stage 04,Orders e Inventory extraidos,3,goroutines,goroutines,users-service,low,30,9.2,10.0,12.0
Stage 04,Orders e Inventory extraidos,3,goroutines,goroutines,users-service,medium,30,11.9,17.55,19.0
Stage 04,Orders e Inventory extraidos,3,goroutines,goroutines,users-service,high,30,32.3,55.1,223.0
Stage 04,Orders e Inventory extraidos,3,heap_alloc_mb,MB,cadvisor,low,30,6.271,7.659,7.93
Stage 04,Orders e Inventory extraidos,3,heap_alloc_mb,MB,cadvisor,medium,30,6.846,8.611,9.135
Stage 04,Orders e Inventory extraidos,3,heap_alloc_mb,MB,cadvisor,high,30,7.626,10.022,10.863
Stage 04,Orders e Inventory extraidos,3,heap_alloc_mb,MB,inventory-service,low,30,2.304,3.212,3.315
Stage 04,Orders e Inventory extraidos,3,heap_alloc_mb,MB,inventory-service,medium,30,2.073,2.877,3.043
Stage 04,Orders e Inventory extraidos,3,heap_alloc_mb,MB,inventory-service,high,30,2.748,3.627,3.671
Stage 04,Orders e Inventory extraidos,3,heap_alloc_mb,MB,prometheus,low,30,25.252,29.443,30.005
Stage 04,Orders e Inventory extraidos,3,heap_alloc_mb,MB,prometheus,medium,30,26.248,29.262,30.397
Stage 04,Orders e Inventory extraidos,3,heap_alloc_mb,MB,prometheus,high,30,25.122,28.508,29.063
Stage 04,Orders e Inventory extraidos,3,heap_alloc_mb,MB,orders-service,low,30,2.429,2.896,2.997
Stage 04,Orders e Inventory extraidos,3,heap_alloc_mb,MB,orders-service,medium,30,3.084,3.675,3.755
Stage 04,Orders e Inventory extraidos,3,heap_alloc_mb,MB,orders-service,high,30,7.852,12.525,15.753
Stage 04,Orders e Inventory extraidos,3,heap_alloc_mb,MB,products-service,low,30,2.842,3.956,4.347
Stage 04,Orders e Inventory extraidos,3,heap_alloc_mb,MB,products-service,medium,30,4.009,5.062,5.216
Stage 04,Orders e Inventory extraidos,3,heap_alloc_mb,MB,products-service,high,30,4.591,5.721,5.889
Stage 04,Orders e Inventory extraidos,3,heap_alloc_mb,MB,users-service,low,30,2.219,2.682,2.988
Stage 04,Orders e Inventory extraidos,3,heap_alloc_mb,MB,users-service,medium,30,2.499,3.199,3.261
Stage 04,Orders e Inventory extraidos,3,heap_alloc_mb,MB,users-service,high,30,3.603,4.689,5.382
Stage 04,Orders e Inventory extraidos,3,gc_pause_ms,ms,cadvisor,low,30,0.158,0.23,0.232
Stage 04,Orders e Inventory extraidos,3,gc_pause_ms,ms,cadvisor,medium,30,0.444,1.056,1.071
Stage 04,Orders e Inventory extraidos,3,gc_pause_ms,ms,cadvisor,high,30,3.42,9.793,9.869
Stage 04,Orders e Inventory extraidos,3,gc_pause_ms,ms,inventory-service,low,30,0.255,0.397,0.464
Stage 04,Orders e Inventory extraidos,3,gc_pause_ms,ms,inventory-service,medium,30,0.27,0.423,0.501
Stage 04,Orders e Inventory extraidos,3,gc_pause_ms,ms,inventory-service,high,30,1.09,1.455,1.569
Stage 04,Orders e Inventory extraidos,3,gc_pause_ms,ms,prometheus,low,30,0.063,0.175,0.175
Stage 04,Orders e Inventory extraidos,3,gc_pause_ms,ms,prometheus,medium,30,0.038,0.102,0.102
Stage 04,Orders e Inventory extraidos,3,gc_pause_ms,ms,prometheus,high,30,0.497,2.519,2.519
Stage 04,Orders e Inventory extraidos,3,gc_pause_ms,ms,orders-service,low,30,0.391,0.422,0.43
Stage 04,Orders e Inventory extraidos,3,gc_pause_ms,ms,orders-service,medium,30,0.541,0.654,0.665
Stage 04,Orders e Inventory extraidos,3,gc_pause_ms,ms,orders-service,high,30,5.917,6.961,7.342
Stage 04,Orders e Inventory extraidos,3,gc_pause_ms,ms,products-service,low,30,0.358,0.455,0.485
Stage 04,Orders e Inventory extraidos,3,gc_pause_ms,ms,products-service,medium,30,0.394,0.507,0.564
Stage 04,Orders e Inventory extraidos,3,gc_pause_ms,ms,products-service,high,30,2.724,3.325,3.453
Stage 04,Orders e Inventory extraidos,3,gc_pause_ms,ms,users-service,low,30,0.351,0.459,0.482
Stage 04,Orders e Inventory extraidos,3,gc_pause_ms,ms,users-service,medium,30,0.406,0.473,0.502
Stage 04,Orders e Inventory extraidos,3,gc_pause_ms,ms,users-service,high,30,2.774,3.28,3.441
Stage 04,Orders e Inventory extraidos,3,pool_acquired_conns,conexoes,inventory-service,low,30,0.033,0.0,1.0
Stage 04,Orders e Inventory extraidos,3,pool_acquired_conns,conexoes,inventory-service,medium,30,0.1,1.0,1.0
Stage 04,Orders e Inventory extraidos,3,pool_acquired_conns,conexoes,inventory-service,high,30,0.567,2.0,5.0
Stage 04,Orders e Inventory extraidos,3,pool_acquired_conns,conexoes,orders-service,low,30,0.2,1.55,3.0
Stage 04,Orders e Inventory extraidos,3,pool_acquired_conns,conexoes,orders-service,medium,30,0.967,2.55,3.0
Stage 04,Orders e Inventory extraidos,3,pool_acquired_conns,conexoes,orders-service,high,30,10.467,14.0,14.0
Stage 04,Orders e Inventory extraidos,3,pool_acquired_conns,conexoes,products-service,low,30,0.133,1.0,2.0
Stage 04,Orders e Inventory extraidos,3,pool_acquired_conns,conexoes,products-service,medium,30,0.667,2.0,3.0
Stage 04,Orders e Inventory extraidos,3,pool_acquired_conns,conexoes,products-service,high,30,3.767,12.1,13.0
Stage 04,Orders e Inventory extraidos,3,pool_acquired_conns,conexoes,users-service,low,30,0.033,0.0,1.0
Stage 04,Orders e Inventory extraidos,3,pool_acquired_conns,conexoes,users-service,medium,30,0.733,2.55,3.0
Stage 04,Orders e Inventory extraidos,3,pool_acquired_conns,conexoes,users-service,high,30,3.467,13.1,14.0
Stage 04,Orders e Inventory extraidos,3,pool_idle_conns,conexoes,inventory-service,low,30,3.833,5.0,5.0
Stage 04,Orders e Inventory extraidos,3,pool_idle_conns,conexoes,inventory-service,medium,30,4.9,5.0,5.0
Stage 04,Orders e Inventory extraidos,3,pool_idle_conns,conexoes,inventory-service,high,30,13.3,14.0,14.0
Stage 04,Orders e Inventory extraidos,3,pool_idle_conns,conexoes,orders-service,low,30,9.433,11.0,11.0
Stage 04,Orders e Inventory extraidos,3,pool_idle_conns,conexoes,orders-service,medium,30,12.467,14.0,14.0
Stage 04,Orders e Inventory extraidos,3,pool_idle_conns,conexoes,orders-service,high,30,3.533,13.0,14.0
Stage 04,Orders e Inventory extraidos,3,pool_idle_conns,conexoes,products-service,low,30,9.1,12.0,12.0
Stage 04,Orders e Inventory extraidos,3,pool_idle_conns,conexoes,products-service,medium,30,12.467,14.0,14.0
Stage 04,Orders e Inventory extraidos,3,pool_idle_conns,conexoes,products-service,high,30,10.233,14.0,14.0
Stage 04,Orders e Inventory extraidos,3,pool_idle_conns,conexoes,users-service,low,30,8.1,9.0,9.0
Stage 04,Orders e Inventory extraidos,3,pool_idle_conns,conexoes,users-service,medium,30,10.033,11.0,11.0
Stage 04,Orders e Inventory extraidos,3,pool_idle_conns,conexoes,users-service,high,30,10.533,14.0,14.0
Stage 04,Orders e Inventory extraidos,3,pool_total_conns,conexoes,inventory-service,low,30,3.867,5.0,5.0
Stage 04,Orders e Inventory extraidos,3,pool_total_conns,conexoes,inventory-service,medium,30,5.0,5.0,5.0
Stage 04,Orders e Inventory extraidos,3,pool_total_conns,conexoes,inventory-service,high,30,13.867,14.0,14.0
Stage 04,Orders e Inventory extraidos,3,pool_total_conns,conexoes,orders-service,low,30,9.633,11.0,11.0
Stage 04,Orders e Inventory extraidos,3,pool_total_conns,conexoes,orders-service,medium,30,13.433,14.0,14.0
Stage 04,Orders e Inventory extraidos,3,pool_total_conns,conexoes,orders-service,high,30,14.0,14.0,14.0
Stage 04,Orders e Inventory extraidos,3,pool_total_conns,conexoes,products-service,low,30,9.233,12.0,12.0
Stage 04,Orders e Inventory extraidos,3,pool_total_conns,conexoes,products-service,medium,30,13.133,14.0,14.0
Stage 04,Orders e Inventory extraidos,3,pool_total_conns,conexoes,products-service,high,30,14.0,14.0,14.0
Stage 04,Orders e Inventory extraidos,3,pool_total_conns,conexoes,users-service,low,30,8.133,9.0,9.0
Stage 04,Orders e Inventory extraidos,3,pool_total_conns,conexoes,users-service,medium,30,10.767,11.0,11.0
Stage 04,Orders e Inventory extraidos,3,pool_total_conns,conexoes,users-service,high,30,14.0,14.0,14.0
Stage 04,Orders e Inventory extraidos,3,pool_wait_per_acquire_ms,ms,inventory-service,low,30,0.007,0.023,0.054
Stage 04,Orders e Inventory extraidos,3,pool_wait_per_acquire_ms,ms,inventory-service,medium,30,0.002,0.003,0.003
Stage 04,Orders e Inventory extraidos,3,pool_wait_per_acquire_ms,ms,inventory-service,high,30,0.006,0.02,0.023
Stage 04,Orders e Inventory extraidos,3,pool_wait_per_acquire_ms,ms,orders-service,low,30,0.007,0.028,0.06
Stage 04,Orders e Inventory extraidos,3,pool_wait_per_acquire_ms,ms,orders-service,medium,30,0.002,0.003,0.003
Stage 04,Orders e Inventory extraidos,3,pool_wait_per_acquire_ms,ms,orders-service,high,30,49.696,65.705,67.205
Stage 04,Orders e Inventory extraidos,3,pool_wait_per_acquire_ms,ms,products-service,low,30,0.004,0.012,0.024
Stage 04,Orders e Inventory extraidos,3,pool_wait_per_acquire_ms,ms,products-service,medium,30,0.002,0.003,0.003
Stage 04,Orders e Inventory extraidos,3,pool_wait_per_acquire_ms,ms,products-service,high,30,0.174,0.246,0.278
Stage 04,Orders e Inventory extraidos,3,pool_wait_per_acquire_ms,ms,users-service,low,30,0.004,0.01,0.014
Stage 04,Orders e Inventory extraidos,3,pool_wait_per_acquire_ms,ms,users-service,medium,30,0.002,0.002,0.003
Stage 04,Orders e Inventory extraidos,3,pool_wait_per_acquire_ms,ms,users-service,high,30,0.2,0.278,0.299
Stage 04,Orders e Inventory extraidos,3,pool_empty_acquire_per_s,por segundo,inventory-service,low,30,0.012,0.04,0.053
Stage 04,Orders e Inventory extraidos,3,pool_empty_acquire_per_s,por segundo,inventory-service,medium,30,0.0,0.0,0.0
Stage 04,Orders e Inventory extraidos,3,pool_empty_acquire_per_s,por segundo,inventory-service,high,30,0.172,0.583,0.7
Stage 04,Orders e Inventory extraidos,3,pool_empty_acquire_per_s,por segundo,orders-service,low,30,0.031,0.14,0.141
Stage 04,Orders e Inventory extraidos,3,pool_empty_acquire_per_s,por segundo,orders-service,medium,30,0.033,0.091,0.1
Stage 04,Orders e Inventory extraidos,3,pool_empty_acquire_per_s,por segundo,orders-service,high,30,532.065,632.699,646.28
Stage 04,Orders e Inventory extraidos,3,pool_empty_acquire_per_s,por segundo,products-service,low,30,0.036,0.1,0.11
Stage 04,Orders e Inventory extraidos,3,pool_empty_acquire_per_s,por segundo,products-service,medium,30,0.027,0.16,0.16
Stage 04,Orders e Inventory extraidos,3,pool_empty_acquire_per_s,por segundo,products-service,high,30,86.235,107.876,109.14
Stage 04,Orders e Inventory extraidos,3,pool_empty_acquire_per_s,por segundo,users-service,low,30,0.024,0.091,0.1
Stage 04,Orders e Inventory extraidos,3,pool_empty_acquire_per_s,por segundo,users-service,medium,30,0.007,0.04,0.04
Stage 04,Orders e Inventory extraidos,3,pool_empty_acquire_per_s,por segundo,users-service,high,30,87.619,105.804,107.46
Stage 04,Orders e Inventory extraidos,3,cpu_percent,percentual de um nucleo,nginx,low,60,22.944,26.056,27.55
Stage 04,Orders e Inventory extraidos,3,cpu_percent,percentual de um nucleo,nginx,medium,60,86.986,94.806,100.86
Stage 04,Orders e Inventory extraidos,3,cpu_percent,percentual de um nucleo,nginx,high,60,129.044,160.628,166.98
Stage 04,Orders e Inventory extraidos,3,memory_mb,MB,nginx,low,60,15.865,16.718,17.03
Stage 04,Orders e Inventory extraidos,3,memory_mb,MB,nginx,medium,60,19.657,20.312,20.4
Stage 04,Orders e Inventory extraidos,3,memory_mb,MB,nginx,high,60,22.92,25.774,26.29
Stage 04,Orders e Inventory extraidos,3,cpu_percent,percentual de um nucleo,orders-service,low,60,33.106,38.9,40.15
Stage 04,Orders e Inventory extraidos,3,cpu_percent,percentual de um nucleo,orders-service,medium,60,141.082,269.831,284.73
Stage 04,Orders e Inventory extraidos,3,cpu_percent,percentual de um nucleo,orders-service,high,60,379.517,628.428,716.63
Stage 04,Orders e Inventory extraidos,3,memory_mb,MB,orders-service,low,60,14.761,16.2,16.69
Stage 04,Orders e Inventory extraidos,3,memory_mb,MB,orders-service,medium,60,20.751,22.16,23.05
Stage 04,Orders e Inventory extraidos,3,memory_mb,MB,orders-service,high,60,41.15,48.058,58.88
Stage 04,Orders e Inventory extraidos,3,cpu_percent,percentual de um nucleo,products-service,low,60,19.468,22.424,24.15
Stage 04,Orders e Inventory extraidos,3,cpu_percent,percentual de um nucleo,products-service,medium,60,61.354,66.801,69.35
Stage 04,Orders e Inventory extraidos,3,cpu_percent,percentual de um nucleo,products-service,high,60,85.042,102.299,110.99
Stage 04,Orders e Inventory extraidos,3,memory_mb,MB,products-service,low,60,13.346,15.111,15.43
Stage 04,Orders e Inventory extraidos,3,memory_mb,MB,products-service,medium,60,15.764,17.332,18.13
Stage 04,Orders e Inventory extraidos,3,memory_mb,MB,products-service,high,60,18.577,19.52,21.13
Stage 04,Orders e Inventory extraidos,3,cpu_percent,percentual de um nucleo,inventory-service,low,60,5.105,6.709,7.09
Stage 04,Orders e Inventory extraidos,3,cpu_percent,percentual de um nucleo,inventory-service,medium,60,17.409,19.568,20.26
Stage 04,Orders e Inventory extraidos,3,cpu_percent,percentual de um nucleo,inventory-service,high,60,23.649,29.743,30.34
Stage 04,Orders e Inventory extraidos,3,memory_mb,MB,inventory-service,low,60,9.585,10.382,10.96
Stage 04,Orders e Inventory extraidos,3,memory_mb,MB,inventory-service,medium,60,10.477,11.171,11.73
Stage 04,Orders e Inventory extraidos,3,memory_mb,MB,inventory-service,high,60,13.214,14.209,14.91
Stage 04,Orders e Inventory extraidos,3,cpu_percent,percentual de um nucleo,grafana,low,60,0.351,0.752,4.96
Stage 04,Orders e Inventory extraidos,3,cpu_percent,percentual de um nucleo,grafana,medium,60,0.405,1.247,5.72
Stage 04,Orders e Inventory extraidos,3,cpu_percent,percentual de um nucleo,grafana,high,60,0.428,1.581,5.11
Stage 04,Orders e Inventory extraidos,3,memory_mb,MB,grafana,low,60,45.886,47.711,47.73
Stage 04,Orders e Inventory extraidos,3,memory_mb,MB,grafana,medium,60,43.473,43.57,43.57
Stage 04,Orders e Inventory extraidos,3,memory_mb,MB,grafana,high,60,43.283,43.3,43.3
Stage 04,Orders e Inventory extraidos,3,cpu_percent,percentual de um nucleo,users-service,low,60,18.067,20.497,21.7
Stage 04,Orders e Inventory extraidos,3,cpu_percent,percentual de um nucleo,users-service,medium,60,57.736,62.532,65.67
Stage 04,Orders e Inventory extraidos,3,cpu_percent,percentual de um nucleo,users-service,high,60,73.378,89.797,95.81
Stage 04,Orders e Inventory extraidos,3,memory_mb,MB,users-service,low,60,11.267,12.291,12.74
Stage 04,Orders e Inventory extraidos,3,memory_mb,MB,users-service,medium,60,12.636,13.386,14.24
Stage 04,Orders e Inventory extraidos,3,memory_mb,MB,users-service,high,60,16.837,18.278,19.14
Stage 04,Orders e Inventory extraidos,3,cpu_percent,percentual de um nucleo,postgres,low,60,21.947,25.041,26.95
Stage 04,Orders e Inventory extraidos,3,cpu_percent,percentual de um nucleo,postgres,medium,60,74.973,81.947,94.79
Stage 04,Orders e Inventory extraidos,3,cpu_percent,percentual de um nucleo,postgres,high,60,122.498,154.726,180.6
Stage 04,Orders e Inventory extraidos,3,memory_mb,MB,postgres,low,60,87.705,99.747,100.5
Stage 04,Orders e Inventory extraidos,3,memory_mb,MB,postgres,medium,60,120.965,131.9,132.7
Stage 04,Orders e Inventory extraidos,3,memory_mb,MB,postgres,high,60,169.608,181.735,183.2
Stage 04,Orders e Inventory extraidos,3,cpu_percent,percentual de um nucleo,prometheus,low,60,0.799,2.27,3.11
Stage 04,Orders e Inventory extraidos,3,cpu_percent,percentual de um nucleo,prometheus,medium,60,0.572,1.111,1.46
Stage 04,Orders e Inventory extraidos,3,cpu_percent,percentual de um nucleo,prometheus,high,60,0.206,0.98,1.12
Stage 04,Orders e Inventory extraidos,3,memory_mb,MB,prometheus,low,60,38.593,41.693,41.77
Stage 04,Orders e Inventory extraidos,3,memory_mb,MB,prometheus,medium,60,41.979,43.01,43.01
Stage 04,Orders e Inventory extraidos,3,memory_mb,MB,prometheus,high,60,41.418,41.87,41.88
Stage 04,Orders e Inventory extraidos,3,cpu_percent,percentual de um nucleo,cadvisor,low,60,0.473,2.822,6.14
Stage 04,Orders e Inventory extraidos,3,cpu_percent,percentual de um nucleo,cadvisor,medium,60,0.383,3.325,4.31
Stage 04,Orders e Inventory extraidos,3,cpu_percent,percentual de um nucleo,cadvisor,high,60,0.115,0.396,2.96
Stage 04,Orders e Inventory extraidos,3,memory_mb,MB,cadvisor,low,60,17.938,19.01,19.33
Stage 04,Orders e Inventory extraidos,3,memory_mb,MB,cadvisor,medium,60,19.721,21.11,21.33
Stage 04,Orders e Inventory extraidos,3,memory_mb,MB,cadvisor,high,60,20.801,21.867,22.03
Stage 05,Microsservicos completos,1,process_cpu_percent,percentual de um nucleo,cadvisor,low,30,0.254,0.3,0.32
Stage 05,Microsservicos completos,1,process_cpu_percent,percentual de um nucleo,cadvisor,medium,30,0.168,0.22,0.22
Stage 05,Microsservicos completos,1,process_cpu_percent,percentual de um nucleo,cadvisor,high,30,0.206,0.26,0.28
Stage 05,Microsservicos completos,1,process_cpu_percent,percentual de um nucleo,inventory-service,low,30,3.632,4.031,4.06
Stage 05,Microsservicos completos,1,process_cpu_percent,percentual de um nucleo,inventory-service,medium,30,10.392,11.091,11.16
Stage 05,Microsservicos completos,1,process_cpu_percent,percentual de um nucleo,inventory-service,high,30,17.582,18.544,18.66
Stage 05,Microsservicos completos,1,process_cpu_percent,percentual de um nucleo,prometheus,low,30,0.227,0.283,0.34
Stage 05,Microsservicos completos,1,process_cpu_percent,percentual de um nucleo,prometheus,medium,30,0.145,0.171,0.18
Stage 05,Microsservicos completos,1,process_cpu_percent,percentual de um nucleo,prometheus,high,30,0.177,0.211,0.22
Stage 05,Microsservicos completos,1,process_cpu_percent,percentual de um nucleo,orders-service,low,30,28.93,32.111,32.14
Stage 05,Microsservicos completos,1,process_cpu_percent,percentual de um nucleo,orders-service,medium,30,105.887,126.339,126.72
Stage 05,Microsservicos completos,1,process_cpu_percent,percentual de um nucleo,orders-service,high,30,416.089,490.808,494.541
Stage 05,Microsservicos completos,1,process_cpu_percent,percentual de um nucleo,products-service,low,30,14.683,16.142,16.26
Stage 05,Microsservicos completos,1,process_cpu_percent,percentual de um nucleo,products-service,medium,30,40.613,42.831,42.88
Stage 05,Microsservicos completos,1,process_cpu_percent,percentual de um nucleo,products-service,high,30,68.755,73.546,74.04
Stage 05,Microsservicos completos,1,process_cpu_percent,percentual de um nucleo,users-service,low,30,14.73,16.104,16.28
Stage 05,Microsservicos completos,1,process_cpu_percent,percentual de um nucleo,users-service,medium,30,40.334,42.582,42.6
Stage 05,Microsservicos completos,1,process_cpu_percent,percentual de um nucleo,users-service,high,30,61.117,66.514,67.46
Stage 05,Microsservicos completos,1,process_memory_mb,MB,cadvisor,low,30,41.066,42.203,42.328
Stage 05,Microsservicos completos,1,process_memory_mb,MB,cadvisor,medium,30,42.047,43.24,43.953
Stage 05,Microsservicos completos,1,process_memory_mb,MB,cadvisor,high,30,43.012,44.878,45.547
Stage 05,Microsservicos completos,1,process_memory_mb,MB,inventory-service,low,30,18.586,19.891,20.277
Stage 05,Microsservicos completos,1,process_memory_mb,MB,inventory-service,medium,30,19.892,20.335,20.438
Stage 05,Microsservicos completos,1,process_memory_mb,MB,inventory-service,high,30,21.872,22.443,22.738
Stage 05,Microsservicos completos,1,process_memory_mb,MB,prometheus,low,30,84.458,87.449,87.449
Stage 05,Microsservicos completos,1,process_memory_mb,MB,prometheus,medium,30,87.917,89.105,89.855
Stage 05,Microsservicos completos,1,process_memory_mb,MB,prometheus,high,30,88.644,89.98,89.98
Stage 05,Microsservicos completos,1,process_memory_mb,MB,orders-service,low,30,21.483,22.321,22.43
Stage 05,Microsservicos completos,1,process_memory_mb,MB,orders-service,medium,30,23.393,23.801,23.844
Stage 05,Microsservicos completos,1,process_memory_mb,MB,orders-service,high,30,44.311,50.344,51.82
Stage 05,Microsservicos completos,1,process_memory_mb,MB,products-service,low,30,20.86,21.911,22.168
Stage 05,Microsservicos completos,1,process_memory_mb,MB,products-service,medium,30,22.521,22.964,23.164
Stage 05,Microsservicos completos,1,process_memory_mb,MB,products-service,high,30,26.885,27.484,27.695
Stage 05,Microsservicos completos,1,process_memory_mb,MB,users-service,low,30,20.324,21.313,21.43
Stage 05,Microsservicos completos,1,process_memory_mb,MB,users-service,medium,30,21.912,22.341,22.438
Stage 05,Microsservicos completos,1,process_memory_mb,MB,users-service,high,30,26.463,27.981,29.262
Stage 05,Microsservicos completos,1,goroutines,goroutines,cadvisor,low,30,26.867,28.0,28.0
Stage 05,Microsservicos completos,1,goroutines,goroutines,cadvisor,medium,30,27.1,28.0,28.0
Stage 05,Microsservicos completos,1,goroutines,goroutines,cadvisor,high,30,26.633,28.0,28.0
Stage 05,Microsservicos completos,1,goroutines,goroutines,inventory-service,low,30,26.933,35.55,36.0
Stage 05,Microsservicos completos,1,goroutines,goroutines,inventory-service,medium,30,40.533,43.55,48.0
Stage 05,Microsservicos completos,1,goroutines,goroutines,inventory-service,high,30,75.967,84.0,86.0
Stage 05,Microsservicos completos,1,goroutines,goroutines,prometheus,low,30,45.1,46.0,46.0
Stage 05,Microsservicos completos,1,goroutines,goroutines,prometheus,medium,30,45.267,46.0,50.0
Stage 05,Microsservicos completos,1,goroutines,goroutines,prometheus,high,30,45.067,45.55,46.0
Stage 05,Microsservicos completos,1,goroutines,goroutines,orders-service,low,30,44.167,55.0,55.0
Stage 05,Microsservicos completos,1,goroutines,goroutines,orders-service,medium,30,71.467,82.55,84.0
Stage 05,Microsservicos completos,1,goroutines,goroutines,orders-service,high,30,568.433,843.3,927.0
Stage 05,Microsservicos completos,1,goroutines,goroutines,products-service,low,30,37.033,47.1,48.0
Stage 05,Microsservicos completos,1,goroutines,goroutines,products-service,medium,30,54.8,60.55,67.0
Stage 05,Microsservicos completos,1,goroutines,goroutines,products-service,high,30,155.533,181.65,184.0
Stage 05,Microsservicos completos,1,goroutines,goroutines,users-service,low,30,32.4,45.0,47.0
Stage 05,Microsservicos completos,1,goroutines,goroutines,users-service,medium,30,50.233,54.0,55.0
Stage 05,Microsservicos completos,1,goroutines,goroutines,users-service,high,30,144.6,167.2,180.0
Stage 05,Microsservicos completos,1,heap_alloc_mb,MB,cadvisor,low,30,6.348,8.081,8.462
Stage 05,Microsservicos completos,1,heap_alloc_mb,MB,cadvisor,medium,30,6.525,8.476,8.849
Stage 05,Microsservicos completos,1,heap_alloc_mb,MB,cadvisor,high,30,7.244,8.97,9.37
Stage 05,Microsservicos completos,1,heap_alloc_mb,MB,inventory-service,low,30,2.561,3.599,4.002
Stage 05,Microsservicos completos,1,heap_alloc_mb,MB,inventory-service,medium,30,2.333,3.071,3.147
Stage 05,Microsservicos completos,1,heap_alloc_mb,MB,inventory-service,high,30,2.766,3.391,3.549
Stage 05,Microsservicos completos,1,heap_alloc_mb,MB,prometheus,low,30,20.274,22.803,23.345
Stage 05,Microsservicos completos,1,heap_alloc_mb,MB,prometheus,medium,30,22.553,25.516,25.947
Stage 05,Microsservicos completos,1,heap_alloc_mb,MB,prometheus,high,30,21.017,23.55,24.028
Stage 05,Microsservicos completos,1,heap_alloc_mb,MB,orders-service,low,30,2.487,3.065,3.219
Stage 05,Microsservicos completos,1,heap_alloc_mb,MB,orders-service,medium,30,2.948,3.5,3.615
Stage 05,Microsservicos completos,1,heap_alloc_mb,MB,orders-service,high,30,10.36,14.243,17.228
Stage 05,Microsservicos completos,1,heap_alloc_mb,MB,products-service,low,30,2.722,3.388,3.66
Stage 05,Microsservicos completos,1,heap_alloc_mb,MB,products-service,medium,30,3.278,4.246,4.33
Stage 05,Microsservicos completos,1,heap_alloc_mb,MB,products-service,high,30,4.677,5.519,5.874
Stage 05,Microsservicos completos,1,heap_alloc_mb,MB,users-service,low,30,2.384,3.085,3.15
Stage 05,Microsservicos completos,1,heap_alloc_mb,MB,users-service,medium,30,2.788,3.495,3.574
Stage 05,Microsservicos completos,1,heap_alloc_mb,MB,users-service,high,30,4.425,6.489,8.224
Stage 05,Microsservicos completos,1,gc_pause_ms,ms,cadvisor,low,30,0.132,0.155,0.161
Stage 05,Microsservicos completos,1,gc_pause_ms,ms,cadvisor,medium,30,0.144,0.252,0.27
Stage 05,Microsservicos completos,1,gc_pause_ms,ms,cadvisor,high,30,0.762,2.773,3.165
Stage 05,Microsservicos completos,1,gc_pause_ms,ms,inventory-service,low,30,0.224,0.46,0.487
Stage 05,Microsservicos completos,1,gc_pause_ms,ms,inventory-service,medium,30,0.197,0.337,0.381
Stage 05,Microsservicos completos,1,gc_pause_ms,ms,inventory-service,high,30,1.247,2.481,2.646
Stage 05,Microsservicos completos,1,gc_pause_ms,ms,prometheus,low,30,0.072,0.155,0.155
Stage 05,Microsservicos completos,1,gc_pause_ms,ms,prometheus,medium,30,0.034,0.096,0.096
Stage 05,Microsservicos completos,1,gc_pause_ms,ms,prometheus,high,30,1.814,9.832,9.832
Stage 05,Microsservicos completos,1,gc_pause_ms,ms,orders-service,low,30,0.357,0.462,0.478
Stage 05,Microsservicos completos,1,gc_pause_ms,ms,orders-service,medium,30,0.345,0.41,0.419
Stage 05,Microsservicos completos,1,gc_pause_ms,ms,orders-service,high,30,5.2,6.948,7.26
Stage 05,Microsservicos completos,1,gc_pause_ms,ms,products-service,low,30,0.274,0.36,0.383
Stage 05,Microsservicos completos,1,gc_pause_ms,ms,products-service,medium,30,0.308,0.373,0.402
Stage 05,Microsservicos completos,1,gc_pause_ms,ms,products-service,high,30,2.144,2.67,3.083
Stage 05,Microsservicos completos,1,gc_pause_ms,ms,users-service,low,30,0.387,0.505,0.539
Stage 05,Microsservicos completos,1,gc_pause_ms,ms,users-service,medium,30,0.306,0.373,0.389
Stage 05,Microsservicos completos,1,gc_pause_ms,ms,users-service,high,30,2.207,2.663,2.698
Stage 05,Microsservicos completos,1,pool_acquired_conns,conexoes,inventory-service,low,30,0.067,0.55,1.0
Stage 05,Microsservicos completos,1,pool_acquired_conns,conexoes,inventory-service,medium,30,0.133,1.0,2.0
Stage 05,Microsservicos completos,1,pool_acquired_conns,conexoes,inventory-service,high,30,0.667,2.55,3.0
Stage 05,Microsservicos completos,1,pool_acquired_conns,conexoes,orders-service,low,30,0.333,2.55,3.0
Stage 05,Microsservicos completos,1,pool_acquired_conns,conexoes,orders-service,medium,30,1.233,5.1,7.0
Stage 05,Microsservicos completos,1,pool_acquired_conns,conexoes,orders-service,high,30,7.767,10.0,10.0
Stage 05,Microsservicos completos,1,pool_acquired_conns,conexoes,products-service,low,30,0.233,1.0,4.0
Stage 05,Microsservicos completos,1,pool_acquired_conns,conexoes,products-service,medium,30,0.367,1.0,3.0
Stage 05,Microsservicos completos,1,pool_acquired_conns,conexoes,products-service,high,30,2.267,8.55,10.0
Stage 05,Microsservicos completos,1,pool_acquired_conns,conexoes,users-service,low,30,0.067,0.55,1.0
Stage 05,Microsservicos completos,1,pool_acquired_conns,conexoes,users-service,medium,30,0.3,2.1,3.0
Stage 05,Microsservicos completos,1,pool_acquired_conns,conexoes,users-service,high,30,2.233,8.55,10.0
Stage 05,Microsservicos completos,1,pool_idle_conns,conexoes,inventory-service,low,30,7.033,9.0,9.0
Stage 05,Microsservicos completos,1,pool_idle_conns,conexoes,inventory-service,medium,30,8.867,9.0,9.0
Stage 05,Microsservicos completos,1,pool_idle_conns,conexoes,inventory-service,high,30,9.3,10.0,10.0
Stage 05,Microsservicos completos,1,pool_idle_conns,conexoes,orders-service,low,30,9.0,10.0,10.0
Stage 05,Microsservicos completos,1,pool_idle_conns,conexoes,orders-service,medium,30,8.767,10.0,10.0
Stage 05,Microsservicos completos,1,pool_idle_conns,conexoes,orders-service,high,30,2.233,7.55,8.0
Stage 05,Microsservicos completos,1,pool_idle_conns,conexoes,products-service,low,30,8.3,9.0,10.0
Stage 05,Microsservicos completos,1,pool_idle_conns,conexoes,products-service,medium,30,9.633,10.0,10.0
Stage 05,Microsservicos completos,1,pool_idle_conns,conexoes,products-service,high,30,7.733,10.0,10.0
Stage 05,Microsservicos completos,1,pool_idle_conns,conexoes,users-service,low,30,9.567,10.0,10.0
Stage 05,Microsservicos completos,1,pool_idle_conns,conexoes,users-service,medium,30,9.7,10.0,10.0
Stage 05,Microsservicos completos,1,pool_idle_conns,conexoes,users-service,high,30,7.767,10.0,10.0
Stage 05,Microsservicos completos,1,pool_total_conns,conexoes,inventory-service,low,30,7.1,9.0,9.0
Stage 05,Microsservicos completos,1,pool_total_conns,conexoes,inventory-service,medium,30,9.0,9.0,9.0
Stage 05,Microsservicos completos,1,pool_total_conns,conexoes,inventory-service,high,30,9.967,10.0,10.0
Stage 05,Microsservicos completos,1,pool_total_conns,conexoes,orders-service,low,30,9.333,10.0,10.0
Stage 05,Microsservicos completos,1,pool_total_conns,conexoes,orders-service,medium,30,10.0,10.0,10.0
Stage 05,Microsservicos completos,1,pool_total_conns,conexoes,orders-service,high,30,10.0,10.0,10.0
Stage 05,Microsservicos completos,1,pool_total_conns,conexoes,products-service,low,30,8.533,9.55,10.0
Stage 05,Microsservicos completos,1,pool_total_conns,conexoes,products-service,medium,30,10.0,10.0,10.0
Stage 05,Microsservicos completos,1,pool_total_conns,conexoes,products-service,high,30,10.0,10.0,10.0
Stage 05,Microsservicos completos,1,pool_total_conns,conexoes,users-service,low,30,9.633,10.0,10.0
Stage 05,Microsservicos completos,1,pool_total_conns,conexoes,users-service,medium,30,10.0,10.0,10.0
Stage 05,Microsservicos completos,1,pool_total_conns,conexoes,users-service,high,30,10.0,10.0,10.0
Stage 05,Microsservicos completos,1,pool_wait_per_acquire_ms,ms,inventory-service,low,30,0.01,0.027,0.061
Stage 05,Microsservicos completos,1,pool_wait_per_acquire_ms,ms,inventory-service,medium,30,0.002,0.002,0.002
Stage 05,Microsservicos completos,1,pool_wait_per_acquire_ms,ms,inventory-service,high,30,0.009,0.015,0.018
Stage 05,Microsservicos completos,1,pool_wait_per_acquire_ms,ms,orders-service,low,30,0.007,0.022,0.046
Stage 05,Microsservicos completos,1,pool_wait_per_acquire_ms,ms,orders-service,medium,30,0.005,0.016,0.018
Stage 05,Microsservicos completos,1,pool_wait_per_acquire_ms,ms,orders-service,high,30,41.098,58.036,60.531
Stage 05,Microsservicos completos,1,pool_wait_per_acquire_ms,ms,products-service,low,30,0.003,0.013,0.018
Stage 05,Microsservicos completos,1,pool_wait_per_acquire_ms,ms,products-service,medium,30,0.001,0.002,0.002
Stage 05,Microsservicos completos,1,pool_wait_per_acquire_ms,ms,products-service,high,30,0.317,0.425,0.461
Stage 05,Microsservicos completos,1,pool_wait_per_acquire_ms,ms,users-service,low,30,0.004,0.014,0.016
Stage 05,Microsservicos completos,1,pool_wait_per_acquire_ms,ms,users-service,medium,30,0.002,0.002,0.002
Stage 05,Microsservicos completos,1,pool_wait_per_acquire_ms,ms,users-service,high,30,0.422,0.62,0.67
Stage 05,Microsservicos completos,1,pool_empty_acquire_per_s,por segundo,inventory-service,low,30,0.026,0.1,0.1
Stage 05,Microsservicos completos,1,pool_empty_acquire_per_s,por segundo,inventory-service,medium,30,0.0,0.0,0.0
Stage 05,Microsservicos completos,1,pool_empty_acquire_per_s,por segundo,inventory-service,high,30,1.822,2.806,2.96
Stage 05,Microsservicos completos,1,pool_empty_acquire_per_s,por segundo,orders-service,low,30,0.062,0.151,0.16
Stage 05,Microsservicos completos,1,pool_empty_acquire_per_s,por segundo,orders-service,medium,30,0.663,1.842,2.04
Stage 05,Microsservicos completos,1,pool_empty_acquire_per_s,por segundo,orders-service,high,30,563.359,685.169,694.136
Stage 05,Microsservicos completos,1,pool_empty_acquire_per_s,por segundo,products-service,low,30,0.025,0.129,0.137
Stage 05,Microsservicos completos,1,pool_empty_acquire_per_s,por segundo,products-service,medium,30,0.214,0.995,1.1
Stage 05,Microsservicos completos,1,pool_empty_acquire_per_s,por segundo,products-service,high,30,212.537,256.884,270.34
Stage 05,Microsservicos completos,1,pool_empty_acquire_per_s,por segundo,users-service,low,30,0.039,0.171,0.187
Stage 05,Microsservicos completos,1,pool_empty_acquire_per_s,por segundo,users-service,medium,30,0.127,0.531,0.54
Stage 05,Microsservicos completos,1,pool_empty_acquire_per_s,por segundo,users-service,high,30,191.79,230.394,232.04
Stage 05,Microsservicos completos,1,cpu_percent,percentual de um nucleo,nginx,low,60,14.438,16.911,17.98
Stage 05,Microsservicos completos,1,cpu_percent,percentual de um nucleo,nginx,medium,60,46.987,49.312,49.75
Stage 05,Microsservicos completos,1,cpu_percent,percentual de um nucleo,nginx,high,60,75.166,103.79,109.53
Stage 05,Microsservicos completos,1,memory_mb,MB,nginx,low,60,14.516,15.27,15.29
Stage 05,Microsservicos completos,1,memory_mb,MB,nginx,medium,60,16.0,16.463,16.7
Stage 05,Microsservicos completos,1,memory_mb,MB,nginx,high,60,21.389,23.325,23.77
Stage 05,Microsservicos completos,1,cpu_percent,percentual de um nucleo,orders-service,low,60,32.091,39.132,42.99
Stage 05,Microsservicos completos,1,cpu_percent,percentual de um nucleo,orders-service,medium,60,116.463,223.459,230.14
Stage 05,Microsservicos completos,1,cpu_percent,percentual de um nucleo,orders-service,high,60,459.925,809.823,921.55
Stage 05,Microsservicos completos,1,memory_mb,MB,orders-service,low,60,15.245,16.727,17.52
Stage 05,Microsservicos completos,1,memory_mb,MB,orders-service,medium,60,20.715,21.721,22.23
Stage 05,Microsservicos completos,1,memory_mb,MB,orders-service,high,60,49.607,57.116,59.01
Stage 05,Microsservicos completos,1,cpu_percent,percentual de um nucleo,grafana,low,60,0.46,1.397,3.85
Stage 05,Microsservicos completos,1,cpu_percent,percentual de um nucleo,grafana,medium,60,0.398,1.084,6.71
Stage 05,Microsservicos completos,1,cpu_percent,percentual de um nucleo,grafana,high,60,0.355,1.049,3.67
Stage 05,Microsservicos completos,1,memory_mb,MB,grafana,low,60,48.432,51.45,51.46
Stage 05,Microsservicos completos,1,memory_mb,MB,grafana,medium,60,44.158,44.21,44.21
Stage 05,Microsservicos completos,1,memory_mb,MB,grafana,high,60,43.787,43.8,44.11
Stage 05,Microsservicos completos,1,cpu_percent,percentual de um nucleo,products-service,low,60,16.024,18.717,20.75
Stage 05,Microsservicos completos,1,cpu_percent,percentual de um nucleo,products-service,medium,60,44.579,47.184,50.0
Stage 05,Microsservicos completos,1,cpu_percent,percentual de um nucleo,products-service,high,60,70.348,93.182,96.58
Stage 05,Microsservicos completos,1,memory_mb,MB,products-service,low,60,13.184,14.772,14.95
Stage 05,Microsservicos completos,1,memory_mb,MB,products-service,medium,60,15.117,16.06,16.29
Stage 05,Microsservicos completos,1,memory_mb,MB,products-service,high,60,20.349,21.482,21.7
Stage 05,Microsservicos completos,1,cpu_percent,percentual de um nucleo,inventory-service,low,60,3.919,5.25,5.58
Stage 05,Microsservicos completos,1,cpu_percent,percentual de um nucleo,inventory-service,medium,60,11.292,12.624,13.95
Stage 05,Microsservicos completos,1,cpu_percent,percentual de um nucleo,inventory-service,high,60,17.736,24.335,25.23
Stage 05,Microsservicos completos,1,memory_mb,MB,inventory-service,low,60,10.627,12.239,12.76
Stage 05,Microsservicos completos,1,memory_mb,MB,inventory-service,medium,60,11.93,13.02,13.3
Stage 05,Microsservicos completos,1,memory_mb,MB,inventory-service,high,60,14.12,15.075,15.55
Stage 05,Microsservicos completos,1,cpu_percent,percentual de um nucleo,users-service,low,60,15.974,18.854,20.91
Stage 05,Microsservicos completos,1,cpu_percent,percentual de um nucleo,users-service,medium,60,43.623,47.166,48.53
Stage 05,Microsservicos completos,1,cpu_percent,percentual de um nucleo,users-service,high,60,59.941,83.962,90.41
Stage 05,Microsservicos completos,1,memory_mb,MB,users-service,low,60,13.005,14.322,14.43
Stage 05,Microsservicos completos,1,memory_mb,MB,users-service,medium,60,14.34,15.325,15.6
Stage 05,Microsservicos completos,1,memory_mb,MB,users-service,high,60,19.714,21.284,23.29
Stage 05,Microsservicos completos,1,cpu_percent,percentual de um nucleo,postgres,low,60,23.12,26.582,28.87
Stage 05,Microsservicos completos,1,cpu_percent,percentual de um nucleo,postgres,medium,60,65.371,68.45,69.85
Stage 05,Microsservicos completos,1,cpu_percent,percentual de um nucleo,postgres,high,60,121.743,167.739,180.05
Stage 05,Microsservicos completos,1,memory_mb,MB,postgres,low,60,94.019,102.815,103.3
Stage 05,Microsservicos completos,1,memory_mb,MB,postgres,medium,60,113.037,121.21,122.6
Stage 05,Microsservicos completos,1,memory_mb,MB,postgres,high,60,140.828,152.91,154.3
Stage 05,Microsservicos completos,1,cpu_percent,percentual de um nucleo,prometheus,low,60,0.512,1.354,1.57
Stage 05,Microsservicos completos,1,cpu_percent,percentual de um nucleo,prometheus,medium,60,0.425,0.882,1.31
Stage 05,Microsservicos completos,1,cpu_percent,percentual de um nucleo,prometheus,high,60,0.057,0.27,0.98
Stage 05,Microsservicos completos,1,memory_mb,MB,prometheus,low,60,34.038,36.65,36.66
Stage 05,Microsservicos completos,1,memory_mb,MB,prometheus,medium,60,37.288,39.051,39.22
Stage 05,Microsservicos completos,1,memory_mb,MB,prometheus,high,60,37.927,39.381,39.58
Stage 05,Microsservicos completos,1,cpu_percent,percentual de um nucleo,cadvisor,low,60,0.376,2.957,4.36
Stage 05,Microsservicos completos,1,cpu_percent,percentual de um nucleo,cadvisor,medium,60,0.259,2.263,3.49
Stage 05,Microsservicos completos,1,cpu_percent,percentual de um nucleo,cadvisor,high,60,0.22,1.997,3.59
Stage 05,Microsservicos completos,1,memory_mb,MB,cadvisor,low,60,18.605,19.83,19.94
Stage 05,Microsservicos completos,1,memory_mb,MB,cadvisor,medium,60,19.307,20.48,21.13
Stage 05,Microsservicos completos,1,memory_mb,MB,cadvisor,high,60,20.428,22.445,22.93
Stage 05,Microsservicos completos,2,process_cpu_percent,percentual de um nucleo,cadvisor,low,30,0.227,0.26,0.3
Stage 05,Microsservicos completos,2,process_cpu_percent,percentual de um nucleo,cadvisor,medium,30,0.179,0.231,0.24
Stage 05,Microsservicos completos,2,process_cpu_percent,percentual de um nucleo,cadvisor,high,30,0.215,0.26,0.28
Stage 05,Microsservicos completos,2,process_cpu_percent,percentual de um nucleo,inventory-service,low,30,3.647,4.0,4.06
Stage 05,Microsservicos completos,2,process_cpu_percent,percentual de um nucleo,inventory-service,medium,30,10.459,11.231,11.26
Stage 05,Microsservicos completos,2,process_cpu_percent,percentual de um nucleo,inventory-service,high,30,17.452,18.521,18.54
Stage 05,Microsservicos completos,2,process_cpu_percent,percentual de um nucleo,prometheus,low,30,0.246,0.322,0.801
Stage 05,Microsservicos completos,2,process_cpu_percent,percentual de um nucleo,prometheus,medium,30,0.153,0.18,0.2
Stage 05,Microsservicos completos,2,process_cpu_percent,percentual de um nucleo,prometheus,high,30,0.189,0.231,0.24
Stage 05,Microsservicos completos,2,process_cpu_percent,percentual de um nucleo,orders-service,low,30,29.347,33.089,33.26
Stage 05,Microsservicos completos,2,process_cpu_percent,percentual de um nucleo,orders-service,medium,30,105.975,125.615,126.64
Stage 05,Microsservicos completos,2,process_cpu_percent,percentual de um nucleo,orders-service,high,30,405.512,478.093,482.531
Stage 05,Microsservicos completos,2,process_cpu_percent,percentual de um nucleo,products-service,low,30,14.79,16.262,16.28
Stage 05,Microsservicos completos,2,process_cpu_percent,percentual de um nucleo,products-service,medium,30,40.675,43.211,43.32
Stage 05,Microsservicos completos,2,process_cpu_percent,percentual de um nucleo,products-service,high,30,68.259,72.939,74.12
Stage 05,Microsservicos completos,2,process_cpu_percent,percentual de um nucleo,users-service,low,30,14.735,16.202,16.24
Stage 05,Microsservicos completos,2,process_cpu_percent,percentual de um nucleo,users-service,medium,30,39.993,42.911,43.06
Stage 05,Microsservicos completos,2,process_cpu_percent,percentual de um nucleo,users-service,high,30,60.754,65.421,68.1
Stage 05,Microsservicos completos,2,process_memory_mb,MB,cadvisor,low,30,41.337,42.465,42.59
Stage 05,Microsservicos completos,2,process_memory_mb,MB,cadvisor,medium,30,42.373,44.02,44.43
Stage 05,Microsservicos completos,2,process_memory_mb,MB,cadvisor,high,30,43.06,44.418,44.418
Stage 05,Microsservicos completos,2,process_memory_mb,MB,inventory-service,low,30,18.133,19.283,19.422
Stage 05,Microsservicos completos,2,process_memory_mb,MB,inventory-service,medium,30,19.441,19.971,20.031
Stage 05,Microsservicos completos,2,process_memory_mb,MB,inventory-service,high,30,21.528,22.075,22.453
Stage 05,Microsservicos completos,2,process_memory_mb,MB,prometheus,low,30,86.255,89.988,89.988
Stage 05,Microsservicos completos,2,process_memory_mb,MB,prometheus,medium,30,92.484,93.113,93.113
Stage 05,Microsservicos completos,2,process_memory_mb,MB,prometheus,high,30,92.684,93.363,93.363
Stage 05,Microsservicos completos,2,process_memory_mb,MB,orders-service,low,30,21.375,22.415,22.605
Stage 05,Microsservicos completos,2,process_memory_mb,MB,orders-service,medium,30,23.642,24.271,24.293
Stage 05,Microsservicos completos,2,process_memory_mb,MB,orders-service,high,30,44.621,50.196,51.91
Stage 05,Microsservicos completos,2,process_memory_mb,MB,products-service,low,30,20.946,22.042,22.113
Stage 05,Microsservicos completos,2,process_memory_mb,MB,products-service,medium,30,22.808,23.35,23.402
Stage 05,Microsservicos completos,2,process_memory_mb,MB,products-service,high,30,27.264,28.081,28.754
Stage 05,Microsservicos completos,2,process_memory_mb,MB,users-service,low,30,20.068,21.02,21.164
Stage 05,Microsservicos completos,2,process_memory_mb,MB,users-service,medium,30,21.546,21.945,22.027
Stage 05,Microsservicos completos,2,process_memory_mb,MB,users-service,high,30,26.362,27.655,28.32
Stage 05,Microsservicos completos,2,goroutines,goroutines,cadvisor,low,30,26.9,28.0,28.0
Stage 05,Microsservicos completos,2,goroutines,goroutines,cadvisor,medium,30,27.167,28.0,28.0
Stage 05,Microsservicos completos,2,goroutines,goroutines,cadvisor,high,30,26.467,27.55,28.0
Stage 05,Microsservicos completos,2,goroutines,goroutines,inventory-service,low,30,25.6,31.55,32.0
Stage 05,Microsservicos completos,2,goroutines,goroutines,inventory-service,medium,30,39.7,42.0,43.0
Stage 05,Microsservicos completos,2,goroutines,goroutines,inventory-service,high,30,75.267,82.55,86.0
Stage 05,Microsservicos completos,2,goroutines,goroutines,prometheus,low,30,45.033,45.0,46.0
Stage 05,Microsservicos completos,2,goroutines,goroutines,prometheus,medium,30,45.1,45.55,47.0
Stage 05,Microsservicos completos,2,goroutines,goroutines,prometheus,high,30,45.1,46.0,46.0
Stage 05,Microsservicos completos,2,goroutines,goroutines,orders-service,low,30,43.367,56.3,61.0
Stage 05,Microsservicos completos,2,goroutines,goroutines,orders-service,medium,30,72.6,83.3,88.0
Stage 05,Microsservicos completos,2,goroutines,goroutines,orders-service,high,30,543.533,808.85,832.0
Stage 05,Microsservicos completos,2,goroutines,goroutines,products-service,low,30,34.7,41.0,45.0
Stage 05,Microsservicos completos,2,goroutines,goroutines,products-service,medium,30,54.267,59.65,65.0
Stage 05,Microsservicos completos,2,goroutines,goroutines,products-service,high,30,167.767,205.2,208.0
Stage 05,Microsservicos completos,2,goroutines,goroutines,users-service,low,30,30.933,40.0,41.0
Stage 05,Microsservicos completos,2,goroutines,goroutines,users-service,medium,30,50.167,56.0,57.0
Stage 05,Microsservicos completos,2,goroutines,goroutines,users-service,high,30,147.1,180.2,241.0
Stage 05,Microsservicos completos,2,heap_alloc_mb,MB,cadvisor,low,30,6.709,8.415,8.748
Stage 05,Microsservicos completos,2,heap_alloc_mb,MB,cadvisor,medium,30,6.711,8.197,8.715
Stage 05,Microsservicos completos,2,heap_alloc_mb,MB,cadvisor,high,30,7.057,8.699,10.292
Stage 05,Microsservicos completos,2,heap_alloc_mb,MB,inventory-service,low,30,2.47,3.209,3.421
Stage 05,Microsservicos completos,2,heap_alloc_mb,MB,inventory-service,medium,30,2.189,3.065,3.09
Stage 05,Microsservicos completos,2,heap_alloc_mb,MB,inventory-service,high,30,2.68,3.363,3.608
Stage 05,Microsservicos completos,2,heap_alloc_mb,MB,prometheus,low,30,23.617,28.229,28.816
Stage 05,Microsservicos completos,2,heap_alloc_mb,MB,prometheus,medium,30,26.541,30.314,30.792
Stage 05,Microsservicos completos,2,heap_alloc_mb,MB,prometheus,high,30,26.322,28.725,29.148
Stage 05,Microsservicos completos,2,heap_alloc_mb,MB,orders-service,low,30,2.428,2.84,2.877
Stage 05,Microsservicos completos,2,heap_alloc_mb,MB,orders-service,medium,30,2.882,3.309,3.526
Stage 05,Microsservicos completos,2,heap_alloc_mb,MB,orders-service,high,30,10.319,13.441,14.801
Stage 05,Microsservicos completos,2,heap_alloc_mb,MB,products-service,low,30,2.831,3.649,3.809
Stage 05,Microsservicos completos,2,heap_alloc_mb,MB,products-service,medium,30,3.336,4.403,4.569
Stage 05,Microsservicos completos,2,heap_alloc_mb,MB,products-service,high,30,4.857,5.691,5.793
Stage 05,Microsservicos completos,2,heap_alloc_mb,MB,users-service,low,30,2.36,2.921,3.297
Stage 05,Microsservicos completos,2,heap_alloc_mb,MB,users-service,medium,30,2.694,3.395,3.453
Stage 05,Microsservicos completos,2,heap_alloc_mb,MB,users-service,high,30,4.317,6.039,6.498
Stage 05,Microsservicos completos,2,gc_pause_ms,ms,cadvisor,low,30,0.301,0.887,1.276
Stage 05,Microsservicos completos,2,gc_pause_ms,ms,cadvisor,medium,30,0.171,0.344,0.386
Stage 05,Microsservicos completos,2,gc_pause_ms,ms,cadvisor,high,30,0.683,1.725,1.922
Stage 05,Microsservicos completos,2,gc_pause_ms,ms,inventory-service,low,30,0.207,0.339,0.358
Stage 05,Microsservicos completos,2,gc_pause_ms,ms,inventory-service,medium,30,0.165,0.215,0.236
Stage 05,Microsservicos completos,2,gc_pause_ms,ms,inventory-service,high,30,1.524,2.548,2.816
Stage 05,Microsservicos completos,2,gc_pause_ms,ms,prometheus,low,30,0.057,0.111,0.14
Stage 05,Microsservicos completos,2,gc_pause_ms,ms,prometheus,medium,30,0.036,0.11,0.112
Stage 05,Microsservicos completos,2,gc_pause_ms,ms,prometheus,high,30,0.056,0.243,0.243
Stage 05,Microsservicos completos,2,gc_pause_ms,ms,orders-service,low,30,0.359,0.426,0.435
Stage 05,Microsservicos completos,2,gc_pause_ms,ms,orders-service,medium,30,0.336,0.363,0.383
Stage 05,Microsservicos completos,2,gc_pause_ms,ms,orders-service,high,30,5.172,6.742,6.911
Stage 05,Microsservicos completos,2,gc_pause_ms,ms,products-service,low,30,0.331,0.409,0.421
Stage 05,Microsservicos completos,2,gc_pause_ms,ms,products-service,medium,30,0.293,0.344,0.353
Stage 05,Microsservicos completos,2,gc_pause_ms,ms,products-service,high,30,2.328,3.188,3.328
Stage 05,Microsservicos completos,2,gc_pause_ms,ms,users-service,low,30,0.33,0.49,0.531
Stage 05,Microsservicos completos,2,gc_pause_ms,ms,users-service,medium,30,0.321,0.37,0.38
Stage 05,Microsservicos completos,2,gc_pause_ms,ms,users-service,high,30,2.178,2.824,2.838
Stage 05,Microsservicos completos,2,pool_acquired_conns,conexoes,inventory-service,low,30,0.0,0.0,0.0
Stage 05,Microsservicos completos,2,pool_acquired_conns,conexoes,inventory-service,medium,30,0.067,0.55,1.0
Stage 05,Microsservicos completos,2,pool_acquired_conns,conexoes,inventory-service,high,30,0.567,3.2,6.0
Stage 05,Microsservicos completos,2,pool_acquired_conns,conexoes,orders-service,low,30,0.5,2.55,4.0
Stage 05,Microsservicos completos,2,pool_acquired_conns,conexoes,orders-service,medium,30,1.133,3.55,5.0
Stage 05,Microsservicos completos,2,pool_acquired_conns,conexoes,orders-service,high,30,7.533,10.0,10.0
Stage 05,Microsservicos completos,2,pool_acquired_conns,conexoes,products-service,low,30,0.233,1.55,2.0
Stage 05,Microsservicos completos,2,pool_acquired_conns,conexoes,products-service,medium,30,0.3,1.55,2.0
Stage 05,Microsservicos completos,2,pool_acquired_conns,conexoes,products-service,high,30,3.133,9.55,10.0
Stage 05,Microsservicos completos,2,pool_acquired_conns,conexoes,users-service,low,30,0.133,1.0,2.0
Stage 05,Microsservicos completos,2,pool_acquired_conns,conexoes,users-service,medium,30,0.333,1.0,3.0
Stage 05,Microsservicos completos,2,pool_acquired_conns,conexoes,users-service,high,30,3.0,9.55,10.0
Stage 05,Microsservicos completos,2,pool_idle_conns,conexoes,inventory-service,low,30,4.4,5.0,5.0
Stage 05,Microsservicos completos,2,pool_idle_conns,conexoes,inventory-service,medium,30,6.433,7.0,7.0
Stage 05,Microsservicos completos,2,pool_idle_conns,conexoes,inventory-service,high,30,9.4,10.0,10.0
Stage 05,Microsservicos completos,2,pool_idle_conns,conexoes,orders-service,low,30,9.067,10.0,10.0
Stage 05,Microsservicos completos,2,pool_idle_conns,conexoes,orders-service,medium,30,8.867,10.0,10.0
Stage 05,Microsservicos completos,2,pool_idle_conns,conexoes,orders-service,high,30,2.467,9.1,10.0
Stage 05,Microsservicos completos,2,pool_idle_conns,conexoes,products-service,low,30,9.267,10.0,10.0
Stage 05,Microsservicos completos,2,pool_idle_conns,conexoes,products-service,medium,30,9.7,10.0,10.0
Stage 05,Microsservicos completos,2,pool_idle_conns,conexoes,products-service,high,30,6.867,10.0,10.0
Stage 05,Microsservicos completos,2,pool_idle_conns,conexoes,users-service,low,30,9.567,10.0,10.0
Stage 05,Microsservicos completos,2,pool_idle_conns,conexoes,users-service,medium,30,9.667,10.0,10.0
Stage 05,Microsservicos completos,2,pool_idle_conns,conexoes,users-service,high,30,7.0,10.0,10.0
Stage 05,Microsservicos completos,2,pool_total_conns,conexoes,inventory-service,low,30,4.4,5.0,5.0
Stage 05,Microsservicos completos,2,pool_total_conns,conexoes,inventory-service,medium,30,6.5,7.0,7.0
Stage 05,Microsservicos completos,2,pool_total_conns,conexoes,inventory-service,high,30,9.967,10.0,10.0
Stage 05,Microsservicos completos,2,pool_total_conns,conexoes,orders-service,low,30,9.567,10.0,10.0
Stage 05,Microsservicos completos,2,pool_total_conns,conexoes,orders-service,medium,30,10.0,10.0,10.0
Stage 05,Microsservicos completos,2,pool_total_conns,conexoes,orders-service,high,30,10.0,10.0,10.0
Stage 05,Microsservicos completos,2,pool_total_conns,conexoes,products-service,low,30,9.5,10.0,10.0
Stage 05,Microsservicos completos,2,pool_total_conns,conexoes,products-service,medium,30,10.0,10.0,10.0
Stage 05,Microsservicos completos,2,pool_total_conns,conexoes,products-service,high,30,10.0,10.0,10.0
Stage 05,Microsservicos completos,2,pool_total_conns,conexoes,users-service,low,30,9.7,10.0,10.0
Stage 05,Microsservicos completos,2,pool_total_conns,conexoes,users-service,medium,30,10.0,10.0,10.0
Stage 05,Microsservicos completos,2,pool_total_conns,conexoes,users-service,high,30,10.0,10.0,10.0
Stage 05,Microsservicos completos,2,pool_wait_per_acquire_ms,ms,inventory-service,low,30,0.007,0.024,0.046
Stage 05,Microsservicos completos,2,pool_wait_per_acquire_ms,ms,inventory-service,medium,30,0.002,0.003,0.003
Stage 05,Microsservicos completos,2,pool_wait_per_acquire_ms,ms,inventory-service,high,30,0.01,0.019,0.019
Stage 05,Microsservicos completos,2,pool_wait_per_acquire_ms,ms,orders-service,low,30,0.007,0.027,0.045
Stage 05,Microsservicos completos,2,pool_wait_per_acquire_ms,ms,orders-service,medium,30,0.004,0.006,0.007
Stage 05,Microsservicos completos,2,pool_wait_per_acquire_ms,ms,orders-service,high,30,43.501,56.346,59.607
Stage 05,Microsservicos completos,2,pool_wait_per_acquire_ms,ms,products-service,low,30,0.004,0.015,0.024
Stage 05,Microsservicos completos,2,pool_wait_per_acquire_ms,ms,products-service,medium,30,0.001,0.002,0.002
Stage 05,Microsservicos completos,2,pool_wait_per_acquire_ms,ms,products-service,high,30,0.337,0.419,0.437
Stage 05,Microsservicos completos,2,pool_wait_per_acquire_ms,ms,users-service,low,30,0.005,0.017,0.02
Stage 05,Microsservicos completos,2,pool_wait_per_acquire_ms,ms,users-service,medium,30,0.002,0.002,0.002
Stage 05,Microsservicos completos,2,pool_wait_per_acquire_ms,ms,users-service,high,30,0.39,0.538,0.558
Stage 05,Microsservicos completos,2,pool_empty_acquire_per_s,por segundo,inventory-service,low,30,0.013,0.052,0.06
Stage 05,Microsservicos completos,2,pool_empty_acquire_per_s,por segundo,inventory-service,medium,30,0.007,0.02,0.02
Stage 05,Microsservicos completos,2,pool_empty_acquire_per_s,por segundo,inventory-service,high,30,1.86,3.142,3.28
Stage 05,Microsservicos completos,2,pool_empty_acquire_per_s,por segundo,orders-service,low,30,0.03,0.127,0.16
Stage 05,Microsservicos completos,2,pool_empty_acquire_per_s,por segundo,orders-service,medium,30,0.527,0.862,0.92
Stage 05,Microsservicos completos,2,pool_empty_acquire_per_s,por segundo,orders-service,high,30,594.693,709.863,717.803
Stage 05,Microsservicos completos,2,pool_empty_acquire_per_s,por segundo,products-service,low,30,0.029,0.131,0.14
Stage 05,Microsservicos completos,2,pool_empty_acquire_per_s,por segundo,products-service,medium,30,0.213,0.36,0.4
Stage 05,Microsservicos completos,2,pool_empty_acquire_per_s,por segundo,products-service,high,30,220.431,258.891,267.1
Stage 05,Microsservicos completos,2,pool_empty_acquire_per_s,por segundo,users-service,low,30,0.029,0.162,0.18
Stage 05,Microsservicos completos,2,pool_empty_acquire_per_s,por segundo,users-service,medium,30,0.107,0.24,0.28
Stage 05,Microsservicos completos,2,pool_empty_acquire_per_s,por segundo,users-service,high,30,191.92,236.681,238.48
Stage 05,Microsservicos completos,2,cpu_percent,percentual de um nucleo,nginx,low,60,13.955,15.247,16.82
Stage 05,Microsservicos completos,2,cpu_percent,percentual de um nucleo,nginx,medium,60,47.392,50.431,51.07
Stage 05,Microsservicos completos,2,cpu_percent,percentual de um nucleo,nginx,high,60,76.529,101.198,107.43
Stage 05,Microsservicos completos,2,memory_mb,MB,nginx,low,60,14.666,15.511,15.82
Stage 05,Microsservicos completos,2,memory_mb,MB,nginx,medium,60,16.056,16.591,16.68
Stage 05,Microsservicos completos,2,memory_mb,MB,nginx,high,60,21.274,23.179,24.14
Stage 05,Microsservicos completos,2,cpu_percent,percentual de um nucleo,orders-service,low,60,33.009,40.01,40.89
Stage 05,Microsservicos completos,2,cpu_percent,percentual de um nucleo,orders-service,medium,60,117.234,210.335,223.04
Stage 05,Microsservicos completos,2,cpu_percent,percentual de um nucleo,orders-service,high,60,439.843,789.863,875.2
Stage 05,Microsservicos completos,2,memory_mb,MB,orders-service,low,60,15.571,17.181,18.62
Stage 05,Microsservicos completos,2,memory_mb,MB,orders-service,medium,60,20.928,22.236,22.43
Stage 05,Microsservicos completos,2,memory_mb,MB,orders-service,high,60,49.97,55.403,56.79
Stage 05,Microsservicos completos,2,cpu_percent,percentual de um nucleo,grafana,low,60,0.055,0.09,0.13
Stage 05,Microsservicos completos,2,cpu_percent,percentual de um nucleo,grafana,medium,60,0.048,0.08,0.08
Stage 05,Microsservicos completos,2,cpu_percent,percentual de um nucleo,grafana,high,60,0.054,0.09,0.09
Stage 05,Microsservicos completos,2,memory_mb,MB,grafana,low,60,45.109,46.02,46.02
Stage 05,Microsservicos completos,2,memory_mb,MB,grafana,medium,60,43.861,43.98,43.98
Stage 05,Microsservicos completos,2,memory_mb,MB,grafana,high,60,43.433,43.45,43.64
Stage 05,Microsservicos completos,2,cpu_percent,percentual de um nucleo,products-service,low,60,16.546,18.997,20.1
Stage 05,Microsservicos completos,2,cpu_percent,percentual de um nucleo,products-service,medium,60,44.641,48.073,49.88
Stage 05,Microsservicos completos,2,cpu_percent,percentual de um nucleo,products-service,high,60,72.456,93.878,101.26
Stage 05,Microsservicos completos,2,memory_mb,MB,products-service,low,60,13.458,14.643,15.99
Stage 05,Microsservicos completos,2,memory_mb,MB,products-service,medium,60,15.35,16.642,17.34
Stage 05,Microsservicos completos,2,memory_mb,MB,products-service,high,60,20.545,21.743,22.23
Stage 05,Microsservicos completos,2,cpu_percent,percentual de um nucleo,users-service,low,60,16.328,18.22,18.52
Stage 05,Microsservicos completos,2,cpu_percent,percentual de um nucleo,users-service,medium,60,44.109,47.88,49.71
Stage 05,Microsservicos completos,2,cpu_percent,percentual de um nucleo,users-service,high,60,62.83,85.606,90.41
Stage 05,Microsservicos completos,2,memory_mb,MB,users-service,low,60,12.565,13.756,14.06
Stage 05,Microsservicos completos,2,memory_mb,MB,users-service,medium,60,13.954,14.762,15.1
Stage 05,Microsservicos completos,2,memory_mb,MB,users-service,high,60,19.81,21.745,23.96
Stage 05,Microsservicos completos,2,cpu_percent,percentual de um nucleo,inventory-service,low,60,3.817,4.715,4.87
Stage 05,Microsservicos completos,2,cpu_percent,percentual de um nucleo,inventory-service,medium,60,11.548,13.293,13.81
Stage 05,Microsservicos completos,2,cpu_percent,percentual de um nucleo,inventory-service,high,60,17.532,23.076,23.83
Stage 05,Microsservicos completos,2,memory_mb,MB,inventory-service,low,60,10.02,11.379,11.84
Stage 05,Microsservicos completos,2,memory_mb,MB,inventory-service,medium,60,11.866,13.021,13.34
Stage 05,Microsservicos completos,2,memory_mb,MB,inventory-service,high,60,14.337,15.271,16.34
Stage 05,Microsservicos completos,2,cpu_percent,percentual de um nucleo,postgres,low,60,23.766,26.842,29.79
Stage 05,Microsservicos completos,2,cpu_percent,percentual de um nucleo,postgres,medium,60,66.484,71.466,74.3
Stage 05,Microsservicos completos,2,cpu_percent,percentual de um nucleo,postgres,high,60,122.406,171.294,178.37
Stage 05,Microsservicos completos,2,memory_mb,MB,postgres,low,60,91.902,96.551,96.81
Stage 05,Microsservicos completos,2,memory_mb,MB,postgres,medium,60,109.339,118.525,121.5
Stage 05,Microsservicos completos,2,memory_mb,MB,postgres,high,60,141.078,152.935,154.1
Stage 05,Microsservicos completos,2,cpu_percent,percentual de um nucleo,prometheus,low,60,0.641,1.442,2.68
Stage 05,Microsservicos completos,2,cpu_percent,percentual de um nucleo,prometheus,medium,60,0.431,0.871,0.95
Stage 05,Microsservicos completos,2,cpu_percent,percentual de um nucleo,prometheus,high,60,0.139,0.194,1.93
Stage 05,Microsservicos completos,2,memory_mb,MB,prometheus,low,60,36.484,40.002,40.61
Stage 05,Microsservicos completos,2,memory_mb,MB,prometheus,medium,60,42.318,42.791,42.84
Stage 05,Microsservicos completos,2,memory_mb,MB,prometheus,high,60,42.292,43.026,43.14
Stage 05,Microsservicos completos,2,cpu_percent,percentual de um nucleo,cadvisor,low,60,0.011,0.011,0.31
Stage 05,Microsservicos completos,2,cpu_percent,percentual de um nucleo,cadvisor,medium,60,0.051,0.321,1.72
Stage 05,Microsservicos completos,2,cpu_percent,percentual de um nucleo,cadvisor,high,60,0.071,0.274,1.53
Stage 05,Microsservicos completos,2,memory_mb,MB,cadvisor,low,60,18.939,19.861,20.31
Stage 05,Microsservicos completos,2,memory_mb,MB,cadvisor,medium,60,19.426,21.22,21.28
Stage 05,Microsservicos completos,2,memory_mb,MB,cadvisor,high,60,20.24,21.6,21.72
Stage 05,Microsservicos completos,3,process_cpu_percent,percentual de um nucleo,cadvisor,low,30,0.247,0.3,0.32
Stage 05,Microsservicos completos,3,process_cpu_percent,percentual de um nucleo,cadvisor,medium,30,0.175,0.2,0.22
Stage 05,Microsservicos completos,3,process_cpu_percent,percentual de um nucleo,cadvisor,high,30,0.215,0.28,0.3
Stage 05,Microsservicos completos,3,process_cpu_percent,percentual de um nucleo,inventory-service,low,30,3.63,3.94,3.98
Stage 05,Microsservicos completos,3,process_cpu_percent,percentual de um nucleo,inventory-service,medium,30,10.341,11.042,11.14
Stage 05,Microsservicos completos,3,process_cpu_percent,percentual de um nucleo,inventory-service,high,30,18.101,19.282,19.3
Stage 05,Microsservicos completos,3,process_cpu_percent,percentual de um nucleo,prometheus,low,30,0.231,0.26,0.699
Stage 05,Microsservicos completos,3,process_cpu_percent,percentual de um nucleo,prometheus,medium,30,0.157,0.2,0.22
Stage 05,Microsservicos completos,3,process_cpu_percent,percentual de um nucleo,prometheus,high,30,0.185,0.22,0.24
Stage 05,Microsservicos completos,3,process_cpu_percent,percentual de um nucleo,orders-service,low,30,29.576,32.112,32.76
Stage 05,Microsservicos completos,3,process_cpu_percent,percentual de um nucleo,orders-service,medium,30,108.318,125.368,125.9
Stage 05,Microsservicos completos,3,process_cpu_percent,percentual de um nucleo,orders-service,high,30,453.276,523.039,529.299
Stage 05,Microsservicos completos,3,process_cpu_percent,percentual de um nucleo,products-service,low,30,14.695,15.851,15.88
Stage 05,Microsservicos completos,3,process_cpu_percent,percentual de um nucleo,products-service,medium,30,40.456,42.984,43.1
Stage 05,Microsservicos completos,3,process_cpu_percent,percentual de um nucleo,products-service,high,30,71.149,76.331,78.34
Stage 05,Microsservicos completos,3,process_cpu_percent,percentual de um nucleo,users-service,low,30,14.701,15.922,15.98
Stage 05,Microsservicos completos,3,process_cpu_percent,percentual de um nucleo,users-service,medium,30,40.095,42.635,42.9
Stage 05,Microsservicos completos,3,process_cpu_percent,percentual de um nucleo,users-service,high,30,63.028,68.188,70.54
Stage 05,Microsservicos completos,3,process_memory_mb,MB,cadvisor,low,30,40.966,42.246,42.512
Stage 05,Microsservicos completos,3,process_memory_mb,MB,cadvisor,medium,30,42.988,44.332,44.445
Stage 05,Microsservicos completos,3,process_memory_mb,MB,cadvisor,high,30,43.341,45.567,46.555
Stage 05,Microsservicos completos,3,process_memory_mb,MB,inventory-service,low,30,18.186,19.046,19.371
Stage 05,Microsservicos completos,3,process_memory_mb,MB,inventory-service,medium,30,19.645,20.068,20.223
Stage 05,Microsservicos completos,3,process_memory_mb,MB,inventory-service,high,30,21.887,22.52,22.559
Stage 05,Microsservicos completos,3,process_memory_mb,MB,prometheus,low,30,92.105,94.444,94.5
Stage 05,Microsservicos completos,3,process_memory_mb,MB,prometheus,medium,30,90.399,91.078,91.078
Stage 05,Microsservicos completos,3,process_memory_mb,MB,prometheus,high,30,91.084,91.953,91.953
Stage 05,Microsservicos completos,3,process_memory_mb,MB,orders-service,low,30,21.612,22.68,22.746
Stage 05,Microsservicos completos,3,process_memory_mb,MB,orders-service,medium,30,23.337,23.69,23.906
Stage 05,Microsservicos completos,3,process_memory_mb,MB,orders-service,high,30,45.228,50.188,50.961
Stage 05,Microsservicos completos,3,process_memory_mb,MB,products-service,low,30,20.857,21.867,21.902
Stage 05,Microsservicos completos,3,process_memory_mb,MB,products-service,medium,30,22.736,23.11,23.188
Stage 05,Microsservicos completos,3,process_memory_mb,MB,products-service,high,30,26.807,27.978,28.098
Stage 05,Microsservicos completos,3,process_memory_mb,MB,users-service,low,30,19.971,20.969,21.137
Stage 05,Microsservicos completos,3,process_memory_mb,MB,users-service,medium,30,21.654,21.952,22.0
Stage 05,Microsservicos completos,3,process_memory_mb,MB,users-service,high,30,26.276,27.402,27.73
Stage 05,Microsservicos completos,3,goroutines,goroutines,cadvisor,low,30,26.833,28.0,28.0
Stage 05,Microsservicos completos,3,goroutines,goroutines,cadvisor,medium,30,27.033,28.0,28.0
Stage 05,Microsservicos completos,3,goroutines,goroutines,cadvisor,high,30,26.5,27.55,28.0
Stage 05,Microsservicos completos,3,goroutines,goroutines,inventory-service,low,30,26.2,33.0,34.0
Stage 05,Microsservicos completos,3,goroutines,goroutines,inventory-service,medium,30,39.733,43.0,45.0
Stage 05,Microsservicos completos,3,goroutines,goroutines,inventory-service,high,30,76.9,91.95,103.0
Stage 05,Microsservicos completos,3,goroutines,goroutines,prometheus,low,30,45.1,46.0,46.0
Stage 05,Microsservicos completos,3,goroutines,goroutines,prometheus,medium,30,45.367,46.55,48.0
Stage 05,Microsservicos completos,3,goroutines,goroutines,prometheus,high,30,45.267,46.0,46.0
Stage 05,Microsservicos completos,3,goroutines,goroutines,orders-service,low,30,41.967,52.1,53.0
Stage 05,Microsservicos completos,3,goroutines,goroutines,orders-service,medium,30,70.0,76.65,82.0
Stage 05,Microsservicos completos,3,goroutines,goroutines,orders-service,high,30,548.367,851.15,944.0
Stage 05,Microsservicos completos,3,goroutines,goroutines,products-service,low,30,34.4,44.1,46.0
Stage 05,Microsservicos completos,3,goroutines,goroutines,products-service,medium,30,52.867,60.2,63.0
Stage 05,Microsservicos completos,3,goroutines,goroutines,products-service,high,30,158.8,188.75,197.0
Stage 05,Microsservicos completos,3,goroutines,goroutines,users-service,low,30,31.6,39.0,41.0
Stage 05,Microsservicos completos,3,goroutines,goroutines,users-service,medium,30,49.667,57.55,58.0
Stage 05,Microsservicos completos,3,goroutines,goroutines,users-service,high,30,148.067,183.5,192.0
Stage 05,Microsservicos completos,3,heap_alloc_mb,MB,cadvisor,low,30,6.256,7.448,8.927
Stage 05,Microsservicos completos,3,heap_alloc_mb,MB,cadvisor,medium,30,6.954,9.582,10.456
Stage 05,Microsservicos completos,3,heap_alloc_mb,MB,cadvisor,high,30,7.262,9.845,10.13
Stage 05,Microsservicos completos,3,heap_alloc_mb,MB,inventory-service,low,30,2.204,3.129,3.36
Stage 05,Microsservicos completos,3,heap_alloc_mb,MB,inventory-service,medium,30,2.045,2.795,3.007
Stage 05,Microsservicos completos,3,heap_alloc_mb,MB,inventory-service,high,30,2.862,3.66,3.772
Stage 05,Microsservicos completos,3,heap_alloc_mb,MB,prometheus,low,30,33.821,53.98,54.605
Stage 05,Microsservicos completos,3,heap_alloc_mb,MB,prometheus,medium,30,25.644,28.448,28.846
Stage 05,Microsservicos completos,3,heap_alloc_mb,MB,prometheus,high,30,25.953,28.941,29.661
Stage 05,Microsservicos completos,3,heap_alloc_mb,MB,orders-service,low,30,2.396,2.66,2.93
Stage 05,Microsservicos completos,3,heap_alloc_mb,MB,orders-service,medium,30,2.735,3.072,3.124
Stage 05,Microsservicos completos,3,heap_alloc_mb,MB,orders-service,high,30,10.265,15.87,17.154
Stage 05,Microsservicos completos,3,heap_alloc_mb,MB,products-service,low,30,2.742,3.579,3.799
Stage 05,Microsservicos completos,3,heap_alloc_mb,MB,products-service,medium,30,3.307,4.026,4.331
Stage 05,Microsservicos completos,3,heap_alloc_mb,MB,products-service,high,30,4.854,5.926,6.226
Stage 05,Microsservicos completos,3,heap_alloc_mb,MB,users-service,low,30,2.3,2.921,3.032
Stage 05,Microsservicos completos,3,heap_alloc_mb,MB,users-service,medium,30,2.686,3.294,3.355
Stage 05,Microsservicos completos,3,heap_alloc_mb,MB,users-service,high,30,4.213,5.457,5.605
Stage 05,Microsservicos completos,3,gc_pause_ms,ms,cadvisor,low,30,0.149,0.199,0.219
Stage 05,Microsservicos completos,3,gc_pause_ms,ms,cadvisor,medium,30,0.165,0.326,0.33
Stage 05,Microsservicos completos,3,gc_pause_ms,ms,cadvisor,high,30,2.364,9.89,10.684
Stage 05,Microsservicos completos,3,gc_pause_ms,ms,inventory-service,low,30,0.177,0.214,0.221
Stage 05,Microsservicos completos,3,gc_pause_ms,ms,inventory-service,medium,30,0.187,0.277,0.294
Stage 05,Microsservicos completos,3,gc_pause_ms,ms,inventory-service,high,30,0.913,1.477,1.65
Stage 05,Microsservicos completos,3,gc_pause_ms,ms,prometheus,low,30,0.045,0.129,0.191
Stage 05,Microsservicos completos,3,gc_pause_ms,ms,prometheus,medium,30,0.077,0.203,0.203
Stage 05,Microsservicos completos,3,gc_pause_ms,ms,prometheus,high,30,0.05,0.13,0.13
Stage 05,Microsservicos completos,3,gc_pause_ms,ms,orders-service,low,30,0.381,0.461,0.475
Stage 05,Microsservicos completos,3,gc_pause_ms,ms,orders-service,medium,30,0.325,0.352,0.354
Stage 05,Microsservicos completos,3,gc_pause_ms,ms,orders-service,high,30,5.056,6.582,6.726
Stage 05,Microsservicos completos,3,gc_pause_ms,ms,products-service,low,30,0.271,0.335,0.366
Stage 05,Microsservicos completos,3,gc_pause_ms,ms,products-service,medium,30,0.266,0.305,0.316
Stage 05,Microsservicos completos,3,gc_pause_ms,ms,products-service,high,30,2.164,2.708,2.855
Stage 05,Microsservicos completos,3,gc_pause_ms,ms,users-service,low,30,0.372,0.465,0.493
Stage 05,Microsservicos completos,3,gc_pause_ms,ms,users-service,medium,30,0.303,0.378,0.389
Stage 05,Microsservicos completos,3,gc_pause_ms,ms,users-service,high,30,2.084,2.605,2.631
Stage 05,Microsservicos completos,3,pool_acquired_conns,conexoes,inventory-service,low,30,0.1,0.55,2.0
Stage 05,Microsservicos completos,3,pool_acquired_conns,conexoes,inventory-service,medium,30,0.0,0.0,0.0
Stage 05,Microsservicos completos,3,pool_acquired_conns,conexoes,inventory-service,high,30,1.233,5.75,10.0
Stage 05,Microsservicos completos,3,pool_acquired_conns,conexoes,orders-service,low,30,0.1,1.0,1.0
Stage 05,Microsservicos completos,3,pool_acquired_conns,conexoes,orders-service,medium,30,0.767,2.55,4.0
Stage 05,Microsservicos completos,3,pool_acquired_conns,conexoes,orders-service,high,30,8.4,10.0,10.0
Stage 05,Microsservicos completos,3,pool_acquired_conns,conexoes,products-service,low,30,0.0,0.0,0.0
Stage 05,Microsservicos completos,3,pool_acquired_conns,conexoes,products-service,medium,30,0.467,2.0,3.0
Stage 05,Microsservicos completos,3,pool_acquired_conns,conexoes,products-service,high,30,2.833,10.0,10.0
Stage 05,Microsservicos completos,3,pool_acquired_conns,conexoes,users-service,low,30,0.233,1.55,2.0
Stage 05,Microsservicos completos,3,pool_acquired_conns,conexoes,users-service,medium,30,0.4,1.55,2.0
Stage 05,Microsservicos completos,3,pool_acquired_conns,conexoes,users-service,high,30,2.033,9.55,10.0
Stage 05,Microsservicos completos,3,pool_idle_conns,conexoes,inventory-service,low,30,4.333,5.0,5.0
Stage 05,Microsservicos completos,3,pool_idle_conns,conexoes,inventory-service,medium,30,5.967,7.0,7.0
Stage 05,Microsservicos completos,3,pool_idle_conns,conexoes,inventory-service,high,30,8.767,10.0,10.0
Stage 05,Microsservicos completos,3,pool_idle_conns,conexoes,orders-service,low,30,9.4,10.0,10.0
Stage 05,Microsservicos completos,3,pool_idle_conns,conexoes,orders-service,medium,30,9.233,10.0,10.0
Stage 05,Microsservicos completos,3,pool_idle_conns,conexoes,orders-service,high,30,1.6,5.55,7.0
Stage 05,Microsservicos completos,3,pool_idle_conns,conexoes,products-service,low,30,8.9,10.0,10.0
Stage 05,Microsservicos completos,3,pool_idle_conns,conexoes,products-service,medium,30,9.533,10.0,10.0
Stage 05,Microsservicos completos,3,pool_idle_conns,conexoes,products-service,high,30,7.167,10.0,10.0
Stage 05,Microsservicos completos,3,pool_idle_conns,conexoes,users-service,low,30,9.167,10.0,10.0
Stage 05,Microsservicos completos,3,pool_idle_conns,conexoes,users-service,medium,30,9.6,10.0,10.0
Stage 05,Microsservicos completos,3,pool_idle_conns,conexoes,users-service,high,30,7.967,10.0,10.0
Stage 05,Microsservicos completos,3,pool_total_conns,conexoes,inventory-service,low,30,4.433,5.0,5.0
Stage 05,Microsservicos completos,3,pool_total_conns,conexoes,inventory-service,medium,30,5.967,7.0,7.0
Stage 05,Microsservicos completos,3,pool_total_conns,conexoes,inventory-service,high,30,10.0,10.0,10.0
Stage 05,Microsservicos completos,3,pool_total_conns,conexoes,orders-service,low,30,9.5,10.0,10.0
Stage 05,Microsservicos completos,3,pool_total_conns,conexoes,orders-service,medium,30,10.0,10.0,10.0
Stage 05,Microsservicos completos,3,pool_total_conns,conexoes,orders-service,high,30,10.0,10.0,10.0
Stage 05,Microsservicos completos,3,pool_total_conns,conexoes,products-service,low,30,8.9,10.0,10.0
Stage 05,Microsservicos completos,3,pool_total_conns,conexoes,products-service,medium,30,10.0,10.0,10.0
Stage 05,Microsservicos completos,3,pool_total_conns,conexoes,products-service,high,30,10.0,10.0,10.0
Stage 05,Microsservicos completos,3,pool_total_conns,conexoes,users-service,low,30,9.4,10.0,10.0
Stage 05,Microsservicos completos,3,pool_total_conns,conexoes,users-service,medium,30,10.0,10.0,10.0
Stage 05,Microsservicos completos,3,pool_total_conns,conexoes,users-service,high,30,10.0,10.0,10.0
Stage 05,Microsservicos completos,3,pool_wait_per_acquire_ms,ms,inventory-service,low,30,0.007,0.024,0.05
Stage 05,Microsservicos completos,3,pool_wait_per_acquire_ms,ms,inventory-service,medium,30,0.002,0.003,0.004
Stage 05,Microsservicos completos,3,pool_wait_per_acquire_ms,ms,inventory-service,high,30,0.014,0.023,0.027
Stage 05,Microsservicos completos,3,pool_wait_per_acquire_ms,ms,orders-service,low,30,0.005,0.017,0.027
Stage 05,Microsservicos completos,3,pool_wait_per_acquire_ms,ms,orders-service,medium,30,0.002,0.003,0.004
Stage 05,Microsservicos completos,3,pool_wait_per_acquire_ms,ms,orders-service,high,30,32.315,41.631,43.34
Stage 05,Microsservicos completos,3,pool_wait_per_acquire_ms,ms,products-service,low,30,0.003,0.009,0.019
Stage 05,Microsservicos completos,3,pool_wait_per_acquire_ms,ms,products-service,medium,30,0.001,0.001,0.002
Stage 05,Microsservicos completos,3,pool_wait_per_acquire_ms,ms,products-service,high,30,0.307,0.407,0.427
Stage 05,Microsservicos completos,3,pool_wait_per_acquire_ms,ms,users-service,low,30,0.004,0.013,0.028
Stage 05,Microsservicos completos,3,pool_wait_per_acquire_ms,ms,users-service,medium,30,0.002,0.002,0.002
Stage 05,Microsservicos completos,3,pool_wait_per_acquire_ms,ms,users-service,high,30,0.346,0.506,0.515
Stage 05,Microsservicos completos,3,pool_empty_acquire_per_s,por segundo,inventory-service,low,30,0.013,0.052,0.06
Stage 05,Microsservicos completos,3,pool_empty_acquire_per_s,por segundo,inventory-service,medium,30,0.007,0.031,0.04
Stage 05,Microsservicos completos,3,pool_empty_acquire_per_s,por segundo,inventory-service,high,30,1.886,2.84,2.98
Stage 05,Microsservicos completos,3,pool_empty_acquire_per_s,por segundo,orders-service,low,30,0.03,0.109,0.12
Stage 05,Microsservicos completos,3,pool_empty_acquire_per_s,por segundo,orders-service,medium,30,0.301,0.652,0.9
Stage 05,Microsservicos completos,3,pool_empty_acquire_per_s,por segundo,orders-service,high,30,530.152,629.989,645.407
Stage 05,Microsservicos completos,3,pool_empty_acquire_per_s,por segundo,products-service,low,30,0.031,0.087,0.1
Stage 05,Microsservicos completos,3,pool_empty_acquire_per_s,por segundo,products-service,medium,30,0.151,0.32,0.32
Stage 05,Microsservicos completos,3,pool_empty_acquire_per_s,por segundo,products-service,high,30,195.713,233.421,234.9
Stage 05,Microsservicos completos,3,pool_empty_acquire_per_s,por segundo,users-service,low,30,0.034,0.12,0.12
Stage 05,Microsservicos completos,3,pool_empty_acquire_per_s,por segundo,users-service,medium,30,0.082,0.248,0.32
Stage 05,Microsservicos completos,3,pool_empty_acquire_per_s,por segundo,users-service,high,30,173.68,214.714,219.14
Stage 05,Microsservicos completos,3,cpu_percent,percentual de um nucleo,nginx,low,60,14.595,16.703,18.61
Stage 05,Microsservicos completos,3,cpu_percent,percentual de um nucleo,nginx,medium,60,46.916,49.699,51.37
Stage 05,Microsservicos completos,3,cpu_percent,percentual de um nucleo,nginx,high,60,78.743,111.532,112.0
Stage 05,Microsservicos completos,3,memory_mb,MB,nginx,low,60,14.627,15.232,15.66
Stage 05,Microsservicos completos,3,memory_mb,MB,nginx,medium,60,16.075,16.64,16.77
Stage 05,Microsservicos completos,3,memory_mb,MB,nginx,high,60,21.379,23.361,24.55
Stage 05,Microsservicos completos,3,cpu_percent,percentual de um nucleo,orders-service,low,60,32.707,39.806,43.37
Stage 05,Microsservicos completos,3,cpu_percent,percentual de um nucleo,orders-service,medium,60,121.212,228.873,235.88
Stage 05,Microsservicos completos,3,cpu_percent,percentual de um nucleo,orders-service,high,60,483.214,830.448,895.69
Stage 05,Microsservicos completos,3,memory_mb,MB,orders-service,low,60,15.254,16.44,17.28
Stage 05,Microsservicos completos,3,memory_mb,MB,orders-service,medium,60,20.662,21.981,22.82
Stage 05,Microsservicos completos,3,memory_mb,MB,orders-service,high,60,50.428,56.319,60.61
Stage 05,Microsservicos completos,3,cpu_percent,percentual de um nucleo,users-service,low,60,16.344,18.831,20.31
Stage 05,Microsservicos completos,3,cpu_percent,percentual de um nucleo,users-service,medium,60,43.724,47.075,48.42
Stage 05,Microsservicos completos,3,cpu_percent,percentual de um nucleo,users-service,high,60,61.719,88.134,91.12
Stage 05,Microsservicos completos,3,memory_mb,MB,users-service,low,60,12.621,13.884,14.16
Stage 05,Microsservicos completos,3,memory_mb,MB,users-service,medium,60,14.162,14.885,15.26
Stage 05,Microsservicos completos,3,memory_mb,MB,users-service,high,60,19.648,21.904,23.05
Stage 05,Microsservicos completos,3,cpu_percent,percentual de um nucleo,grafana,low,60,0.381,0.89,3.93
Stage 05,Microsservicos completos,3,cpu_percent,percentual de um nucleo,grafana,medium,60,0.327,1.153,4.12
Stage 05,Microsservicos completos,3,cpu_percent,percentual de um nucleo,grafana,high,60,0.318,1.471,3.76
Stage 05,Microsservicos completos,3,memory_mb,MB,grafana,low,60,44.853,46.03,46.03
Stage 05,Microsservicos completos,3,memory_mb,MB,grafana,medium,60,43.099,43.2,43.2
Stage 05,Microsservicos completos,3,memory_mb,MB,grafana,high,60,42.95,42.99,43.15
Stage 05,Microsservicos completos,3,cpu_percent,percentual de um nucleo,products-service,low,60,15.963,19.148,20.5
Stage 05,Microsservicos completos,3,cpu_percent,percentual de um nucleo,products-service,medium,60,44.287,48.032,50.36
Stage 05,Microsservicos completos,3,cpu_percent,percentual de um nucleo,products-service,high,60,73.285,100.186,105.78
Stage 05,Microsservicos completos,3,memory_mb,MB,products-service,low,60,13.331,14.78,15.59
Stage 05,Microsservicos completos,3,memory_mb,MB,products-service,medium,60,14.956,15.884,16.31
Stage 05,Microsservicos completos,3,memory_mb,MB,products-service,high,60,20.087,21.716,22.22
Stage 05,Microsservicos completos,3,cpu_percent,percentual de um nucleo,inventory-service,low,60,3.99,4.84,5.69
Stage 05,Microsservicos completos,3,cpu_percent,percentual de um nucleo,inventory-service,medium,60,11.489,13.022,13.39
Stage 05,Microsservicos completos,3,cpu_percent,percentual de um nucleo,inventory-service,high,60,18.342,23.691,25.67
Stage 05,Microsservicos completos,3,memory_mb,MB,inventory-service,low,60,9.867,10.641,11.17
Stage 05,Microsservicos completos,3,memory_mb,MB,inventory-service,medium,60,11.798,12.621,13.07
Stage 05,Microsservicos completos,3,memory_mb,MB,inventory-service,high,60,14.503,15.862,16.11
Stage 05,Microsservicos completos,3,cpu_percent,percentual de um nucleo,postgres,low,60,23.397,27.104,27.39
Stage 05,Microsservicos completos,3,cpu_percent,percentual de um nucleo,postgres,medium,60,65.621,68.839,70.85
Stage 05,Microsservicos completos,3,cpu_percent,percentual de um nucleo,postgres,high,60,122.55,169.314,190.56
Stage 05,Microsservicos completos,3,memory_mb,MB,postgres,low,60,90.111,96.88,97.44
Stage 05,Microsservicos completos,3,memory_mb,MB,postgres,medium,60,108.727,118.245,119.6
Stage 05,Microsservicos completos,3,memory_mb,MB,postgres,high,60,141.438,153.325,155.2
Stage 05,Microsservicos completos,3,cpu_percent,percentual de um nucleo,prometheus,low,60,0.049,0.091,0.11
Stage 05,Microsservicos completos,3,cpu_percent,percentual de um nucleo,prometheus,medium,60,0.04,0.07,0.08
Stage 05,Microsservicos completos,3,cpu_percent,percentual de um nucleo,prometheus,high,60,0.16,0.91,1.04
Stage 05,Microsservicos completos,3,memory_mb,MB,prometheus,low,60,40.69,43.101,43.11
Stage 05,Microsservicos completos,3,memory_mb,MB,prometheus,medium,60,38.678,39.25,39.25
Stage 05,Microsservicos completos,3,memory_mb,MB,prometheus,high,60,39.193,40.17,40.41
Stage 05,Microsservicos completos,3,cpu_percent,percentual de um nucleo,cadvisor,low,60,0.442,3.047,6.43
Stage 05,Microsservicos completos,3,cpu_percent,percentual de um nucleo,cadvisor,medium,60,0.381,2.678,3.93
Stage 05,Microsservicos completos,3,cpu_percent,percentual de um nucleo,cadvisor,high,60,0.214,1.141,4.96
Stage 05,Microsservicos completos,3,memory_mb,MB,cadvisor,low,60,18.272,19.383,19.74
Stage 05,Microsservicos completos,3,memory_mb,MB,cadvisor,medium,60,20.251,21.78,22.08
Stage 05,Microsservicos completos,3,memory_mb,MB,cadvisor,high,60,20.484,22.55,23.52
Stage 05b,Microsservicos com gateway pareado (controle),1,process_cpu_percent,percentual de um nucleo,cadvisor,low,30,0.22,0.26,0.28
Stage 05b,Microsservicos com gateway pareado (controle),1,process_cpu_percent,percentual de um nucleo,cadvisor,medium,30,0.183,0.231,0.24
Stage 05b,Microsservicos com gateway pareado (controle),1,process_cpu_percent,percentual de um nucleo,cadvisor,high,30,0.203,0.251,0.26
Stage 05b,Microsservicos com gateway pareado (controle),1,process_cpu_percent,percentual de um nucleo,inventory-service,low,30,4.489,4.951,5.0
Stage 05b,Microsservicos com gateway pareado (controle),1,process_cpu_percent,percentual de um nucleo,inventory-service,medium,30,14.962,16.791,16.8
Stage 05b,Microsservicos com gateway pareado (controle),1,process_cpu_percent,percentual de um nucleo,inventory-service,high,30,23.488,24.693,24.82
Stage 05b,Microsservicos com gateway pareado (controle),1,process_cpu_percent,percentual de um nucleo,prometheus,low,30,0.215,0.26,0.3
Stage 05b,Microsservicos com gateway pareado (controle),1,process_cpu_percent,percentual de um nucleo,prometheus,medium,30,0.165,0.191,0.2
Stage 05b,Microsservicos com gateway pareado (controle),1,process_cpu_percent,percentual de um nucleo,prometheus,high,30,0.197,0.22,0.22
Stage 05b,Microsservicos com gateway pareado (controle),1,process_cpu_percent,percentual de um nucleo,orders-service,low,30,30.019,34.016,34.38
Stage 05b,Microsservicos com gateway pareado (controle),1,process_cpu_percent,percentual de um nucleo,orders-service,medium,30,127.071,151.807,152.38
Stage 05b,Microsservicos com gateway pareado (controle),1,process_cpu_percent,percentual de um nucleo,orders-service,high,30,352.559,406.054,409.14
Stage 05b,Microsservicos com gateway pareado (controle),1,process_cpu_percent,percentual de um nucleo,products-service,low,30,17.522,19.648,19.8
Stage 05b,Microsservicos com gateway pareado (controle),1,process_cpu_percent,percentual de um nucleo,products-service,medium,30,57.057,62.984,63.22
Stage 05b,Microsservicos com gateway pareado (controle),1,process_cpu_percent,percentual de um nucleo,products-service,high,30,84.837,89.633,91.36
Stage 05b,Microsservicos com gateway pareado (controle),1,process_cpu_percent,percentual de um nucleo,users-service,low,30,16.916,18.895,19.02
Stage 05b,Microsservicos com gateway pareado (controle),1,process_cpu_percent,percentual de um nucleo,users-service,medium,30,54.735,59.912,60.14
Stage 05b,Microsservicos com gateway pareado (controle),1,process_cpu_percent,percentual de um nucleo,users-service,high,30,73.418,77.793,79.0
Stage 05b,Microsservicos com gateway pareado (controle),1,process_memory_mb,MB,cadvisor,low,30,41.22,41.998,42.355
Stage 05b,Microsservicos com gateway pareado (controle),1,process_memory_mb,MB,cadvisor,medium,30,42.813,44.039,44.254
Stage 05b,Microsservicos com gateway pareado (controle),1,process_memory_mb,MB,cadvisor,high,30,44.773,46.195,46.469
Stage 05b,Microsservicos com gateway pareado (controle),1,process_memory_mb,MB,inventory-service,low,30,17.768,18.765,19.016
Stage 05b,Microsservicos com gateway pareado (controle),1,process_memory_mb,MB,inventory-service,medium,30,18.399,18.808,18.887
Stage 05b,Microsservicos com gateway pareado (controle),1,process_memory_mb,MB,inventory-service,high,30,20.928,21.433,21.641
Stage 05b,Microsservicos com gateway pareado (controle),1,process_memory_mb,MB,prometheus,low,30,83.952,86.035,86.035
Stage 05b,Microsservicos com gateway pareado (controle),1,process_memory_mb,MB,prometheus,medium,30,85.63,86.227,86.227
Stage 05b,Microsservicos com gateway pareado (controle),1,process_memory_mb,MB,prometheus,high,30,86.211,87.178,87.234
Stage 05b,Microsservicos com gateway pareado (controle),1,process_memory_mb,MB,orders-service,low,30,21.455,22.274,22.312
Stage 05b,Microsservicos com gateway pareado (controle),1,process_memory_mb,MB,orders-service,medium,30,23.867,24.721,24.879
Stage 05b,Microsservicos com gateway pareado (controle),1,process_memory_mb,MB,orders-service,high,30,38.038,47.23,49.68
Stage 05b,Microsservicos com gateway pareado (controle),1,process_memory_mb,MB,products-service,low,30,20.176,21.026,21.176
Stage 05b,Microsservicos com gateway pareado (controle),1,process_memory_mb,MB,products-service,medium,30,22.742,23.673,24.488
Stage 05b,Microsservicos com gateway pareado (controle),1,process_memory_mb,MB,products-service,high,30,25.554,26.161,26.266
Stage 05b,Microsservicos com gateway pareado (controle),1,process_memory_mb,MB,users-service,low,30,18.98,19.519,19.77
Stage 05b,Microsservicos com gateway pareado (controle),1,process_memory_mb,MB,users-service,medium,30,20.719,21.321,21.602
Stage 05b,Microsservicos com gateway pareado (controle),1,process_memory_mb,MB,users-service,high,30,23.885,24.887,25.098
Stage 05b,Microsservicos com gateway pareado (controle),1,goroutines,goroutines,cadvisor,low,30,26.733,28.0,28.0
Stage 05b,Microsservicos com gateway pareado (controle),1,goroutines,goroutines,cadvisor,medium,30,26.767,28.0,28.0
Stage 05b,Microsservicos com gateway pareado (controle),1,goroutines,goroutines,cadvisor,high,30,26.267,27.0,28.0
Stage 05b,Microsservicos com gateway pareado (controle),1,goroutines,goroutines,inventory-service,low,30,9.067,9.55,10.0
Stage 05b,Microsservicos com gateway pareado (controle),1,goroutines,goroutines,inventory-service,medium,30,9.967,13.0,19.0
Stage 05b,Microsservicos com gateway pareado (controle),1,goroutines,goroutines,inventory-service,high,30,12.267,18.55,19.0
Stage 05b,Microsservicos com gateway pareado (controle),1,goroutines,goroutines,prometheus,low,30,45.2,46.0,46.0
Stage 05b,Microsservicos com gateway pareado (controle),1,goroutines,goroutines,prometheus,medium,30,45.167,46.0,46.0
Stage 05b,Microsservicos com gateway pareado (controle),1,goroutines,goroutines,prometheus,high,30,45.133,46.0,46.0
Stage 05b,Microsservicos com gateway pareado (controle),1,goroutines,goroutines,orders-service,low,30,15.533,24.75,52.0
Stage 05b,Microsservicos com gateway pareado (controle),1,goroutines,goroutines,orders-service,medium,30,24.367,37.1,51.0
Stage 05b,Microsservicos com gateway pareado (controle),1,goroutines,goroutines,orders-service,high,30,291.467,657.75,842.0
Stage 05b,Microsservicos com gateway pareado (controle),1,goroutines,goroutines,products-service,low,30,11.6,13.55,15.0
Stage 05b,Microsservicos com gateway pareado (controle),1,goroutines,goroutines,products-service,medium,30,13.433,18.1,20.0
Stage 05b,Microsservicos com gateway pareado (controle),1,goroutines,goroutines,products-service,high,30,25.733,44.55,48.0
Stage 05b,Microsservicos com gateway pareado (controle),1,goroutines,goroutines,users-service,low,30,10.067,15.0,17.0
Stage 05b,Microsservicos com gateway pareado (controle),1,goroutines,goroutines,users-service,medium,30,11.833,21.75,26.0
Stage 05b,Microsservicos com gateway pareado (controle),1,goroutines,goroutines,users-service,high,30,29.267,63.35,87.0
Stage 05b,Microsservicos com gateway pareado (controle),1,heap_alloc_mb,MB,cadvisor,low,30,6.022,7.474,8.099
Stage 05b,Microsservicos com gateway pareado (controle),1,heap_alloc_mb,MB,cadvisor,medium,30,6.379,7.996,8.213
Stage 05b,Microsservicos com gateway pareado (controle),1,heap_alloc_mb,MB,cadvisor,high,30,7.183,9.182,9.781
Stage 05b,Microsservicos com gateway pareado (controle),1,heap_alloc_mb,MB,inventory-service,low,30,1.961,2.913,3.039
Stage 05b,Microsservicos com gateway pareado (controle),1,heap_alloc_mb,MB,inventory-service,medium,30,2.031,2.807,2.871
Stage 05b,Microsservicos com gateway pareado (controle),1,heap_alloc_mb,MB,inventory-service,high,30,3.051,3.888,4.116
Stage 05b,Microsservicos com gateway pareado (controle),1,heap_alloc_mb,MB,prometheus,low,30,21.057,24.851,25.372
Stage 05b,Microsservicos com gateway pareado (controle),1,heap_alloc_mb,MB,prometheus,medium,30,21.238,23.824,24.503
Stage 05b,Microsservicos com gateway pareado (controle),1,heap_alloc_mb,MB,prometheus,high,30,21.333,24.428,24.742
Stage 05b,Microsservicos com gateway pareado (controle),1,heap_alloc_mb,MB,orders-service,low,30,2.486,2.91,3.312
Stage 05b,Microsservicos com gateway pareado (controle),1,heap_alloc_mb,MB,orders-service,medium,30,3.255,3.914,4.035
Stage 05b,Microsservicos com gateway pareado (controle),1,heap_alloc_mb,MB,orders-service,high,30,7.594,12.866,15.397
Stage 05b,Microsservicos com gateway pareado (controle),1,heap_alloc_mb,MB,products-service,low,30,2.845,3.715,3.932
Stage 05b,Microsservicos com gateway pareado (controle),1,heap_alloc_mb,MB,products-service,medium,30,4.148,5.164,5.658
Stage 05b,Microsservicos com gateway pareado (controle),1,heap_alloc_mb,MB,products-service,high,30,4.512,5.536,5.769
Stage 05b,Microsservicos com gateway pareado (controle),1,heap_alloc_mb,MB,users-service,low,30,2.124,2.777,2.857
Stage 05b,Microsservicos com gateway pareado (controle),1,heap_alloc_mb,MB,users-service,medium,30,2.692,3.402,3.514
Stage 05b,Microsservicos com gateway pareado (controle),1,heap_alloc_mb,MB,users-service,high,30,3.556,4.386,4.428
Stage 05b,Microsservicos com gateway pareado (controle),1,gc_pause_ms,ms,cadvisor,low,30,0.303,0.723,0.813
Stage 05b,Microsservicos com gateway pareado (controle),1,gc_pause_ms,ms,cadvisor,medium,30,0.264,0.54,0.677
Stage 05b,Microsservicos com gateway pareado (controle),1,gc_pause_ms,ms,cadvisor,high,30,0.276,0.748,0.812
Stage 05b,Microsservicos com gateway pareado (controle),1,gc_pause_ms,ms,inventory-service,low,30,0.214,0.348,0.404
Stage 05b,Microsservicos com gateway pareado (controle),1,gc_pause_ms,ms,inventory-service,medium,30,0.306,0.452,0.479
Stage 05b,Microsservicos com gateway pareado (controle),1,gc_pause_ms,ms,inventory-service,high,30,1.109,1.519,1.603
Stage 05b,Microsservicos com gateway pareado (controle),1,gc_pause_ms,ms,prometheus,low,30,0.07,0.234,0.234
Stage 05b,Microsservicos com gateway pareado (controle),1,gc_pause_ms,ms,prometheus,medium,30,0.046,0.141,0.141
Stage 05b,Microsservicos com gateway pareado (controle),1,gc_pause_ms,ms,prometheus,high,30,0.237,1.243,1.243
Stage 05b,Microsservicos com gateway pareado (controle),1,gc_pause_ms,ms,orders-service,low,30,0.376,0.441,0.453
Stage 05b,Microsservicos com gateway pareado (controle),1,gc_pause_ms,ms,orders-service,medium,30,0.556,0.738,0.75
Stage 05b,Microsservicos com gateway pareado (controle),1,gc_pause_ms,ms,orders-service,high,30,6.102,7.285,7.446
Stage 05b,Microsservicos com gateway pareado (controle),1,gc_pause_ms,ms,products-service,low,30,0.328,0.466,0.476
Stage 05b,Microsservicos com gateway pareado (controle),1,gc_pause_ms,ms,products-service,medium,30,0.436,0.616,0.63
Stage 05b,Microsservicos com gateway pareado (controle),1,gc_pause_ms,ms,products-service,high,30,2.888,3.389,3.603
Stage 05b,Microsservicos com gateway pareado (controle),1,gc_pause_ms,ms,users-service,low,30,0.314,0.391,0.412
Stage 05b,Microsservicos com gateway pareado (controle),1,gc_pause_ms,ms,users-service,medium,30,0.451,0.536,0.577
Stage 05b,Microsservicos com gateway pareado (controle),1,gc_pause_ms,ms,users-service,high,30,2.683,2.997,3.013
Stage 05b,Microsservicos com gateway pareado (controle),1,pool_acquired_conns,conexoes,inventory-service,low,30,0.0,0.0,0.0
Stage 05b,Microsservicos com gateway pareado (controle),1,pool_acquired_conns,conexoes,inventory-service,medium,30,0.133,1.1,2.0
Stage 05b,Microsservicos com gateway pareado (controle),1,pool_acquired_conns,conexoes,inventory-service,high,30,0.567,2.0,3.0
Stage 05b,Microsservicos com gateway pareado (controle),1,pool_acquired_conns,conexoes,orders-service,low,30,0.267,1.55,3.0
Stage 05b,Microsservicos com gateway pareado (controle),1,pool_acquired_conns,conexoes,orders-service,medium,30,1.367,3.55,6.0
Stage 05b,Microsservicos com gateway pareado (controle),1,pool_acquired_conns,conexoes,orders-service,high,30,11.8,14.0,14.0
Stage 05b,Microsservicos com gateway pareado (controle),1,pool_acquired_conns,conexoes,products-service,low,30,0.1,1.0,1.0
Stage 05b,Microsservicos com gateway pareado (controle),1,pool_acquired_conns,conexoes,products-service,medium,30,0.7,2.0,3.0
Stage 05b,Microsservicos com gateway pareado (controle),1,pool_acquired_conns,conexoes,products-service,high,30,3.2,7.0,9.0
Stage 05b,Microsservicos com gateway pareado (controle),1,pool_acquired_conns,conexoes,users-service,low,30,0.167,1.0,2.0
Stage 05b,Microsservicos com gateway pareado (controle),1,pool_acquired_conns,conexoes,users-service,medium,30,0.633,3.55,5.0
Stage 05b,Microsservicos com gateway pareado (controle),1,pool_acquired_conns,conexoes,users-service,high,30,2.933,8.0,14.0
Stage 05b,Microsservicos com gateway pareado (controle),1,pool_idle_conns,conexoes,inventory-service,low,30,4.467,5.0,5.0
Stage 05b,Microsservicos com gateway pareado (controle),1,pool_idle_conns,conexoes,inventory-service,medium,30,4.867,5.0,5.0
Stage 05b,Microsservicos com gateway pareado (controle),1,pool_idle_conns,conexoes,inventory-service,high,30,13.3,14.0,14.0
Stage 05b,Microsservicos com gateway pareado (controle),1,pool_idle_conns,conexoes,orders-service,low,30,9.467,10.0,10.0
Stage 05b,Microsservicos com gateway pareado (controle),1,pool_idle_conns,conexoes,orders-service,medium,30,12.2,14.0,14.0
Stage 05b,Microsservicos com gateway pareado (controle),1,pool_idle_conns,conexoes,orders-service,high,30,2.2,7.55,12.0
Stage 05b,Microsservicos com gateway pareado (controle),1,pool_idle_conns,conexoes,products-service,low,30,8.467,9.0,9.0
Stage 05b,Microsservicos com gateway pareado (controle),1,pool_idle_conns,conexoes,products-service,medium,30,12.3,14.0,14.0
Stage 05b,Microsservicos com gateway pareado (controle),1,pool_idle_conns,conexoes,products-service,high,30,10.8,14.0,14.0
Stage 05b,Microsservicos com gateway pareado (controle),1,pool_idle_conns,conexoes,users-service,low,30,7.7,8.0,8.0
Stage 05b,Microsservicos com gateway pareado (controle),1,pool_idle_conns,conexoes,users-service,medium,30,11.967,13.0,13.0
Stage 05b,Microsservicos com gateway pareado (controle),1,pool_idle_conns,conexoes,users-service,high,30,11.067,14.0,14.0
Stage 05b,Microsservicos com gateway pareado (controle),1,pool_total_conns,conexoes,inventory-service,low,30,4.467,5.0,5.0
Stage 05b,Microsservicos com gateway pareado (controle),1,pool_total_conns,conexoes,inventory-service,medium,30,5.0,5.0,5.0
Stage 05b,Microsservicos com gateway pareado (controle),1,pool_total_conns,conexoes,inventory-service,high,30,13.867,14.0,14.0
Stage 05b,Microsservicos com gateway pareado (controle),1,pool_total_conns,conexoes,orders-service,low,30,9.733,10.0,10.0
Stage 05b,Microsservicos com gateway pareado (controle),1,pool_total_conns,conexoes,orders-service,medium,30,13.567,14.0,14.0
Stage 05b,Microsservicos com gateway pareado (controle),1,pool_total_conns,conexoes,orders-service,high,30,14.0,14.0,14.0
Stage 05b,Microsservicos com gateway pareado (controle),1,pool_total_conns,conexoes,products-service,low,30,8.567,9.0,9.0
Stage 05b,Microsservicos com gateway pareado (controle),1,pool_total_conns,conexoes,products-service,medium,30,13.0,14.0,14.0
Stage 05b,Microsservicos com gateway pareado (controle),1,pool_total_conns,conexoes,products-service,high,30,14.0,14.0,14.0
Stage 05b,Microsservicos com gateway pareado (controle),1,pool_total_conns,conexoes,users-service,low,30,7.867,8.0,8.0
Stage 05b,Microsservicos com gateway pareado (controle),1,pool_total_conns,conexoes,users-service,medium,30,12.6,13.0,13.0
Stage 05b,Microsservicos com gateway pareado (controle),1,pool_total_conns,conexoes,users-service,high,30,14.0,14.0,14.0
Stage 05b,Microsservicos com gateway pareado (controle),1,pool_wait_per_acquire_ms,ms,inventory-service,low,30,0.006,0.023,0.03
Stage 05b,Microsservicos com gateway pareado (controle),1,pool_wait_per_acquire_ms,ms,inventory-service,medium,30,0.002,0.003,0.003
Stage 05b,Microsservicos com gateway pareado (controle),1,pool_wait_per_acquire_ms,ms,inventory-service,high,30,0.005,0.015,0.018
Stage 05b,Microsservicos com gateway pareado (controle),1,pool_wait_per_acquire_ms,ms,orders-service,low,30,0.006,0.028,0.034
Stage 05b,Microsservicos com gateway pareado (controle),1,pool_wait_per_acquire_ms,ms,orders-service,medium,30,0.003,0.004,0.004
Stage 05b,Microsservicos com gateway pareado (controle),1,pool_wait_per_acquire_ms,ms,orders-service,high,30,47.547,63.237,64.783
Stage 05b,Microsservicos com gateway pareado (controle),1,pool_wait_per_acquire_ms,ms,products-service,low,30,0.004,0.012,0.018
Stage 05b,Microsservicos com gateway pareado (controle),1,pool_wait_per_acquire_ms,ms,products-service,medium,30,0.002,0.003,0.003
Stage 05b,Microsservicos com gateway pareado (controle),1,pool_wait_per_acquire_ms,ms,products-service,high,30,0.157,0.211,0.213
Stage 05b,Microsservicos com gateway pareado (controle),1,pool_wait_per_acquire_ms,ms,users-service,low,30,0.004,0.013,0.023
Stage 05b,Microsservicos com gateway pareado (controle),1,pool_wait_per_acquire_ms,ms,users-service,medium,30,0.003,0.004,0.005
Stage 05b,Microsservicos com gateway pareado (controle),1,pool_wait_per_acquire_ms,ms,users-service,high,30,0.209,0.362,0.377
Stage 05b,Microsservicos com gateway pareado (controle),1,pool_empty_acquire_per_s,por segundo,inventory-service,low,30,0.013,0.04,0.05
Stage 05b,Microsservicos com gateway pareado (controle),1,pool_empty_acquire_per_s,por segundo,inventory-service,medium,30,0.0,0.0,0.0
Stage 05b,Microsservicos com gateway pareado (controle),1,pool_empty_acquire_per_s,por segundo,inventory-service,high,30,0.13,0.28,0.34
Stage 05b,Microsservicos com gateway pareado (controle),1,pool_empty_acquire_per_s,por segundo,orders-service,low,30,0.028,0.151,0.18
Stage 05b,Microsservicos com gateway pareado (controle),1,pool_empty_acquire_per_s,por segundo,orders-service,medium,30,0.047,0.18,0.18
Stage 05b,Microsservicos com gateway pareado (controle),1,pool_empty_acquire_per_s,por segundo,orders-service,high,30,527.066,612.586,621.62
Stage 05b,Microsservicos com gateway pareado (controle),1,pool_empty_acquire_per_s,por segundo,products-service,low,30,0.027,0.115,0.14
Stage 05b,Microsservicos com gateway pareado (controle),1,pool_empty_acquire_per_s,por segundo,products-service,medium,30,0.037,0.16,0.16
Stage 05b,Microsservicos com gateway pareado (controle),1,pool_empty_acquire_per_s,por segundo,products-service,high,30,84.408,114.324,118.5
Stage 05b,Microsservicos com gateway pareado (controle),1,pool_empty_acquire_per_s,por segundo,users-service,low,30,0.021,0.111,0.14
Stage 05b,Microsservicos com gateway pareado (controle),1,pool_empty_acquire_per_s,por segundo,users-service,medium,30,0.015,0.08,0.08
Stage 05b,Microsservicos com gateway pareado (controle),1,pool_empty_acquire_per_s,por segundo,users-service,high,30,87.653,109.002,115.08
Stage 05b,Microsservicos com gateway pareado (controle),1,cpu_percent,percentual de um nucleo,nginx,low,60,23.007,27.228,28.05
Stage 05b,Microsservicos com gateway pareado (controle),1,cpu_percent,percentual de um nucleo,nginx,medium,60,88.329,95.441,99.02
Stage 05b,Microsservicos com gateway pareado (controle),1,cpu_percent,percentual de um nucleo,nginx,high,60,130.365,160.993,171.12
Stage 05b,Microsservicos com gateway pareado (controle),1,memory_mb,MB,nginx,low,60,16.217,16.913,17.32
Stage 05b,Microsservicos com gateway pareado (controle),1,memory_mb,MB,nginx,medium,60,19.875,20.516,20.79
Stage 05b,Microsservicos com gateway pareado (controle),1,memory_mb,MB,nginx,high,60,23.158,25.783,26.32
Stage 05b,Microsservicos com gateway pareado (controle),1,cpu_percent,percentual de um nucleo,orders-service,low,60,33.148,39.904,44.53
Stage 05b,Microsservicos com gateway pareado (controle),1,cpu_percent,percentual de um nucleo,orders-service,medium,60,137.212,247.528,277.67
Stage 05b,Microsservicos com gateway pareado (controle),1,cpu_percent,percentual de um nucleo,orders-service,high,60,376.908,729.99,757.9
Stage 05b,Microsservicos com gateway pareado (controle),1,memory_mb,MB,orders-service,low,60,14.657,15.841,16.15
Stage 05b,Microsservicos com gateway pareado (controle),1,memory_mb,MB,orders-service,medium,60,20.952,22.591,23.55
Stage 05b,Microsservicos com gateway pareado (controle),1,memory_mb,MB,orders-service,high,60,41.958,51.623,54.7
Stage 05b,Microsservicos com gateway pareado (controle),1,cpu_percent,percentual de um nucleo,inventory-service,low,60,4.914,6.499,7.15
Stage 05b,Microsservicos com gateway pareado (controle),1,cpu_percent,percentual de um nucleo,inventory-service,medium,60,16.814,19.14,20.97
Stage 05b,Microsservicos com gateway pareado (controle),1,cpu_percent,percentual de um nucleo,inventory-service,high,60,23.843,30.491,30.95
Stage 05b,Microsservicos com gateway pareado (controle),1,memory_mb,MB,inventory-service,low,60,9.887,10.822,11.33
Stage 05b,Microsservicos com gateway pareado (controle),1,memory_mb,MB,inventory-service,medium,60,10.481,11.411,11.72
Stage 05b,Microsservicos com gateway pareado (controle),1,memory_mb,MB,inventory-service,high,60,13.211,14.414,14.92
Stage 05b,Microsservicos com gateway pareado (controle),1,cpu_percent,percentual de um nucleo,grafana,low,60,0.402,1.403,3.91
Stage 05b,Microsservicos com gateway pareado (controle),1,cpu_percent,percentual de um nucleo,grafana,medium,60,0.377,1.161,6.17
Stage 05b,Microsservicos com gateway pareado (controle),1,cpu_percent,percentual de um nucleo,grafana,high,60,0.318,1.202,3.8
Stage 05b,Microsservicos com gateway pareado (controle),1,memory_mb,MB,grafana,low,60,47.666,50.44,50.99
Stage 05b,Microsservicos com gateway pareado (controle),1,memory_mb,MB,grafana,medium,60,43.682,43.74,43.75
Stage 05b,Microsservicos com gateway pareado (controle),1,memory_mb,MB,grafana,high,60,43.369,43.38,43.85
Stage 05b,Microsservicos com gateway pareado (controle),1,cpu_percent,percentual de um nucleo,users-service,low,60,19.148,22.469,23.72
Stage 05b,Microsservicos com gateway pareado (controle),1,cpu_percent,percentual de um nucleo,users-service,medium,60,59.941,64.845,65.28
Stage 05b,Microsservicos com gateway pareado (controle),1,cpu_percent,percentual de um nucleo,users-service,high,60,73.545,91.689,99.36
Stage 05b,Microsservicos com gateway pareado (controle),1,memory_mb,MB,users-service,low,60,11.817,12.713,13.14
Stage 05b,Microsservicos com gateway pareado (controle),1,memory_mb,MB,users-service,medium,60,13.968,15.252,15.59
Stage 05b,Microsservicos com gateway pareado (controle),1,memory_mb,MB,users-service,high,60,16.638,17.989,19.07
Stage 05b,Microsservicos com gateway pareado (controle),1,cpu_percent,percentual de um nucleo,products-service,low,60,19.906,23.431,24.82
Stage 05b,Microsservicos com gateway pareado (controle),1,cpu_percent,percentual de um nucleo,products-service,medium,60,62.967,67.932,69.77
Stage 05b,Microsservicos com gateway pareado (controle),1,cpu_percent,percentual de um nucleo,products-service,high,60,87.548,108.53,111.41
Stage 05b,Microsservicos com gateway pareado (controle),1,memory_mb,MB,products-service,low,60,12.981,14.405,14.88
Stage 05b,Microsservicos com gateway pareado (controle),1,memory_mb,MB,products-service,medium,60,16.099,17.511,17.99
Stage 05b,Microsservicos com gateway pareado (controle),1,memory_mb,MB,products-service,high,60,18.642,19.629,21.63
Stage 05b,Microsservicos com gateway pareado (controle),1,cpu_percent,percentual de um nucleo,postgres,low,60,21.988,25.541,27.46
Stage 05b,Microsservicos com gateway pareado (controle),1,cpu_percent,percentual de um nucleo,postgres,medium,60,75.975,81.742,84.36
Stage 05b,Microsservicos com gateway pareado (controle),1,cpu_percent,percentual de um nucleo,postgres,high,60,118.859,151.421,155.99
Stage 05b,Microsservicos com gateway pareado (controle),1,memory_mb,MB,postgres,low,60,88.285,91.763,92.1
Stage 05b,Microsservicos com gateway pareado (controle),1,memory_mb,MB,postgres,medium,60,125.176,136.4,137.7
Stage 05b,Microsservicos com gateway pareado (controle),1,memory_mb,MB,postgres,high,60,170.172,182.735,184.0
Stage 05b,Microsservicos com gateway pareado (controle),1,cpu_percent,percentual de um nucleo,prometheus,low,60,0.189,0.3,0.36
Stage 05b,Microsservicos com gateway pareado (controle),1,cpu_percent,percentual de um nucleo,prometheus,medium,60,0.188,0.302,1.56
Stage 05b,Microsservicos com gateway pareado (controle),1,cpu_percent,percentual de um nucleo,prometheus,high,60,0.419,1.114,2.33
Stage 05b,Microsservicos com gateway pareado (controle),1,memory_mb,MB,prometheus,low,60,33.585,35.52,35.53
Stage 05b,Microsservicos com gateway pareado (controle),1,memory_mb,MB,prometheus,medium,60,35.02,35.602,35.64
Stage 05b,Microsservicos com gateway pareado (controle),1,memory_mb,MB,prometheus,high,60,35.354,36.17,36.21
Stage 05b,Microsservicos com gateway pareado (controle),1,cpu_percent,percentual de um nucleo,cadvisor,low,60,0.349,2.198,4.49
Stage 05b,Microsservicos com gateway pareado (controle),1,cpu_percent,percentual de um nucleo,cadvisor,medium,60,0.349,2.678,4.54
Stage 05b,Microsservicos com gateway pareado (controle),1,cpu_percent,percentual de um nucleo,cadvisor,high,60,0.128,0.32,3.07
Stage 05b,Microsservicos com gateway pareado (controle),1,memory_mb,MB,cadvisor,low,60,17.678,18.264,18.55
Stage 05b,Microsservicos com gateway pareado (controle),1,memory_mb,MB,cadvisor,medium,60,18.822,20.18,20.46
Stage 05b,Microsservicos com gateway pareado (controle),1,memory_mb,MB,cadvisor,high,60,20.785,22.27,22.29
Stage 05b,Microsservicos com gateway pareado (controle),2,process_cpu_percent,percentual de um nucleo,cadvisor,low,30,0.229,0.32,0.34
Stage 05b,Microsservicos com gateway pareado (controle),2,process_cpu_percent,percentual de um nucleo,cadvisor,medium,30,0.198,0.251,0.26
Stage 05b,Microsservicos com gateway pareado (controle),2,process_cpu_percent,percentual de um nucleo,cadvisor,high,30,0.245,0.3,0.32
Stage 05b,Microsservicos com gateway pareado (controle),2,process_cpu_percent,percentual de um nucleo,inventory-service,low,30,4.503,4.911,4.94
Stage 05b,Microsservicos com gateway pareado (controle),2,process_cpu_percent,percentual de um nucleo,inventory-service,medium,30,15.33,16.591,16.68
Stage 05b,Microsservicos com gateway pareado (controle),2,process_cpu_percent,percentual de um nucleo,inventory-service,high,30,23.507,24.892,25.03
Stage 05b,Microsservicos com gateway pareado (controle),2,process_cpu_percent,percentual de um nucleo,prometheus,low,30,0.225,0.291,0.482
Stage 05b,Microsservicos com gateway pareado (controle),2,process_cpu_percent,percentual de um nucleo,prometheus,medium,30,0.174,0.211,0.22
Stage 05b,Microsservicos com gateway pareado (controle),2,process_cpu_percent,percentual de um nucleo,prometheus,high,30,0.194,0.231,0.24
Stage 05b,Microsservicos com gateway pareado (controle),2,process_cpu_percent,percentual de um nucleo,orders-service,low,30,30.081,33.384,33.74
Stage 05b,Microsservicos com gateway pareado (controle),2,process_cpu_percent,percentual de um nucleo,orders-service,medium,30,131.645,156.296,158.0
Stage 05b,Microsservicos com gateway pareado (controle),2,process_cpu_percent,percentual de um nucleo,orders-service,high,30,354.245,401.821,406.584
Stage 05b,Microsservicos com gateway pareado (controle),2,process_cpu_percent,percentual de um nucleo,products-service,low,30,17.655,19.351,19.38
Stage 05b,Microsservicos com gateway pareado (controle),2,process_cpu_percent,percentual de um nucleo,products-service,medium,30,57.301,62.333,62.64
Stage 05b,Microsservicos com gateway pareado (controle),2,process_cpu_percent,percentual de um nucleo,products-service,high,30,84.443,88.491,91.08
Stage 05b,Microsservicos com gateway pareado (controle),2,process_cpu_percent,percentual de um nucleo,users-service,low,30,16.709,18.511,18.54
Stage 05b,Microsservicos com gateway pareado (controle),2,process_cpu_percent,percentual de um nucleo,users-service,medium,30,53.839,59.291,59.44
Stage 05b,Microsservicos com gateway pareado (controle),2,process_cpu_percent,percentual de um nucleo,users-service,high,30,73.09,77.381,78.78
Stage 05b,Microsservicos com gateway pareado (controle),2,process_memory_mb,MB,cadvisor,low,30,41.963,43.578,44.508
Stage 05b,Microsservicos com gateway pareado (controle),2,process_memory_mb,MB,cadvisor,medium,30,43.425,44.321,44.363
Stage 05b,Microsservicos com gateway pareado (controle),2,process_memory_mb,MB,cadvisor,high,30,44.154,46.258,46.859
Stage 05b,Microsservicos com gateway pareado (controle),2,process_memory_mb,MB,inventory-service,low,30,17.836,18.34,18.391
Stage 05b,Microsservicos com gateway pareado (controle),2,process_memory_mb,MB,inventory-service,medium,30,18.461,18.791,19.0
Stage 05b,Microsservicos com gateway pareado (controle),2,process_memory_mb,MB,inventory-service,high,30,20.8,21.355,21.75
Stage 05b,Microsservicos com gateway pareado (controle),2,process_memory_mb,MB,prometheus,low,30,86.297,88.866,88.922
Stage 05b,Microsservicos com gateway pareado (controle),2,process_memory_mb,MB,prometheus,medium,30,88.913,90.172,90.297
Stage 05b,Microsservicos com gateway pareado (controle),2,process_memory_mb,MB,prometheus,high,30,89.499,90.555,90.555
Stage 05b,Microsservicos com gateway pareado (controle),2,process_memory_mb,MB,orders-service,low,30,21.4,22.781,22.934
Stage 05b,Microsservicos com gateway pareado (controle),2,process_memory_mb,MB,orders-service,medium,30,23.969,24.579,24.637
Stage 05b,Microsservicos com gateway pareado (controle),2,process_memory_mb,MB,orders-service,high,30,38.539,43.231,49.453
Stage 05b,Microsservicos com gateway pareado (controle),2,process_memory_mb,MB,products-service,low,30,20.697,22.66,22.938
Stage 05b,Microsservicos com gateway pareado (controle),2,process_memory_mb,MB,products-service,medium,30,23.179,23.735,23.871
Stage 05b,Microsservicos com gateway pareado (controle),2,process_memory_mb,MB,products-service,high,30,25.878,26.97,27.176
Stage 05b,Microsservicos com gateway pareado (controle),2,process_memory_mb,MB,users-service,low,30,19.004,19.724,19.746
Stage 05b,Microsservicos com gateway pareado (controle),2,process_memory_mb,MB,users-service,medium,30,21.089,21.633,21.781
Stage 05b,Microsservicos com gateway pareado (controle),2,process_memory_mb,MB,users-service,high,30,23.992,24.716,25.168
Stage 05b,Microsservicos com gateway pareado (controle),2,goroutines,goroutines,cadvisor,low,30,27.0,28.0,28.0
Stage 05b,Microsservicos com gateway pareado (controle),2,goroutines,goroutines,cadvisor,medium,30,26.7,28.0,28.0
Stage 05b,Microsservicos com gateway pareado (controle),2,goroutines,goroutines,cadvisor,high,30,26.433,27.55,28.0
Stage 05b,Microsservicos com gateway pareado (controle),2,goroutines,goroutines,inventory-service,low,30,9.567,12.55,18.0
Stage 05b,Microsservicos com gateway pareado (controle),2,goroutines,goroutines,inventory-service,medium,30,10.033,13.0,13.0
Stage 05b,Microsservicos com gateway pareado (controle),2,goroutines,goroutines,inventory-service,high,30,11.367,19.2,21.0
Stage 05b,Microsservicos com gateway pareado (controle),2,goroutines,goroutines,prometheus,low,30,45.133,46.0,46.0
Stage 05b,Microsservicos com gateway pareado (controle),2,goroutines,goroutines,prometheus,medium,30,45.133,46.0,46.0
Stage 05b,Microsservicos com gateway pareado (controle),2,goroutines,goroutines,prometheus,high,30,45.1,46.0,47.0
Stage 05b,Microsservicos com gateway pareado (controle),2,goroutines,goroutines,orders-service,low,30,14.433,18.65,28.0
Stage 05b,Microsservicos com gateway pareado (controle),2,goroutines,goroutines,orders-service,medium,30,22.3,39.0,41.0
Stage 05b,Microsservicos com gateway pareado (controle),2,goroutines,goroutines,orders-service,high,30,277.733,650.55,837.0
Stage 05b,Microsservicos com gateway pareado (controle),2,goroutines,goroutines,products-service,low,30,11.333,14.0,15.0
Stage 05b,Microsservicos com gateway pareado (controle),2,goroutines,goroutines,products-service,medium,30,13.6,20.65,28.0
Stage 05b,Microsservicos com gateway pareado (controle),2,goroutines,goroutines,products-service,high,30,25.6,58.15,68.0
Stage 05b,Microsservicos com gateway pareado (controle),2,goroutines,goroutines,users-service,low,30,9.5,11.1,17.0
Stage 05b,Microsservicos com gateway pareado (controle),2,goroutines,goroutines,users-service,medium,30,11.2,16.0,18.0
Stage 05b,Microsservicos com gateway pareado (controle),2,goroutines,goroutines,users-service,high,30,24.467,51.15,67.0
Stage 05b,Microsservicos com gateway pareado (controle),2,heap_alloc_mb,MB,cadvisor,low,30,6.299,7.985,8.357
Stage 05b,Microsservicos com gateway pareado (controle),2,heap_alloc_mb,MB,cadvisor,medium,30,6.82,8.546,8.691
Stage 05b,Microsservicos com gateway pareado (controle),2,heap_alloc_mb,MB,cadvisor,high,30,7.111,9.054,9.756
Stage 05b,Microsservicos com gateway pareado (controle),2,heap_alloc_mb,MB,inventory-service,low,30,1.961,2.921,2.993
Stage 05b,Microsservicos com gateway pareado (controle),2,heap_alloc_mb,MB,inventory-service,medium,30,2.044,2.666,2.743
Stage 05b,Microsservicos com gateway pareado (controle),2,heap_alloc_mb,MB,inventory-service,high,30,3.055,4.077,4.601
Stage 05b,Microsservicos com gateway pareado (controle),2,heap_alloc_mb,MB,prometheus,low,30,25.144,28.96,29.761
Stage 05b,Microsservicos com gateway pareado (controle),2,heap_alloc_mb,MB,prometheus,medium,30,25.945,29.846,30.784
Stage 05b,Microsservicos com gateway pareado (controle),2,heap_alloc_mb,MB,prometheus,high,30,26.602,29.678,31.106
Stage 05b,Microsservicos com gateway pareado (controle),2,heap_alloc_mb,MB,orders-service,low,30,2.684,3.37,3.516
Stage 05b,Microsservicos com gateway pareado (controle),2,heap_alloc_mb,MB,orders-service,medium,30,3.16,3.677,3.826
Stage 05b,Microsservicos com gateway pareado (controle),2,heap_alloc_mb,MB,orders-service,high,30,8.088,12.478,17.401
Stage 05b,Microsservicos com gateway pareado (controle),2,heap_alloc_mb,MB,products-service,low,30,3.332,4.938,5.254
Stage 05b,Microsservicos com gateway pareado (controle),2,heap_alloc_mb,MB,products-service,medium,30,4.445,5.254,5.269
Stage 05b,Microsservicos com gateway pareado (controle),2,heap_alloc_mb,MB,products-service,high,30,4.567,5.792,6.179
Stage 05b,Microsservicos com gateway pareado (controle),2,heap_alloc_mb,MB,users-service,low,30,2.145,2.927,3.158
Stage 05b,Microsservicos com gateway pareado (controle),2,heap_alloc_mb,MB,users-service,medium,30,2.937,3.705,3.854
Stage 05b,Microsservicos com gateway pareado (controle),2,heap_alloc_mb,MB,users-service,high,30,3.513,4.346,5.218
Stage 05b,Microsservicos com gateway pareado (controle),2,gc_pause_ms,ms,cadvisor,low,30,0.146,0.183,0.214
Stage 05b,Microsservicos com gateway pareado (controle),2,gc_pause_ms,ms,cadvisor,medium,30,0.371,1.006,1.108
Stage 05b,Microsservicos com gateway pareado (controle),2,gc_pause_ms,ms,cadvisor,high,30,1.206,2.894,4.245
Stage 05b,Microsservicos com gateway pareado (controle),2,gc_pause_ms,ms,inventory-service,low,30,0.23,0.377,0.413
Stage 05b,Microsservicos com gateway pareado (controle),2,gc_pause_ms,ms,inventory-service,medium,30,0.227,0.297,0.313
Stage 05b,Microsservicos com gateway pareado (controle),2,gc_pause_ms,ms,inventory-service,high,30,1.348,1.852,1.882
Stage 05b,Microsservicos com gateway pareado (controle),2,gc_pause_ms,ms,prometheus,low,30,0.078,0.219,0.219
Stage 05b,Microsservicos com gateway pareado (controle),2,gc_pause_ms,ms,prometheus,medium,30,0.075,0.303,0.303
Stage 05b,Microsservicos com gateway pareado (controle),2,gc_pause_ms,ms,prometheus,high,30,0.035,0.106,0.155
Stage 05b,Microsservicos com gateway pareado (controle),2,gc_pause_ms,ms,orders-service,low,30,0.373,0.412,0.433
Stage 05b,Microsservicos com gateway pareado (controle),2,gc_pause_ms,ms,orders-service,medium,30,0.563,0.697,0.72
Stage 05b,Microsservicos com gateway pareado (controle),2,gc_pause_ms,ms,orders-service,high,30,6.6,8.037,8.57
Stage 05b,Microsservicos com gateway pareado (controle),2,gc_pause_ms,ms,products-service,low,30,0.326,0.401,0.407
Stage 05b,Microsservicos com gateway pareado (controle),2,gc_pause_ms,ms,products-service,medium,30,0.429,0.541,0.568
Stage 05b,Microsservicos com gateway pareado (controle),2,gc_pause_ms,ms,products-service,high,30,2.628,3.508,3.714
Stage 05b,Microsservicos com gateway pareado (controle),2,gc_pause_ms,ms,users-service,low,30,0.331,0.443,0.452
Stage 05b,Microsservicos com gateway pareado (controle),2,gc_pause_ms,ms,users-service,medium,30,0.46,0.648,0.677
Stage 05b,Microsservicos com gateway pareado (controle),2,gc_pause_ms,ms,users-service,high,30,2.871,3.611,3.67
Stage 05b,Microsservicos com gateway pareado (controle),2,pool_acquired_conns,conexoes,inventory-service,low,30,0.2,1.55,3.0
Stage 05b,Microsservicos com gateway pareado (controle),2,pool_acquired_conns,conexoes,inventory-service,medium,30,0.133,1.0,1.0
Stage 05b,Microsservicos com gateway pareado (controle),2,pool_acquired_conns,conexoes,inventory-service,high,30,0.433,2.55,3.0
Stage 05b,Microsservicos com gateway pareado (controle),2,pool_acquired_conns,conexoes,orders-service,low,30,0.233,1.0,2.0
Stage 05b,Microsservicos com gateway pareado (controle),2,pool_acquired_conns,conexoes,orders-service,medium,30,1.7,5.0,7.0
Stage 05b,Microsservicos com gateway pareado (controle),2,pool_acquired_conns,conexoes,orders-service,high,30,10.667,14.0,14.0
Stage 05b,Microsservicos com gateway pareado (controle),2,pool_acquired_conns,conexoes,products-service,low,30,0.067,0.55,1.0
Stage 05b,Microsservicos com gateway pareado (controle),2,pool_acquired_conns,conexoes,products-service,medium,30,0.533,2.55,3.0
Stage 05b,Microsservicos com gateway pareado (controle),2,pool_acquired_conns,conexoes,products-service,high,30,2.9,11.55,12.0
Stage 05b,Microsservicos com gateway pareado (controle),2,pool_acquired_conns,conexoes,users-service,low,30,0.133,0.55,3.0
Stage 05b,Microsservicos com gateway pareado (controle),2,pool_acquired_conns,conexoes,users-service,medium,30,0.3,1.0,3.0
Stage 05b,Microsservicos com gateway pareado (controle),2,pool_acquired_conns,conexoes,users-service,high,30,1.833,4.55,9.0
Stage 05b,Microsservicos com gateway pareado (controle),2,pool_idle_conns,conexoes,inventory-service,low,30,3.767,4.0,4.0
Stage 05b,Microsservicos com gateway pareado (controle),2,pool_idle_conns,conexoes,inventory-service,medium,30,5.6,6.0,6.0
Stage 05b,Microsservicos com gateway pareado (controle),2,pool_idle_conns,conexoes,inventory-service,high,30,13.467,14.0,14.0
Stage 05b,Microsservicos com gateway pareado (controle),2,pool_idle_conns,conexoes,orders-service,low,30,10.7,14.0,14.0
Stage 05b,Microsservicos com gateway pareado (controle),2,pool_idle_conns,conexoes,orders-service,medium,30,12.3,14.0,14.0
Stage 05b,Microsservicos com gateway pareado (controle),2,pool_idle_conns,conexoes,orders-service,high,30,3.333,12.0,14.0
Stage 05b,Microsservicos com gateway pareado (controle),2,pool_idle_conns,conexoes,products-service,low,30,10.067,14.0,14.0
Stage 05b,Microsservicos com gateway pareado (controle),2,pool_idle_conns,conexoes,products-service,medium,30,13.467,14.0,14.0
Stage 05b,Microsservicos com gateway pareado (controle),2,pool_idle_conns,conexoes,products-service,high,30,11.1,14.0,14.0
Stage 05b,Microsservicos com gateway pareado (controle),2,pool_idle_conns,conexoes,users-service,low,30,7.367,10.0,10.0
Stage 05b,Microsservicos com gateway pareado (controle),2,pool_idle_conns,conexoes,users-service,medium,30,13.133,14.0,14.0
Stage 05b,Microsservicos com gateway pareado (controle),2,pool_idle_conns,conexoes,users-service,high,30,12.167,14.0,14.0
Stage 05b,Microsservicos com gateway pareado (controle),2,pool_total_conns,conexoes,inventory-service,low,30,3.967,4.0,4.0
Stage 05b,Microsservicos com gateway pareado (controle),2,pool_total_conns,conexoes,inventory-service,medium,30,5.733,6.0,6.0
Stage 05b,Microsservicos com gateway pareado (controle),2,pool_total_conns,conexoes,inventory-service,high,30,13.9,14.0,14.0
Stage 05b,Microsservicos com gateway pareado (controle),2,pool_total_conns,conexoes,orders-service,low,30,10.933,14.0,14.0
Stage 05b,Microsservicos com gateway pareado (controle),2,pool_total_conns,conexoes,orders-service,medium,30,14.0,14.0,14.0
Stage 05b,Microsservicos com gateway pareado (controle),2,pool_total_conns,conexoes,orders-service,high,30,14.0,14.0,14.0
Stage 05b,Microsservicos com gateway pareado (controle),2,pool_total_conns,conexoes,products-service,low,30,10.133,14.0,14.0
Stage 05b,Microsservicos com gateway pareado (controle),2,pool_total_conns,conexoes,products-service,medium,30,14.0,14.0,14.0
Stage 05b,Microsservicos com gateway pareado (controle),2,pool_total_conns,conexoes,products-service,high,30,14.0,14.0,14.0
Stage 05b,Microsservicos com gateway pareado (controle),2,pool_total_conns,conexoes,users-service,low,30,7.5,10.0,10.0
Stage 05b,Microsservicos com gateway pareado (controle),2,pool_total_conns,conexoes,users-service,medium,30,13.433,14.0,14.0
Stage 05b,Microsservicos com gateway pareado (controle),2,pool_total_conns,conexoes,users-service,high,30,14.0,14.0,14.0
Stage 05b,Microsservicos com gateway pareado (controle),2,pool_wait_per_acquire_ms,ms,inventory-service,low,30,0.007,0.032,0.047
Stage 05b,Microsservicos com gateway pareado (controle),2,pool_wait_per_acquire_ms,ms,inventory-service,medium,30,0.003,0.007,0.007
Stage 05b,Microsservicos com gateway pareado (controle),2,pool_wait_per_acquire_ms,ms,inventory-service,high,30,0.006,0.021,0.024
Stage 05b,Microsservicos com gateway pareado (controle),2,pool_wait_per_acquire_ms,ms,orders-service,low,30,0.007,0.026,0.046
Stage 05b,Microsservicos com gateway pareado (controle),2,pool_wait_per_acquire_ms,ms,orders-service,medium,30,0.002,0.002,0.003
Stage 05b,Microsservicos com gateway pareado (controle),2,pool_wait_per_acquire_ms,ms,orders-service,high,30,71.627,95.969,98.978
Stage 05b,Microsservicos com gateway pareado (controle),2,pool_wait_per_acquire_ms,ms,products-service,low,30,0.005,0.012,0.017
Stage 05b,Microsservicos com gateway pareado (controle),2,pool_wait_per_acquire_ms,ms,products-service,medium,30,0.002,0.002,0.002
Stage 05b,Microsservicos com gateway pareado (controle),2,pool_wait_per_acquire_ms,ms,products-service,high,30,0.154,0.22,0.235
Stage 05b,Microsservicos com gateway pareado (controle),2,pool_wait_per_acquire_ms,ms,users-service,low,30,0.005,0.013,0.025
Stage 05b,Microsservicos com gateway pareado (controle),2,pool_wait_per_acquire_ms,ms,users-service,medium,30,0.003,0.004,0.004
Stage 05b,Microsservicos com gateway pareado (controle),2,pool_wait_per_acquire_ms,ms,users-service,high,30,0.194,0.267,0.277
Stage 05b,Microsservicos com gateway pareado (controle),2,pool_empty_acquire_per_s,por segundo,inventory-service,low,30,0.009,0.06,0.06
Stage 05b,Microsservicos com gateway pareado (controle),2,pool_empty_acquire_per_s,por segundo,inventory-service,medium,30,0.007,0.04,0.04
Stage 05b,Microsservicos com gateway pareado (controle),2,pool_empty_acquire_per_s,por segundo,inventory-service,high,30,0.113,0.28,0.28
Stage 05b,Microsservicos com gateway pareado (controle),2,pool_empty_acquire_per_s,por segundo,orders-service,low,30,0.043,0.134,0.135
Stage 05b,Microsservicos com gateway pareado (controle),2,pool_empty_acquire_per_s,por segundo,orders-service,medium,30,0.02,0.1,0.1
Stage 05b,Microsservicos com gateway pareado (controle),2,pool_empty_acquire_per_s,por segundo,orders-service,high,30,536.703,603.128,624.18
Stage 05b,Microsservicos com gateway pareado (controle),2,pool_empty_acquire_per_s,por segundo,products-service,low,30,0.042,0.1,0.12
Stage 05b,Microsservicos com gateway pareado (controle),2,pool_empty_acquire_per_s,por segundo,products-service,medium,30,0.0,0.0,0.0
Stage 05b,Microsservicos com gateway pareado (controle),2,pool_empty_acquire_per_s,por segundo,products-service,high,30,82.606,102.365,111.82
Stage 05b,Microsservicos com gateway pareado (controle),2,pool_empty_acquire_per_s,por segundo,users-service,low,30,0.029,0.1,0.1
Stage 05b,Microsservicos com gateway pareado (controle),2,pool_empty_acquire_per_s,por segundo,users-service,medium,30,0.057,0.331,0.34
Stage 05b,Microsservicos com gateway pareado (controle),2,pool_empty_acquire_per_s,por segundo,users-service,high,30,83.46,96.506,100.66
Stage 05b,Microsservicos com gateway pareado (controle),2,cpu_percent,percentual de um nucleo,nginx,low,60,23.807,27.896,29.84
Stage 05b,Microsservicos com gateway pareado (controle),2,cpu_percent,percentual de um nucleo,nginx,medium,60,88.738,94.569,95.14
Stage 05b,Microsservicos com gateway pareado (controle),2,cpu_percent,percentual de um nucleo,nginx,high,60,128.467,163.396,165.58
Stage 05b,Microsservicos com gateway pareado (controle),2,memory_mb,MB,nginx,low,60,16.849,17.671,17.88
Stage 05b,Microsservicos com gateway pareado (controle),2,memory_mb,MB,nginx,medium,60,20.469,21.002,21.41
Stage 05b,Microsservicos com gateway pareado (controle),2,memory_mb,MB,nginx,high,60,23.986,26.607,27.08
Stage 05b,Microsservicos com gateway pareado (controle),2,cpu_percent,percentual de um nucleo,orders-service,low,60,33.046,41.469,42.79
Stage 05b,Microsservicos com gateway pareado (controle),2,cpu_percent,percentual de um nucleo,orders-service,medium,60,148.343,273.837,290.31
Stage 05b,Microsservicos com gateway pareado (controle),2,cpu_percent,percentual de um nucleo,orders-service,high,60,378.728,632.669,726.83
Stage 05b,Microsservicos com gateway pareado (controle),2,memory_mb,MB,orders-service,low,60,15.106,16.675,17.3
Stage 05b,Microsservicos com gateway pareado (controle),2,memory_mb,MB,orders-service,medium,60,21.366,22.612,23.5
Stage 05b,Microsservicos com gateway pareado (controle),2,memory_mb,MB,orders-service,high,60,41.889,48.932,55.09
Stage 05b,Microsservicos com gateway pareado (controle),2,cpu_percent,percentual de um nucleo,grafana,low,60,0.332,1.277,1.57
Stage 05b,Microsservicos com gateway pareado (controle),2,cpu_percent,percentual de um nucleo,grafana,medium,60,0.332,1.261,2.69
Stage 05b,Microsservicos com gateway pareado (controle),2,cpu_percent,percentual de um nucleo,grafana,high,60,0.302,1.205,1.84
Stage 05b,Microsservicos com gateway pareado (controle),2,memory_mb,MB,grafana,low,60,47.768,49.771,49.8
Stage 05b,Microsservicos com gateway pareado (controle),2,memory_mb,MB,grafana,medium,60,45.215,45.25,45.25
Stage 05b,Microsservicos com gateway pareado (controle),2,memory_mb,MB,grafana,high,60,44.983,44.99,45.27
Stage 05b,Microsservicos com gateway pareado (controle),2,cpu_percent,percentual de um nucleo,products-service,low,60,19.675,23.422,23.71
Stage 05b,Microsservicos com gateway pareado (controle),2,cpu_percent,percentual de um nucleo,products-service,medium,60,63.309,68.16,70.02
Stage 05b,Microsservicos com gateway pareado (controle),2,cpu_percent,percentual de um nucleo,products-service,high,60,84.459,105.964,109.74
Stage 05b,Microsservicos com gateway pareado (controle),2,memory_mb,MB,products-service,low,60,13.621,15.992,16.49
Stage 05b,Microsservicos com gateway pareado (controle),2,memory_mb,MB,products-service,medium,60,15.982,16.797,17.08
Stage 05b,Microsservicos com gateway pareado (controle),2,memory_mb,MB,products-service,high,60,18.638,19.739,20.58
Stage 05b,Microsservicos com gateway pareado (controle),2,cpu_percent,percentual de um nucleo,inventory-service,low,60,5.263,6.741,7.29
Stage 05b,Microsservicos com gateway pareado (controle),2,cpu_percent,percentual de um nucleo,inventory-service,medium,60,16.604,18.39,18.85
Stage 05b,Microsservicos com gateway pareado (controle),2,cpu_percent,percentual de um nucleo,inventory-service,high,60,23.321,29.67,31.44
Stage 05b,Microsservicos com gateway pareado (controle),2,memory_mb,MB,inventory-service,low,60,9.87,10.809,11.55
Stage 05b,Microsservicos com gateway pareado (controle),2,memory_mb,MB,inventory-service,medium,60,10.943,12.071,12.6
Stage 05b,Microsservicos com gateway pareado (controle),2,memory_mb,MB,inventory-service,high,60,13.34,14.255,14.78
Stage 05b,Microsservicos com gateway pareado (controle),2,cpu_percent,percentual de um nucleo,users-service,low,60,18.912,22.222,23.93
Stage 05b,Microsservicos com gateway pareado (controle),2,cpu_percent,percentual de um nucleo,users-service,medium,60,60.179,66.394,69.13
Stage 05b,Microsservicos com gateway pareado (controle),2,cpu_percent,percentual de um nucleo,users-service,high,60,73.91,91.777,96.22
Stage 05b,Microsservicos com gateway pareado (controle),2,memory_mb,MB,users-service,low,60,11.838,12.762,13.27
Stage 05b,Microsservicos com gateway pareado (controle),2,memory_mb,MB,users-service,medium,60,13.726,14.691,15.08
Stage 05b,Microsservicos com gateway pareado (controle),2,memory_mb,MB,users-service,high,60,16.743,17.991,18.4
Stage 05b,Microsservicos com gateway pareado (controle),2,cpu_percent,percentual de um nucleo,postgres,low,60,22.53,26.149,27.26
Stage 05b,Microsservicos com gateway pareado (controle),2,cpu_percent,percentual de um nucleo,postgres,medium,60,76.198,82.314,86.68
Stage 05b,Microsservicos com gateway pareado (controle),2,cpu_percent,percentual de um nucleo,postgres,high,60,119.111,149.661,155.96
Stage 05b,Microsservicos com gateway pareado (controle),2,memory_mb,MB,postgres,low,60,95.88,113.805,114.0
Stage 05b,Microsservicos com gateway pareado (controle),2,memory_mb,MB,postgres,medium,60,133.3,142.445,143.7
Stage 05b,Microsservicos com gateway pareado (controle),2,memory_mb,MB,postgres,high,60,173.235,185.91,187.2
Stage 05b,Microsservicos com gateway pareado (controle),2,cpu_percent,percentual de um nucleo,prometheus,low,60,0.178,0.351,4.04
Stage 05b,Microsservicos com gateway pareado (controle),2,cpu_percent,percentual de um nucleo,prometheus,medium,60,0.064,0.18,0.34
Stage 05b,Microsservicos com gateway pareado (controle),2,cpu_percent,percentual de um nucleo,prometheus,high,60,0.136,0.31,0.33
Stage 05b,Microsservicos com gateway pareado (controle),2,memory_mb,MB,prometheus,low,60,36.925,39.281,39.33
Stage 05b,Microsservicos com gateway pareado (controle),2,memory_mb,MB,prometheus,medium,60,39.122,40.381,40.41
Stage 05b,Microsservicos com gateway pareado (controle),2,memory_mb,MB,prometheus,high,60,39.607,40.67,40.69
Stage 05b,Microsservicos com gateway pareado (controle),2,cpu_percent,percentual de um nucleo,cadvisor,low,60,0.376,2.217,6.91
Stage 05b,Microsservicos com gateway pareado (controle),2,cpu_percent,percentual de um nucleo,cadvisor,medium,60,0.368,3.068,4.6
Stage 05b,Microsservicos com gateway pareado (controle),2,cpu_percent,percentual de um nucleo,cadvisor,high,60,0.856,2.682,4.39
Stage 05b,Microsservicos com gateway pareado (controle),2,memory_mb,MB,cadvisor,low,60,19.87,21.53,22.46
Stage 05b,Microsservicos com gateway pareado (controle),2,memory_mb,MB,cadvisor,medium,60,21.1,21.912,22.09
Stage 05b,Microsservicos com gateway pareado (controle),2,memory_mb,MB,cadvisor,high,60,22.001,24.59,24.73
Stage 05b,Microsservicos com gateway pareado (controle),3,process_cpu_percent,percentual de um nucleo,cadvisor,low,30,0.241,0.291,0.469
Stage 05b,Microsservicos com gateway pareado (controle),3,process_cpu_percent,percentual de um nucleo,cadvisor,medium,30,0.204,0.26,0.26
Stage 05b,Microsservicos com gateway pareado (controle),3,process_cpu_percent,percentual de um nucleo,cadvisor,high,30,0.209,0.24,0.24
Stage 05b,Microsservicos com gateway pareado (controle),3,process_cpu_percent,percentual de um nucleo,inventory-service,low,30,4.347,4.831,4.94
Stage 05b,Microsservicos com gateway pareado (controle),3,process_cpu_percent,percentual de um nucleo,inventory-service,medium,30,14.829,16.34,16.5
Stage 05b,Microsservicos com gateway pareado (controle),3,process_cpu_percent,percentual de um nucleo,inventory-service,high,30,23.185,24.461,24.56
Stage 05b,Microsservicos com gateway pareado (controle),3,process_cpu_percent,percentual de um nucleo,prometheus,low,30,0.22,0.28,0.28
Stage 05b,Microsservicos com gateway pareado (controle),3,process_cpu_percent,percentual de um nucleo,prometheus,medium,30,0.173,0.211,0.22
Stage 05b,Microsservicos com gateway pareado (controle),3,process_cpu_percent,percentual de um nucleo,prometheus,high,30,0.191,0.251,0.26
Stage 05b,Microsservicos com gateway pareado (controle),3,process_cpu_percent,percentual de um nucleo,orders-service,low,30,29.954,33.024,33.12
Stage 05b,Microsservicos com gateway pareado (controle),3,process_cpu_percent,percentual de um nucleo,orders-service,medium,30,125.913,148.441,149.2
Stage 05b,Microsservicos com gateway pareado (controle),3,process_cpu_percent,percentual de um nucleo,orders-service,high,30,352.945,399.33,405.84
Stage 05b,Microsservicos com gateway pareado (controle),3,process_cpu_percent,percentual de um nucleo,products-service,low,30,17.503,19.1,19.18
Stage 05b,Microsservicos com gateway pareado (controle),3,process_cpu_percent,percentual de um nucleo,products-service,medium,30,57.151,61.895,62.14
Stage 05b,Microsservicos com gateway pareado (controle),3,process_cpu_percent,percentual de um nucleo,products-service,high,30,84.674,88.714,89.32
Stage 05b,Microsservicos com gateway pareado (controle),3,process_cpu_percent,percentual de um nucleo,users-service,low,30,16.902,18.451,18.54
Stage 05b,Microsservicos com gateway pareado (controle),3,process_cpu_percent,percentual de um nucleo,users-service,medium,30,54.353,59.139,59.24
Stage 05b,Microsservicos com gateway pareado (controle),3,process_cpu_percent,percentual de um nucleo,users-service,high,30,73.323,77.293,79.12
Stage 05b,Microsservicos com gateway pareado (controle),3,process_memory_mb,MB,cadvisor,low,30,42.448,43.325,43.852
Stage 05b,Microsservicos com gateway pareado (controle),3,process_memory_mb,MB,cadvisor,medium,30,43.443,44.318,44.328
Stage 05b,Microsservicos com gateway pareado (controle),3,process_memory_mb,MB,cadvisor,high,30,44.185,45.359,45.609
Stage 05b,Microsservicos com gateway pareado (controle),3,process_memory_mb,MB,inventory-service,low,30,18.132,18.816,18.863
Stage 05b,Microsservicos com gateway pareado (controle),3,process_memory_mb,MB,inventory-service,medium,30,18.662,19.022,19.062
Stage 05b,Microsservicos com gateway pareado (controle),3,process_memory_mb,MB,inventory-service,high,30,20.981,21.494,21.695
Stage 05b,Microsservicos com gateway pareado (controle),3,process_memory_mb,MB,prometheus,low,30,88.325,89.406,89.488
Stage 05b,Microsservicos com gateway pareado (controle),3,process_memory_mb,MB,prometheus,medium,30,89.678,90.238,90.238
Stage 05b,Microsservicos com gateway pareado (controle),3,process_memory_mb,MB,prometheus,high,30,90.137,90.379,90.379
Stage 05b,Microsservicos com gateway pareado (controle),3,process_memory_mb,MB,orders-service,low,30,21.37,22.062,22.137
Stage 05b,Microsservicos com gateway pareado (controle),3,process_memory_mb,MB,orders-service,medium,30,23.748,24.764,25.145
Stage 05b,Microsservicos com gateway pareado (controle),3,process_memory_mb,MB,orders-service,high,30,38.634,44.753,52.766
Stage 05b,Microsservicos com gateway pareado (controle),3,process_memory_mb,MB,products-service,low,30,20.821,21.623,21.668
Stage 05b,Microsservicos com gateway pareado (controle),3,process_memory_mb,MB,products-service,medium,30,22.654,23.685,23.758
Stage 05b,Microsservicos com gateway pareado (controle),3,process_memory_mb,MB,products-service,high,30,26.14,26.816,27.094
Stage 05b,Microsservicos com gateway pareado (controle),3,process_memory_mb,MB,users-service,low,30,19.215,20.268,20.469
Stage 05b,Microsservicos com gateway pareado (controle),3,process_memory_mb,MB,users-service,medium,30,20.664,21.168,21.324
Stage 05b,Microsservicos com gateway pareado (controle),3,process_memory_mb,MB,users-service,high,30,23.722,24.188,25.164
Stage 05b,Microsservicos com gateway pareado (controle),3,goroutines,goroutines,cadvisor,low,30,26.767,28.0,28.0
Stage 05b,Microsservicos com gateway pareado (controle),3,goroutines,goroutines,cadvisor,medium,30,26.9,28.0,28.0
Stage 05b,Microsservicos com gateway pareado (controle),3,goroutines,goroutines,cadvisor,high,30,26.467,27.0,27.0
Stage 05b,Microsservicos com gateway pareado (controle),3,goroutines,goroutines,inventory-service,low,30,9.1,10.0,10.0
Stage 05b,Microsservicos com gateway pareado (controle),3,goroutines,goroutines,inventory-service,medium,30,9.467,12.0,12.0
Stage 05b,Microsservicos com gateway pareado (controle),3,goroutines,goroutines,inventory-service,high,30,11.733,15.55,21.0
Stage 05b,Microsservicos com gateway pareado (controle),3,goroutines,goroutines,prometheus,low,30,45.0,45.0,45.0
Stage 05b,Microsservicos com gateway pareado (controle),3,goroutines,goroutines,prometheus,medium,30,45.167,46.0,46.0
Stage 05b,Microsservicos com gateway pareado (controle),3,goroutines,goroutines,prometheus,high,30,45.067,45.55,46.0
Stage 05b,Microsservicos com gateway pareado (controle),3,goroutines,goroutines,orders-service,low,30,15.733,22.0,39.0
Stage 05b,Microsservicos com gateway pareado (controle),3,goroutines,goroutines,orders-service,medium,30,22.067,38.55,47.0
Stage 05b,Microsservicos com gateway pareado (controle),3,goroutines,goroutines,orders-service,high,30,274.833,668.45,705.0
Stage 05b,Microsservicos com gateway pareado (controle),3,goroutines,goroutines,products-service,low,30,11.567,13.65,20.0
Stage 05b,Microsservicos com gateway pareado (controle),3,goroutines,goroutines,products-service,medium,30,13.733,22.2,26.0
Stage 05b,Microsservicos com gateway pareado (controle),3,goroutines,goroutines,products-service,high,30,32.233,69.2,125.0
Stage 05b,Microsservicos com gateway pareado (controle),3,goroutines,goroutines,users-service,low,30,9.333,10.55,13.0
Stage 05b,Microsservicos com gateway pareado (controle),3,goroutines,goroutines,users-service,medium,30,10.8,14.1,15.0
Stage 05b,Microsservicos com gateway pareado (controle),3,goroutines,goroutines,users-service,high,30,33.6,80.55,91.0
Stage 05b,Microsservicos com gateway pareado (controle),3,heap_alloc_mb,MB,cadvisor,low,30,6.396,7.792,8.779
Stage 05b,Microsservicos com gateway pareado (controle),3,heap_alloc_mb,MB,cadvisor,medium,30,6.914,8.528,8.913
Stage 05b,Microsservicos com gateway pareado (controle),3,heap_alloc_mb,MB,cadvisor,high,30,6.843,9.051,9.227
Stage 05b,Microsservicos com gateway pareado (controle),3,heap_alloc_mb,MB,inventory-service,low,30,1.966,2.974,3.13
Stage 05b,Microsservicos com gateway pareado (controle),3,heap_alloc_mb,MB,inventory-service,medium,30,2.052,2.901,3.035
Stage 05b,Microsservicos com gateway pareado (controle),3,heap_alloc_mb,MB,inventory-service,high,30,3.068,3.726,3.816
Stage 05b,Microsservicos com gateway pareado (controle),3,heap_alloc_mb,MB,prometheus,low,30,26.146,29.786,29.978
Stage 05b,Microsservicos com gateway pareado (controle),3,heap_alloc_mb,MB,prometheus,medium,30,26.843,30.35,30.884
Stage 05b,Microsservicos com gateway pareado (controle),3,heap_alloc_mb,MB,prometheus,high,30,26.548,29.424,29.935
Stage 05b,Microsservicos com gateway pareado (controle),3,heap_alloc_mb,MB,orders-service,low,30,2.393,2.845,3.193
Stage 05b,Microsservicos com gateway pareado (controle),3,heap_alloc_mb,MB,orders-service,medium,30,3.202,4.079,4.405
Stage 05b,Microsservicos com gateway pareado (controle),3,heap_alloc_mb,MB,orders-service,high,30,7.687,12.205,13.747
Stage 05b,Microsservicos com gateway pareado (controle),3,heap_alloc_mb,MB,products-service,low,30,2.969,3.626,3.938
Stage 05b,Microsservicos com gateway pareado (controle),3,heap_alloc_mb,MB,products-service,medium,30,3.879,5.281,5.612
Stage 05b,Microsservicos com gateway pareado (controle),3,heap_alloc_mb,MB,products-service,high,30,4.715,5.995,6.555
Stage 05b,Microsservicos com gateway pareado (controle),3,heap_alloc_mb,MB,users-service,low,30,2.287,3.006,3.196
Stage 05b,Microsservicos com gateway pareado (controle),3,heap_alloc_mb,MB,users-service,medium,30,2.785,3.539,3.977
Stage 05b,Microsservicos com gateway pareado (controle),3,heap_alloc_mb,MB,users-service,high,30,3.647,4.473,5.336
Stage 05b,Microsservicos com gateway pareado (controle),3,gc_pause_ms,ms,cadvisor,low,30,0.139,0.202,0.396
Stage 05b,Microsservicos com gateway pareado (controle),3,gc_pause_ms,ms,cadvisor,medium,30,0.432,1.328,1.722
Stage 05b,Microsservicos com gateway pareado (controle),3,gc_pause_ms,ms,cadvisor,high,30,0.316,0.638,0.653
Stage 05b,Microsservicos com gateway pareado (controle),3,gc_pause_ms,ms,inventory-service,low,30,0.213,0.309,0.31
Stage 05b,Microsservicos com gateway pareado (controle),3,gc_pause_ms,ms,inventory-service,medium,30,0.276,0.372,0.414
Stage 05b,Microsservicos com gateway pareado (controle),3,gc_pause_ms,ms,inventory-service,high,30,1.115,2.048,2.481
Stage 05b,Microsservicos com gateway pareado (controle),3,gc_pause_ms,ms,prometheus,low,30,0.07,0.238,0.238
Stage 05b,Microsservicos com gateway pareado (controle),3,gc_pause_ms,ms,prometheus,medium,30,0.033,0.105,0.105
Stage 05b,Microsservicos com gateway pareado (controle),3,gc_pause_ms,ms,prometheus,high,30,0.032,0.093,0.093
Stage 05b,Microsservicos com gateway pareado (controle),3,gc_pause_ms,ms,orders-service,low,30,0.384,0.443,0.463
Stage 05b,Microsservicos com gateway pareado (controle),3,gc_pause_ms,ms,orders-service,medium,30,0.539,0.746,0.767
Stage 05b,Microsservicos com gateway pareado (controle),3,gc_pause_ms,ms,orders-service,high,30,6.096,7.504,7.792
Stage 05b,Microsservicos com gateway pareado (controle),3,gc_pause_ms,ms,products-service,low,30,0.314,0.439,0.455
Stage 05b,Microsservicos com gateway pareado (controle),3,gc_pause_ms,ms,products-service,medium,30,0.422,0.52,0.542
Stage 05b,Microsservicos com gateway pareado (controle),3,gc_pause_ms,ms,products-service,high,30,2.662,3.203,3.334
Stage 05b,Microsservicos com gateway pareado (controle),3,gc_pause_ms,ms,users-service,low,30,0.424,0.643,0.697
Stage 05b,Microsservicos com gateway pareado (controle),3,gc_pause_ms,ms,users-service,medium,30,0.449,0.666,0.695
Stage 05b,Microsservicos com gateway pareado (controle),3,gc_pause_ms,ms,users-service,high,30,2.756,3.109,3.241
Stage 05b,Microsservicos com gateway pareado (controle),3,pool_acquired_conns,conexoes,inventory-service,low,30,0.0,0.0,0.0
Stage 05b,Microsservicos com gateway pareado (controle),3,pool_acquired_conns,conexoes,inventory-service,medium,30,0.0,0.0,0.0
Stage 05b,Microsservicos com gateway pareado (controle),3,pool_acquired_conns,conexoes,inventory-service,high,30,0.467,1.55,4.0
Stage 05b,Microsservicos com gateway pareado (controle),3,pool_acquired_conns,conexoes,orders-service,low,30,0.533,2.55,4.0
Stage 05b,Microsservicos com gateway pareado (controle),3,pool_acquired_conns,conexoes,orders-service,medium,30,1.067,3.0,4.0
Stage 05b,Microsservicos com gateway pareado (controle),3,pool_acquired_conns,conexoes,orders-service,high,30,11.033,14.0,14.0
Stage 05b,Microsservicos com gateway pareado (controle),3,pool_acquired_conns,conexoes,products-service,low,30,0.133,0.55,3.0
Stage 05b,Microsservicos com gateway pareado (controle),3,pool_acquired_conns,conexoes,products-service,medium,30,0.6,3.0,5.0
Stage 05b,Microsservicos com gateway pareado (controle),3,pool_acquired_conns,conexoes,products-service,high,30,4.467,13.55,14.0
Stage 05b,Microsservicos com gateway pareado (controle),3,pool_acquired_conns,conexoes,users-service,low,30,0.0,0.0,0.0
Stage 05b,Microsservicos com gateway pareado (controle),3,pool_acquired_conns,conexoes,users-service,medium,30,0.267,1.0,2.0
Stage 05b,Microsservicos com gateway pareado (controle),3,pool_acquired_conns,conexoes,users-service,high,30,3.6,10.1,14.0
Stage 05b,Microsservicos com gateway pareado (controle),3,pool_idle_conns,conexoes,inventory-service,low,30,3.9,4.0,4.0
Stage 05b,Microsservicos com gateway pareado (controle),3,pool_idle_conns,conexoes,inventory-service,medium,30,5.7,6.0,6.0
Stage 05b,Microsservicos com gateway pareado (controle),3,pool_idle_conns,conexoes,inventory-service,high,30,13.433,14.0,14.0
Stage 05b,Microsservicos com gateway pareado (controle),3,pool_idle_conns,conexoes,orders-service,low,30,9.167,10.0,10.0
Stage 05b,Microsservicos com gateway pareado (controle),3,pool_idle_conns,conexoes,orders-service,medium,30,12.3,14.0,14.0
Stage 05b,Microsservicos com gateway pareado (controle),3,pool_idle_conns,conexoes,orders-service,high,30,2.967,12.55,14.0
Stage 05b,Microsservicos com gateway pareado (controle),3,pool_idle_conns,conexoes,products-service,low,30,9.367,10.0,10.0
Stage 05b,Microsservicos com gateway pareado (controle),3,pool_idle_conns,conexoes,products-service,medium,30,12.0,14.0,14.0
Stage 05b,Microsservicos com gateway pareado (controle),3,pool_idle_conns,conexoes,products-service,high,30,9.533,14.0,14.0
Stage 05b,Microsservicos com gateway pareado (controle),3,pool_idle_conns,conexoes,users-service,low,30,9.4,11.0,11.0
Stage 05b,Microsservicos com gateway pareado (controle),3,pool_idle_conns,conexoes,users-service,medium,30,12.367,13.0,13.0
Stage 05b,Microsservicos com gateway pareado (controle),3,pool_idle_conns,conexoes,users-service,high,30,10.4,14.0,14.0
Stage 05b,Microsservicos com gateway pareado (controle),3,pool_total_conns,conexoes,inventory-service,low,30,3.9,4.0,4.0
Stage 05b,Microsservicos com gateway pareado (controle),3,pool_total_conns,conexoes,inventory-service,medium,30,5.7,6.0,6.0
Stage 05b,Microsservicos com gateway pareado (controle),3,pool_total_conns,conexoes,inventory-service,high,30,13.9,14.0,14.0
Stage 05b,Microsservicos com gateway pareado (controle),3,pool_total_conns,conexoes,orders-service,low,30,9.7,10.0,10.0
Stage 05b,Microsservicos com gateway pareado (controle),3,pool_total_conns,conexoes,orders-service,medium,30,13.367,14.0,14.0
Stage 05b,Microsservicos com gateway pareado (controle),3,pool_total_conns,conexoes,orders-service,high,30,14.0,14.0,14.0
Stage 05b,Microsservicos com gateway pareado (controle),3,pool_total_conns,conexoes,products-service,low,30,9.5,10.0,10.0
Stage 05b,Microsservicos com gateway pareado (controle),3,pool_total_conns,conexoes,products-service,medium,30,12.6,14.0,14.0
Stage 05b,Microsservicos com gateway pareado (controle),3,pool_total_conns,conexoes,products-service,high,30,14.0,14.0,14.0
Stage 05b,Microsservicos com gateway pareado (controle),3,pool_total_conns,conexoes,users-service,low,30,9.4,11.0,11.0
Stage 05b,Microsservicos com gateway pareado (controle),3,pool_total_conns,conexoes,users-service,medium,30,12.633,13.0,13.0
Stage 05b,Microsservicos com gateway pareado (controle),3,pool_total_conns,conexoes,users-service,high,30,14.0,14.0,14.0
Stage 05b,Microsservicos com gateway pareado (controle),3,pool_wait_per_acquire_ms,ms,inventory-service,low,30,0.008,0.026,0.07
Stage 05b,Microsservicos com gateway pareado (controle),3,pool_wait_per_acquire_ms,ms,inventory-service,medium,30,0.003,0.004,0.005
Stage 05b,Microsservicos com gateway pareado (controle),3,pool_wait_per_acquire_ms,ms,inventory-service,high,30,0.004,0.012,0.014
Stage 05b,Microsservicos com gateway pareado (controle),3,pool_wait_per_acquire_ms,ms,orders-service,low,30,0.005,0.02,0.03
Stage 05b,Microsservicos com gateway pareado (controle),3,pool_wait_per_acquire_ms,ms,orders-service,medium,30,0.003,0.004,0.005
Stage 05b,Microsservicos com gateway pareado (controle),3,pool_wait_per_acquire_ms,ms,orders-service,high,30,45.459,59.058,59.517
Stage 05b,Microsservicos com gateway pareado (controle),3,pool_wait_per_acquire_ms,ms,products-service,low,30,0.003,0.01,0.015
Stage 05b,Microsservicos com gateway pareado (controle),3,pool_wait_per_acquire_ms,ms,products-service,medium,30,0.002,0.003,0.003
Stage 05b,Microsservicos com gateway pareado (controle),3,pool_wait_per_acquire_ms,ms,products-service,high,30,0.131,0.179,0.203
Stage 05b,Microsservicos com gateway pareado (controle),3,pool_wait_per_acquire_ms,ms,users-service,low,30,0.004,0.015,0.018
Stage 05b,Microsservicos com gateway pareado (controle),3,pool_wait_per_acquire_ms,ms,users-service,medium,30,0.002,0.003,0.003
Stage 05b,Microsservicos com gateway pareado (controle),3,pool_wait_per_acquire_ms,ms,users-service,high,30,0.207,0.284,0.3
Stage 05b,Microsservicos com gateway pareado (controle),3,pool_empty_acquire_per_s,por segundo,inventory-service,low,30,0.011,0.059,0.06
Stage 05b,Microsservicos com gateway pareado (controle),3,pool_empty_acquire_per_s,por segundo,inventory-service,medium,30,0.005,0.02,0.02
Stage 05b,Microsservicos com gateway pareado (controle),3,pool_empty_acquire_per_s,por segundo,inventory-service,high,30,0.163,0.36,0.46
Stage 05b,Microsservicos com gateway pareado (controle),3,pool_empty_acquire_per_s,por segundo,orders-service,low,30,0.028,0.138,0.16
Stage 05b,Microsservicos com gateway pareado (controle),3,pool_empty_acquire_per_s,por segundo,orders-service,medium,30,0.05,0.133,0.16
Stage 05b,Microsservicos com gateway pareado (controle),3,pool_empty_acquire_per_s,por segundo,orders-service,high,30,521.139,604.814,607.66
Stage 05b,Microsservicos com gateway pareado (controle),3,pool_empty_acquire_per_s,por segundo,products-service,low,30,0.027,0.111,0.139
Stage 05b,Microsservicos com gateway pareado (controle),3,pool_empty_acquire_per_s,por segundo,products-service,medium,30,0.013,0.04,0.04
Stage 05b,Microsservicos com gateway pareado (controle),3,pool_empty_acquire_per_s,por segundo,products-service,high,30,79.999,94.474,98.48
Stage 05b,Microsservicos com gateway pareado (controle),3,pool_empty_acquire_per_s,por segundo,users-service,low,30,0.031,0.13,0.137
Stage 05b,Microsservicos com gateway pareado (controle),3,pool_empty_acquire_per_s,por segundo,users-service,medium,30,0.007,0.04,0.04
Stage 05b,Microsservicos com gateway pareado (controle),3,pool_empty_acquire_per_s,por segundo,users-service,high,30,84.708,101.461,103.08
Stage 05b,Microsservicos com gateway pareado (controle),3,cpu_percent,percentual de um nucleo,nginx,low,60,23.526,27.445,28.77
Stage 05b,Microsservicos com gateway pareado (controle),3,cpu_percent,percentual de um nucleo,nginx,medium,60,87.957,94.405,96.95
Stage 05b,Microsservicos com gateway pareado (controle),3,cpu_percent,percentual de um nucleo,nginx,high,60,128.692,159.091,164.19
Stage 05b,Microsservicos com gateway pareado (controle),3,memory_mb,MB,nginx,low,60,15.974,16.843,17.43
Stage 05b,Microsservicos com gateway pareado (controle),3,memory_mb,MB,nginx,medium,60,19.899,20.622,20.84
Stage 05b,Microsservicos com gateway pareado (controle),3,memory_mb,MB,nginx,high,60,23.166,25.806,26.73
Stage 05b,Microsservicos com gateway pareado (controle),3,cpu_percent,percentual de um nucleo,orders-service,low,60,33.599,40.602,43.69
Stage 05b,Microsservicos com gateway pareado (controle),3,cpu_percent,percentual de um nucleo,orders-service,medium,60,140.71,262.889,268.28
Stage 05b,Microsservicos com gateway pareado (controle),3,cpu_percent,percentual de um nucleo,orders-service,high,60,365.968,636.761,719.83
Stage 05b,Microsservicos com gateway pareado (controle),3,memory_mb,MB,orders-service,low,60,14.542,15.775,16.46
Stage 05b,Microsservicos com gateway pareado (controle),3,memory_mb,MB,orders-service,medium,60,20.683,22.392,23.23
Stage 05b,Microsservicos com gateway pareado (controle),3,memory_mb,MB,orders-service,high,60,41.403,50.511,53.64
Stage 05b,Microsservicos com gateway pareado (controle),3,cpu_percent,percentual de um nucleo,grafana,low,60,0.354,1.341,1.91
Stage 05b,Microsservicos com gateway pareado (controle),3,cpu_percent,percentual de um nucleo,grafana,medium,60,0.329,1.103,3.35
Stage 05b,Microsservicos com gateway pareado (controle),3,cpu_percent,percentual de um nucleo,grafana,high,60,0.277,1.119,1.49
Stage 05b,Microsservicos com gateway pareado (controle),3,memory_mb,MB,grafana,low,60,45.132,46.51,46.66
Stage 05b,Microsservicos com gateway pareado (controle),3,memory_mb,MB,grafana,medium,60,43.233,43.26,43.26
Stage 05b,Microsservicos com gateway pareado (controle),3,memory_mb,MB,grafana,high,60,43.228,43.25,43.25
Stage 05b,Microsservicos com gateway pareado (controle),3,cpu_percent,percentual de um nucleo,inventory-service,low,60,4.971,6.271,6.69
Stage 05b,Microsservicos com gateway pareado (controle),3,cpu_percent,percentual de um nucleo,inventory-service,medium,60,16.314,18.889,19.53
Stage 05b,Microsservicos com gateway pareado (controle),3,cpu_percent,percentual de um nucleo,inventory-service,high,60,23.873,28.526,30.06
Stage 05b,Microsservicos com gateway pareado (controle),3,memory_mb,MB,inventory-service,low,60,9.688,10.526,11.15
Stage 05b,Microsservicos com gateway pareado (controle),3,memory_mb,MB,inventory-service,medium,60,10.523,11.204,11.84
Stage 05b,Microsservicos com gateway pareado (controle),3,memory_mb,MB,inventory-service,high,60,13.247,14.435,14.95
Stage 05b,Microsservicos com gateway pareado (controle),3,cpu_percent,percentual de um nucleo,products-service,low,60,20.043,24.619,25.14
Stage 05b,Microsservicos com gateway pareado (controle),3,cpu_percent,percentual de um nucleo,products-service,medium,60,63.342,69.449,71.5
Stage 05b,Microsservicos com gateway pareado (controle),3,cpu_percent,percentual de um nucleo,products-service,high,60,86.434,107.411,112.38
Stage 05b,Microsservicos com gateway pareado (controle),3,memory_mb,MB,products-service,low,60,13.356,14.905,15.38
Stage 05b,Microsservicos com gateway pareado (controle),3,memory_mb,MB,products-service,medium,60,15.416,16.633,17.97
Stage 05b,Microsservicos com gateway pareado (controle),3,memory_mb,MB,products-service,high,60,18.945,20.276,20.68
Stage 05b,Microsservicos com gateway pareado (controle),3,cpu_percent,percentual de um nucleo,users-service,low,60,18.859,21.904,22.66
Stage 05b,Microsservicos com gateway pareado (controle),3,cpu_percent,percentual de um nucleo,users-service,medium,60,59.975,65.186,68.03
Stage 05b,Microsservicos com gateway pareado (controle),3,cpu_percent,percentual de um nucleo,users-service,high,60,74.273,89.014,93.81
Stage 05b,Microsservicos com gateway pareado (controle),3,memory_mb,MB,users-service,low,60,11.712,13.03,13.15
Stage 05b,Microsservicos com gateway pareado (controle),3,memory_mb,MB,users-service,medium,60,13.227,13.96,14.22
Stage 05b,Microsservicos com gateway pareado (controle),3,memory_mb,MB,users-service,high,60,16.401,17.5,18.55
Stage 05b,Microsservicos com gateway pareado (controle),3,cpu_percent,percentual de um nucleo,postgres,low,60,22.316,26.06,26.57
Stage 05b,Microsservicos com gateway pareado (controle),3,cpu_percent,percentual de um nucleo,postgres,medium,60,75.651,82.715,85.7
Stage 05b,Microsservicos com gateway pareado (controle),3,cpu_percent,percentual de um nucleo,postgres,high,60,120.892,155.088,162.44
Stage 05b,Microsservicos com gateway pareado (controle),3,memory_mb,MB,postgres,low,60,90.325,96.45,97.43
Stage 05b,Microsservicos com gateway pareado (controle),3,memory_mb,MB,postgres,medium,60,124.333,136.82,139.6
Stage 05b,Microsservicos com gateway pareado (controle),3,memory_mb,MB,postgres,high,60,169.503,181.56,183.6
Stage 05b,Microsservicos com gateway pareado (controle),3,cpu_percent,percentual de um nucleo,prometheus,low,60,0.179,0.354,1.64
Stage 05b,Microsservicos com gateway pareado (controle),3,cpu_percent,percentual de um nucleo,prometheus,medium,60,0.198,0.767,1.9
Stage 05b,Microsservicos com gateway pareado (controle),3,cpu_percent,percentual de um nucleo,prometheus,high,60,0.272,0.31,3.12
Stage 05b,Microsservicos com gateway pareado (controle),3,memory_mb,MB,prometheus,low,60,37.953,38.721,38.95
Stage 05b,Microsservicos com gateway pareado (controle),3,memory_mb,MB,prometheus,medium,60,38.882,39.43,39.44
Stage 05b,Microsservicos com gateway pareado (controle),3,memory_mb,MB,prometheus,high,60,39.345,39.52,39.52
Stage 05b,Microsservicos com gateway pareado (controle),3,cpu_percent,percentual de um nucleo,cadvisor,low,60,0.371,2.687,5.31
Stage 05b,Microsservicos com gateway pareado (controle),3,cpu_percent,percentual de um nucleo,cadvisor,medium,60,0.401,2.979,5.43
Stage 05b,Microsservicos com gateway pareado (controle),3,cpu_percent,percentual de um nucleo,cadvisor,high,60,0.861,2.695,3.47
Stage 05b,Microsservicos com gateway pareado (controle),3,memory_mb,MB,cadvisor,low,60,18.719,20.06,20.07
Stage 05b,Microsservicos com gateway pareado (controle),3,memory_mb,MB,cadvisor,medium,60,19.416,20.54,20.56
Stage 05b,Microsservicos com gateway pareado (controle),3,memory_mb,MB,cadvisor,high,60,19.971,21.021,21.24
