timestamp,container,service,cpu_percent,memory_mb
1790053373.676,research-api-nginx-1,nginx,2.37,12.59
1790053373.676,research-api-orders-service-1,orders-service,1.53,6.555
1790053373.676,research-api-grafana-1,grafana,0.04,44.56
1790053373.676,research-api-inventory-service-1,inventory-service,0.89,6.316
1790053373.676,research-api-products-service-1,products-service,2.77,7.121
1790053373.676,research-api-users-service-1,users-service,1.0,6.074
1790053373.676,research-api-postgres-1,postgres,6.03,32.85
1790053373.676,research-api-prometheus-1,prometheus,0.03,33.02
1790053373.676,research-api-cadvisor-1,cadvisor,0.0,15.25
1790053378.706,research-api-nginx-1,nginx,7.66,13.73
1790053378.706,research-api-orders-service-1,orders-service,11.37,9.242
1790053378.706,research-api-grafana-1,grafana,0.52,44.57
1790053378.706,research-api-inventory-service-1,inventory-service,1.26,6.117
1790053378.706,research-api-products-service-1,products-service,7.2,9.148
1790053378.706,research-api-users-service-1,users-service,6.78,8.922
1790053378.706,research-api-postgres-1,postgres,14.27,40.37
1790053378.706,research-api-prometheus-1,prometheus,0.23,34.07
1790053378.706,research-api-cadvisor-1,cadvisor,0.92,16.79
1790053383.686,research-api-nginx-1,nginx,12.05,13.85
1790053383.686,research-api-orders-service-1,orders-service,13.55,10.55
1790053383.686,research-api-grafana-1,grafana,0.04,44.57
1790053383.686,research-api-inventory-service-1,inventory-service,1.58,7.031
1790053383.686,research-api-products-service-1,products-service,9.65,8.922
1790053383.686,research-api-users-service-1,users-service,9.86,9.227
1790053383.686,research-api-postgres-1,postgres,14.69,42.81
1790053383.686,research-api-prometheus-1,prometheus,0.03,33.86
1790053383.686,research-api-cadvisor-1,cadvisor,0.0,16.3
1790053388.683,research-api-nginx-1,nginx,14.58,14.22
1790053388.683,research-api-orders-service-1,orders-service,17.44,10.83
1790053388.683,research-api-grafana-1,grafana,0.53,44.57
1790053388.683,research-api-inventory-service-1,inventory-service,3.91,7.145
1790053388.683,research-api-products-service-1,products-service,12.64,9.797
1790053388.683,research-api-users-service-1,users-service,10.71,9.414
1790053388.683,research-api-postgres-1,postgres,18.57,49.82
1790053388.683,research-api-prometheus-1,prometheus,0.19,34.12
1790053388.683,research-api-cadvisor-1,cadvisor,0.01,17.31
1790053393.654,research-api-nginx-1,nginx,18.11,13.79
1790053393.654,research-api-orders-service-1,orders-service,23.69,10.88
1790053393.654,research-api-grafana-1,grafana,0.07,44.59
1790053393.654,research-api-inventory-service-1,inventory-service,3.73,7.707
1790053393.654,research-api-products-service-1,products-service,14.33,10.27
1790053393.654,research-api-users-service-1,users-service,15.15,9.57
1790053393.654,research-api-postgres-1,postgres,20.93,53.46
1790053393.654,research-api-prometheus-1,prometheus,0.04,34.14
1790053393.654,research-api-cadvisor-1,cadvisor,0.31,17.33
1790053398.674,research-api-nginx-1,nginx,18.6,14.88
1790053398.674,research-api-orders-service-1,orders-service,26.73,10.38
1790053398.674,research-api-grafana-1,grafana,0.5,44.61
1790053398.674,research-api-inventory-service-1,inventory-service,4.27,8.07
1790053398.674,research-api-products-service-1,products-service,16.76,10.97
1790053398.674,research-api-users-service-1,users-service,16.13,10.17
1790053398.674,research-api-postgres-1,postgres,25.62,61.71
1790053398.674,research-api-prometheus-1,prometheus,0.19,34.25
1790053398.674,research-api-cadvisor-1,cadvisor,0.02,17.77
1790053403.668,research-api-nginx-1,nginx,21.23,14.02
1790053403.668,research-api-orders-service-1,orders-service,28.85,11.48
1790053403.668,research-api-grafana-1,grafana,0.03,44.61
1790053403.668,research-api-inventory-service-1,inventory-service,4.53,8.66
1790053403.668,research-api-products-service-1,products-service,16.82,9.688
1790053403.668,research-api-users-service-1,users-service,16.59,10.06
1790053403.668,research-api-postgres-1,postgres,20.41,62.18
1790053403.668,research-api-prometheus-1,prometheus,0.03,34.25
1790053403.668,research-api-cadvisor-1,cadvisor,0.0,17.77
1790053408.685,research-api-nginx-1,nginx,18.66,13.93
1790053408.685,research-api-orders-service-1,orders-service,27.65,10.77
1790053408.685,research-api-grafana-1,grafana,1.91,45.03
1790053408.685,research-api-inventory-service-1,inventory-service,3.93,8.121
1790053408.685,research-api-products-service-1,products-service,17.47,12.17
1790053408.685,research-api-users-service-1,users-service,14.75,10.14
1790053408.685,research-api-postgres-1,postgres,19.34,70.68
1790053408.685,research-api-prometheus-1,prometheus,0.33,35.64
1790053408.685,research-api-cadvisor-1,cadvisor,3.01,17.72
1790053413.699,research-api-nginx-1,nginx,24.37,15.23
1790053413.699,research-api-orders-service-1,orders-service,35.4,12.84
1790053413.699,research-api-grafana-1,grafana,0.05,45.07
1790053413.699,research-api-inventory-service-1,inventory-service,4.85,9.309
1790053413.699,research-api-products-service-1,products-service,20.01,10.01
1790053413.699,research-api-users-service-1,users-service,19.37,11.49
1790053413.699,research-api-postgres-1,postgres,24.48,76.57
1790053413.699,research-api-prometheus-1,prometheus,0.03,35.39
1790053413.699,research-api-cadvisor-1,cadvisor,0.0,17.72
1790053418.69,research-api-nginx-1,nginx,22.78,14.6
1790053418.69,research-api-orders-service-1,orders-service,30.23,11.63
1790053418.69,research-api-grafana-1,grafana,0.37,45.16
1790053418.69,research-api-inventory-service-1,inventory-service,5.67,8.883
1790053418.69,research-api-products-service-1,products-service,22.34,11.65
1790053418.69,research-api-users-service-1,users-service,15.06,10.08
1790053418.69,research-api-postgres-1,postgres,22.01,79.03
1790053418.69,research-api-prometheus-1,prometheus,0.23,35.43
1790053418.69,research-api-cadvisor-1,cadvisor,0.02,18.23
1790053423.693,research-api-nginx-1,nginx,22.63,15.05
1790053423.693,research-api-orders-service-1,orders-service,31.06,13.39
1790053423.693,research-api-grafana-1,grafana,0.05,45.16
1790053423.693,research-api-inventory-service-1,inventory-service,5.52,9.98
1790053423.693,research-api-products-service-1,products-service,16.86,11.68
1790053423.693,research-api-users-service-1,users-service,16.83,10.55
1790053423.693,research-api-postgres-1,postgres,22.72,80.76
1790053423.693,research-api-prometheus-1,prometheus,0.02,35.42
1790053423.693,research-api-cadvisor-1,cadvisor,0.0,18.25
1790053428.664,research-api-nginx-1,nginx,20.18,15.54
1790053428.664,research-api-orders-service-1,orders-service,25.36,13.3
1790053428.664,research-api-grafana-1,grafana,0.4,45.18
1790053428.664,research-api-inventory-service-1,inventory-service,4.13,9.277
1790053428.664,research-api-products-service-1,products-service,16.0,12.31
1790053428.664,research-api-users-service-1,users-service,16.69,11.21
1790053428.664,research-api-postgres-1,postgres,18.0,81.44
1790053428.664,research-api-prometheus-1,prometheus,0.18,35.71
1790053428.664,research-api-cadvisor-1,cadvisor,0.03,17.57
1790053433.664,research-api-nginx-1,nginx,24.23,15.88
1790053433.664,research-api-orders-service-1,orders-service,35.32,13.28
1790053433.664,research-api-grafana-1,grafana,0.04,45.21
1790053433.664,research-api-inventory-service-1,inventory-service,6.59,9.16
1790053433.664,research-api-products-service-1,products-service,20.69,11.9
1790053433.664,research-api-users-service-1,users-service,18.87,10.14
1790053433.664,research-api-postgres-1,postgres,24.53,84.52
1790053433.664,research-api-prometheus-1,prometheus,0.03,35.71
1790053433.664,research-api-cadvisor-1,cadvisor,0.0,17.57
1790053438.672,research-api-nginx-1,nginx,21.72,15.85
1790053438.672,research-api-orders-service-1,orders-service,31.18,13.75
1790053438.672,research-api-grafana-1,grafana,0.59,45.28
1790053438.672,research-api-inventory-service-1,inventory-service,3.87,9.051
1790053438.672,research-api-products-service-1,products-service,20.62,13.07
1790053438.672,research-api-users-service-1,users-service,16.07,10.46
1790053438.672,research-api-postgres-1,postgres,20.82,85.22
1790053438.672,research-api-prometheus-1,prometheus,0.24,37.12
1790053438.672,research-api-cadvisor-1,cadvisor,0.66,18.25
1790053443.662,research-api-nginx-1,nginx,25.94,16.04
1790053443.662,research-api-orders-service-1,orders-service,35.66,14.45
1790053443.662,research-api-grafana-1,grafana,0.06,45.28
1790053443.662,research-api-inventory-service-1,inventory-service,4.32,9.48
1790053443.662,research-api-products-service-1,products-service,20.95,12.68
1790053443.662,research-api-users-service-1,users-service,19.94,10.54
1790053443.662,research-api-postgres-1,postgres,23.89,86.41
1790053443.662,research-api-prometheus-1,prometheus,0.05,36.62
1790053443.662,research-api-cadvisor-1,cadvisor,0.0,18.25
1790053448.668,research-api-nginx-1,nginx,24.66,15.61
1790053448.668,research-api-orders-service-1,orders-service,34.95,14.8
1790053448.668,research-api-grafana-1,grafana,0.57,45.32
1790053448.668,research-api-inventory-service-1,inventory-service,4.42,9.965
1790053448.668,research-api-products-service-1,products-service,21.42,13.29
1790053448.668,research-api-users-service-1,users-service,20.35,11.38
1790053448.668,research-api-postgres-1,postgres,23.38,85.32
1790053448.668,research-api-prometheus-1,prometheus,0.21,37.26
1790053448.668,research-api-cadvisor-1,cadvisor,0.02,18.4
1790053453.686,research-api-nginx-1,nginx,25.38,16.01
1790053453.686,research-api-orders-service-1,orders-service,33.95,13.96
1790053453.686,research-api-grafana-1,grafana,0.07,45.58
1790053453.686,research-api-inventory-service-1,inventory-service,5.4,8.91
1790053453.686,research-api-products-service-1,products-service,22.21,12.46
1790053453.686,research-api-users-service-1,users-service,20.3,11.12
1790053453.686,research-api-postgres-1,postgres,23.34,85.02
1790053453.686,research-api-prometheus-1,prometheus,0.04,37.27
1790053453.686,research-api-cadvisor-1,cadvisor,0.0,18.4
1790053458.669,research-api-nginx-1,nginx,23.69,15.98
1790053458.669,research-api-orders-service-1,orders-service,28.12,13.92
1790053458.669,research-api-grafana-1,grafana,0.48,45.64
1790053458.669,research-api-inventory-service-1,inventory-service,5.85,10.2
1790053458.669,research-api-products-service-1,products-service,24.98,14.13
1790053458.669,research-api-users-service-1,users-service,18.03,12.19
1790053458.669,research-api-postgres-1,postgres,22.84,87.68
1790053458.669,research-api-prometheus-1,prometheus,0.19,37.45
1790053458.669,research-api-cadvisor-1,cadvisor,0.02,18.91
1790053463.666,research-api-nginx-1,nginx,21.31,16.65
1790053463.666,research-api-orders-service-1,orders-service,28.06,16.07
1790053463.666,research-api-grafana-1,grafana,0.04,45.66
1790053463.666,research-api-inventory-service-1,inventory-service,4.42,9.867
1790053463.666,research-api-products-service-1,products-service,16.22,11.97
1790053463.666,research-api-users-service-1,users-service,16.1,11.62
1790053463.666,research-api-postgres-1,postgres,20.6,87.87
1790053463.666,research-api-prometheus-1,prometheus,0.03,37.45
1790053463.666,research-api-cadvisor-1,cadvisor,0.0,18.91
1790053468.664,research-api-nginx-1,nginx,24.33,15.43
1790053468.664,research-api-orders-service-1,orders-service,35.16,14.17
1790053468.664,research-api-grafana-1,grafana,0.04,45.66
1790053468.664,research-api-inventory-service-1,inventory-service,4.45,9.461
1790053468.664,research-api-products-service-1,products-service,19.44,13.2
1790053468.664,research-api-users-service-1,users-service,17.33,10.52
1790053468.664,research-api-postgres-1,postgres,22.36,87.73
1790053468.664,research-api-prometheus-1,prometheus,0.3,37.75
1790053468.664,research-api-cadvisor-1,cadvisor,2.67,19.0
1790053473.682,research-api-nginx-1,nginx,23.08,15.11
1790053473.682,research-api-orders-service-1,orders-service,38.13,14.16
1790053473.682,research-api-grafana-1,grafana,0.07,46.35
1790053473.682,research-api-inventory-service-1,inventory-service,4.31,8.832
1790053473.682,research-api-products-service-1,products-service,17.82,12.29
1790053473.682,research-api-users-service-1,users-service,19.63,11.17
1790053473.682,research-api-postgres-1,postgres,23.55,87.12
1790053473.682,research-api-prometheus-1,prometheus,0.04,37.5
1790053473.682,research-api-cadvisor-1,cadvisor,0.0,19.0
1790053478.671,research-api-nginx-1,nginx,24.48,15.16
1790053478.671,research-api-orders-service-1,orders-service,33.18,14.68
1790053478.671,research-api-grafana-1,grafana,0.74,46.37
1790053478.671,research-api-inventory-service-1,inventory-service,5.88,9.762
1790053478.671,research-api-products-service-1,products-service,19.36,13.4
1790053478.671,research-api-users-service-1,users-service,18.63,11.18
1790053478.671,research-api-postgres-1,postgres,22.61,87.22
1790053478.671,research-api-prometheus-1,prometheus,0.17,37.52
1790053478.671,research-api-cadvisor-1,cadvisor,0.02,20.06
1790053483.673,research-api-nginx-1,nginx,23.93,14.97
1790053483.673,research-api-orders-service-1,orders-service,32.7,13.87
1790053483.673,research-api-grafana-1,grafana,0.08,46.37
1790053483.673,research-api-inventory-service-1,inventory-service,5.72,9.281
1790053483.673,research-api-products-service-1,products-service,21.44,12.84
1790053483.673,research-api-users-service-1,users-service,19.01,11.27
1790053483.673,research-api-postgres-1,postgres,26.07,89.64
1790053483.673,research-api-prometheus-1,prometheus,0.04,37.52
1790053483.673,research-api-cadvisor-1,cadvisor,0.0,20.06
1790053488.698,research-api-nginx-1,nginx,21.41,15.75
1790053488.698,research-api-orders-service-1,orders-service,31.6,14.21
1790053488.698,research-api-grafana-1,grafana,0.33,46.39
1790053488.698,research-api-inventory-service-1,inventory-service,5.11,9.031
1790053488.698,research-api-products-service-1,products-service,17.57,12.96
1790053488.698,research-api-users-service-1,users-service,18.03,10.41
1790053488.698,research-api-postgres-1,postgres,20.43,88.77
1790053488.698,research-api-prometheus-1,prometheus,0.16,38.41
1790053488.698,research-api-cadvisor-1,cadvisor,0.01,19.2
1790053493.693,research-api-nginx-1,nginx,20.99,16.04
1790053493.693,research-api-orders-service-1,orders-service,34.29,14.02
1790053493.693,research-api-grafana-1,grafana,0.06,46.39
1790053493.693,research-api-inventory-service-1,inventory-service,5.32,9.059
1790053493.693,research-api-products-service-1,products-service,17.49,12.48
1790053493.693,research-api-users-service-1,users-service,16.51,10.5
1790053493.693,research-api-postgres-1,postgres,19.7,88.63
1790053493.693,research-api-prometheus-1,prometheus,0.04,38.16
1790053493.693,research-api-cadvisor-1,cadvisor,0.0,19.2
1790053498.687,research-api-nginx-1,nginx,19.61,16.34
1790053498.687,research-api-orders-service-1,orders-service,25.95,15.02
1790053498.687,research-api-grafana-1,grafana,0.8,46.66
1790053498.687,research-api-inventory-service-1,inventory-service,3.05,9.531
1790053498.687,research-api-products-service-1,products-service,16.7,13.68
1790053498.687,research-api-users-service-1,users-service,15.05,11.42
1790053498.687,research-api-postgres-1,postgres,19.4,90.43
1790053498.687,research-api-prometheus-1,prometheus,0.18,38.42
1790053498.687,research-api-cadvisor-1,cadvisor,0.75,19.21
1790053503.692,research-api-nginx-1,nginx,25.29,15.39
1790053503.692,research-api-orders-service-1,orders-service,34.16,14.5
1790053503.692,research-api-grafana-1,grafana,0.08,46.41
1790053503.692,research-api-inventory-service-1,inventory-service,5.03,9.301
1790053503.692,research-api-products-service-1,products-service,19.25,12.21
1790053503.692,research-api-users-service-1,users-service,21.15,10.78
1790053503.692,research-api-postgres-1,postgres,23.49,89.96
1790053503.692,research-api-prometheus-1,prometheus,0.03,38.17
1790053503.692,research-api-cadvisor-1,cadvisor,0.0,19.21
1790053508.673,research-api-nginx-1,nginx,22.14,16.84
1790053508.673,research-api-orders-service-1,orders-service,39.44,15.58
1790053508.673,research-api-grafana-1,grafana,0.51,46.41
1790053508.673,research-api-inventory-service-1,inventory-service,3.85,9.559
1790053508.673,research-api-products-service-1,products-service,18.63,13.77
1790053508.673,research-api-users-service-1,users-service,18.78,11.98
1790053508.673,research-api-postgres-1,postgres,23.77,89.97
1790053508.673,research-api-prometheus-1,prometheus,0.19,38.23
1790053508.673,research-api-cadvisor-1,cadvisor,0.04,18.66
1790053513.675,research-api-nginx-1,nginx,24.73,16.54
1790053513.675,research-api-orders-service-1,orders-service,36.7,15.41
1790053513.675,research-api-grafana-1,grafana,0.1,46.41
1790053513.675,research-api-inventory-service-1,inventory-service,6.12,9.891
1790053513.675,research-api-products-service-1,products-service,20.27,13.21
1790053513.675,research-api-users-service-1,users-service,18.14,11.85
1790053513.675,research-api-postgres-1,postgres,24.45,89.59
1790053513.675,research-api-prometheus-1,prometheus,0.05,38.23
1790053513.675,research-api-cadvisor-1,cadvisor,0.0,18.66
1790053518.673,research-api-nginx-1,nginx,28.26,16.59
1790053518.673,research-api-orders-service-1,orders-service,31.92,14.96
1790053518.673,research-api-grafana-1,grafana,0.56,46.44
1790053518.673,research-api-inventory-service-1,inventory-service,6.14,9.484
1790053518.673,research-api-products-service-1,products-service,24.97,14.3
1790053518.673,research-api-users-service-1,users-service,19.89,11.57
1790053518.673,research-api-postgres-1,postgres,20.97,89.41
1790053518.673,research-api-prometheus-1,prometheus,0.23,38.25
1790053518.673,research-api-cadvisor-1,cadvisor,0.02,19.32
1790053523.681,research-api-nginx-1,nginx,21.56,15.07
1790053523.681,research-api-orders-service-1,orders-service,29.49,13.81
1790053523.681,research-api-grafana-1,grafana,0.06,46.44
1790053523.681,research-api-inventory-service-1,inventory-service,4.57,10.18
1790053523.681,research-api-products-service-1,products-service,18.58,13.41
1790053523.681,research-api-users-service-1,users-service,18.61,10.8
1790053523.681,research-api-postgres-1,postgres,20.98,90.59
1790053523.681,research-api-prometheus-1,prometheus,0.07,38.25
1790053523.681,research-api-cadvisor-1,cadvisor,0.0,19.32
1790053528.706,research-api-nginx-1,nginx,21.21,15.88
1790053528.706,research-api-orders-service-1,orders-service,32.03,16.3
1790053528.706,research-api-grafana-1,grafana,1.61,46.5
1790053528.706,research-api-inventory-service-1,inventory-service,4.37,9.809
1790053528.706,research-api-products-service-1,products-service,18.94,13.59
1790053528.706,research-api-users-service-1,users-service,17.65,11.61
1790053528.706,research-api-postgres-1,postgres,18.64,89.75
1790053528.706,research-api-prometheus-1,prometheus,0.43,38.39
1790053528.706,research-api-cadvisor-1,cadvisor,3.66,20.07
1790053533.694,research-api-nginx-1,nginx,26.03,16.11
1790053533.694,research-api-orders-service-1,orders-service,29.18,15.56
1790053533.694,research-api-grafana-1,grafana,0.05,46.5
1790053533.694,research-api-inventory-service-1,inventory-service,4.1,9.594
1790053533.694,research-api-products-service-1,products-service,20.64,13.43
1790053533.694,research-api-users-service-1,users-service,20.43,10.82
1790053533.694,research-api-postgres-1,postgres,21.74,91.66
1790053533.694,research-api-prometheus-1,prometheus,0.04,38.39
1790053533.694,research-api-cadvisor-1,cadvisor,0.0,20.07
1790053538.688,research-api-nginx-1,nginx,22.07,16.94
1790053538.688,research-api-orders-service-1,orders-service,37.09,15.34
1790053538.688,research-api-grafana-1,grafana,0.46,46.5
1790053538.688,research-api-inventory-service-1,inventory-service,4.47,9.25
1790053538.688,research-api-products-service-1,products-service,18.37,13.84
1790053538.688,research-api-users-service-1,users-service,20.71,11.29
1790053538.688,research-api-postgres-1,postgres,21.96,91.82
1790053538.688,research-api-prometheus-1,prometheus,0.2,38.43
1790053538.688,research-api-cadvisor-1,cadvisor,0.01,18.86
1790053543.695,research-api-nginx-1,nginx,24.28,15.82
1790053543.695,research-api-orders-service-1,orders-service,37.31,14.94
1790053543.695,research-api-grafana-1,grafana,0.07,46.5
1790053543.695,research-api-inventory-service-1,inventory-service,6.48,9.598
1790053543.695,research-api-products-service-1,products-service,19.03,13.74
1790053543.695,research-api-users-service-1,users-service,17.54,11.54
1790053543.695,research-api-postgres-1,postgres,22.4,91.27
1790053543.695,research-api-prometheus-1,prometheus,0.03,38.44
1790053543.695,research-api-cadvisor-1,cadvisor,0.0,18.86
1790053548.691,research-api-nginx-1,nginx,24.55,16.18
1790053548.691,research-api-orders-service-1,orders-service,38.95,14.43
1790053548.691,research-api-grafana-1,grafana,0.33,46.5
1790053548.691,research-api-inventory-service-1,inventory-service,4.67,9.711
1790053548.691,research-api-products-service-1,products-service,21.41,13.45
1790053548.691,research-api-users-service-1,users-service,21.63,11.31
1790053548.691,research-api-postgres-1,postgres,23.57,90.27
1790053548.691,research-api-prometheus-1,prometheus,0.23,38.44
1790053548.691,research-api-cadvisor-1,cadvisor,0.02,18.46
1790053553.701,research-api-nginx-1,nginx,19.67,15.95
1790053553.701,research-api-orders-service-1,orders-service,27.75,15.55
1790053553.701,research-api-grafana-1,grafana,0.06,46.5
1790053553.701,research-api-inventory-service-1,inventory-service,3.56,9.883
1790053553.701,research-api-products-service-1,products-service,18.75,14.13
1790053553.701,research-api-users-service-1,users-service,16.88,12.18
1790053553.701,research-api-postgres-1,postgres,20.21,91.32
1790053553.701,research-api-prometheus-1,prometheus,0.04,38.44
1790053553.701,research-api-cadvisor-1,cadvisor,0.0,18.46
1790053558.688,research-api-nginx-1,nginx,25.52,16.38
1790053558.688,research-api-orders-service-1,orders-service,37.99,15.04
1790053558.688,research-api-grafana-1,grafana,0.56,46.5
1790053558.688,research-api-inventory-service-1,inventory-service,5.15,9.676
1790053558.688,research-api-products-service-1,products-service,21.53,14.45
1790053558.688,research-api-users-service-1,users-service,19.77,11.48
1790053558.688,research-api-postgres-1,postgres,24.49,91.6
1790053558.688,research-api-prometheus-1,prometheus,1.4,38.45
1790053558.688,research-api-cadvisor-1,cadvisor,1.53,18.05
1790053563.678,research-api-nginx-1,nginx,25.53,16.72
1790053563.678,research-api-orders-service-1,orders-service,38.36,14.54
1790053563.678,research-api-grafana-1,grafana,0.09,46.5
1790053563.678,research-api-inventory-service-1,inventory-service,5.55,10.05
1790053563.678,research-api-products-service-1,products-service,21.63,13.98
1790053563.678,research-api-users-service-1,users-service,21.39,12.05
1790053563.678,research-api-postgres-1,postgres,24.35,90.78
1790053563.678,research-api-prometheus-1,prometheus,0.04,38.45
1790053563.678,research-api-cadvisor-1,cadvisor,0.0,18.05
1790053568.693,research-api-nginx-1,nginx,22.78,15.64
1790053568.693,research-api-orders-service-1,orders-service,37.82,14.86
1790053568.693,research-api-grafana-1,grafana,0.42,46.5
1790053568.693,research-api-inventory-service-1,inventory-service,4.56,9.828
1790053568.693,research-api-products-service-1,products-service,19.6,12.8
1790053568.693,research-api-users-service-1,users-service,19.64,12.09
1790053568.693,research-api-postgres-1,postgres,24.03,91.31
1790053568.693,research-api-prometheus-1,prometheus,0.22,38.46
1790053568.693,research-api-cadvisor-1,cadvisor,0.02,18.7
1790053573.679,research-api-nginx-1,nginx,26.35,16.89
1790053573.679,research-api-orders-service-1,orders-service,32.19,15.36
1790053573.679,research-api-grafana-1,grafana,0.04,46.51
1790053573.679,research-api-inventory-service-1,inventory-service,6.69,9.48
1790053573.679,research-api-products-service-1,products-service,21.37,12.87
1790053573.679,research-api-users-service-1,users-service,18.84,11.66
1790053573.679,research-api-postgres-1,postgres,23.37,91.71
1790053573.679,research-api-prometheus-1,prometheus,0.05,38.46
1790053573.679,research-api-cadvisor-1,cadvisor,0.0,18.7
1790053578.693,research-api-nginx-1,nginx,21.55,15.22
1790053578.693,research-api-orders-service-1,orders-service,29.3,14.85
1790053578.693,research-api-grafana-1,grafana,0.55,46.51
1790053578.693,research-api-inventory-service-1,inventory-service,4.15,9.969
1790053578.693,research-api-products-service-1,products-service,18.12,13.12
1790053578.693,research-api-users-service-1,users-service,18.04,11.52
1790053578.693,research-api-postgres-1,postgres,20.01,91.11
1790053578.693,research-api-prometheus-1,prometheus,0.21,38.46
1790053578.693,research-api-cadvisor-1,cadvisor,0.02,18.71
1790053583.71,research-api-nginx-1,nginx,20.39,15.16
1790053583.71,research-api-orders-service-1,orders-service,32.42,14.11
1790053583.71,research-api-grafana-1,grafana,0.04,46.51
1790053583.71,research-api-inventory-service-1,inventory-service,3.89,9.559
1790053583.71,research-api-products-service-1,products-service,16.35,12.37
1790053583.71,research-api-users-service-1,users-service,18.62,12.52
1790053583.71,research-api-postgres-1,postgres,20.91,93.9
1790053583.71,research-api-prometheus-1,prometheus,0.07,38.46
1790053583.71,research-api-cadvisor-1,cadvisor,0.0,18.71
1790053588.711,research-api-nginx-1,nginx,25.11,15.92
1790053588.711,research-api-orders-service-1,orders-service,42.73,15.07
1790053588.711,research-api-grafana-1,grafana,1.34,46.52
1790053588.711,research-api-inventory-service-1,inventory-service,4.37,9.445
1790053588.711,research-api-products-service-1,products-service,23.55,14.46
1790053588.711,research-api-users-service-1,users-service,21.14,11.7
1790053588.711,research-api-postgres-1,postgres,26.01,94.5
1790053588.711,research-api-prometheus-1,prometheus,0.35,38.49
1790053588.711,research-api-cadvisor-1,cadvisor,2.52,18.86
1790053593.732,research-api-nginx-1,nginx,23.36,16.36
1790053593.732,research-api-orders-service-1,orders-service,33.17,14.92
1790053593.732,research-api-grafana-1,grafana,0.06,43.56
1790053593.732,research-api-inventory-service-1,inventory-service,5.68,9.895
1790053593.732,research-api-products-service-1,products-service,19.26,13.39
1790053593.732,research-api-users-service-1,users-service,20.8,12.99
1790053593.732,research-api-postgres-1,postgres,23.78,94.88
1790053593.732,research-api-prometheus-1,prometheus,0.03,38.48
1790053593.732,research-api-cadvisor-1,cadvisor,0.0,18.85
1790053598.73,research-api-nginx-1,nginx,21.71,16.73
1790053598.73,research-api-orders-service-1,orders-service,31.48,15.05
1790053598.73,research-api-grafana-1,grafana,0.73,43.56
1790053598.73,research-api-inventory-service-1,inventory-service,4.95,9.961
1790053598.73,research-api-products-service-1,products-service,18.15,15.0
1790053598.73,research-api-users-service-1,users-service,17.4,12.37
1790053598.73,research-api-postgres-1,postgres,19.44,95.11
1790053598.73,research-api-prometheus-1,prometheus,0.17,38.49
1790053598.73,research-api-cadvisor-1,cadvisor,0.02,18.3
1790053603.733,research-api-nginx-1,nginx,23.59,16.59
1790053603.733,research-api-orders-service-1,orders-service,33.88,16.46
1790053603.733,research-api-grafana-1,grafana,0.08,43.56
1790053603.733,research-api-inventory-service-1,inventory-service,5.52,10.42
1790053603.733,research-api-products-service-1,products-service,19.46,13.21
1790053603.733,research-api-users-service-1,users-service,19.61,13.15
1790053603.733,research-api-postgres-1,postgres,22.01,95.16
1790053603.733,research-api-prometheus-1,prometheus,0.04,38.48
1790053603.733,research-api-cadvisor-1,cadvisor,0.0,18.3
1790053608.716,research-api-nginx-1,nginx,25.68,16.69
1790053608.716,research-api-orders-service-1,orders-service,36.22,14.45
1790053608.716,research-api-grafana-1,grafana,0.76,43.56
1790053608.716,research-api-inventory-service-1,inventory-service,4.59,9.875
1790053608.716,research-api-products-service-1,products-service,23.05,14.15
1790053608.716,research-api-users-service-1,users-service,19.13,12.48
1790053608.716,research-api-postgres-1,postgres,18.6,95.69
1790053608.716,research-api-prometheus-1,prometheus,0.22,38.51
1790053608.716,research-api-cadvisor-1,cadvisor,0.02,18.43
1790053613.71,research-api-nginx-1,nginx,21.97,16.05
1790053613.71,research-api-orders-service-1,orders-service,35.02,15.36
1790053613.71,research-api-grafana-1,grafana,0.08,43.56
1790053613.71,research-api-inventory-service-1,inventory-service,3.73,9.691
1790053613.71,research-api-products-service-1,products-service,18.24,13.29
1790053613.71,research-api-users-service-1,users-service,17.73,11.38
1790053613.71,research-api-postgres-1,postgres,21.9,95.28
1790053613.71,research-api-prometheus-1,prometheus,0.03,38.5
1790053613.71,research-api-cadvisor-1,cadvisor,0.0,18.43
1790053618.694,research-api-nginx-1,nginx,25.65,16.41
1790053618.694,research-api-orders-service-1,orders-service,33.64,14.02
1790053618.694,research-api-grafana-1,grafana,0.61,43.56
1790053618.694,research-api-inventory-service-1,inventory-service,4.78,10.52
1790053618.694,research-api-products-service-1,products-service,24.24,14.55
1790053618.694,research-api-users-service-1,users-service,20.93,12.27
1790053618.694,research-api-postgres-1,postgres,22.51,95.71
1790053618.694,research-api-prometheus-1,prometheus,0.24,38.75
1790053618.694,research-api-cadvisor-1,cadvisor,0.72,18.49
1790053623.694,research-api-nginx-1,nginx,28.11,15.59
1790053623.694,research-api-orders-service-1,orders-service,40.31,14.16
1790053623.694,research-api-grafana-1,grafana,0.06,43.56
1790053623.694,research-api-inventory-service-1,inventory-service,5.73,10.35
1790053623.694,research-api-products-service-1,products-service,22.14,14.43
1790053623.694,research-api-users-service-1,users-service,21.47,12.7
1790053623.694,research-api-postgres-1,postgres,26.06,95.46
1790053623.694,research-api-prometheus-1,prometheus,0.19,38.51
1790053623.694,research-api-cadvisor-1,cadvisor,0.0,18.49
1790053628.697,research-api-nginx-1,nginx,27.41,16.7
1790053628.697,research-api-orders-service-1,orders-service,37.07,15.76
1790053628.697,research-api-grafana-1,grafana,0.45,43.56
1790053628.697,research-api-inventory-service-1,inventory-service,5.96,10.64
1790053628.697,research-api-products-service-1,products-service,23.26,15.25
1790053628.697,research-api-users-service-1,users-service,21.9,12.87
1790053628.697,research-api-postgres-1,postgres,25.63,94.82
1790053628.697,research-api-prometheus-1,prometheus,0.2,38.83
1790053628.697,research-api-cadvisor-1,cadvisor,0.02,19.13
1790053633.694,research-api-nginx-1,nginx,21.77,16.83
1790053633.694,research-api-orders-service-1,orders-service,27.92,15.27
1790053633.694,research-api-grafana-1,grafana,0.08,43.56
1790053633.694,research-api-inventory-service-1,inventory-service,4.73,9.438
1790053633.694,research-api-products-service-1,products-service,18.57,13.82
1790053633.694,research-api-users-service-1,users-service,18.02,13.03
1790053633.694,research-api-postgres-1,postgres,19.65,95.33
1790053633.694,research-api-prometheus-1,prometheus,0.03,38.58
1790053633.694,research-api-cadvisor-1,cadvisor,0.0,19.13
1790053638.697,research-api-nginx-1,nginx,27.29,16.01
1790053638.697,research-api-orders-service-1,orders-service,40.49,14.9
1790053638.697,research-api-grafana-1,grafana,0.46,43.56
1790053638.697,research-api-inventory-service-1,inventory-service,5.4,9.438
1790053638.697,research-api-products-service-1,products-service,23.06,14.9
1790053638.697,research-api-users-service-1,users-service,20.63,12.36
1790053638.697,research-api-postgres-1,postgres,24.93,96.05
1790053638.697,research-api-prometheus-1,prometheus,0.21,38.59
1790053638.697,research-api-cadvisor-1,cadvisor,0.02,19.3
1790053643.684,research-api-nginx-1,nginx,21.2,16.45
1790053643.684,research-api-orders-service-1,orders-service,28.77,15.04
1790053643.684,research-api-grafana-1,grafana,0.05,43.56
1790053643.684,research-api-inventory-service-1,inventory-service,5.54,10.81
1790053643.684,research-api-products-service-1,products-service,16.68,14.06
1790053643.684,research-api-users-service-1,users-service,16.29,13.04
1790053643.684,research-api-postgres-1,postgres,19.54,95.92
1790053643.684,research-api-prometheus-1,prometheus,0.03,38.59
1790053643.684,research-api-cadvisor-1,cadvisor,0.0,19.3
1790053648.726,research-api-nginx-1,nginx,25.29,16.54
1790053648.726,research-api-orders-service-1,orders-service,43.69,14.62
1790053648.726,research-api-grafana-1,grafana,1.36,43.58
1790053648.726,research-api-inventory-service-1,inventory-service,4.64,9.883
1790053648.726,research-api-products-service-1,products-service,24.6,13.96
1790053648.726,research-api-users-service-1,users-service,20.89,12.56
1790053648.726,research-api-postgres-1,postgres,26.4,95.93
1790053648.726,research-api-prometheus-1,prometheus,1.64,38.68
1790053648.726,research-api-cadvisor-1,cadvisor,5.31,17.97
1790053653.703,research-api-nginx-1,nginx,20.39,15.32
1790053653.703,research-api-orders-service-1,orders-service,27.75,14.41
1790053653.703,research-api-grafana-1,grafana,0.07,43.59
1790053653.703,research-api-inventory-service-1,inventory-service,5.25,9.578
1790053653.703,research-api-products-service-1,products-service,23.31,14.19
1790053653.703,research-api-users-service-1,users-service,21.99,12.58
1790053653.703,research-api-postgres-1,postgres,26.57,95.34
1790053653.703,research-api-prometheus-1,prometheus,0.03,38.68
1790053653.703,research-api-cadvisor-1,cadvisor,0.0,17.97
1790053658.733,research-api-nginx-1,nginx,22.98,15.76
1790053658.733,research-api-orders-service-1,orders-service,32.41,15.52
1790053658.733,research-api-grafana-1,grafana,0.06,43.59
1790053658.733,research-api-inventory-service-1,inventory-service,5.34,9.445
1790053658.733,research-api-products-service-1,products-service,20.15,13.82
1790053658.733,research-api-users-service-1,users-service,17.46,12.53
1790053658.733,research-api-postgres-1,postgres,20.31,95.39
1790053658.733,research-api-prometheus-1,prometheus,0.16,38.7
1790053658.733,research-api-cadvisor-1,cadvisor,0.03,17.98
1790053663.737,research-api-nginx-1,nginx,22.45,16.38
1790053663.737,research-api-orders-service-1,orders-service,28.15,14.62
1790053663.737,research-api-grafana-1,grafana,0.08,43.59
1790053663.737,research-api-inventory-service-1,inventory-service,5.27,10.26
1790053663.737,research-api-products-service-1,products-service,17.44,13.97
1790053663.737,research-api-users-service-1,users-service,19.03,13.03
1790053663.737,research-api-postgres-1,postgres,19.47,96.06
1790053663.737,research-api-prometheus-1,prometheus,0.04,38.69
1790053663.737,research-api-cadvisor-1,cadvisor,0.0,17.98
1790053668.72,research-api-nginx-1,nginx,28.77,16.68
1790053668.72,research-api-orders-service-1,orders-service,43.31,15.48
1790053668.72,research-api-grafana-1,grafana,0.66,43.59
1790053668.72,research-api-inventory-service-1,inventory-service,4.42,9.535
1790053668.72,research-api-products-service-1,products-service,21.59,14.04
1790053668.72,research-api-users-service-1,users-service,22.66,12.78
1790053668.72,research-api-postgres-1,postgres,25.03,95.73
1790053668.72,research-api-prometheus-1,prometheus,0.22,38.95
1790053668.72,research-api-cadvisor-1,cadvisor,0.02,18.63
1790053673.71,research-api-nginx-1,nginx,20.3,16.62
1790053673.71,research-api-orders-service-1,orders-service,29.64,14.9
1790053673.71,research-api-grafana-1,grafana,0.05,43.59
1790053673.71,research-api-inventory-service-1,inventory-service,5.23,10.34
1790053673.71,research-api-products-service-1,products-service,16.24,13.33
1790053673.71,research-api-users-service-1,users-service,16.54,13.13
1790053673.71,research-api-postgres-1,postgres,20.26,96.64
1790053673.71,research-api-prometheus-1,prometheus,0.03,38.7
1790053673.71,research-api-cadvisor-1,cadvisor,0.0,18.63
1790053678.706,research-api-nginx-1,nginx,24.68,17.43
1790053678.706,research-api-orders-service-1,orders-service,34.58,15.39
1790053678.706,research-api-grafana-1,grafana,0.73,43.84
1790053678.706,research-api-inventory-service-1,inventory-service,3.78,10.11
1790053678.706,research-api-products-service-1,products-service,23.11,13.94
1790053678.706,research-api-users-service-1,users-service,18.64,12.02
1790053678.706,research-api-postgres-1,postgres,22.26,96.44
1790053678.706,research-api-prometheus-1,prometheus,0.2,38.72
1790053678.706,research-api-cadvisor-1,cadvisor,0.73,19.28
1790053683.691,research-api-nginx-1,nginx,20.86,16.42
1790053683.691,research-api-orders-service-1,orders-service,27.0,15.34
1790053683.691,research-api-grafana-1,grafana,0.04,43.59
1790053683.691,research-api-inventory-service-1,inventory-service,5.68,10.12
1790053683.691,research-api-products-service-1,products-service,17.99,13.81
1790053683.691,research-api-users-service-1,users-service,16.82,13.01
1790053683.691,research-api-postgres-1,postgres,19.7,95.74
1790053683.691,research-api-prometheus-1,prometheus,0.03,38.71
1790053683.691,research-api-cadvisor-1,cadvisor,0.0,19.28
1790053688.7,research-api-nginx-1,nginx,27.39,16.15
1790053688.7,research-api-orders-service-1,orders-service,39.25,14.46
1790053688.7,research-api-grafana-1,grafana,0.48,43.59
1790053688.7,research-api-inventory-service-1,inventory-service,5.88,11.15
1790053688.7,research-api-products-service-1,products-service,25.14,14.42
1790053688.7,research-api-users-service-1,users-service,22.44,12.4
1790053688.7,research-api-postgres-1,postgres,25.63,96.69
1790053688.7,research-api-prometheus-1,prometheus,0.22,38.71
1790053688.7,research-api-cadvisor-1,cadvisor,0.3,19.29
1790053693.71,research-api-nginx-1,nginx,25.08,16.18
1790053693.71,research-api-orders-service-1,orders-service,36.77,14.29
1790053693.71,research-api-grafana-1,grafana,0.07,43.59
1790053693.71,research-api-inventory-service-1,inventory-service,6.26,10.31
1790053693.71,research-api-products-service-1,products-service,18.28,13.45
1790053693.71,research-api-users-service-1,users-service,19.53,12.21
1790053693.71,research-api-postgres-1,postgres,22.33,95.94
1790053693.71,research-api-prometheus-1,prometheus,0.05,38.71
1790053693.71,research-api-cadvisor-1,cadvisor,0.0,19.29
1790053698.713,research-api-nginx-1,nginx,24.01,16.1
1790053698.713,research-api-orders-service-1,orders-service,33.82,14.1
1790053698.713,research-api-grafana-1,grafana,0.49,43.59
1790053698.713,research-api-inventory-service-1,inventory-service,4.81,9.438
1790053698.713,research-api-products-service-1,products-service,21.21,15.38
1790053698.713,research-api-users-service-1,users-service,19.64,11.63
1790053698.713,research-api-postgres-1,postgres,21.09,97.43
1790053698.713,research-api-prometheus-1,prometheus,0.3,38.72
1790053698.713,research-api-cadvisor-1,cadvisor,0.02,19.3
1790053703.699,research-api-nginx-1,nginx,25.88,15.62
1790053703.699,research-api-orders-service-1,orders-service,34.77,16.0
1790053703.699,research-api-grafana-1,grafana,0.07,43.59
1790053703.699,research-api-inventory-service-1,inventory-service,4.91,9.922
1790053703.699,research-api-products-service-1,products-service,21.58,13.79
1790053703.699,research-api-users-service-1,users-service,21.97,12.88
1790053703.699,research-api-postgres-1,postgres,27.51,97.85
1790053703.699,research-api-prometheus-1,prometheus,0.03,38.72
1790053703.699,research-api-cadvisor-1,cadvisor,0.0,19.3
1790053708.728,research-api-nginx-1,nginx,33.49,16.71
1790053708.728,research-api-orders-service-1,orders-service,50.19,14.94
1790053708.728,research-api-grafana-1,grafana,0.06,43.59
1790053708.728,research-api-inventory-service-1,inventory-service,6.78,9.016
1790053708.728,research-api-products-service-1,products-service,27.95,14.05
1790053708.728,research-api-users-service-1,users-service,27.0,13.16
1790053708.728,research-api-postgres-1,postgres,36.91,99.17
1790053708.728,research-api-prometheus-1,prometheus,0.32,38.73
1790053708.728,research-api-cadvisor-1,cadvisor,2.58,19.88
1790053713.694,research-api-nginx-1,nginx,41.09,17.14
1790053713.694,research-api-orders-service-1,orders-service,61.89,15.25
1790053713.694,research-api-grafana-1,grafana,0.05,43.25
1790053713.694,research-api-inventory-service-1,inventory-service,9.6,10.32
1790053713.694,research-api-products-service-1,products-service,31.07,13.12
1790053713.694,research-api-users-service-1,users-service,31.28,12.39
1790053713.694,research-api-postgres-1,postgres,41.7,99.04
1790053713.694,research-api-prometheus-1,prometheus,0.02,38.73
1790053713.694,research-api-cadvisor-1,cadvisor,0.33,19.88
1790053718.725,research-api-nginx-1,nginx,46.13,16.89
1790053718.725,research-api-orders-service-1,orders-service,67.35,15.56
1790053718.725,research-api-grafana-1,grafana,0.35,43.25
1790053718.725,research-api-inventory-service-1,inventory-service,10.25,10.08
1790053718.725,research-api-products-service-1,products-service,37.35,14.27
1790053718.725,research-api-users-service-1,users-service,35.31,13.39
1790053718.725,research-api-postgres-1,postgres,45.23,98.14
1790053718.725,research-api-prometheus-1,prometheus,0.18,38.73
1790053718.725,research-api-cadvisor-1,cadvisor,0.01,18.89
1790053723.716,research-api-nginx-1,nginx,54.19,17.54
1790053723.716,research-api-orders-service-1,orders-service,65.9,15.38
1790053723.716,research-api-grafana-1,grafana,0.06,43.25
1790053723.716,research-api-inventory-service-1,inventory-service,11.14,10.45
1790053723.716,research-api-products-service-1,products-service,41.49,13.79
1790053723.716,research-api-users-service-1,users-service,39.1,12.6
1790053723.716,research-api-postgres-1,postgres,49.08,99.54
1790053723.716,research-api-prometheus-1,prometheus,0.03,38.73
1790053723.716,research-api-cadvisor-1,cadvisor,0.0,18.89
1790053728.694,research-api-nginx-1,nginx,60.11,17.29
1790053728.694,research-api-orders-service-1,orders-service,86.3,15.19
1790053728.694,research-api-grafana-1,grafana,0.38,43.25
1790053728.694,research-api-inventory-service-1,inventory-service,11.01,9.984
1790053728.694,research-api-products-service-1,products-service,45.86,14.89
1790053728.694,research-api-users-service-1,users-service,43.87,12.67
1790053728.694,research-api-postgres-1,postgres,57.98,99.8
1790053728.694,research-api-prometheus-1,prometheus,0.14,39.37
1790053728.694,research-api-cadvisor-1,cadvisor,0.27,19.58
1790053733.709,research-api-nginx-1,nginx,66.9,17.63
1790053733.709,research-api-orders-service-1,orders-service,92.0,16.71
1790053733.709,research-api-grafana-1,grafana,0.04,43.25
1790053733.709,research-api-inventory-service-1,inventory-service,13.92,10.65
1790053733.709,research-api-products-service-1,products-service,46.89,13.23
1790053733.709,research-api-users-service-1,users-service,45.34,11.66
1790053733.709,research-api-postgres-1,postgres,62.52,99.58
1790053733.709,research-api-prometheus-1,prometheus,0.03,39.37
1790053733.709,research-api-cadvisor-1,cadvisor,0.0,19.58
1790053738.705,research-api-nginx-1,nginx,65.68,18.22
1790053738.705,research-api-orders-service-1,orders-service,85.39,16.21
1790053738.705,research-api-grafana-1,grafana,0.33,43.25
1790053738.705,research-api-inventory-service-1,inventory-service,13.36,9.77
1790053738.705,research-api-products-service-1,products-service,51.65,14.77
1790053738.705,research-api-users-service-1,users-service,45.94,13.48
1790053738.705,research-api-postgres-1,postgres,61.13,100.3
1790053738.705,research-api-prometheus-1,prometheus,0.11,39.38
1790053738.705,research-api-cadvisor-1,cadvisor,0.71,19.62
1790053743.738,research-api-nginx-1,nginx,64.16,18.97
1790053743.738,research-api-orders-service-1,orders-service,89.23,16.25
1790053743.738,research-api-grafana-1,grafana,0.04,43.25
1790053743.738,research-api-inventory-service-1,inventory-service,12.85,10.98
1790053743.738,research-api-products-service-1,products-service,47.69,13.7
1790053743.738,research-api-users-service-1,users-service,48.39,12.3
1790053743.738,research-api-postgres-1,postgres,61.61,99.91
1790053743.738,research-api-prometheus-1,prometheus,0.03,39.37
1790053743.738,research-api-cadvisor-1,cadvisor,0.0,19.62
1790053748.725,research-api-nginx-1,nginx,68.8,19.31
1790053748.725,research-api-orders-service-1,orders-service,89.36,17.53
1790053748.725,research-api-grafana-1,grafana,0.39,43.25
1790053748.725,research-api-inventory-service-1,inventory-service,11.13,9.977
1790053748.725,research-api-products-service-1,products-service,53.94,14.79
1790053748.725,research-api-users-service-1,users-service,47.28,13.0
1790053748.725,research-api-postgres-1,postgres,64.21,100.3
1790053748.725,research-api-prometheus-1,prometheus,0.15,39.37
1790053748.725,research-api-cadvisor-1,cadvisor,0.02,19.71
1790053753.821,research-api-nginx-1,nginx,92.83,19.58
1790053753.821,research-api-orders-service-1,orders-service,120.92,16.84
1790053753.821,research-api-grafana-1,grafana,0.07,43.25
1790053753.821,research-api-inventory-service-1,inventory-service,15.7,10.69
1790053753.821,research-api-products-service-1,products-service,65.92,14.53
1790053753.821,research-api-users-service-1,users-service,68.03,12.58
1790053753.821,research-api-postgres-1,postgres,85.7,100.7
1790053753.821,research-api-prometheus-1,prometheus,0.03,39.37
1790053753.821,research-api-cadvisor-1,cadvisor,0.0,19.71
1790053758.796,research-api-nginx-1,nginx,95.15,19.45
1790053758.796,research-api-orders-service-1,orders-service,120.86,18.3
1790053758.796,research-api-grafana-1,grafana,0.43,43.25
1790053758.796,research-api-inventory-service-1,inventory-service,15.74,10.23
1790053758.796,research-api-products-service-1,products-service,71.5,15.19
1790053758.796,research-api-users-service-1,users-service,64.99,13.84
1790053758.796,research-api-postgres-1,postgres,85.15,100.9
1790053758.796,research-api-prometheus-1,prometheus,0.18,39.38
1790053758.796,research-api-cadvisor-1,cadvisor,0.01,19.76
1790053763.792,research-api-nginx-1,nginx,93.41,19.18
1790053763.792,research-api-orders-service-1,orders-service,249.61,19.17
1790053763.792,research-api-grafana-1,grafana,0.06,43.25
1790053763.792,research-api-inventory-service-1,inventory-service,17.53,10.77
1790053763.792,research-api-products-service-1,products-service,66.83,14.45
1790053763.792,research-api-users-service-1,users-service,62.81,13.73
1790053763.792,research-api-postgres-1,postgres,81.45,110.7
1790053763.792,research-api-prometheus-1,prometheus,0.03,39.38
1790053763.792,research-api-cadvisor-1,cadvisor,0.0,19.76
1790053768.82,research-api-nginx-1,nginx,94.25,19.69
1790053768.82,research-api-orders-service-1,orders-service,253.87,19.12
1790053768.82,research-api-grafana-1,grafana,1.15,43.25
1790053768.82,research-api-inventory-service-1,inventory-service,16.52,10.16
1790053768.82,research-api-products-service-1,products-service,65.43,15.57
1790053768.82,research-api-users-service-1,users-service,63.09,13.37
1790053768.82,research-api-postgres-1,postgres,80.94,111.4
1790053768.82,research-api-prometheus-1,prometheus,1.67,39.39
1790053768.82,research-api-cadvisor-1,cadvisor,3.34,19.9
1790053773.803,research-api-nginx-1,nginx,93.64,19.94
1790053773.803,research-api-orders-service-1,orders-service,156.08,20.65
1790053773.803,research-api-grafana-1,grafana,0.04,43.25
1790053773.803,research-api-inventory-service-1,inventory-service,16.29,10.67
1790053773.803,research-api-products-service-1,products-service,69.8,13.7
1790053773.803,research-api-users-service-1,users-service,65.18,13.14
1790053773.803,research-api-postgres-1,postgres,83.56,113.6
1790053773.803,research-api-prometheus-1,prometheus,0.04,39.39
1790053773.803,research-api-cadvisor-1,cadvisor,0.0,19.9
1790053778.843,research-api-nginx-1,nginx,95.07,20.02
1790053778.843,research-api-orders-service-1,orders-service,117.74,19.8
1790053778.843,research-api-grafana-1,grafana,0.4,43.25
1790053778.843,research-api-inventory-service-1,inventory-service,16.97,10.78
1790053778.843,research-api-products-service-1,products-service,64.87,15.14
1790053778.843,research-api-users-service-1,users-service,65.29,13.03
1790053778.843,research-api-postgres-1,postgres,81.69,113.7
1790053778.843,research-api-prometheus-1,prometheus,0.15,39.39
1790053778.843,research-api-cadvisor-1,cadvisor,0.02,19.91
1790053783.777,research-api-nginx-1,nginx,90.45,20.08
1790053783.777,research-api-orders-service-1,orders-service,112.91,19.48
1790053783.777,research-api-grafana-1,grafana,0.07,43.25
1790053783.777,research-api-inventory-service-1,inventory-service,19.53,10.45
1790053783.777,research-api-products-service-1,products-service,64.29,14.2
1790053783.777,research-api-users-service-1,users-service,64.53,12.84
1790053783.777,research-api-postgres-1,postgres,81.05,113.1
1790053783.777,research-api-prometheus-1,prometheus,0.03,39.39
1790053783.777,research-api-cadvisor-1,cadvisor,0.0,19.91
1790053788.791,research-api-nginx-1,nginx,85.27,20.06
1790053788.791,research-api-orders-service-1,orders-service,104.07,21.54
1790053788.791,research-api-grafana-1,grafana,0.39,43.25
1790053788.791,research-api-inventory-service-1,inventory-service,17.31,10.21
1790053788.791,research-api-products-service-1,products-service,66.35,14.97
1790053788.791,research-api-users-service-1,users-service,57.21,13.59
1790053788.791,research-api-postgres-1,postgres,70.47,114.8
1790053788.791,research-api-prometheus-1,prometheus,0.15,39.39
1790053788.791,research-api-cadvisor-1,cadvisor,0.23,20.56
1790053793.786,research-api-nginx-1,nginx,88.72,20.05
1790053793.786,research-api-orders-service-1,orders-service,190.74,19.09
1790053793.786,research-api-grafana-1,grafana,0.05,43.25
1790053793.786,research-api-inventory-service-1,inventory-service,15.36,10.94
1790053793.786,research-api-products-service-1,products-service,64.68,14.2
1790053793.786,research-api-users-service-1,users-service,58.81,12.95
1790053793.786,research-api-postgres-1,postgres,76.12,117.9
1790053793.786,research-api-prometheus-1,prometheus,0.03,39.39
1790053793.786,research-api-cadvisor-1,cadvisor,0.0,20.56
1790053798.799,research-api-nginx-1,nginx,89.1,19.71
1790053798.799,research-api-orders-service-1,orders-service,102.81,20.2
1790053798.799,research-api-grafana-1,grafana,0.45,43.25
1790053798.799,research-api-inventory-service-1,inventory-service,19.44,10.8
1790053798.799,research-api-products-service-1,products-service,66.25,15.54
1790053798.799,research-api-users-service-1,users-service,64.7,13.6
1790053798.799,research-api-postgres-1,postgres,75.93,118.6
1790053798.799,research-api-prometheus-1,prometheus,0.23,39.4
1790053798.799,research-api-cadvisor-1,cadvisor,0.87,20.36
1790053803.795,research-api-nginx-1,nginx,88.17,20.6
1790053803.795,research-api-orders-service-1,orders-service,113.52,19.8
1790053803.795,research-api-grafana-1,grafana,0.06,43.25
1790053803.795,research-api-inventory-service-1,inventory-service,15.34,10.79
1790053803.795,research-api-products-service-1,products-service,64.21,14.36
1790053803.795,research-api-users-service-1,users-service,59.05,13.0
1790053803.795,research-api-postgres-1,postgres,77.61,118.8
1790053803.795,research-api-prometheus-1,prometheus,0.05,39.4
1790053803.795,research-api-cadvisor-1,cadvisor,0.0,20.41
1790053808.807,research-api-nginx-1,nginx,87.43,20.46
1790053808.807,research-api-orders-service-1,orders-service,107.01,20.75
1790053808.807,research-api-grafana-1,grafana,0.37,43.25
1790053808.807,research-api-inventory-service-1,inventory-service,15.01,9.789
1790053808.807,research-api-products-service-1,products-service,62.77,16.08
1790053808.807,research-api-users-service-1,users-service,64.42,13.58
1790053808.807,research-api-postgres-1,postgres,75.23,120.7
1790053808.807,research-api-prometheus-1,prometheus,0.14,39.4
1790053808.807,research-api-cadvisor-1,cadvisor,0.01,20.44
1790053813.791,research-api-nginx-1,nginx,87.28,20.01
1790053813.791,research-api-orders-service-1,orders-service,108.22,20.13
1790053813.791,research-api-grafana-1,grafana,0.07,43.25
1790053813.791,research-api-inventory-service-1,inventory-service,16.93,11.15
1790053813.791,research-api-products-service-1,products-service,62.49,14.84
1790053813.791,research-api-users-service-1,users-service,62.03,13.02
1790053813.791,research-api-postgres-1,postgres,73.46,121.5
1790053813.791,research-api-prometheus-1,prometheus,0.03,39.43
1790053813.791,research-api-cadvisor-1,cadvisor,0.0,20.44
1790053818.777,research-api-nginx-1,nginx,85.35,19.66
1790053818.777,research-api-orders-service-1,orders-service,107.3,20.51
1790053818.777,research-api-grafana-1,grafana,0.38,43.25
1790053818.777,research-api-inventory-service-1,inventory-service,17.03,10.52
1790053818.777,research-api-products-service-1,products-service,60.31,16.24
1790053818.777,research-api-users-service-1,users-service,58.27,12.71
1790053818.777,research-api-postgres-1,postgres,72.78,121.1
1790053818.777,research-api-prometheus-1,prometheus,0.18,39.43
1790053818.777,research-api-cadvisor-1,cadvisor,0.03,19.07
1790053823.792,research-api-nginx-1,nginx,89.94,20.43
1790053823.792,research-api-orders-service-1,orders-service,109.09,19.66
1790053823.792,research-api-grafana-1,grafana,0.05,43.25
1790053823.792,research-api-inventory-service-1,inventory-service,15.13,10.92
1790053823.792,research-api-products-service-1,products-service,67.46,14.83
1790053823.792,research-api-users-service-1,users-service,60.69,12.52
1790053823.792,research-api-postgres-1,postgres,75.49,121.6
1790053823.792,research-api-prometheus-1,prometheus,0.03,39.43
1790053823.792,research-api-cadvisor-1,cadvisor,0.0,19.07
1790053828.822,research-api-nginx-1,nginx,89.99,19.89
1790053828.822,research-api-orders-service-1,orders-service,255.16,21.96
1790053828.822,research-api-grafana-1,grafana,1.7,43.25
1790053828.822,research-api-inventory-service-1,inventory-service,15.41,10.69
1790053828.822,research-api-products-service-1,products-service,66.59,16.16
1790053828.822,research-api-users-service-1,users-service,55.92,13.53
1790053828.822,research-api-postgres-1,postgres,75.16,121.8
1790053828.822,research-api-prometheus-1,prometheus,0.31,39.43
1790053828.822,research-api-cadvisor-1,cadvisor,3.53,17.53
1790053833.807,research-api-nginx-1,nginx,92.47,19.76
1790053833.807,research-api-orders-service-1,orders-service,245.54,20.12
1790053833.807,research-api-grafana-1,grafana,0.04,43.25
1790053833.807,research-api-inventory-service-1,inventory-service,18.48,11.2
1790053833.807,research-api-products-service-1,products-service,65.6,15.3
1790053833.807,research-api-users-service-1,users-service,59.67,12.89
1790053833.807,research-api-postgres-1,postgres,74.64,121.9
1790053833.807,research-api-prometheus-1,prometheus,0.04,39.43
1790053833.807,research-api-cadvisor-1,cadvisor,0.0,17.53
1790053838.803,research-api-nginx-1,nginx,90.74,20.76
1790053838.803,research-api-orders-service-1,orders-service,268.28,19.84
1790053838.803,research-api-grafana-1,grafana,0.06,43.25
1790053838.803,research-api-inventory-service-1,inventory-service,16.88,9.965
1790053838.803,research-api-products-service-1,products-service,62.72,14.27
1790053838.803,research-api-users-service-1,users-service,58.69,12.02
1790053838.803,research-api-postgres-1,postgres,77.36,122.0
1790053838.803,research-api-prometheus-1,prometheus,0.18,39.43
1790053838.803,research-api-cadvisor-1,cadvisor,0.0,18.18
1790053843.832,research-api-nginx-1,nginx,92.46,20.46
1790053843.832,research-api-orders-service-1,orders-service,115.15,21.07
1790053843.832,research-api-grafana-1,grafana,0.1,43.25
1790053843.832,research-api-inventory-service-1,inventory-service,17.32,10.37
1790053843.832,research-api-products-service-1,products-service,64.96,14.83
1790053843.832,research-api-users-service-1,users-service,62.81,13.17
1790053843.832,research-api-postgres-1,postgres,79.64,123.1
1790053843.832,research-api-prometheus-1,prometheus,0.03,39.43
1790053843.832,research-api-cadvisor-1,cadvisor,0.0,18.18
1790053848.805,research-api-nginx-1,nginx,88.36,20.32
1790053848.805,research-api-orders-service-1,orders-service,106.05,21.27
1790053848.805,research-api-grafana-1,grafana,0.44,43.25
1790053848.805,research-api-inventory-service-1,inventory-service,15.66,9.738
1790053848.805,research-api-products-service-1,products-service,62.31,14.78
1790053848.805,research-api-users-service-1,users-service,60.18,13.11
1790053848.805,research-api-postgres-1,postgres,73.48,123.3
1790053848.805,research-api-prometheus-1,prometheus,0.17,39.43
1790053848.805,research-api-cadvisor-1,cadvisor,0.01,17.82
1790053853.801,research-api-nginx-1,nginx,90.1,19.83
1790053853.801,research-api-orders-service-1,orders-service,114.17,20.84
1790053853.801,research-api-grafana-1,grafana,0.05,43.25
1790053853.801,research-api-inventory-service-1,inventory-service,18.02,10.98
1790053853.801,research-api-products-service-1,products-service,70.33,14.87
1790053853.801,research-api-users-service-1,users-service,61.47,11.85
1790053853.801,research-api-postgres-1,postgres,78.54,122.8
1790053853.801,research-api-prometheus-1,prometheus,0.06,39.43
1790053853.801,research-api-cadvisor-1,cadvisor,0.0,17.82
1790053858.808,research-api-nginx-1,nginx,84.34,19.45
1790053858.808,research-api-orders-service-1,orders-service,142.39,21.82
1790053858.808,research-api-grafana-1,grafana,0.48,43.25
1790053858.808,research-api-inventory-service-1,inventory-service,16.27,10.16
1790053858.808,research-api-products-service-1,products-service,63.16,15.31
1790053858.808,research-api-users-service-1,users-service,55.11,13.43
1790053858.808,research-api-postgres-1,postgres,72.55,123.7
1790053858.808,research-api-prometheus-1,prometheus,0.15,39.43
1790053858.808,research-api-cadvisor-1,cadvisor,0.7,18.87
1790053863.82,research-api-nginx-1,nginx,90.49,20.05
1790053863.82,research-api-orders-service-1,orders-service,104.9,20.5
1790053863.82,research-api-grafana-1,grafana,0.04,43.25
1790053863.82,research-api-inventory-service-1,inventory-service,18.31,10.81
1790053863.82,research-api-products-service-1,products-service,59.64,15.23
1790053863.82,research-api-users-service-1,users-service,57.07,12.35
1790053863.82,research-api-postgres-1,postgres,73.18,124.6
1790053863.82,research-api-prometheus-1,prometheus,0.02,39.43
1790053863.82,research-api-cadvisor-1,cadvisor,0.0,18.87
1790053868.818,research-api-nginx-1,nginx,86.44,20.3
1790053868.818,research-api-orders-service-1,orders-service,104.41,20.75
1790053868.818,research-api-grafana-1,grafana,0.39,43.25
1790053868.818,research-api-inventory-service-1,inventory-service,16.07,10.28
1790053868.818,research-api-products-service-1,products-service,63.4,14.98
1790053868.818,research-api-users-service-1,users-service,63.85,13.42
1790053868.818,research-api-postgres-1,postgres,74.63,124.8
1790053868.818,research-api-prometheus-1,prometheus,0.16,39.43
1790053868.818,research-api-cadvisor-1,cadvisor,0.32,19.05
1790053873.8,research-api-nginx-1,nginx,85.86,19.96
1790053873.8,research-api-orders-service-1,orders-service,100.18,21.69
1790053873.8,research-api-grafana-1,grafana,0.07,43.25
1790053873.8,research-api-inventory-service-1,inventory-service,16.11,10.62
1790053873.8,research-api-products-service-1,products-service,59.43,14.42
1790053873.8,research-api-users-service-1,users-service,56.81,13.15
1790053873.8,research-api-postgres-1,postgres,73.58,124.9
1790053873.8,research-api-prometheus-1,prometheus,0.04,39.43
1790053873.8,research-api-cadvisor-1,cadvisor,0.0,19.05
1790053878.793,research-api-nginx-1,nginx,91.71,19.95
1790053878.793,research-api-orders-service-1,orders-service,105.97,20.89
1790053878.793,research-api-grafana-1,grafana,0.41,43.25
1790053878.793,research-api-inventory-service-1,inventory-service,16.66,9.855
1790053878.793,research-api-products-service-1,products-service,63.2,15.07
1790053878.793,research-api-users-service-1,users-service,62.13,13.96
1790053878.793,research-api-postgres-1,postgres,78.06,125.6
1790053878.793,research-api-prometheus-1,prometheus,0.18,39.44
1790053878.793,research-api-cadvisor-1,cadvisor,0.01,19.34
1790053883.799,research-api-nginx-1,nginx,84.29,19.89
1790053883.799,research-api-orders-service-1,orders-service,98.87,20.65
1790053883.799,research-api-grafana-1,grafana,0.05,43.25
1790053883.799,research-api-inventory-service-1,inventory-service,15.93,10.7
1790053883.799,research-api-products-service-1,products-service,60.03,14.45
1790053883.799,research-api-users-service-1,users-service,57.28,13.43
1790053883.799,research-api-postgres-1,postgres,72.05,125.1
1790053883.799,research-api-prometheus-1,prometheus,0.04,39.44
1790053883.799,research-api-cadvisor-1,cadvisor,0.0,19.34
1790053888.808,research-api-nginx-1,nginx,90.69,20.07
1790053888.808,research-api-orders-service-1,orders-service,105.58,19.63
1790053888.808,research-api-grafana-1,grafana,1.08,43.26
1790053888.808,research-api-inventory-service-1,inventory-service,17.49,11.84
1790053888.808,research-api-products-service-1,products-service,68.92,15.85
1790053888.808,research-api-users-service-1,users-service,65.46,12.07
1790053888.808,research-api-postgres-1,postgres,79.69,124.4
1790053888.808,research-api-prometheus-1,prometheus,1.9,37.77
1790053888.808,research-api-cadvisor-1,cadvisor,2.96,20.15
1790053893.839,research-api-nginx-1,nginx,87.48,20.31
1790053893.839,research-api-orders-service-1,orders-service,206.76,22.39
1790053893.839,research-api-grafana-1,grafana,0.04,43.26
1790053893.839,research-api-inventory-service-1,inventory-service,15.23,10.77
1790053893.839,research-api-products-service-1,products-service,63.09,15.19
1790053893.839,research-api-users-service-1,users-service,57.29,13.28
1790053893.839,research-api-postgres-1,postgres,75.82,125.6
1790053893.839,research-api-prometheus-1,prometheus,0.03,37.77
1790053893.839,research-api-cadvisor-1,cadvisor,0.0,20.15
1790053898.828,research-api-nginx-1,nginx,91.01,20.48
1790053898.828,research-api-orders-service-1,orders-service,262.75,22.15
1790053898.828,research-api-grafana-1,grafana,0.32,43.26
1790053898.828,research-api-inventory-service-1,inventory-service,15.76,9.703
1790053898.828,research-api-products-service-1,products-service,60.03,15.32
1790053898.828,research-api-users-service-1,users-service,57.65,13.88
1790053898.828,research-api-postgres-1,postgres,79.59,129.2
1790053898.828,research-api-prometheus-1,prometheus,0.15,37.77
1790053898.828,research-api-cadvisor-1,cadvisor,0.03,20.32
1790053903.842,research-api-nginx-1,nginx,91.78,19.81
1790053903.842,research-api-orders-service-1,orders-service,268.07,21.68
1790053903.842,research-api-grafana-1,grafana,0.06,43.26
1790053903.842,research-api-inventory-service-1,inventory-service,15.92,10.94
1790053903.842,research-api-products-service-1,products-service,65.03,15.14
1790053903.842,research-api-users-service-1,users-service,60.95,13.13
1790053903.842,research-api-postgres-1,postgres,77.4,129.8
1790053903.842,research-api-prometheus-1,prometheus,0.03,37.77
1790053903.842,research-api-cadvisor-1,cadvisor,0.47,20.32
1790053908.848,research-api-nginx-1,nginx,89.97,20.41
1790053908.848,research-api-orders-service-1,orders-service,175.35,21.39
1790053908.848,research-api-grafana-1,grafana,0.44,43.26
1790053908.848,research-api-inventory-service-1,inventory-service,15.58,10.21
1790053908.848,research-api-products-service-1,products-service,69.43,16.56
1790053908.848,research-api-users-service-1,users-service,59.77,13.96
1790053908.848,research-api-postgres-1,postgres,79.85,130.4
1790053908.848,research-api-prometheus-1,prometheus,0.2,37.78
1790053908.848,research-api-cadvisor-1,cadvisor,0.01,20.54
1790053913.849,research-api-nginx-1,nginx,91.74,19.14
1790053913.849,research-api-orders-service-1,orders-service,114.83,20.48
1790053913.849,research-api-grafana-1,grafana,0.05,43.26
1790053913.849,research-api-inventory-service-1,inventory-service,16.72,11.1
1790053913.849,research-api-products-service-1,products-service,61.97,16.45
1790053913.849,research-api-users-service-1,users-service,62.31,12.95
1790053913.849,research-api-postgres-1,postgres,79.34,130.3
1790053913.849,research-api-prometheus-1,prometheus,0.03,37.78
1790053913.849,research-api-cadvisor-1,cadvisor,0.0,20.54
1790053918.829,research-api-nginx-1,nginx,87.83,19.67
1790053918.829,research-api-orders-service-1,orders-service,110.21,20.89
1790053918.829,research-api-grafana-1,grafana,0.38,43.26
1790053918.829,research-api-inventory-service-1,inventory-service,18.88,10.25
1790053918.829,research-api-products-service-1,products-service,62.19,15.77
1790053918.829,research-api-users-service-1,users-service,63.31,12.98
1790053918.829,research-api-postgres-1,postgres,78.33,130.9
1790053918.829,research-api-prometheus-1,prometheus,0.16,37.78
1790053918.829,research-api-cadvisor-1,cadvisor,1.16,20.54
1790053923.815,research-api-nginx-1,nginx,82.16,20.84
1790053923.815,research-api-orders-service-1,orders-service,99.92,21.28
1790053923.815,research-api-grafana-1,grafana,0.05,43.26
1790053923.815,research-api-inventory-service-1,inventory-service,16.12,10.36
1790053923.815,research-api-products-service-1,products-service,59.53,15.8
1790053923.815,research-api-users-service-1,users-service,60.73,13.54
1790053923.815,research-api-postgres-1,postgres,69.13,131.1
1790053923.815,research-api-prometheus-1,prometheus,0.06,37.78
1790053923.815,research-api-cadvisor-1,cadvisor,0.0,20.29
1790053928.831,research-api-nginx-1,nginx,79.82,20.24
1790053928.831,research-api-orders-service-1,orders-service,89.63,22.11
1790053928.831,research-api-grafana-1,grafana,0.41,43.26
1790053928.831,research-api-inventory-service-1,inventory-service,15.65,10.46
1790053928.831,research-api-products-service-1,products-service,59.13,16.18
1790053928.831,research-api-users-service-1,users-service,53.63,13.07
1790053928.831,research-api-postgres-1,postgres,68.99,131.2
1790053928.831,research-api-prometheus-1,prometheus,0.18,37.79
1790053928.831,research-api-cadvisor-1,cadvisor,0.01,20.29
1790053933.834,research-api-nginx-1,nginx,88.42,19.71
1790053933.834,research-api-orders-service-1,orders-service,110.88,21.45
1790053933.834,research-api-grafana-1,grafana,0.14,43.26
1790053933.834,research-api-inventory-service-1,inventory-service,14.34,11.12
1790053933.834,research-api-products-service-1,products-service,68.62,15.77
1790053933.834,research-api-users-service-1,users-service,61.82,13.07
1790053933.834,research-api-postgres-1,postgres,76.0,131.4
1790053933.834,research-api-prometheus-1,prometheus,0.05,37.78
1790053933.834,research-api-cadvisor-1,cadvisor,0.0,20.29
1790053938.826,research-api-nginx-1,nginx,86.15,20.36
1790053938.826,research-api-orders-service-1,orders-service,103.41,20.25
1790053938.826,research-api-grafana-1,grafana,0.36,43.26
1790053938.826,research-api-inventory-service-1,inventory-service,16.14,10.04
1790053938.826,research-api-products-service-1,products-service,64.42,16.11
1790053938.826,research-api-users-service-1,users-service,58.78,13.74
1790053938.826,research-api-postgres-1,postgres,75.0,132.4
1790053938.826,research-api-prometheus-1,prometheus,0.17,38.42
1790053938.826,research-api-cadvisor-1,cadvisor,0.02,20.22
1790053943.85,research-api-nginx-1,nginx,88.09,19.52
1790053943.85,research-api-orders-service-1,orders-service,103.73,21.12
1790053943.85,research-api-grafana-1,grafana,0.04,43.26
1790053943.85,research-api-inventory-service-1,inventory-service,15.79,10.3
1790053943.85,research-api-products-service-1,products-service,61.82,16.18
1790053943.85,research-api-users-service-1,users-service,58.38,13.28
1790053943.85,research-api-postgres-1,postgres,73.81,132.0
1790053943.85,research-api-prometheus-1,prometheus,0.03,38.42
1790053943.85,research-api-cadvisor-1,cadvisor,0.0,20.22
1790053948.824,research-api-nginx-1,nginx,88.3,18.8
1790053948.824,research-api-orders-service-1,orders-service,104.91,21.75
1790053948.824,research-api-grafana-1,grafana,3.35,43.18
1790053948.824,research-api-inventory-service-1,inventory-service,16.51,10.54
1790053948.824,research-api-products-service-1,products-service,64.09,16.26
1790053948.824,research-api-users-service-1,users-service,58.16,13.79
1790053948.824,research-api-postgres-1,postgres,75.49,132.9
1790053948.824,research-api-prometheus-1,prometheus,0.32,38.6
1790053948.824,research-api-cadvisor-1,cadvisor,5.43,17.92
1790053953.817,research-api-nginx-1,nginx,87.43,20.44
1790053953.817,research-api-orders-service-1,orders-service,104.8,21.93
1790053953.817,research-api-grafana-1,grafana,0.04,43.18
1790053953.817,research-api-inventory-service-1,inventory-service,16.37,10.43
1790053953.817,research-api-products-service-1,products-service,60.85,15.19
1790053953.817,research-api-users-service-1,users-service,59.71,13.38
1790053953.817,research-api-postgres-1,postgres,75.93,133.2
1790053953.817,research-api-prometheus-1,prometheus,0.04,38.6
1790053953.817,research-api-cadvisor-1,cadvisor,0.0,17.91
1790053958.816,research-api-nginx-1,nginx,91.75,20.41
1790053958.816,research-api-orders-service-1,orders-service,134.26,21.75
1790053958.816,research-api-grafana-1,grafana,0.4,43.18
1790053958.816,research-api-inventory-service-1,inventory-service,15.59,9.879
1790053958.816,research-api-products-service-1,products-service,63.88,16.25
1790053958.816,research-api-users-service-1,users-service,60.87,13.66
1790053958.816,research-api-postgres-1,postgres,77.62,133.5
1790053958.816,research-api-prometheus-1,prometheus,0.15,38.6
1790053958.816,research-api-cadvisor-1,cadvisor,0.02,18.47
1790053963.911,research-api-nginx-1,nginx,96.95,20.09
1790053963.911,research-api-orders-service-1,orders-service,247.94,22.35
1790053963.911,research-api-grafana-1,grafana,0.06,43.18
1790053963.911,research-api-inventory-service-1,inventory-service,18.45,10.91
1790053963.911,research-api-products-service-1,products-service,62.25,15.44
1790053963.911,research-api-users-service-1,users-service,60.82,12.79
1790053963.911,research-api-postgres-1,postgres,74.02,133.2
1790053963.911,research-api-prometheus-1,prometheus,0.03,38.61
1790053963.911,research-api-cadvisor-1,cadvisor,0.0,18.47
1790053968.88,research-api-nginx-1,nginx,88.52,20.19
1790053968.88,research-api-orders-service-1,orders-service,251.8,21.69
1790053968.88,research-api-grafana-1,grafana,0.39,43.18
1790053968.88,research-api-inventory-service-1,inventory-service,16.05,9.652
1790053968.88,research-api-products-service-1,products-service,63.69,17.11
1790053968.88,research-api-users-service-1,users-service,60.77,13.41
1790053968.88,research-api-postgres-1,postgres,73.92,133.9
1790053968.88,research-api-prometheus-1,prometheus,0.15,38.6
1790053968.88,research-api-cadvisor-1,cadvisor,0.02,19.17
1790053973.939,research-api-nginx-1,nginx,94.37,20.19
1790053973.939,research-api-orders-service-1,orders-service,211.97,22.1
1790053973.939,research-api-grafana-1,grafana,0.07,43.18
1790053973.939,research-api-inventory-service-1,inventory-service,18.22,10.8
1790053973.939,research-api-products-service-1,products-service,65.31,15.08
1790053973.939,research-api-users-service-1,users-service,62.18,13.75
1790053973.939,research-api-postgres-1,postgres,72.94,133.9
1790053973.939,research-api-prometheus-1,prometheus,0.04,38.6
1790053973.939,research-api-cadvisor-1,cadvisor,0.0,19.17
1790053978.864,research-api-nginx-1,nginx,90.7,19.93
1790053978.864,research-api-orders-service-1,orders-service,265.53,22.43
1790053978.864,research-api-grafana-1,grafana,0.38,43.18
1790053978.864,research-api-inventory-service-1,inventory-service,14.34,10.28
1790053978.864,research-api-products-service-1,products-service,64.53,16.87
1790053978.864,research-api-users-service-1,users-service,62.37,13.47
1790053978.864,research-api-postgres-1,postgres,75.32,134.6
1790053978.864,research-api-prometheus-1,prometheus,0.2,38.6
1790053978.864,research-api-cadvisor-1,cadvisor,0.89,19.37
1790053983.879,research-api-nginx-1,nginx,89.14,20.04
1790053983.879,research-api-orders-service-1,orders-service,109.49,21.91
1790053983.879,research-api-grafana-1,grafana,0.05,43.18
1790053983.879,research-api-inventory-service-1,inventory-service,16.82,11.04
1790053983.879,research-api-products-service-1,products-service,64.5,15.36
1790053983.879,research-api-users-service-1,users-service,62.97,12.92
1790053983.879,research-api-postgres-1,postgres,75.71,134.4
1790053983.879,research-api-prometheus-1,prometheus,0.03,38.6
1790053983.879,research-api-cadvisor-1,cadvisor,0.0,19.3
1790053988.846,research-api-nginx-1,nginx,88.4,19.31
1790053988.846,research-api-orders-service-1,orders-service,112.05,20.89
1790053988.846,research-api-grafana-1,grafana,0.41,43.18
1790053988.846,research-api-inventory-service-1,inventory-service,19.06,10.74
1790053988.846,research-api-products-service-1,products-service,65.14,16.25
1790053988.846,research-api-users-service-1,users-service,61.03,13.81
1790053988.846,research-api-postgres-1,postgres,76.06,135.0
1790053988.846,research-api-prometheus-1,prometheus,0.22,38.61
1790053988.846,research-api-cadvisor-1,cadvisor,0.02,20.06
1790053993.883,research-api-nginx-1,nginx,89.7,19.37
1790053993.883,research-api-orders-service-1,orders-service,113.39,21.99
1790053993.883,research-api-grafana-1,grafana,0.06,43.18
1790053993.883,research-api-inventory-service-1,inventory-service,13.33,10.62
1790053993.883,research-api-products-service-1,products-service,67.03,15.91
1790053993.883,research-api-users-service-1,users-service,63.46,13.59
1790053993.883,research-api-postgres-1,postgres,78.25,135.6
1790053993.883,research-api-prometheus-1,prometheus,0.05,38.61
1790053993.883,research-api-cadvisor-1,cadvisor,0.0,20.06
1790053998.86,research-api-nginx-1,nginx,90.33,20.15
1790053998.86,research-api-orders-service-1,orders-service,126.74,22.04
1790053998.86,research-api-grafana-1,grafana,0.4,43.18
1790053998.86,research-api-inventory-service-1,inventory-service,18.85,10.12
1790053998.86,research-api-products-service-1,products-service,65.53,16.57
1790053998.86,research-api-users-service-1,users-service,58.91,13.58
1790053998.86,research-api-postgres-1,postgres,77.11,135.2
1790053998.86,research-api-prometheus-1,prometheus,0.72,38.61
1790053998.86,research-api-cadvisor-1,cadvisor,0.02,20.16
1790054003.867,research-api-nginx-1,nginx,88.11,19.81
1790054003.867,research-api-orders-service-1,orders-service,120.86,21.43
1790054003.867,research-api-grafana-1,grafana,0.05,43.18
1790054003.867,research-api-inventory-service-1,inventory-service,15.81,11.28
1790054003.867,research-api-products-service-1,products-service,63.22,15.69
1790054003.867,research-api-users-service-1,users-service,63.81,13.71
1790054003.867,research-api-postgres-1,postgres,82.67,135.9
1790054003.867,research-api-prometheus-1,prometheus,0.03,38.61
1790054003.867,research-api-cadvisor-1,cadvisor,0.0,20.16
1790054008.862,research-api-nginx-1,nginx,91.03,20.66
1790054008.862,research-api-orders-service-1,orders-service,101.27,21.0
1790054008.862,research-api-grafana-1,grafana,1.1,43.19
1790054008.862,research-api-inventory-service-1,inventory-service,18.48,10.09
1790054008.862,research-api-products-service-1,products-service,64.87,16.62
1790054008.862,research-api-users-service-1,users-service,62.53,13.82
1790054008.862,research-api-postgres-1,postgres,74.92,136.2
1790054008.862,research-api-prometheus-1,prometheus,1.89,38.56
1790054008.862,research-api-cadvisor-1,cadvisor,2.79,18.24
1790054013.884,research-api-nginx-1,nginx,90.82,20.36
1790054013.884,research-api-orders-service-1,orders-service,115.34,21.88
1790054013.884,research-api-grafana-1,grafana,0.05,43.19
1790054013.884,research-api-inventory-service-1,inventory-service,15.52,10.98
1790054013.884,research-api-products-service-1,products-service,64.75,15.58
1790054013.884,research-api-users-service-1,users-service,62.27,13.9
1790054013.884,research-api-postgres-1,postgres,80.1,137.2
1790054013.884,research-api-prometheus-1,prometheus,0.03,38.55
1790054013.884,research-api-cadvisor-1,cadvisor,0.0,18.24
1790054018.846,research-api-nginx-1,nginx,93.11,19.82
1790054018.846,research-api-orders-service-1,orders-service,114.6,23.23
1790054018.846,research-api-grafana-1,grafana,0.44,43.19
1790054018.846,research-api-inventory-service-1,inventory-service,17.21,9.586
1790054018.846,research-api-products-service-1,products-service,64.5,16.6
1790054018.846,research-api-users-service-1,users-service,64.96,12.57
1790054018.846,research-api-postgres-1,postgres,77.47,136.8
1790054018.846,research-api-prometheus-1,prometheus,0.15,38.56
1790054018.846,research-api-cadvisor-1,cadvisor,0.02,18.18
1790054023.878,research-api-nginx-1,nginx,90.34,19.5
1790054023.878,research-api-orders-service-1,orders-service,118.64,21.45
1790054023.878,research-api-grafana-1,grafana,0.09,43.19
1790054023.878,research-api-inventory-service-1,inventory-service,16.48,11.3
1790054023.878,research-api-products-service-1,products-service,66.67,15.88
1790054023.878,research-api-users-service-1,users-service,60.28,14.05
1790054023.878,research-api-postgres-1,postgres,77.25,137.4
1790054023.878,research-api-prometheus-1,prometheus,0.04,38.56
1790054023.878,research-api-cadvisor-1,cadvisor,0.34,18.18
1790054028.875,research-api-nginx-1,nginx,84.45,20.62
1790054028.875,research-api-orders-service-1,orders-service,146.12,23.21
1790054028.875,research-api-grafana-1,grafana,0.35,43.19
1790054028.875,research-api-inventory-service-1,inventory-service,15.95,10.44
1790054028.875,research-api-products-service-1,products-service,60.84,17.97
1790054028.875,research-api-users-service-1,users-service,56.28,14.22
1790054028.875,research-api-postgres-1,postgres,72.35,139.6
1790054028.875,research-api-prometheus-1,prometheus,0.14,39.2
1790054028.875,research-api-cadvisor-1,cadvisor,0.02,18.19
1790054033.892,research-api-nginx-1,nginx,101.01,20.19
1790054033.892,research-api-orders-service-1,orders-service,266.64,24.05
1790054033.892,research-api-grafana-1,grafana,0.05,43.19
1790054033.892,research-api-inventory-service-1,inventory-service,17.8,11.71
1790054033.892,research-api-products-service-1,products-service,67.43,15.86
1790054033.892,research-api-users-service-1,users-service,61.61,13.76
1790054033.892,research-api-postgres-1,postgres,82.01,138.9
1790054033.892,research-api-prometheus-1,prometheus,0.02,39.2
1790054033.892,research-api-cadvisor-1,cadvisor,0.0,18.19
1790054038.978,research-api-nginx-1,nginx,119.6,20.7
1790054038.978,research-api-orders-service-1,orders-service,299.19,23.15
1790054038.978,research-api-grafana-1,grafana,0.48,43.18
1790054038.978,research-api-inventory-service-1,inventory-service,19.65,10.27
1790054038.978,research-api-products-service-1,products-service,75.71,17.71
1790054038.978,research-api-users-service-1,users-service,68.8,13.98
1790054038.978,research-api-postgres-1,postgres,101.02,141.7
1790054038.978,research-api-prometheus-1,prometheus,0.16,39.2
1790054038.978,research-api-cadvisor-1,cadvisor,1.55,19.37
1790054044.028,research-api-nginx-1,nginx,125.45,20.54
1790054044.028,research-api-orders-service-1,orders-service,224.14,23.43
1790054044.028,research-api-grafana-1,grafana,0.04,43.18
1790054044.028,research-api-inventory-service-1,inventory-service,23.06,11.42
1790054044.028,research-api-products-service-1,products-service,83.35,17.29
1790054044.028,research-api-users-service-1,users-service,72.02,13.49
1790054044.028,research-api-postgres-1,postgres,116.96,148.9
1790054044.028,research-api-prometheus-1,prometheus,0.25,39.21
1790054044.028,research-api-cadvisor-1,cadvisor,1.54,19.74
1790054048.97,research-api-nginx-1,nginx,141.16,20.83
1790054048.97,research-api-orders-service-1,orders-service,153.95,25.57
1790054048.97,research-api-grafana-1,grafana,0.67,43.18
1790054048.97,research-api-inventory-service-1,inventory-service,27.57,10.29
1790054048.97,research-api-products-service-1,products-service,90.14,18.91
1790054048.97,research-api-users-service-1,users-service,82.31,14.0
1790054048.97,research-api-postgres-1,postgres,120.65,149.6
1790054048.97,research-api-prometheus-1,prometheus,0.16,39.21
1790054048.97,research-api-cadvisor-1,cadvisor,0.01,19.74
1790054054.015,research-api-nginx-1,nginx,140.91,21.45
1790054054.015,research-api-orders-service-1,orders-service,235.56,25.43
1790054054.015,research-api-grafana-1,grafana,0.07,43.18
1790054054.015,research-api-inventory-service-1,inventory-service,23.9,11.99
1790054054.015,research-api-products-service-1,products-service,92.63,18.1
1790054054.015,research-api-users-service-1,users-service,82.19,15.82
1790054054.015,research-api-postgres-1,postgres,125.22,149.3
1790054054.015,research-api-prometheus-1,prometheus,0.07,39.46
1790054054.015,research-api-cadvisor-1,cadvisor,1.19,20.45
1790054059.01,research-api-nginx-1,nginx,149.32,22.73
1790054059.01,research-api-orders-service-1,orders-service,345.0,29.99
1790054059.01,research-api-grafana-1,grafana,0.04,43.18
1790054059.01,research-api-inventory-service-1,inventory-service,26.71,12.11
1790054059.01,research-api-products-service-1,products-service,94.69,19.03
1790054059.01,research-api-users-service-1,users-service,86.36,16.27
1790054059.01,research-api-postgres-1,postgres,134.43,154.9
1790054059.01,research-api-prometheus-1,prometheus,0.85,39.21
1790054059.01,research-api-cadvisor-1,cadvisor,0.0,20.45
1790054064.056,research-api-nginx-1,nginx,132.41,23.18
1790054064.056,research-api-orders-service-1,orders-service,323.96,33.42
1790054064.056,research-api-grafana-1,grafana,0.04,43.18
1790054064.056,research-api-inventory-service-1,inventory-service,26.24,12.36
1790054064.056,research-api-products-service-1,products-service,86.7,18.63
1790054064.056,research-api-users-service-1,users-service,79.17,16.2
1790054064.056,research-api-postgres-1,postgres,127.83,155.6
1790054064.056,research-api-prometheus-1,prometheus,0.3,39.47
1790054064.056,research-api-cadvisor-1,cadvisor,1.11,20.46
1790054069.069,research-api-nginx-1,nginx,155.62,22.67
1790054069.069,research-api-orders-service-1,orders-service,167.45,29.42
1790054069.069,research-api-grafana-1,grafana,1.11,43.2
1790054069.069,research-api-inventory-service-1,inventory-service,29.57,11.54
1790054069.069,research-api-products-service-1,products-service,99.49,18.98
1790054069.069,research-api-users-service-1,users-service,91.74,15.29
1790054069.069,research-api-postgres-1,postgres,149.72,156.3
1790054069.069,research-api-prometheus-1,prometheus,0.3,39.21
1790054069.069,research-api-cadvisor-1,cadvisor,2.99,19.32
1790054074.058,research-api-nginx-1,nginx,148.55,22.38
1790054074.058,research-api-orders-service-1,orders-service,218.05,31.32
1790054074.058,research-api-grafana-1,grafana,0.04,43.2
1790054074.058,research-api-inventory-service-1,inventory-service,28.41,12.92
1790054074.058,research-api-products-service-1,products-service,104.58,17.08
1790054074.058,research-api-users-service-1,users-service,84.84,16.44
1790054074.058,research-api-postgres-1,postgres,146.17,157.2
1790054074.058,research-api-prometheus-1,prometheus,0.22,39.21
1790054074.058,research-api-cadvisor-1,cadvisor,1.58,19.45
1790054079.039,research-api-nginx-1,nginx,130.68,23.74
1790054079.039,research-api-orders-service-1,orders-service,323.04,33.03
1790054079.039,research-api-grafana-1,grafana,0.33,43.21
1790054079.039,research-api-inventory-service-1,inventory-service,24.44,12.26
1790054079.039,research-api-products-service-1,products-service,82.56,19.63
1790054079.039,research-api-users-service-1,users-service,80.48,17.3
1790054079.039,research-api-postgres-1,postgres,118.41,157.1
1790054079.039,research-api-prometheus-1,prometheus,0.1,39.21
1790054079.039,research-api-cadvisor-1,cadvisor,0.01,19.45
1790054084.078,research-api-nginx-1,nginx,124.74,23.56
1790054084.078,research-api-orders-service-1,orders-service,399.51,38.66
1790054084.078,research-api-grafana-1,grafana,0.05,43.21
1790054084.078,research-api-inventory-service-1,inventory-service,21.82,13.93
1790054084.078,research-api-products-service-1,products-service,83.17,18.64
1790054084.078,research-api-users-service-1,users-service,81.27,16.77
1790054084.078,research-api-postgres-1,postgres,125.68,157.9
1790054084.078,research-api-prometheus-1,prometheus,0.24,39.21
1790054084.078,research-api-cadvisor-1,cadvisor,0.68,20.09
1790054089.077,research-api-nginx-1,nginx,105.37,23.22
1790054089.077,research-api-orders-service-1,orders-service,518.93,41.95
1790054089.077,research-api-grafana-1,grafana,0.45,43.21
1790054089.077,research-api-inventory-service-1,inventory-service,17.23,11.79
1790054089.077,research-api-products-service-1,products-service,48.7,17.2
1790054089.077,research-api-users-service-1,users-service,59.77,16.44
1790054089.077,research-api-postgres-1,postgres,97.0,158.5
1790054089.077,research-api-prometheus-1,prometheus,0.11,39.22
1790054089.077,research-api-cadvisor-1,cadvisor,0.01,20.09
1790054094.106,research-api-nginx-1,nginx,89.29,22.1
1790054094.106,research-api-orders-service-1,orders-service,396.16,41.84
1790054094.106,research-api-grafana-1,grafana,0.05,43.21
1790054094.106,research-api-inventory-service-1,inventory-service,23.46,12.32
1790054094.106,research-api-products-service-1,products-service,88.04,19.36
1790054094.106,research-api-users-service-1,users-service,75.45,16.18
1790054094.106,research-api-postgres-1,postgres,124.33,159.6
1790054094.106,research-api-prometheus-1,prometheus,0.22,39.22
1790054094.106,research-api-cadvisor-1,cadvisor,1.36,19.78
1790054099.132,research-api-nginx-1,nginx,132.01,23.35
1790054099.132,research-api-orders-service-1,orders-service,426.98,42.05
1790054099.132,research-api-grafana-1,grafana,0.49,43.21
1790054099.132,research-api-inventory-service-1,inventory-service,27.03,12.09
1790054099.132,research-api-products-service-1,products-service,91.98,19.5
1790054099.132,research-api-users-service-1,users-service,77.91,15.79
1790054099.132,research-api-postgres-1,postgres,113.74,158.8
1790054099.132,research-api-prometheus-1,prometheus,0.1,39.21
1790054099.132,research-api-cadvisor-1,cadvisor,0.0,19.53
1790054104.164,research-api-nginx-1,nginx,91.36,26.73
1790054104.164,research-api-orders-service-1,orders-service,644.01,50.19
1790054104.164,research-api-grafana-1,grafana,0.04,43.21
1790054104.164,research-api-inventory-service-1,inventory-service,26.61,13.24
1790054104.164,research-api-products-service-1,products-service,52.93,18.54
1790054104.164,research-api-users-service-1,users-service,41.55,15.75
1790054104.164,research-api-postgres-1,postgres,68.84,159.4
1790054104.164,research-api-prometheus-1,prometheus,0.25,39.22
1790054104.164,research-api-cadvisor-1,cadvisor,1.01,19.54
1790054109.131,research-api-nginx-1,nginx,95.07,23.66
1790054109.131,research-api-orders-service-1,orders-service,636.38,53.64
1790054109.131,research-api-grafana-1,grafana,0.47,43.21
1790054109.131,research-api-inventory-service-1,inventory-service,17.37,12.87
1790054109.131,research-api-products-service-1,products-service,58.48,18.92
1790054109.131,research-api-users-service-1,users-service,52.64,16.6
1790054109.131,research-api-postgres-1,postgres,76.63,160.1
1790054109.131,research-api-prometheus-1,prometheus,0.12,39.21
1790054109.131,research-api-cadvisor-1,cadvisor,0.0,19.53
1790054114.14,research-api-nginx-1,nginx,145.59,22.38
1790054114.14,research-api-orders-service-1,orders-service,182.09,39.61
1790054114.14,research-api-grafana-1,grafana,0.09,43.21
1790054114.14,research-api-inventory-service-1,inventory-service,25.24,13.2
1790054114.14,research-api-products-service-1,products-service,98.76,19.81
1790054114.14,research-api-users-service-1,users-service,83.43,15.3
1790054114.14,research-api-postgres-1,postgres,155.81,160.2
1790054114.14,research-api-prometheus-1,prometheus,0.25,39.23
1790054114.14,research-api-cadvisor-1,cadvisor,0.92,19.62
1790054119.166,research-api-nginx-1,nginx,145.08,23.01
1790054119.166,research-api-orders-service-1,orders-service,266.34,40.88
1790054119.166,research-api-grafana-1,grafana,0.34,43.21
1790054119.166,research-api-inventory-service-1,inventory-service,25.75,13.18
1790054119.166,research-api-products-service-1,products-service,98.83,19.31
1790054119.166,research-api-users-service-1,users-service,84.78,16.35
1790054119.166,research-api-postgres-1,postgres,134.04,160.6
1790054119.166,research-api-prometheus-1,prometheus,0.1,39.22
1790054119.166,research-api-cadvisor-1,cadvisor,0.0,18.14
1790054124.114,research-api-nginx-1,nginx,128.35,23.85
1790054124.114,research-api-orders-service-1,orders-service,335.02,42.61
1790054124.114,research-api-grafana-1,grafana,0.05,43.21
1790054124.114,research-api-inventory-service-1,inventory-service,26.55,14.43
1790054124.114,research-api-products-service-1,products-service,89.38,18.47
1790054124.114,research-api-users-service-1,users-service,73.46,15.37
1790054124.114,research-api-postgres-1,postgres,111.28,161.5
1790054124.114,research-api-prometheus-1,prometheus,0.29,39.47
1790054124.114,research-api-cadvisor-1,cadvisor,0.0,18.14
1790054129.077,research-api-nginx-1,nginx,129.67,24.21
1790054129.077,research-api-orders-service-1,orders-service,388.97,41.57
1790054129.077,research-api-grafana-1,grafana,1.05,43.22
1790054129.077,research-api-inventory-service-1,inventory-service,24.27,13.3
1790054129.077,research-api-products-service-1,products-service,84.79,19.61
1790054129.077,research-api-users-service-1,users-service,74.07,16.82
1790054129.077,research-api-postgres-1,postgres,129.82,161.3
1790054129.077,research-api-prometheus-1,prometheus,1.84,39.22
1790054129.077,research-api-cadvisor-1,cadvisor,3.47,18.89
1790054134.175,research-api-nginx-1,nginx,149.81,21.5
1790054134.175,research-api-orders-service-1,orders-service,280.14,38.18
1790054134.175,research-api-grafana-1,grafana,0.05,43.22
1790054134.175,research-api-inventory-service-1,inventory-service,26.17,14.21
1790054134.175,research-api-products-service-1,products-service,101.08,18.09
1790054134.175,research-api-users-service-1,users-service,87.37,15.94
1790054134.175,research-api-postgres-1,postgres,141.78,162.8
1790054134.175,research-api-prometheus-1,prometheus,0.3,39.23
1790054134.175,research-api-cadvisor-1,cadvisor,1.81,18.9
1790054139.089,research-api-nginx-1,nginx,149.35,22.03
1790054139.089,research-api-orders-service-1,orders-service,158.85,37.7
1790054139.089,research-api-grafana-1,grafana,0.29,43.22
1790054139.089,research-api-inventory-service-1,inventory-service,26.9,13.36
1790054139.089,research-api-products-service-1,products-service,93.88,20.68
1790054139.089,research-api-users-service-1,users-service,80.55,16.69
1790054139.089,research-api-postgres-1,postgres,133.78,163.3
1790054139.089,research-api-prometheus-1,prometheus,0.1,39.22
1790054139.089,research-api-cadvisor-1,cadvisor,0.0,18.71
1790054144.128,research-api-nginx-1,nginx,144.21,23.19
1790054144.128,research-api-orders-service-1,orders-service,230.9,38.18
1790054144.128,research-api-grafana-1,grafana,0.08,43.22
1790054144.128,research-api-inventory-service-1,inventory-service,26.62,13.71
1790054144.128,research-api-products-service-1,products-service,96.89,18.63
1790054144.128,research-api-users-service-1,users-service,79.93,16.74
1790054144.128,research-api-postgres-1,postgres,133.7,163.5
1790054144.128,research-api-prometheus-1,prometheus,0.22,39.23
1790054144.128,research-api-cadvisor-1,cadvisor,1.02,18.9
1790054149.152,research-api-nginx-1,nginx,152.25,22.27
1790054149.152,research-api-orders-service-1,orders-service,361.4,44.11
1790054149.152,research-api-grafana-1,grafana,0.33,43.22
1790054149.152,research-api-inventory-service-1,inventory-service,28.65,13.11
1790054149.152,research-api-products-service-1,products-service,97.54,18.41
1790054149.152,research-api-users-service-1,users-service,86.34,17.43
1790054149.152,research-api-postgres-1,postgres,129.74,164.0
1790054149.152,research-api-prometheus-1,prometheus,0.11,39.23
1790054149.152,research-api-cadvisor-1,cadvisor,0.24,18.91
1790054154.202,research-api-nginx-1,nginx,97.58,23.95
1790054154.202,research-api-orders-service-1,orders-service,578.81,50.49
1790054154.202,research-api-grafana-1,grafana,0.05,43.22
1790054154.202,research-api-inventory-service-1,inventory-service,14.71,14.29
1790054154.202,research-api-products-service-1,products-service,58.69,18.74
1790054154.202,research-api-users-service-1,users-service,59.59,17.5
1790054154.202,research-api-postgres-1,postgres,72.67,165.1
1790054154.202,research-api-prometheus-1,prometheus,0.31,39.23
1790054154.202,research-api-cadvisor-1,cadvisor,1.94,19.76
1790054159.06,research-api-nginx-1,nginx,93.78,26.62
1790054159.06,research-api-orders-service-1,orders-service,263.26,42.32
1790054159.06,research-api-grafana-1,grafana,0.37,43.22
1790054159.06,research-api-inventory-service-1,inventory-service,24.38,12.66
1790054159.06,research-api-products-service-1,products-service,97.39,19.04
1790054159.06,research-api-users-service-1,users-service,44.54,15.34
1790054159.06,research-api-postgres-1,postgres,162.44,164.5
1790054159.06,research-api-prometheus-1,prometheus,0.13,39.23
1790054159.06,research-api-cadvisor-1,cadvisor,0.0,19.76
1790054164.134,research-api-nginx-1,nginx,122.37,24.11
1790054164.134,research-api-orders-service-1,orders-service,388.11,44.51
1790054164.134,research-api-grafana-1,grafana,0.04,43.22
1790054164.134,research-api-inventory-service-1,inventory-service,20.85,13.3
1790054164.134,research-api-products-service-1,products-service,95.14,18.96
1790054164.134,research-api-users-service-1,users-service,73.44,17.5
1790054164.134,research-api-postgres-1,postgres,119.52,165.8
1790054164.134,research-api-prometheus-1,prometheus,0.23,39.23
1790054164.134,research-api-cadvisor-1,cadvisor,0.99,20.48
1790054169.17,research-api-nginx-1,nginx,118.46,24.5
1790054169.17,research-api-orders-service-1,orders-service,475.14,44.96
1790054169.17,research-api-grafana-1,grafana,0.29,43.22
1790054169.17,research-api-inventory-service-1,inventory-service,21.89,13.01
1790054169.17,research-api-products-service-1,products-service,95.92,18.88
1790054169.17,research-api-users-service-1,users-service,61.47,16.62
1790054169.17,research-api-postgres-1,postgres,103.75,165.6
1790054169.17,research-api-prometheus-1,prometheus,0.09,39.23
1790054169.17,research-api-cadvisor-1,cadvisor,0.0,20.5
1790054174.093,research-api-nginx-1,nginx,89.1,26.11
1790054174.093,research-api-orders-service-1,orders-service,539.36,48.77
1790054174.093,research-api-grafana-1,grafana,0.06,43.22
1790054174.093,research-api-inventory-service-1,inventory-service,24.95,13.34
1790054174.093,research-api-products-service-1,products-service,58.82,17.81
1790054174.093,research-api-users-service-1,users-service,46.4,15.91
1790054174.093,research-api-postgres-1,postgres,71.78,167.1
1790054174.093,research-api-prometheus-1,prometheus,0.28,39.23
1790054174.093,research-api-cadvisor-1,cadvisor,2.08,20.57
1790054179.229,research-api-nginx-1,nginx,134.96,20.99
1790054179.229,research-api-orders-service-1,orders-service,364.83,40.14
1790054179.229,research-api-grafana-1,grafana,0.04,43.22
1790054179.229,research-api-inventory-service-1,inventory-service,22.0,13.53
1790054179.229,research-api-products-service-1,products-service,88.12,19.45
1790054179.229,research-api-users-service-1,users-service,76.96,15.87
1790054179.229,research-api-postgres-1,postgres,128.15,166.7
1790054179.229,research-api-prometheus-1,prometheus,0.13,39.23
1790054179.229,research-api-cadvisor-1,cadvisor,0.0,20.57
1790054184.185,research-api-nginx-1,nginx,159.87,22.1
1790054184.185,research-api-orders-service-1,orders-service,198.02,38.29
1790054184.185,research-api-grafana-1,grafana,0.05,43.22
1790054184.185,research-api-inventory-service-1,inventory-service,24.58,14.95
1790054184.185,research-api-products-service-1,products-service,107.62,18.55
1790054184.185,research-api-users-service-1,users-service,88.1,16.59
1790054184.185,research-api-postgres-1,postgres,145.53,167.4
1790054184.185,research-api-prometheus-1,prometheus,0.28,39.23
1790054184.185,research-api-cadvisor-1,cadvisor,0.93,20.84
1790054189.197,research-api-nginx-1,nginx,143.38,22.52
1790054189.197,research-api-orders-service-1,orders-service,294.05,42.23
1790054189.197,research-api-grafana-1,grafana,1.3,43.23
1790054189.197,research-api-inventory-service-1,inventory-service,27.0,13.14
1790054189.197,research-api-products-service-1,products-service,94.75,18.48
1790054189.197,research-api-users-service-1,users-service,93.81,16.36
1790054189.197,research-api-postgres-1,postgres,127.77,167.1
1790054189.197,research-api-prometheus-1,prometheus,0.24,39.23
1790054189.197,research-api-cadvisor-1,cadvisor,3.06,19.37
1790054194.115,research-api-nginx-1,nginx,127.23,23.34
1790054194.115,research-api-orders-service-1,orders-service,359.53,41.0
1790054194.115,research-api-grafana-1,grafana,0.04,43.23
1790054194.115,research-api-inventory-service-1,inventory-service,27.58,14.21
1790054194.115,research-api-products-service-1,products-service,83.68,18.48
1790054194.115,research-api-users-service-1,users-service,78.31,16.7
1790054194.115,research-api-postgres-1,postgres,121.55,168.4
1790054194.115,research-api-prometheus-1,prometheus,0.27,39.23
1790054194.115,research-api-cadvisor-1,cadvisor,0.99,19.38
1790054199.151,research-api-nginx-1,nginx,118.86,21.98
1790054199.151,research-api-orders-service-1,orders-service,366.23,40.88
1790054199.151,research-api-grafana-1,grafana,0.36,43.23
1790054199.151,research-api-inventory-service-1,inventory-service,23.65,12.24
1790054199.151,research-api-products-service-1,products-service,82.18,19.98
1790054199.151,research-api-users-service-1,users-service,72.17,16.23
1790054199.151,research-api-postgres-1,postgres,131.83,168.8
1790054199.151,research-api-prometheus-1,prometheus,0.11,39.23
1790054199.151,research-api-cadvisor-1,cadvisor,0.0,19.38
1790054204.177,research-api-nginx-1,nginx,155.71,21.12
1790054204.177,research-api-orders-service-1,orders-service,181.43,36.66
1790054204.177,research-api-grafana-1,grafana,0.08,43.23
1790054204.177,research-api-inventory-service-1,inventory-service,28.52,13.65
1790054204.177,research-api-products-service-1,products-service,102.35,18.1
1790054204.177,research-api-users-service-1,users-service,88.99,15.59
1790054204.177,research-api-postgres-1,postgres,155.05,169.1
1790054204.177,research-api-prometheus-1,prometheus,0.27,39.23
1790054204.177,research-api-cadvisor-1,cadvisor,1.79,20.29
1790054209.101,research-api-nginx-1,nginx,162.85,22.07
1790054209.101,research-api-orders-service-1,orders-service,169.46,37.52
1790054209.101,research-api-grafana-1,grafana,0.39,43.23
1790054209.101,research-api-inventory-service-1,inventory-service,27.12,12.95
1790054209.101,research-api-products-service-1,products-service,104.53,17.76
1790054209.101,research-api-users-service-1,users-service,86.81,16.39
1790054209.101,research-api-postgres-1,postgres,144.47,169.2
1790054209.101,research-api-prometheus-1,prometheus,0.1,39.23
1790054209.101,research-api-cadvisor-1,cadvisor,0.0,20.29
1790054214.141,research-api-nginx-1,nginx,139.58,21.93
1790054214.141,research-api-orders-service-1,orders-service,344.97,40.33
1790054214.141,research-api-grafana-1,grafana,0.04,43.23
1790054214.141,research-api-inventory-service-1,inventory-service,27.11,14.24
1790054214.141,research-api-products-service-1,products-service,90.9,20.15
1790054214.141,research-api-users-service-1,users-service,76.84,17.14
1790054214.141,research-api-postgres-1,postgres,122.39,170.0
1790054214.141,research-api-prometheus-1,prometheus,0.24,39.23
1790054214.141,research-api-cadvisor-1,cadvisor,0.78,20.41
1790054219.169,research-api-nginx-1,nginx,111.48,25.39
1790054219.169,research-api-orders-service-1,orders-service,586.0,47.28
1790054219.169,research-api-grafana-1,grafana,0.36,43.23
1790054219.169,research-api-inventory-service-1,inventory-service,20.23,12.38
1790054219.169,research-api-products-service-1,products-service,71.74,19.57
1790054219.169,research-api-users-service-1,users-service,56.05,15.12
1790054219.169,research-api-postgres-1,postgres,78.41,170.1
1790054219.169,research-api-prometheus-1,prometheus,0.11,39.24
1790054219.169,research-api-cadvisor-1,cadvisor,0.0,20.41
1790054224.2,research-api-nginx-1,nginx,101.11,21.8
1790054224.2,research-api-orders-service-1,orders-service,444.15,41.58
1790054224.2,research-api-grafana-1,grafana,0.04,43.23
1790054224.2,research-api-inventory-service-1,inventory-service,17.72,13.14
1790054224.2,research-api-products-service-1,products-service,52.53,17.78
1790054224.2,research-api-users-service-1,users-service,58.36,17.19
1790054224.2,research-api-postgres-1,postgres,106.06,170.6
1790054224.2,research-api-prometheus-1,prometheus,0.27,39.24
1790054224.2,research-api-cadvisor-1,cadvisor,1.52,20.54
1790054229.126,research-api-nginx-1,nginx,153.52,22.71
1790054229.126,research-api-orders-service-1,orders-service,241.61,41.48
1790054229.126,research-api-grafana-1,grafana,0.38,43.23
1790054229.126,research-api-inventory-service-1,inventory-service,28.44,12.02
1790054229.126,research-api-products-service-1,products-service,107.4,20.54
1790054229.126,research-api-users-service-1,users-service,87.03,17.2
1790054229.126,research-api-postgres-1,postgres,137.52,171.1
1790054229.126,research-api-prometheus-1,prometheus,0.14,39.24
1790054229.126,research-api-cadvisor-1,cadvisor,0.0,20.55
1790054234.122,research-api-nginx-1,nginx,138.85,24.47
1790054234.122,research-api-orders-service-1,orders-service,392.05,42.87
1790054234.122,research-api-grafana-1,grafana,0.06,43.23
1790054234.122,research-api-inventory-service-1,inventory-service,23.77,13.34
1790054234.122,research-api-products-service-1,products-service,86.62,18.77
1790054234.122,research-api-users-service-1,users-service,78.28,17.3
1790054234.122,research-api-postgres-1,postgres,113.97,171.4
1790054234.122,research-api-prometheus-1,prometheus,0.25,39.25
1790054234.122,research-api-cadvisor-1,cadvisor,0.85,20.55
1790054239.131,research-api-nginx-1,nginx,121.02,23.67
1790054239.131,research-api-orders-service-1,orders-service,489.28,44.02
1790054239.131,research-api-grafana-1,grafana,0.39,43.23
1790054239.131,research-api-inventory-service-1,inventory-service,22.15,12.82
1790054239.131,research-api-products-service-1,products-service,81.86,18.96
1790054239.131,research-api-users-service-1,users-service,62.34,15.27
1790054239.131,research-api-postgres-1,postgres,103.15,171.8
1790054239.131,research-api-prometheus-1,prometheus,0.14,39.25
1790054239.131,research-api-cadvisor-1,cadvisor,0.0,20.55
1790054244.186,research-api-nginx-1,nginx,96.03,25.3
1790054244.186,research-api-orders-service-1,orders-service,624.17,51.98
1790054244.186,research-api-grafana-1,grafana,0.04,43.23
1790054244.186,research-api-inventory-service-1,inventory-service,16.36,13.72
1790054244.186,research-api-products-service-1,products-service,52.87,18.48
1790054244.186,research-api-users-service-1,users-service,47.95,16.38
1790054244.186,research-api-postgres-1,postgres,61.52,172.1
1790054244.186,research-api-prometheus-1,prometheus,0.22,39.25
1790054244.186,research-api-cadvisor-1,cadvisor,0.88,20.56
1790054249.121,research-api-nginx-1,nginx,146.39,21.93
1790054249.121,research-api-orders-service-1,orders-service,257.42,38.01
1790054249.121,research-api-grafana-1,grafana,1.49,43.24
1790054249.121,research-api-inventory-service-1,inventory-service,26.31,12.64
1790054249.121,research-api-products-service-1,products-service,99.68,19.98
1790054249.121,research-api-users-service-1,users-service,84.48,16.22
1790054249.121,research-api-postgres-1,postgres,149.69,172.3
1790054249.121,research-api-prometheus-1,prometheus,3.12,39.5
1790054249.121,research-api-cadvisor-1,cadvisor,0.03,20.56
1790054254.23,research-api-nginx-1,nginx,155.8,21.67
1790054254.23,research-api-orders-service-1,orders-service,183.88,39.81
1790054254.23,research-api-grafana-1,grafana,0.06,43.24
1790054254.23,research-api-inventory-service-1,inventory-service,27.34,13.38
1790054254.23,research-api-products-service-1,products-service,103.35,19.47
1790054254.23,research-api-users-service-1,users-service,86.83,16.21
1790054254.23,research-api-postgres-1,postgres,136.69,173.3
1790054254.23,research-api-prometheus-1,prometheus,0.26,39.5
1790054254.23,research-api-cadvisor-1,cadvisor,1.39,20.08
1790054259.153,research-api-nginx-1,nginx,129.74,23.23
1790054259.153,research-api-orders-service-1,orders-service,303.4,38.97
1790054259.153,research-api-grafana-1,grafana,0.34,43.24
1790054259.153,research-api-inventory-service-1,inventory-service,24.51,13.43
1790054259.153,research-api-products-service-1,products-service,80.11,19.91
1790054259.153,research-api-users-service-1,users-service,78.76,16.54
1790054259.153,research-api-postgres-1,postgres,122.15,173.8
1790054259.153,research-api-prometheus-1,prometheus,0.1,39.5
1790054259.153,research-api-cadvisor-1,cadvisor,0.0,20.08
1790054264.293,research-api-nginx-1,nginx,107.82,21.96
1790054264.293,research-api-orders-service-1,orders-service,425.61,41.38
1790054264.293,research-api-grafana-1,grafana,0.06,43.24
1790054264.293,research-api-inventory-service-1,inventory-service,17.89,13.48
1790054264.293,research-api-products-service-1,products-service,74.67,17.93
1790054264.293,research-api-users-service-1,users-service,71.78,17.41
1790054264.293,research-api-postgres-1,postgres,128.58,174.1
1790054264.293,research-api-prometheus-1,prometheus,0.23,39.51
1790054264.293,research-api-cadvisor-1,cadvisor,0.69,20.12
1790054269.226,research-api-nginx-1,nginx,138.17,22.1
1790054269.226,research-api-orders-service-1,orders-service,319.03,36.52
1790054269.226,research-api-grafana-1,grafana,0.35,43.24
1790054269.226,research-api-inventory-service-1,inventory-service,24.85,12.02
1790054269.226,research-api-products-service-1,products-service,89.91,20.24
1790054269.226,research-api-users-service-1,users-service,77.59,15.61
1790054269.226,research-api-postgres-1,postgres,148.43,174.5
1790054269.226,research-api-prometheus-1,prometheus,0.11,39.51
1790054269.226,research-api-cadvisor-1,cadvisor,0.0,20.12
1790054274.219,research-api-nginx-1,nginx,158.43,21.78
1790054274.219,research-api-orders-service-1,orders-service,176.98,37.32
1790054274.219,research-api-grafana-1,grafana,0.05,43.24
1790054274.219,research-api-inventory-service-1,inventory-service,26.47,14.26
1790054274.219,research-api-products-service-1,products-service,104.09,18.13
1790054274.219,research-api-users-service-1,users-service,89.48,16.19
1790054274.219,research-api-postgres-1,postgres,143.32,175.4
1790054274.219,research-api-prometheus-1,prometheus,0.29,39.51
1790054274.219,research-api-cadvisor-1,cadvisor,1.64,20.18
1790054279.236,research-api-nginx-1,nginx,133.87,24.23
1790054279.236,research-api-orders-service-1,orders-service,383.8,41.84
1790054279.236,research-api-grafana-1,grafana,0.43,43.24
1790054279.236,research-api-inventory-service-1,inventory-service,24.94,12.33
1790054279.236,research-api-products-service-1,products-service,86.04,20.27
1790054279.236,research-api-users-service-1,users-service,84.72,15.52
1790054279.236,research-api-postgres-1,postgres,131.48,176.2
1790054279.236,research-api-prometheus-1,prometheus,0.11,39.51
1790054279.236,research-api-cadvisor-1,cadvisor,0.01,20.18
1790054284.176,research-api-nginx-1,nginx,120.99,24.56
1790054284.176,research-api-orders-service-1,orders-service,400.0,44.46
1790054284.176,research-api-grafana-1,grafana,0.04,43.24
1790054284.176,research-api-inventory-service-1,inventory-service,22.86,13.39
1790054284.176,research-api-products-service-1,products-service,82.27,19.24
1790054284.176,research-api-users-service-1,users-service,71.0,17.25
1790054284.176,research-api-postgres-1,postgres,109.18,176.2
1790054284.176,research-api-prometheus-1,prometheus,0.3,39.51
1790054284.176,research-api-cadvisor-1,cadvisor,1.28,20.85
1790054289.221,research-api-nginx-1,nginx,89.73,25.27
1790054289.221,research-api-orders-service-1,orders-service,719.83,50.91
1790054289.221,research-api-grafana-1,grafana,0.36,43.24
1790054289.221,research-api-inventory-service-1,inventory-service,13.75,13.0
1790054289.221,research-api-products-service-1,products-service,56.5,19.03
1790054289.221,research-api-users-service-1,users-service,52.48,18.55
1790054289.221,research-api-postgres-1,postgres,56.47,176.2
1790054289.221,research-api-prometheus-1,prometheus,0.12,39.51
1790054289.221,research-api-cadvisor-1,cadvisor,0.0,20.85
1790054294.144,research-api-nginx-1,nginx,93.27,25.79
1790054294.144,research-api-orders-service-1,orders-service,291.21,38.71
1790054294.144,research-api-grafana-1,grafana,0.08,43.24
1790054294.144,research-api-inventory-service-1,inventory-service,21.97,13.63
1790054294.144,research-api-products-service-1,products-service,96.87,19.46
1790054294.144,research-api-users-service-1,users-service,81.23,16.9
1790054294.144,research-api-postgres-1,postgres,138.09,176.8
1790054294.144,research-api-prometheus-1,prometheus,0.23,39.51
1790054294.144,research-api-cadvisor-1,cadvisor,1.73,21.02
1790054299.251,research-api-nginx-1,nginx,148.86,22.21
1790054299.251,research-api-orders-service-1,orders-service,294.39,41.21
1790054299.251,research-api-grafana-1,grafana,0.36,43.24
1790054299.251,research-api-inventory-service-1,inventory-service,28.28,13.29
1790054299.251,research-api-products-service-1,products-service,97.0,18.46
1790054299.251,research-api-users-service-1,users-service,84.52,16.4
1790054299.251,research-api-postgres-1,postgres,139.52,177.0
1790054299.251,research-api-prometheus-1,prometheus,0.09,39.51
1790054299.251,research-api-cadvisor-1,cadvisor,0.0,21.05
1790054304.317,research-api-nginx-1,nginx,120.29,22.79
1790054304.317,research-api-orders-service-1,orders-service,411.54,45.5
1790054304.317,research-api-grafana-1,grafana,0.03,43.24
1790054304.317,research-api-inventory-service-1,inventory-service,22.04,13.8
1790054304.317,research-api-products-service-1,products-service,81.4,18.89
1790054304.317,research-api-users-service-1,users-service,71.22,17.14
1790054304.317,research-api-postgres-1,postgres,127.7,178.4
1790054304.317,research-api-prometheus-1,prometheus,0.27,39.51
1790054304.317,research-api-cadvisor-1,cadvisor,1.07,21.12
1790054309.16,research-api-nginx-1,nginx,119.06,24.75
1790054309.16,research-api-orders-service-1,orders-service,490.59,43.46
1790054309.16,research-api-grafana-1,grafana,1.34,43.24
1790054309.16,research-api-inventory-service-1,inventory-service,22.41,12.3
1790054309.16,research-api-products-service-1,products-service,79.38,19.04
1790054309.16,research-api-users-service-1,users-service,65.05,15.38
1790054309.16,research-api-postgres-1,postgres,97.27,178.3
1790054309.16,research-api-prometheus-1,prometheus,0.22,39.52
1790054309.16,research-api-cadvisor-1,cadvisor,2.48,21.24
1790054314.314,research-api-nginx-1,nginx,133.36,21.2
1790054314.314,research-api-orders-service-1,orders-service,450.46,41.46
1790054314.314,research-api-grafana-1,grafana,0.06,43.24
1790054314.314,research-api-inventory-service-1,inventory-service,24.78,14.54
1790054314.314,research-api-products-service-1,products-service,82.15,18.17
1790054314.314,research-api-users-service-1,users-service,72.25,17.59
1790054314.314,research-api-postgres-1,postgres,121.8,178.5
1790054314.314,research-api-prometheus-1,prometheus,0.26,39.52
1790054314.314,research-api-cadvisor-1,cadvisor,1.96,19.31
1790054319.282,research-api-nginx-1,nginx,164.19,21.09
1790054319.282,research-api-orders-service-1,orders-service,183.25,37.12
1790054319.282,research-api-grafana-1,grafana,0.41,43.25
1790054319.282,research-api-inventory-service-1,inventory-service,30.06,12.95
1790054319.282,research-api-products-service-1,products-service,112.38,17.58
1790054319.282,research-api-users-service-1,users-service,88.25,16.02
1790054319.282,research-api-postgres-1,postgres,156.12,179.2
1790054319.282,research-api-prometheus-1,prometheus,0.11,39.52
1790054319.282,research-api-cadvisor-1,cadvisor,0.0,19.31
1790054324.266,research-api-nginx-1,nginx,156.8,21.19
1790054324.266,research-api-orders-service-1,orders-service,226.51,40.34
1790054324.266,research-api-grafana-1,grafana,0.06,43.24
1790054324.266,research-api-inventory-service-1,inventory-service,25.72,14.71
1790054324.266,research-api-products-service-1,products-service,97.64,18.84
1790054324.266,research-api-users-service-1,users-service,87.77,16.94
1790054324.266,research-api-postgres-1,postgres,135.68,179.3
1790054324.266,research-api-prometheus-1,prometheus,0.22,39.52
1790054324.266,research-api-cadvisor-1,cadvisor,1.49,19.34
1790054329.242,research-api-nginx-1,nginx,136.23,23.44
1790054329.242,research-api-orders-service-1,orders-service,355.58,41.73
1790054329.242,research-api-grafana-1,grafana,0.05,43.24
1790054329.242,research-api-inventory-service-1,inventory-service,25.4,13.72
1790054329.242,research-api-products-service-1,products-service,92.15,20.4
1790054329.242,research-api-users-service-1,users-service,81.1,15.03
1790054329.242,research-api-postgres-1,postgres,120.54,179.6
1790054329.242,research-api-prometheus-1,prometheus,0.12,39.52
1790054329.242,research-api-cadvisor-1,cadvisor,0.0,19.34
1790054334.194,research-api-nginx-1,nginx,127.96,23.71
1790054334.194,research-api-orders-service-1,orders-service,399.66,42.95
1790054334.194,research-api-grafana-1,grafana,0.06,43.25
1790054334.194,research-api-inventory-service-1,inventory-service,23.3,13.8
1790054334.194,research-api-products-service-1,products-service,84.93,18.52
1790054334.194,research-api-users-service-1,users-service,75.17,14.98
1790054334.194,research-api-postgres-1,postgres,117.05,180.2
1790054334.194,research-api-prometheus-1,prometheus,0.31,39.52
1790054334.194,research-api-cadvisor-1,cadvisor,2.68,20.0
1790054339.23,research-api-nginx-1,nginx,159.05,22.12
1790054339.23,research-api-orders-service-1,orders-service,200.89,36.79
1790054339.23,research-api-grafana-1,grafana,0.42,43.25
1790054339.23,research-api-inventory-service-1,inventory-service,27.88,13.73
1790054339.23,research-api-products-service-1,products-service,110.99,19.22
1790054339.23,research-api-users-service-1,users-service,88.29,15.61
1790054339.23,research-api-postgres-1,postgres,150.11,180.7
1790054339.23,research-api-prometheus-1,prometheus,0.1,39.52
1790054339.23,research-api-cadvisor-1,cadvisor,0.0,20.0
1790054344.224,research-api-nginx-1,nginx,130.48,22.21
1790054344.224,research-api-orders-service-1,orders-service,299.6,37.2
1790054344.224,research-api-grafana-1,grafana,0.03,43.25
1790054344.224,research-api-inventory-service-1,inventory-service,26.55,12.92
1790054344.224,research-api-products-service-1,products-service,95.66,18.33
1790054344.224,research-api-users-service-1,users-service,81.65,16.66
1790054344.224,research-api-postgres-1,postgres,125.63,181.5
1790054344.224,research-api-prometheus-1,prometheus,0.29,39.52
1790054344.224,research-api-cadvisor-1,cadvisor,1.11,20.0
1790054349.231,research-api-nginx-1,nginx,125.48,24.29
1790054349.231,research-api-orders-service-1,orders-service,423.24,43.07
1790054349.231,research-api-grafana-1,grafana,0.39,43.25
1790054349.231,research-api-inventory-service-1,inventory-service,22.76,12.98
1790054349.231,research-api-products-service-1,products-service,88.87,20.05
1790054349.231,research-api-users-service-1,users-service,76.96,17.49
1790054349.231,research-api-postgres-1,postgres,130.27,182.7
1790054349.231,research-api-prometheus-1,prometheus,0.1,39.52
1790054349.231,research-api-cadvisor-1,cadvisor,0.0,20.0
1790054354.234,research-api-nginx-1,nginx,86.91,25.67
1790054354.234,research-api-orders-service-1,orders-service,660.4,46.64
1790054354.234,research-api-grafana-1,grafana,0.06,43.25
1790054354.234,research-api-inventory-service-1,inventory-service,15.28,14.4
1790054354.234,research-api-products-service-1,products-service,50.31,18.42
1790054354.234,research-api-users-service-1,users-service,35.52,16.13
1790054354.234,research-api-postgres-1,postgres,49.95,182.8
1790054354.234,research-api-prometheus-1,prometheus,0.26,39.52
1790054354.234,research-api-cadvisor-1,cadvisor,1.91,20.64
1790054359.151,research-api-nginx-1,nginx,103.5,21.03
1790054359.151,research-api-orders-service-1,orders-service,542.16,43.12
1790054359.151,research-api-grafana-1,grafana,0.35,43.25
1790054359.151,research-api-inventory-service-1,inventory-service,11.72,13.37
1790054359.151,research-api-products-service-1,products-service,68.8,19.16
1790054359.151,research-api-users-service-1,users-service,58.12,16.7
1790054359.151,research-api-postgres-1,postgres,91.95,183.6
1790054359.151,research-api-prometheus-1,prometheus,0.1,39.52
1790054359.151,research-api-cadvisor-1,cadvisor,0.2,20.64
1790054364.33,research-api-nginx-1,nginx,86.54,22.34
1790054364.33,research-api-orders-service-1,orders-service,174.37,37.89
1790054364.33,research-api-grafana-1,grafana,0.05,43.25
1790054364.33,research-api-inventory-service-1,inventory-service,16.57,13.99
1790054364.33,research-api-products-service-1,products-service,57.34,17.83
1790054364.33,research-api-users-service-1,users-service,52.89,16.55
1790054364.33,research-api-postgres-1,postgres,139.58,183.3
1790054364.33,research-api-prometheus-1,prometheus,0.14,39.52
1790054364.33,research-api-cadvisor-1,cadvisor,0.95,20.64
1790054369.216,research-api-nginx-1,nginx,135.33,20.58
1790054369.216,research-api-orders-service-1,orders-service,261.5,37.55
1790054369.216,research-api-grafana-1,grafana,1.21,43.25
1790054369.216,research-api-inventory-service-1,inventory-service,21.86,12.84
1790054369.216,research-api-products-service-1,products-service,93.68,17.84
1790054369.216,research-api-users-service-1,users-service,79.47,16.37
1790054369.216,research-api-postgres-1,postgres,119.45,183.5
1790054369.216,research-api-prometheus-1,prometheus,0.1,39.52
1790054369.216,research-api-cadvisor-1,cadvisor,2.06,20.91
1790054374.185,research-api-nginx-1,nginx,131.62,21.26
1790054374.185,research-api-orders-service-1,orders-service,261.2,36.2
1790054374.185,research-api-grafana-1,grafana,0.06,43.25
1790054374.185,research-api-inventory-service-1,inventory-service,20.29,13.74
1790054374.185,research-api-products-service-1,products-service,83.48,17.06
1790054374.185,research-api-users-service-1,users-service,69.92,16.68
1790054374.185,research-api-postgres-1,postgres,103.32,184.1
1790054374.185,research-api-prometheus-1,prometheus,0.26,38.4
1790054374.185,research-api-cadvisor-1,cadvisor,1.87,22.39
1790054379.158,research-api-nginx-1,nginx,100.72,21.2
1790054379.158,research-api-orders-service-1,orders-service,286.13,35.88
1790054379.158,research-api-grafana-1,grafana,0.43,43.25
1790054379.158,research-api-inventory-service-1,inventory-service,19.04,13.11
1790054379.158,research-api-products-service-1,products-service,63.7,17.54
1790054379.158,research-api-users-service-1,users-service,62.84,15.44
1790054379.158,research-api-postgres-1,postgres,89.25,184.6
1790054379.158,research-api-prometheus-1,prometheus,0.11,38.4
1790054379.158,research-api-cadvisor-1,cadvisor,0.0,22.4
1790054384.115,research-api-nginx-1,nginx,70.26,20.15
1790054384.115,research-api-orders-service-1,orders-service,104.31,33.6
1790054384.115,research-api-grafana-1,grafana,0.08,43.25
1790054384.115,research-api-inventory-service-1,inventory-service,14.0,12.97
1790054384.115,research-api-products-service-1,products-service,50.1,16.18
1790054384.115,research-api-users-service-1,users-service,43.58,14.91
1790054384.115,research-api-postgres-1,postgres,57.85,185.3
1790054384.115,research-api-prometheus-1,prometheus,0.25,38.4
1790054384.115,research-api-cadvisor-1,cadvisor,0.8,22.61
1790054389.003,research-api-nginx-1,nginx,25.78,20.05
1790054389.003,research-api-orders-service-1,orders-service,32.61,32.57
1790054389.003,research-api-grafana-1,grafana,0.39,43.25
1790054389.003,research-api-inventory-service-1,inventory-service,6.04,12.66
1790054389.003,research-api-products-service-1,products-service,19.77,17.6
1790054389.003,research-api-users-service-1,users-service,19.46,15.37
1790054389.003,research-api-postgres-1,postgres,26.89,185.3
1790054389.003,research-api-prometheus-1,prometheus,0.16,38.4
1790054389.003,research-api-cadvisor-1,cadvisor,0.02,22.61
1790054394.035,research-api-nginx-1,nginx,0.0,15.87
1790054394.035,research-api-orders-service-1,orders-service,0.0,31.65
1790054394.035,research-api-grafana-1,grafana,0.06,43.25
1790054394.035,research-api-inventory-service-1,inventory-service,0.0,13.48
1790054394.035,research-api-products-service-1,products-service,0.0,15.93
1790054394.035,research-api-users-service-1,users-service,0.0,14.18
1790054394.035,research-api-postgres-1,postgres,4.41,184.4
1790054394.035,research-api-prometheus-1,prometheus,0.2,38.65
1790054394.035,research-api-cadvisor-1,cadvisor,1.68,22.79
